x1,y1,z1,x2,y2,z2,x3,y3,z3,x4,y4,z4,dt12,dt23,dt34,x_hit,y_hit,z_hit,vx_hit,vy_hit,vz_hit,t_hit,is_reachable,bounces_before_hit,has_bounce_before_hit,intercept_valid,x0,y0,z0,vx0,vy0,vz0,gravity_z_mm_s2
-325.1202601903682,2469.52279606713,-650.5509167020134,-303.04448737147317,2417.763475659341,-662.6158608005125,-287.7964811544402,2370.568217655343,-675.6645165400189,-275.9465485279187,2318.099162567563,-697.1841119125933,0.015175343841075559,0.015354037747600389,0.015627128757204213,480.4500693857854,6.421704025940301,-803.5671904318065,1027.5768099774143,-3158.5433611687818,-1875.9692985731112,0.7338434896541204,1.0,1.0,1.0,1.0,-321.05984239659847,2470.0855257375906,-648.8540452182888,1027.5768099774143,-3158.5433611687818,-723.114443069529,-9684.652166174657
71.13243706460887,2529.2052069682727,-1025.9806894977496,81.33638978587985,2468.292828893534,-1069.1804701386386,82.39764894561203,2399.3432893908493,-1117.3486241742175,73.51892866885645,2338.2877590393377,-1144.2412219048092,0.01630887772301828,0.016407883208586705,0.01695650172166882,101.37384622251145,53.446864743873725,-974.7612420051246,42.93626799747817,-4052.192921150704,-2514.352805905764,0.5603267373467267,1.0,1.0,1.0,1.0,75.18272274404944,2525.2845466458057,-1026.3819649786906,42.93626799747817,-4052.192921150704,-2711.14863736627,-9954.700554533241
184.17221087730638,2615.0555342537837,-523.777560932569,185.71292090784956,2570.4826201478218,-571.2196515109018,180.41188454323395,2532.4829852803987,-609.0335867642298,165.88859681329868,2489.303528301881,-664.447556294494,0.018821104722265388,0.013408298728908977,0.01783394341776666,-203.95995650262006,53.212227143418914,-923.9299069174215,-384.36161824196563,-2518.9810615007154,-3813.40878900795,0.9649366531310594,1.0,1.0,1.0,1.0,186.1670860129757,2609.9780045666453,-524.002384879112,-384.36161824196563,-2518.9810615007154,-2590.739483577283,-9789.695601805459
289.3602194808951,2493.943724417742,-711.1655422325455,288.2658706951758,2444.3848704226652,-735.0809476554537,279.19652502470404,2391.507076629971,-761.7706022909329,280.18793216427616,2352.2980378664793,-788.6977047318626,0.015720281030674736,0.015250445993163098,0.015441287602452263,63.838332411392514,25.147870532072446,-951.1181495915699,-288.2740559224145,-3160.005238333852,-2500.9046080352555,0.7335879853737105,1.0,1.0,1.0,1.0,288.6920960308753,2489.951956432476,-717.1325964281884,-288.2740559224145,-3160.005238333852,-1313.741575131319,-9678.32227757479
-279.5838830442038,2465.726640503809,-960.2972644721194,-260.37464383248965,2392.2463366302686,-978.3366878816875,-254.85118664771693,2322.153374905628,-989.5645306574073,-247.82558070317808,2247.0561525791845,-1010.9632760469812,0.017899442532943118,0.012977971050443033,0.01429224327473047,41.98078509015195,227.9418467940464,-1018.2229401975763,681.6534929135063,-4753.532989881745,-1159.8080333295718,0.42483034314188367,1.0,1.0,1.0,1.0,-278.39635657919587,2462.1023520384692,-968.8680689389895,681.6534929135063,-4753.532989881745,-642.1923313733939,-9450.776276968714
-65.61239729552534,2485.1739909480075,-885.1388139535766,-74.81708528340393,2439.0440686260135,-881.8002352273273,-81.05286403514322,2393.566066473494,-890.3603141644849,-87.1680523445036,2341.443884200164,-896.5765992586834,0.016224343744150486,0.011411728288641693,0.01515424654909479,-424.8093635837196,121.71920131936936,-1018.1873557274848,-555.1115203554282,-3730.439140941249,-1624.8513888602747,0.5922096814181135,1.0,1.0,1.0,1.0,-72.31354815802138,2490.548055817058,-882.8303759306871,-555.1115203554282,-3730.439140941249,-3.2255336467264897,-9753.837998476372
-306.6834938074723,2488.7834289751354,-488.802580556062,-300.41183635058167,2462.7806083088894,-518.1737794063624,-297.13698664351404,2435.6297159132196,-553.5901038289419,-294.4300290399663,2388.010427441461,-595.291511746953,0.014230855645822228,0.01435136390306499,0.014892419688041586,17.10706292763165,184.46528072310815,-1017.8914907962537,322.63249397679925,-2297.3721866245655,-3839.554774261512,0.9615253607630717,1.0,1.0,1.0,1.0,-307.13859351905256,2493.324328280804,-491.3116093768981,322.63249397679925,-2297.3721866245655,-2021.8791711334432,-10116.997675851637
304.5652960625481,2588.07527055191,-592.0807128813244,296.9743333569756,2547.4808616006612,-583.778701079587,301.0602714111693,2496.1676538242145,-587.0586045568845,299.3229122392052,2458.3473134190262,-596.1751366502701,0.016974081917403436,0.01279197926558311,0.017382494201056118,382.3917282431952,-272.9390919811068,-808.0344938808561,97.07017569330048,-3153.918843682211,-2050.7762487041678,0.8628514446159581,1.0,1.0,1.0,1.0,294.0578683622964,2597.1270557697067,-587.454508298555,97.07017569330048,-3153.918843682211,64.04323140506347,-9524.563828392422
-83.42791498061868,2508.7057487521593,-780.7236950794905,-88.11373260183268,2462.530341357595,-783.6561261883326,-105.21304214748687,2398.792584994034,-786.4871840841429,-95.95370474301461,2344.0473146343675,-804.1715773294331,0.015347797065479604,0.015424669038530493,0.012925283012341235,-324.4451770429676,22.805189554023052,-891.3924696075484,-348.8719727671481,-3664.799719126317,-1578.2682452906024,0.6363022508836491,1.0,1.0,1.0,1.0,-87.21223556130582,2514.8689985599162,-773.290155636297,-348.8719727671481,-3664.799719126317,-422.8599186699726,-9791.129692575643
-490.1049310778593,2436.4664105969937,-430.706197829315,-490.2050355931519,2369.4199229273067,-437.5850474764848,-485.39508970558495,2317.1180869359987,-428.5802535508161,-478.2977638537761,2250.0812125630055,-441.56609473537185,0.013871080850025622,0.014075722896406824,0.01728976669763686,-364.997344149671,364.9224688249442,-804.0577520582957,252.18043066340869,-4021.1271103673844,2662.9567384367774,0.46976342955593103,1.0,1.0,1.0,1.0,-494.87026594132544,2435.8029306641447,-434.5641759258657,252.18043066340869,-4021.1271103673844,176.449997671337,-9554.419654677078
715.884141168758,2515.335588440465,-1029.3775884085865,718.2156415805014,2457.1762139016473,-1074.2559299646402,717.2135614660878,2393.4093751011314,-1129.945105330706,704.306586868229,2344.863768591101,-1131.4256317239622,0.015727962314915314,0.01644311441339473,0.01407092481085006,501.3390680203289,-6.8266557745428535,-950.0492780003349,-327.30499785941026,-3736.422987629721,-2675.770731705459,0.6287579984608404,1.0,1.0,1.0,1.0,722.2699415754337,2515.2588608755127,-1024.7098266308174,-327.30499785941026,-3736.422987629721,-2927.1169295592717,-9429.967087803198
675.2314373673136,2545.8490758604958,-605.4092567428693,675.5821081957707,2499.0198791371627,-644.8857942895554,661.2695962743534,2449.398640652272,-678.819844331208,651.6846266016507,2401.3577268568492,-717.5968085373767,0.01680498452007183,0.014757920250757131,0.01765248718397043,210.29308094824097,-64.98012477707296,-883.4857227139896,-533.7250627842608,-2962.1419294203297,-3020.4820182621056,0.8307846080452013,1.0,1.0,1.0,1.0,679.9711361983937,2541.7047731128246,-610.7211152666252,-533.7250627842608,-2962.1419294203297,-1936.0524880959408,-9853.77654001129
371.80656986734147,2438.804377662039,-829.8412787399911,373.37317682010945,2357.6912629767767,-821.8592188016455,367.29829180251784,2286.538782294459,-839.9989398267655,373.15395812916483,2209.1570298046363,-849.4449334336934,0.017069361308482738,0.0144980656290432,0.016593827723334866,333.37197617225115,0.4587551944643806,-821.6045745893321,-87.95101280369558,-4875.341797253798,-154.11838538403546,0.45183874533913954,1.0,1.0,1.0,1.0,377.3474825740982,2438.1296538213655,-825.9594455510614,-87.95101280369558,-4875.341797253798,-331.2173238778115,-9849.784464467115
409.37240152074276,2440.9690345028503,-1064.4629428731453,397.4581615370814,2377.47579254385,-1093.2724006736698,389.91772550013917,2316.1573330300967,-1131.6311900256546,381.18474587431444,2246.8140787433704,-1119.5631570114151,0.015446377705888262,0.017006446960673487,0.017146924162824578,154.56259204894423,398.27957891490325,-1017.3452332984468,-514.9885975387571,-4123.278058250816,-2058.958109389493,0.445400251170614,1.0,1.0,1.0,1.0,409.48194783062763,2439.302217749052,-1057.3569694836297,-514.9885975387571,-4123.278058250816,-2250.2307012634787,-10292.14660686529
-85.8679167510631,2497.754932082042,-1025.9406646884877,-74.05611363539882,2444.349632088619,-1047.8048804018154,-67.8494460902905,2384.9237875999615,-1092.015864447507,-52.61659625704839,2321.858272439826,-1128.5286763810611,0.014743626605062066,0.015306134015544405,0.011695531051861299,315.5397249446221,208.03843373232857,-1013.5774361450394,728.9191407881931,-4125.3774398621035,-2196.90905151881,0.5132547083275326,1.0,1.0,1.0,1.0,-89.01039819282573,2497.6229128557957,-1021.8329037893473,728.9191407881931,-4125.3774398621035,-2233.612130315825,-9815.216043968181
496.2590941073863,2546.2770027249476,-506.8936274101453,494.5680598359625,2487.408845282524,-563.9208683401565,492.93377187272523,2447.2213479834645,-605.3225628516176,475.16285583895154,2419.7250886834518,-655.9355581864025,0.014296711600829983,0.017077381591017737,0.01253133452482437,-52.66615210691101,-336.90860949194655,-800.6447788951383,-545.929545462166,-2812.3504710761817,-3791.279178278832,0.9810945722833281,1.0,1.0,1.0,1.0,506.9116319918071,2545.750623361137,-510.01601094352384,-545.929545462166,-2812.3504710761817,-2943.624208295901,-9821.863909520627
-294.8224269479304,2620.752954943598,-495.0589883401691,-292.865969692291,2584.087519273394,-541.3678406229096,-287.2443437505974,2551.0610707826263,-589.1662643547232,-277.3280856114143,2499.5375538212866,-660.2474329566676,0.017722205122201462,0.012857643999595478,0.01735418791787449,66.55213362680503,121.24557518188215,-951.0671676852105,335.32631486698034,-2279.42354188097,-4549.185861106005,1.0470659629603272,1.0,1.0,1.0,1.0,-300.6301811525384,2617.214353541555,-485.6083938000518,335.32631486698034,-2279.42354188097,-3348.6564804394166,-10185.32173327697
-453.6205803386282,2487.6977824056344,-954.530835304309,-440.91856367785294,2411.999571941813,-956.8887902047173,-440.6950623327546,2348.875153191735,-964.2129428773225,-438.5377948981439,2290.609804939235,-986.4087456202344,0.01406421412424827,0.01714222364616469,0.015077351877791634,-337.97078817826156,381.83106625330333,-1017.9936368449896,243.75823880349893,-4381.879381682961,-1245.4407557717914,0.43371621035179575,1.0,1.0,1.0,1.0,-454.9747428039427,2485.1331694611176,-954.158936611415,243.75823880349893,-4381.879381682961,-512.1446100552648,-10099.86463102416
48.268428356780824,2456.686346901939,-691.7357696479102,50.67477617112395,2418.920352830417,-709.0942328134482,56.61940020236057,2373.1650678186006,-712.5600817094531,70.53268338207558,2324.26983391495,-734.2845840020464,0.012545501722832862,0.018644473229728155,0.01551780720876637,583.9510167665388,247.44915072730785,-1002.4462549332598,667.5956521373001,-2706.674679040744,-2501.239119259355,0.7682922178386732,1.0,1.0,1.0,1.0,39.86056027463849,2453.389014145512,-698.6486234412534,667.5956521373001,-2706.674679040744,-403.35661782212486,-10029.9089358053
484.20383509728407,2541.326886337347,-693.5822083830159,484.37291712559966,2494.352556618894,-726.4644634148216,484.80956998340037,2456.0177876759108,-781.4267676213726,487.64569769158163,2393.3786900562504,-821.4404560999475,0.0157524416562327,0.017222371628845504,0.013581201945069385,494.82541767212706,-206.29381042256452,-810.6447503645066,10.562626286676974,-3240.2277656049437,-3037.8899826572397,0.803443984769853,1.0,1.0,1.0,1.0,485.84718532845454,2547.899790341644,-689.8005254577469,10.562626286676974,-3240.2277656049437,-2614.709518947328,-9898.294056125364
-385.3511882538432,2505.9676688258,-805.7854551393384,-386.682361958981,2442.5662530539616,-808.9085794594141,-372.7866633924999,2371.2122248565524,-831.8481266352632,-368.26320002346233,2315.777310110881,-852.2612085400367,0.01704653037973193,0.01542812863275695,0.0142630683229628,-165.2419828665435,-12.578099603759153,-896.1748776388066,346.92607452738554,-3907.6075571591423,-1685.1607414753373,0.5982622726645488,1.0,1.0,1.0,1.0,-389.00930093670513,2507.8287747638838,-798.9646630132958,346.92607452738554,-3907.6075571591423,-968.7943537563841,-9781.691404934327
446.2068532442007,2503.7427523541737,-523.4506000515975,432.5700475232304,2464.5364305678195,-546.4516979918824,437.2711188180224,2428.9635580451463,-580.4814770630353,441.7427322167105,2385.47840846922,-602.3412629270297,0.012905550577996366,0.014789953097958301,0.013206644918089785,543.448942783257,-56.42179508553965,-819.4834370261444,111.55012925729153,-2754.577534352961,-2915.882567406135,0.8890978514059562,1.0,1.0,1.0,1.0,439.70732257397515,2505.3353118627024,-522.6896519435272,111.55012925729153,-2754.577534352961,-1667.4477944231887,-9640.642973048052
74.41576804174042,2536.075545941625,-526.5947379678651,70.60243445051366,2479.9423585866293,-566.5313736165454,82.10494581707434,2443.415458094932,-617.876836118184,87.5997509707889,2392.843018857978,-660.1984477838755,0.014829695921382549,0.016540181461710875,0.01610799931926601,341.0822374702271,-210.3600243961524,-811.8863282391937,264.67249865488697,-2711.0699060848783,-3572.8574085836603,0.962522123297641,1.0,1.0,1.0,1.0,73.76301382879205,2527.8205807495665,-525.3862601441981,264.67249865488697,-2711.0699060848783,-2700.8454205373114,-9548.37233866435
-246.95689455494235,2702.7429165606072,-436.64797307386,-234.99604800646318,2657.316687010532,-473.5004276417592,-217.11459477843607,2619.9801089871426,-514.3936104348842,-208.62899941815877,2582.5335602587716,-562.9501862219252,0.014846749356529075,0.01688692942044434,0.015757854838433775,538.7214866056421,244.48439721254294,-939.6816178645374,735.8633796277045,-2311.6442475313866,-3960.011362163751,1.0125084663845922,1.0,1.0,1.0,1.0,-241.29369579972274,2694.8272995958155,-436.0655547362594,735.8633796277045,-2311.6442475313866,-2392.639155469562,-9885.940922707445
43.080657436410874,2546.3766163291216,-756.5544426793587,43.84088852606832,2505.3662244667976,-811.2050674645657,39.435911163509864,2468.9614429381513,-859.3853370505863,35.80441039321833,2406.5674254991263,-925.7472413790701,0.014881424472978784,0.015433208273598526,0.019731473143078906,-57.31332700550839,141.15550296446943,-996.9873390391992,-114.58789046475476,-2685.561116512209,-3660.4129454734716,0.8449538941103445,1.0,1.0,1.0,1.0,45.242834960447,2544.732702242895,-758.3420474388035,-114.58789046475476,-2685.561116512209,-2949.041922147036,-9852.202254247695
399.8500703142238,2455.103905926521,-1065.5942396085118,381.8152687739411,2389.4784110302116,-1115.4009882225077,374.13386751886753,2323.7854833656897,-1141.8354806834957,357.4653212502555,2252.8223516923786,-1079.5747702728515,0.014211959833937646,0.016554244424580665,0.018039048960668325,-154.44849755002267,-16.857676611443036,-813.4240777735504,-944.4020028498595,-4187.05451494692,-2167.1172962403334,0.5411947467808138,1.0,1.0,1.0,1.0,402.74868413139404,2453.5044872072403,-1064.4241211912365,-944.4020028498595,-4187.05451494692,-3102.6841028097297,-9820.143210664295
617.1259644784091,2437.721581040795,-729.0990404883499,613.8065380946441,2400.94810431256,-754.9984949099791,601.5549348902495,2354.4150902338883,-783.4898824380606,610.2290929001813,2308.481284864813,-818.949480937153,0.014481797429457936,0.015457145411608213,0.014916596773977421,489.5059143364345,68.77442197493907,-990.1618406190562,-148.949008603801,-2877.5468442594765,-2972.2518194580484,0.780144460384957,1.0,1.0,1.0,1.0,612.3888464345634,2442.7505684890093,-722.9144041134591,-148.949008603801,-2877.5468442594765,-1916.8830453866337,-9654.208657118685
20.800229990106203,2453.170681493873,-910.2569594079821,10.126222265887169,2385.5836453901215,-942.7039333711281,-0.5207547800856416,2310.028309288721,-960.5657923746843,-19.056274787415003,2228.8970829476107,-1004.7768002128448,0.01578033865160652,0.018818978177583327,0.013798008604857491,-331.602866417877,47.193784060957285,-854.3619698852391,-675.326315667412,-4681.365588505732,-1221.934257063664,0.466602674565953,1.0,1.0,1.0,1.0,16.190186150840418,2458.097062141413,-916.5984663662099,-675.326315667412,-4681.365588505732,-1639.5344502857884,-9596.054249049597
121.01487780354088,2470.7970945093184,-940.0815525275368,105.24159833374722,2417.6911200163086,-979.4882388532562,88.22468387838977,2372.6024013996216,-1011.1972868066113,78.7602975779455,2306.1307381960264,-1063.193683680861,0.01552016791952727,0.012446907167248977,0.017634382946750626,-533.3059201772961,129.62107569946028,-876.703246608316,-973.0572706226912,-3463.599102864953,-2543.5482469390568,0.6293985419664736,1.0,1.0,1.0,1.0,123.50773749301982,2467.5504701333043,-933.7766836124417,-973.0572706226912,-3463.599102864953,-2756.8488433606494,-9904.241588851926
423.89801252947893,2648.678887814929,-568.7479214479972,415.2881751875277,2608.2314880413373,-627.3611110434456,406.203768700889,2590.5339134024302,-676.0300311774686,401.20887908130055,2549.4715262551554,-733.0718953579762,0.012555637716455563,0.01595380804717685,0.0169191356539836,8.005526233023184,154.27228181153308,-970.2826684692807,-376.2463553548964,-2272.972035779784,-4482.547447574355,1.0545714185823825,1.0,1.0,1.0,1.0,421.8765171234097,2654.5415211693,-568.4395174429729,-376.2463553548964,-2272.972035779784,-3504.2408656480948,-9722.481187946376
-361.20592700250177,2642.956194454802,-453.19386648437046,-363.4680998758736,2608.9400565055566,-451.1381263209753,-357.3961004069281,2570.1346706838144,-457.59806712586806,-370.05139301002737,2536.2371672818276,-456.91966706684775,0.01861689203761106,0.017671320838114322,0.01441130358139904,-433.2726554969274,305.3421473210622,-1007.990607784095,-66.18787727865418,-2059.637679381778,-3271.4160247211867,1.0843004835428733,1.0,1.0,1.0,1.0,-358.1494147856587,2643.0309134193744,-456.9965981750669,-66.18787727865418,-2059.637679381778,314.95533378223786,-9622.038123942419
11.042004339198165,2515.215887985244,-769.8120069024901,24.6268744528209,2462.9866705281056,-796.5385221186813,30.428026723011907,2417.667737593897,-814.7447118380817,41.553851692122436,2357.433057951595,-851.0861114801771,0.013324590073783437,0.01369581606326365,0.015907017289312552,639.5895994955873,-4.391119012489632,-807.5617284775626,927.243744589862,-3679.539380115627,-1946.3445005573549,0.6420725765736408,1.0,1.0,1.0,1.0,4.42763445153048,2516.093356366717,-765.5371793636801,927.243744589862,-3679.539380115627,-1721.9977945414064,-9792.766639857955
173.45785835633126,2570.2016020123638,-538.5438746044263,179.07332595703713,2517.14941495408,-590.6288550199903,173.09529867936186,2473.790432063317,-622.0294426565447,171.44772316497887,2425.4265479983364,-664.8310666215945,0.015877225204268094,0.012243860064288056,0.014276760246222622,-10.063141595618884,-302.69125130479534,-804.5672562707807,-206.42031030978768,-3084.3480215953905,-3114.0234624215236,0.887602154485222,1.0,1.0,1.0,1.0,181.9077469924839,2565.752408778917,-553.8840153296112,-206.42031030978768,-3084.3480215953905,-2199.2435839391896,-9695.18602632052
-49.69747807390026,2662.84307021718,-580.3005542490597,-40.20658466989865,2614.0655649958608,-603.702935656767,-39.622913530016085,2571.7681803231458,-630.8110163810227,-40.50914056955539,2517.197656205386,-664.0393783375905,0.01576378143555715,0.016683676283972035,0.015320543512464119,142.0809731463356,6.514468779784918,-902.9049670659869,213.33747176072296,-2990.2307388882537,-2887.4566367329285,0.8422319987680074,1.0,1.0,1.0,1.0,-47.789376720708105,2667.8198263903364,-581.5390471003241,213.33747176072296,-2990.2307388882537,-1426.6887111585595,-9804.969616359786
-203.78572668263308,2450.9195995247096,-578.4191625626943,-190.05066692898393,2401.0614436346364,-601.4108134623248,-184.54262739067678,2359.36808259143,-625.8765394107999,-181.95503958344136,2278.344293231657,-633.7134667714249,0.015140435214900888,0.013949717181222843,0.018550750475098802,225.91963582948827,-172.17740400874163,-805.781168674839,509.8235432961713,-3124.5839310198307,-2311.9636912352908,0.7923590971287781,1.0,1.0,1.0,1.0,-202.33214053929498,2452.4730980479126,-583.4451054526071,509.8235432961713,-3124.5839310198307,-969.2662498713642,-9908.312961880527
658.2156880776007,2469.896802332497,-1068.2188670323255,649.4688290750418,2393.09513683524,-1122.964235822816,647.4363085124328,2326.020928921406,-1132.7829960167867,639.0267906089686,2266.6468048406696,-1081.2336118464818,0.01640127996577814,0.015600516032223156,0.016593073913262195,432.88519371386394,-75.753732552173,-818.9335527070235,-350.0469954269906,-4032.0072054701996,-2383.920458488639,0.581405130088737,1.0,1.0,1.0,1.0,653.4148008328661,2464.4108068940527,-1061.6479659320746,-350.0469954269906,-4032.0072054701996,-3225.4568737379823,-9723.340069983258
-294.8474911931526,2479.9221862003974,-458.02644109604455,-280.6558443839301,2438.166351164223,-473.9347331834119,-283.71431810934047,2387.0704715997676,-483.398388649408,-269.6537405359596,2338.870519591805,-507.45290315514495,0.015382479219100976,0.015250412626569614,0.01763522186681484,28.257502871623554,-254.15720197034932,-804.1404276769384,324.5032318226151,-2786.2738897617596,-2657.999652075675,0.9317318862875154,1.0,1.0,1.0,1.0,-289.7556643145387,2476.391209996167,-460.28853581379497,324.5032318226151,-2786.2738897617596,-718.1478140528501,-9524.139460442715
-151.70964688350577,2464.171523494811,-969.811001237403,-132.4858585588501,2399.682877946439,-1023.8563758500895,-118.09944101702797,2330.7072542930946,-1086.1475041427634,-101.29193119854448,2273.612419922173,-1147.9345412759355,0.019647392996207654,0.015697879003226167,0.018036699222751973,526.0106067269091,-281.68807164568165,-800.0531690205662,915.9152943404064,-3734.242890070504,-2873.4624070042887,0.6816180287778147,1.0,1.0,1.0,1.0,-147.1871346132886,2462.980452556135,-964.1200761670061,915.9152943404064,-3734.242890070504,-3392.212306482661,-9904.115282103236
-370.53497878391704,2614.753637156206,-647.979049145787,-346.80500605114287,2550.076061164966,-675.5889671701998,-338.5429995157231,2508.3298305754097,-710.4624254615779,-320.3364825953918,2462.603563675191,-742.476560184122,0.017368710564489697,0.013757509825154151,0.01657090760706021,497.4964429643167,-69.65961323325539,-805.9785428391482,1048.4888479120493,-3243.28236589868,-2681.221060328071,0.7773028720032966,1.0,1.0,1.0,1.0,-367.5068565631251,2606.0483386331607,-646.5541933947753,1048.4888479120493,-3243.28236589868,-2009.0958556548946,-9887.527021094023
-82.26009896687461,2537.4311627670972,-1083.990592403701,-88.1164364078791,2487.459850290499,-1141.4104436336268,-90.80990492768672,2444.6730856458553,-1098.628457259444,-98.97761427733568,2396.4063320621926,-1052.5123089951326,0.01514992695135819,0.016854280412760304,0.015017623952561357,-293.32010714505884,364.43135518357064,-1004.2013908249594,-299.5324088699176,-3046.6954060129306,-3169.143116877319,0.6679781686833207,1.0,1.0,1.0,1.0,-79.15443480306777,2542.8185704828156,-1085.3236662478344,-299.5324088699176,-3046.6954060129306,-3408.6434083307786,-9707.109797999081
-36.497356762937926,2491.3932076559145,-879.2873284691437,-30.801824916451466,2423.9248830481974,-915.009182221643,-14.670553288640573,2346.688297800285,-944.6581310998346,-9.407361656368453,2281.249534666585,-983.4307454497515,0.015784942290990672,0.014893904103630354,0.013017732882355783,245.64811896447168,-120.04145992560768,-801.2212277673939,478.9722366226459,-4493.01710964406,-1565.1477258379184,0.5363034207230236,1.0,1.0,1.0,1.0,-32.15577827666266,2485.908463667948,-878.414518783062,478.9722366226459,-4493.01710964406,-1989.7541208435152,-9773.358053951386
-437.05879108224974,2434.8402029749077,-797.2304826265052,-429.00096590379286,2366.4359780782274,-819.6940928065171,-428.7922829806154,2292.9451199797336,-848.1945091687026,-426.1018701999619,2223.6481326874505,-866.8620539744369,0.015292591923753348,0.015357767163633407,0.013184253140999202,-224.33052299731185,-381.2845936225507,-806.180866323544,358.3627628602682,-4699.9280832151835,-1319.8183065040676,0.5561653877716145,1.0,1.0,1.0,1.0,-439.34818071347377,2438.6722563065587,-806.182464033956,358.3627628602682,-4699.9280832151835,-1320.0248106856648,-9659.80982193551
99.47204964390176,2533.081279230899,-798.4382338827285,89.44739268823122,2482.187320250578,-834.1772571576942,76.02244656168749,2433.266872399218,-874.6422920846544,52.8703021805089,2377.48939027785,-914.7598303331438,0.01320377169066159,0.016914003026239407,0.013363697468031607,-538.4745246831519,52.6882373729959,-808.6095379895455,-877.1340197027562,-3395.7808253077937,-2417.1071709521107,0.686518527815068,1.0,1.0,1.0,1.0,101.8333096998607,2531.6082398476847,-799.6968216095147,-877.1340197027562,-3395.7808253077937,-2381.027386773605,-9738.057620685768
357.96407152338384,2597.665889444212,-495.66193840902866,336.20169451752156,2553.6394981930653,-522.4846046364563,326.5146074561578,2519.3673033630826,-553.3683808083599,317.16384361825186,2495.892050512213,-574.1133980809814,0.0160559883562511,0.016538707285478384,0.01279820251140118,-436.79214359141747,287.39002331445204,-984.8998104400727,-793.2643209217055,-2333.9604307926593,-3487.2873941868397,0.9446071018468701,1.0,1.0,1.0,1.0,348.53953412107217,2598.010849799176,-492.57702657779623,-793.2643209217055,-2333.9604307926593,-1557.3209655229323,-9887.790713576023
231.70988621321803,2485.205810410082,-790.2606608578097,228.3105428534876,2448.1173109804727,-822.4736598408888,215.570819711837,2388.5457616966796,-866.4317304563576,203.93487275634664,2349.4134944562543,-905.7394424066803,0.0167867494559372,0.01561268216466935,0.013307096701123775,-264.91234801895024,117.92718578703898,-969.1037346350638,-640.528377505302,-3034.304164268201,-2909.704407292938,0.7342934716782703,1.0,1.0,1.0,1.0,234.6997864351854,2484.684433916225,-792.5423270475249,-640.528377505302,-3034.304164268201,-2242.150577817308,-9739.8525927016
492.8427371415611,2522.236921353643,-703.3752449455219,470.0099294463811,2466.966878441751,-707.794061776366,456.45188042226,2401.8362774760844,-720.1689595359605,440.7722251930421,2343.4512794096645,-730.9082351159451,0.013124422040874903,0.016428628806825843,0.016010344916735975,-191.12870898388144,-290.3762651975298,-802.0807735921865,-936.0918747155008,-3908.517674895236,-1462.0541716513685,0.6744366042355638,1.0,1.0,1.0,1.0,482.85744081127814,2523.7564607270415,-700.9258219337112,-936.0918747155008,-3908.517674895236,-391.1194277784118,-9811.0175812269
73.44025792387673,2498.9810133047936,-625.0211769992997,69.9706722466724,2463.1501770934037,-653.028363491388,67.43712458611306,2413.941680213128,-675.7054176212818,71.02913018828247,2365.7509328051356,-711.9324868169126,0.016660800058932723,0.012079107000843609,0.018743959080106457,-0.6292071435252637,46.7240303707663,-955.6252206049518,-86.82240274215474,-2837.1628213466197,-2986.4461165909556,0.8175161338601179,1.0,1.0,1.0,1.0,74.47217122843858,2500.869870835591,-628.481266050801,-86.82240274215474,-2837.1628213466197,-1558.56753227869,-9919.580678631404
251.4422751115018,2439.152318949476,-548.462284053251,238.89121278467047,2404.1037116083007,-549.8415943882131,230.1567491406557,2348.268414109709,-562.1180894604328,231.43340066887293,2295.1018808403414,-566.6093539973173,0.015060498670328958,0.014268167076220447,0.013977615155253243,-57.213504890902364,-466.3530846283432,-808.9470097088034,-338.68287060205193,-3235.647306507294,-2310.8493520606917,0.856693719098198,1.0,1.0,1.0,1.0,247.60107865094483,2445.7294912282223,-545.8283053233632,-338.68287060205193,-3235.647306507294,-411.0515049458082,-9827.44915312248
367.4828862625733,2514.997031688121,-737.9274575587741,357.9547631966084,2445.5695795427137,-752.6129597576788,339.17290825742157,2380.607029385899,-781.9833363526448,335.4289747783333,2312.8571273298835,-814.9407986823837,0.012306520455880814,0.01812359304299664,0.016163103877531435,-218.42717625127412,-345.774917613071,-807.7275733560512,-826.0220719443593,-3996.9276069739144,-1875.8204360513696,0.6684067826235917,1.0,1.0,1.0,1.0,372.1786051889426,2512.0283213732714,-726.4991311458921,-826.0220719443593,-3996.9276069739144,-1403.7463553472005,-9531.05709451125
285.38184204626515,2455.728565904767,-860.5651857998182,275.29684708942204,2392.3794485706258,-890.8468423094517,258.2710282618098,2325.9433197801513,-932.0400192812326,238.53269803043952,2243.7649680136333,-972.5223502339963,0.012839692191819343,0.017046957187253933,0.01604473689375751,-227.6919941609699,-146.68980641117267,-805.3274614703874,-874.5679552068028,-4446.574087574346,-1590.2956972754062,0.5390686137271696,1.0,1.0,1.0,1.0,283.93025963501043,2454.5560348198233,-867.839357846759,-874.5679552068028,-4446.574087574346,-1939.2581241130051,-9847.207465908194
136.61224062681134,2599.964641355475,-484.17999234965123,138.79686306725995,2570.1024166184393,-493.5295315881746,136.0417736539921,2543.0726631334414,-524.6407429344746,135.94504284510185,2500.242226747384,-564.2988081251792,0.013980508078594679,0.016260268775493067,0.013421624423015303,-113.57960357229165,383.87707195858457,-1018.6861754281275,-255.70676141611017,-2222.4376462599125,-3525.5365462989416,0.9563375987228976,1.0,1.0,1.0,1.0,142.12715784381828,2606.3147182184985,-481.50353942588197,-255.70676141611017,-2222.4376462599125,-1305.6760083085567,-9982.837183479684
212.6728866309805,2501.416683616083,-638.7364886250683,201.87890157866957,2451.489143613207,-671.8748981533945,201.429031403468,2417.329169008508,-693.7120277306497,192.95420535801009,2372.7028903513815,-734.6916633531622,0.013999843407447926,0.012290254736217504,0.021973212625793263,-41.13579478454936,111.497344045723,-1004.2965239743662,-284.99190854022896,-2722.9180479058136,-3171.5987093660765,0.831736689230542,1.0,1.0,1.0,1.0,209.65708473085226,2507.6652262028383,-640.9154996789789,-284.99190854022896,-2722.9180479058136,-1704.7344440848485,-9843.001979355227
708.3929573881749,2542.452298328667,-554.848127763067,698.3863196278328,2486.4524928683113,-583.8105191281203,679.7923957431889,2443.828164668033,-615.6733451248626,682.894268434513,2383.6624324952813,-647.6244646382565,0.016908757787158536,0.015340353821150177,0.01597403962442656,154.05223676592914,-456.645606036164,-811.0011527448858,-611.8333146336782,-3333.376052665895,-2875.3398659318955,0.8517768487672654,1.0,1.0,1.0,1.0,704.7022199362373,2543.3928413631356,-552.1645090256784,-611.8333146336782,-3333.376052665895,-1788.7234642300307,-9791.122914649488
-208.44061374451272,2482.7236914539603,-781.0914433060586,-199.31160715071715,2438.5072204250937,-800.6793966079235,-179.61210640398474,2402.8025950185242,-823.7074853613428,-169.36897342135688,2343.4739686294643,-852.663422710878,0.013988928903797042,0.0157552489077284,0.016350445718734112,471.57715803904983,313.0894133604453,-1018.8125096669272,913.9209452864425,-2901.129284887256,-2554.6496173873393,0.703905376469741,1.0,1.0,1.0,1.0,-213.86355092578128,2488.9363770258815,-779.0415708084429,913.9209452864425,-2901.129284887256,-1391.085551825749,-9574.754160988556
551.6766103901184,2531.368775924712,-730.8517270028619,541.5296577460501,2473.140837615317,-768.3171461282448,543.3524619194592,2432.2690522059543,-830.95173831414,529.7940757104942,2372.761885280764,-885.0049207321819,0.014125037210678586,0.014582921728392349,0.018610326243168666,173.6745277831301,-145.7720142398269,-804.9475028925752,-437.4766571648432,-3143.4258243272084,-3242.858434427829,0.8026817148177611,1.0,1.0,1.0,1.0,545.5296863732497,2526.1399364382905,-727.4818649429019,-437.4766571648432,-3143.4258243272084,-2990.6938314471786,-10149.706320952544
476.7071478195457,2548.508557223136,-850.6636459028085,472.1214037979747,2479.956208183777,-864.8501562703381,460.38959808393173,2423.899693902959,-880.8409319974693,461.60587689026283,2373.552204361957,-896.9994253650057,0.017595411980460367,0.015582796137528315,0.011526951624129436,221.77494627922425,138.9106836116099,-1015.4572510655516,-389.95512695728894,-3767.7701199010908,-2020.4131191344848,0.5952948402578824,1.0,1.0,1.0,1.0,471.3462275318865,2550.2835603483,-849.5243329187816,-389.95512695728894,-3767.7701199010908,-897.1952988241411,-9876.628072682666
704.7109647834433,2471.4261842520373,-817.5259635471472,699.134807282816,2407.428055099075,-839.6138211134548,696.3460274537346,2340.733909829791,-857.4522828679688,686.3590999531714,2284.583618096496,-888.1943610523009,0.01907661331718438,0.013431771570485147,0.01758247111796238,473.5048996916182,-42.02750154844375,-909.4300485809524,-355.1738782672441,-3900.7847425450755,-1715.7308594880242,0.5949091439943686,1.0,1.0,1.0,1.0,702.5920511739876,2473.9786573931237,-816.0290983987934,-355.1738782672441,-3900.7847425450755,-1082.466876823349,-9485.99496047862
224.01885367351602,2466.9307955397894,-1017.2613585730429,211.04664234041934,2412.7799417342358,-1073.2621541960061,206.59552131500323,2357.8861651825546,-1137.768073223341,199.96322064902995,2312.3035424772743,-1095.9206119374312,0.016452148627567678,0.016271018019656826,0.013737004196456848,-53.88808752649803,81.87212177186687,-974.1496672318759,-364.8200011880198,-3198.249098560913,-3396.931848435685,0.6985398291563192,1.0,1.0,1.0,1.0,217.9028133585764,2464.567700199747,-1022.065326295126,-364.8200011880198,-3198.249098560913,-3538.771414994481,-10263.581266851123
45.76376452256574,2495.4784904292505,-651.8010212528484,38.21311169683907,2441.265068855534,-695.4242340510293,25.932273528625085,2386.541854617847,-743.3700559555539,13.852998335057572,2335.679810301558,-766.5324697680159,0.018262902427642537,0.01880234286714584,0.012956858192936356,-516.431734232066,-201.1970645523326,-810.8547166962848,-669.6720608354309,-3213.2108096724587,-2775.8248879708185,0.7899778965122759,1.0,1.0,1.0,1.0,46.092796869696826,2497.9000155725303,-660.472685398198,-669.6720608354309,-3213.2108096724587,-2187.886352023367,-9704.144710431048
-142.3523142274797,2543.2777660898923,-1064.84576186293,-130.13029427289754,2489.4911606285427,-1118.8350459465923,-134.63412073073877,2438.076250054554,-1132.745833252273,-124.80774183283731,2386.1487085954573,-1080.2988234397085,0.014087789065884664,0.01515029067046569,0.014212854860961903,169.47106542481217,135.05396287386623,-1014.1018431191486,449.634665182612,-3448.3362014863674,-3071.9003287934024,0.6565490654026882,1.0,1.0,1.0,1.0,-145.27320020301602,2548.8893039143286,-1062.0559625979438,449.634665182612,-3448.3362014863674,-3220.201741782332,-9724.255242246918
413.63865101494343,2508.492464618446,-548.8614823503224,421.250864449889,2471.646168581876,-593.3950433381427,416.33564839163535,2427.2829070026273,-644.7222929704634,410.67228882074403,2390.6712900486386,-688.1773723331399,0.015861918600618172,0.016243945600031364,0.014595663824177575,183.25701975587404,138.87722174509463,-1001.1606310152891,-234.501866289423,-2309.134268686196,-3988.516281389707,0.9782984719751731,1.0,1.0,1.0,1.0,423.621432702529,2505.739847148443,-542.8347512038896,-234.501866289423,-2309.134268686196,-2633.179925441042,-9790.956999503494
-253.65860417513102,2449.7444516232044,-637.0831168382308,-255.38876454430863,2417.8112435301373,-690.348544120419,-257.35643879552754,2386.6871855731006,-741.1060725891762,-258.45275321442847,2345.98724891148,-789.8017908225765,0.017777007090322754,0.010326217109482363,0.018349190879465366,-311.98640666997954,140.0510406116292,-973.6006928066505,-57.07670650457101,-2289.2927042492565,-4140.133487992134,0.96354758492073,1.0,1.0,1.0,1.0,-254.3389331003597,2452.2366719033676,-637.6919400033001,-57.07670650457101,-2289.2927042492565,-3240.0851395754257,-9888.279804335838
257.1969082544613,2470.6774874827374,-741.2673108798122,249.3202167165238,2405.1761459350164,-739.0564549892416,230.4792126410932,2358.312895025599,-749.4888006375771,231.73723254454248,2304.560957775614,-760.5437670781617,0.019119558123635486,0.014555549408484598,0.010214269908592762,-190.89123809981734,13.412120348279224,-873.8759406832214,-626.5670782121672,-3429.35385219075,-1702.380636915546,0.6711106225592877,1.0,1.0,1.0,1.0,257.10422282188233,2465.4001246646612,-735.4564781441579,-626.5670782121672,-3429.35385219075,-358.64908165844537,-10004.723911584993
-484.8422598548789,2630.868336804157,-677.527381319191,-470.31710053456544,2582.559072411401,-704.834618427753,-451.94819853549194,2542.326899964706,-737.7215134754096,-435.5001103389386,2493.3642702330785,-781.0777617631961,0.016667891747342237,0.01560343061383317,0.014031140631876153,332.7370009958267,197.2164282695515,-980.0147828404346,954.2549646888752,-2828.171549548429,-3181.856286398221,0.8136975370069491,1.0,1.0,1.0,1.0,-487.9222686366073,2629.443960881203,-671.8215012783718,954.2549646888752,-2828.171549548429,-2002.6085228976483,-9919.502557744523
29.809942566057252,2548.8747771020026,-685.7973863955718,29.382866751871912,2513.4470780086426,-675.289712144968,41.92906212652385,2476.528547130715,-670.3567866014586,49.83636706488601,2445.0228171013673,-674.407877787978,0.01583871350165621,0.01563300787217008,0.015807802644211014,479.84971883296043,323.47819465971276,-1018.0086830572388,467.1868602832841,-2312.9164328663473,-2471.1493193527563,0.9177204759819635,1.0,1.0,1.0,1.0,29.01439865958946,2555.4425523757336,-683.2373166056207,467.1868602832841,-2312.9164328663473,339.66485728468854,-8948.855718449518
481.19699255098925,2627.7040541456918,-758.7811701087338,467.8293787225939,2582.0391844220267,-799.6663229820663,475.6277555616635,2554.478458798296,-857.7038380787732,475.4591851553023,2507.7977980558326,-913.6841885510119,0.014783338007685458,0.012307389158225086,0.017903265089939172,360.5537980617198,125.57375734678998,-1009.9958182802903,-120.42627415701043,-2675.8822460806437,-3987.2490050910837,0.890006007744151,1.0,1.0,1.0,1.0,473.15236439852595,2627.5236574321934,-754.2178177353414,-120.42627415701043,-2675.8822460806437,-3283.222494135896,-10006.598677087472
-396.18300516858864,2466.225268261824,-567.2850259284912,-384.30323908684926,2419.361151355993,-576.9975614417102,-378.8093113400075,2368.128018580475,-578.4582083623599,-376.9096112619523,2321.455718648755,-600.7142943493678,0.013278691668359164,0.01799109380848627,0.01204995693318986,-177.69475448613878,-316.800922387002,-804.3843873544265,249.35843170123724,-3214.239965939817,-2300.3376841344298,0.8216802575899653,1.0,1.0,1.0,1.0,-393.38979790771066,2463.516648150942,-561.7511592215334,249.35843170123724,-3214.239965939817,-688.1167005998149,-9929.89020745451
317.35785589176623,2641.83795489397,-656.6948104416223,304.92157441668564,2608.1716092021747,-672.2051989467702,300.29878015383025,2553.4472276746815,-685.9004617131118,294.2980638849603,2517.4346296473227,-697.2024300482235,0.016919984539784577,0.015836677797165855,0.012535028226409922,-221.96108467595568,347.2751952182907,-1017.0968522542695,-640.686724561557,-2718.288276919956,-2756.4074845149385,0.7997083094366403,1.0,1.0,1.0,1.0,319.4191975785593,2644.2287892156637,-660.8924913605422,-640.686724561557,-2718.288276919956,-619.5826573140428,-10126.557116396214
-102.79095227031839,2587.565331663715,-800.3274135873029,-92.28737591086269,2523.958703667575,-841.8275057654917,-91.63418354967006,2463.3400526787486,-896.1628475043402,-89.65242839611246,2418.706640749526,-934.6528710934016,0.016919546488837305,0.017664481893787116,0.015277862542803944,97.75695700089386,-12.986286276998033,-860.9309935356551,272.47968049339903,-3563.3869705555207,-2671.827737521331,0.6801381090745722,1.0,1.0,1.0,1.0,-101.15320975928728,2588.286202228537,-803.725422767505,272.47968049339903,-3563.3869705555207,-2443.4302409874954,-10213.284559660973
325.23559426568625,2522.986342533664,-450.735172920525,314.77764937975917,2490.520655420666,-503.05803674918883,311.8114006050386,2431.068076544121,-563.889322518547,311.65265992288823,2414.477040534807,-618.0625908348543,0.01850218574554239,0.014733328568773855,0.015599931507352005,-135.18704690913071,-49.4546821851018,-851.0649262345279,-422.00473667669155,-2364.2715757508845,-4094.5300797571304,1.0411645541783305,1.0,1.0,1.0,1.0,324.79811606846306,2527.6013353833705,-453.0021407253121,-422.00473667669155,-2364.2715757508845,-3004.283243846314,-9721.468499596558
93.89285092731622,2484.0327493630048,-822.5167958981058,89.17709289424009,2424.320457213357,-833.9390897561381,67.1535931469332,2373.5161932055057,-847.1893150349993,60.159036893016776,2331.8548633225623,-874.6882688553122,0.019966940046787215,0.013926811801340862,0.013804218872776108,-455.70031499881037,354.599085270546,-1010.4677585787086,-819.3848531909456,-3145.4259041545215,-2137.6232489852664,0.6273020292790963,1.0,1.0,1.0,1.0,97.38446090507773,2477.761570574847,-818.6389289862605,-819.3848531909456,-3145.4259041545215,-879.4821241176727,-9894.131191339013
42.95939391025209,2521.271043550209,-857.8470456357323,39.93913942737469,2452.506259675008,-872.1007844812087,32.46067702490693,2402.0884538318924,-881.0298582581526,43.51800102002817,2332.2899556426714,-891.1704041709927,0.014046222724212978,0.015200341584693083,0.019472599545700426,-2.8370115946109347,158.45418790085415,-1016.5862385038109,-70.99412300625835,-3713.276100502939,-1795.9148782125967,0.586280836145394,1.0,1.0,1.0,1.0,42.24425651436309,2516.384511720218,-860.5364597637749,-70.99412300625835,-3713.276100502939,-398.9359592000376,-9825.348493376812
-301.7188135831057,2589.241963083493,-611.5736082525582,-298.3350789978921,2552.3114794757857,-608.7595300972071,-302.6033560527523,2504.6779284096833,-632.7279715588031,-296.7736608248849,2457.4303031481663,-640.9852209274196,0.014504635464123346,0.01965066691330577,0.01719050430214622,-102.23541240987535,225.7026310221573,-1010.6136495019084,225.57213606912092,-2588.637337104725,-2854.154266485682,0.8636541933204254,1.0,1.0,1.0,1.0,-308.6339169131199,2594.305794472974,-607.1122604607849,225.57213606912092,-2588.637337104725,-478.2086325020074,-9811.752433504318
702.4726058832674,2577.3011474614127,-629.5695524485618,695.4360876799017,2549.4157845994737,-645.3534308001878,682.5315860864392,2503.4543394103207,-668.0602877279656,667.7943589435041,2452.448987691841,-668.7556291041248,0.012551881288824052,0.01411623930415452,0.018855789780436463,-88.24158430771037,134.46432246580488,-1002.7346236272014,-895.4584841485517,-2751.5708756151344,-2726.447885791205,0.8444760896265856,1.0,1.0,1.0,1.0,708.7164665844994,2583.3624017632746,-634.3813675049116,-895.4584841485517,-2751.5708756151344,-624.2357867362625,-9561.3972553059
-344.4771442696228,2528.2788333632484,-984.1353460375645,-350.7918567859916,2472.0120941199816,-1023.8356226917857,-351.3289738314354,2416.330426471367,-1063.7538688045574,-349.2415510251873,2358.041446913761,-1108.4269471739954,0.017790184674386082,0.01500465388293017,0.020430634242361433,-320.28854271420926,331.8756835030049,-1011.4039153810606,53.256230099456346,-3509.148524867896,-2504.993619403436,0.5717745272003227,1.0,1.0,1.0,1.0,-353.5736865263672,2525.0935115454345,-984.4905678997427,53.256230099456346,-3509.148524867896,-2397.834995721674,-9770.21665241876
-97.7221480924695,2659.090094384696,-430.0,-90.30570064758172,2627.412192717241,-459.46356679824703,-86.68214151849084,2588.3492679530514,-500.6852083400863,-85.90674966416063,2551.4828184782523,-546.0714620473852,0.012990465550808086,0.01496219103155163,0.015922494137344367,310.5706583322506,163.65818128825106,-976.5947008512603,388.67994874374665,-2356.2003811346726,-3886.744018710265,1.0161248492802952,1.0,1.0,1.0,1.0,-101.43008733612078,2661.2305852909963,-437.1047356482902,388.67994874374665,-2356.2003811346726,-2137.315076158273,-9767.733310206153
277.9113369798466,2482.8101505887644,-989.5660677378112,267.55216767017504,2411.10133802945,-1020.9346772768961,263.43039482793546,2342.288269483149,-1035.2133555672708,256.8984818709081,2277.4990947328492,-1074.48929545579,0.01244334627979863,0.01523369949337756,0.01577434600255377,40.897007381763615,111.74734667099673,-1018.7357710868126,-460.3017324701795,-4653.574984147993,-1780.8285173135719,0.46654860822427036,1.0,1.0,1.0,1.0,275.6508909415552,2485.070588586473,-987.8822266541416,-460.3017324701795,-4653.574984147993,-1603.2274436707808,-9747.567890167586
579.2551882632691,2562.1314561491154,-871.5255609394087,573.3624534783586,2511.5002791345128,-905.3659617917491,558.7819293861246,2455.565017806687,-937.5306890280182,551.6880672067342,2407.389882183883,-967.5526339839458,0.01566468190347697,0.01702640003210166,0.016243112575846055,167.48258409529038,394.3014811498947,-1010.6107244319089,-625.15988131227,-3258.4655806559654,-2424.7428222556923,0.6160658054885758,1.0,1.0,1.0,1.0,583.2139051679478,2561.1810922861064,-874.1551231127685,-625.15988131227,-3258.4655806559654,-1791.7040970148998,-9782.476320845295
338.37504100677705,2529.9936019877823,-690.2877749166867,341.95771485084384,2472.734993923363,-719.6684223649598,346.4075805077498,2430.0034133399276,-764.3962593344177,351.7188453403251,2381.7578421773296,-790.6523701646057,0.014770168548450438,0.018450430411678445,0.013787555417604846,499.84671836351157,-123.2005097274389,-810.7103734779217,213.58246083695104,-3465.754458544231,-2388.406843543032,0.7179918456222668,1.0,1.0,1.0,1.0,336.45613582324563,2528.1016510588997,-697.5846546227964,213.58246083695104,-3465.754458544231,-1860.7044686155934,-9913.019134417136
605.3447397814534,2692.481705725285,-596.2103568279,599.6015084781035,2652.6549348740036,-607.1280226552451,570.408149959962,2617.3481967866765,-586.6514252459656,590.7534206017899,2579.4633450828337,-632.8978986887614,0.014074904784335972,0.01939194129048297,0.013264098351802638,160.78497112321242,381.993488808321,-1008.719999292927,-486.2896754024535,-2522.10265011367,-2895.7321443514156,0.8682690555733791,1.0,1.0,1.0,1.0,605.740024116458,2689.717413662322,-599.5200473526654,-486.2896754024535,-2522.10265011367,-559.9250173230658,-9863.58106352491
-155.97331191776166,2451.3714782597917,-841.9633394559788,-132.46068469547237,2375.9658664516332,-868.3533178142687,-119.33793925558052,2326.24878107319,-895.2450694249119,-105.76243660474024,2255.717645397089,-920.9256564815995,0.014535721479441453,0.017525865746586912,0.011071277332961593,520.211346039295,-201.72742674520987,-800.7198408597086,1117.2198626203724,-4422.27927164918,-1591.470234070462,0.5568671354410104,1.0,1.0,1.0,1.0,-150.12057153292773,2451.6401362443007,-841.3328089441547,1117.2198626203724,-4422.27927164918,-1825.5631958891304,-9841.864067175342
-251.56832003819267,2564.5220001765156,-690.7822427915918,-247.1543557358861,2509.178292467841,-734.212960564005,-240.24878494716327,2450.9618065689806,-764.6445835839731,-236.35536234108497,2403.2771714158253,-796.707878587977,0.017406319247787932,0.01785023984014727,0.015573536710334727,-13.660571951952441,-17.355197654657758,-880.5604308953368,294.93591694220396,-3243.023540045139,-2788.8009051407485,0.7441699042017307,1.0,1.0,1.0,1.0,-248.13462592100535,2560.8485166812216,-690.1397290811586,294.93591694220396,-3243.023540045139,-1973.5726059300014,-10195.461489001062
431.1401174977464,2553.4148602879723,-450.5617564477369,419.9839800071637,2518.112131113036,-493.8929103870266,395.4614357303674,2485.9176404532377,-541.6053733186445,384.7741420567611,2440.9702784609703,-591.5144962100434,0.015178795600855518,0.01555981130400863,0.016384955449659698,-620.1353045822287,124.76654405668218,-807.687382979538,-1005.1830858440271,-2311.8835738553203,-3768.3172456869393,1.0028764376454757,1.0,1.0,1.0,1.0,435.3069355540025,2552.244296604771,-451.0893593798397,-1005.1830858440271,-2311.8835738553203,-2695.531736124114,-9723.712054330179
-93.19267396502727,2574.9360157346555,-688.8656284024828,-84.90414288434742,2519.706054070544,-693.0130078017523,-74.75929108271367,2462.06520703445,-705.2527932029881,-63.24053558974474,2409.2654538671145,-716.9367292907002,0.01595259229935214,0.01460994084220182,0.015631739904021263,459.9487738841354,-64.39555988342647,-802.5393103926064,764.1308364964722,-3617.577950706372,-1515.7349317230348,0.6838057269544253,1.0,1.0,1.0,1.0,-97.86673675829007,2576.4363441322257,-691.9018402583507,764.1308364964722,-3617.577950706372,-214.21974453986817,-10175.420964156676
-297.80707400018304,2430.0,-471.3246860426227,-271.08866456326876,2363.5351604867105,-472.011631614544,-252.54835724217244,2289.42072687983,-491.35744243142153,-242.7600454671348,2215.3233618688546,-504.31135291023315,0.016227218414017,0.011804876222742192,0.01622818540745755,237.25296797508568,364.96688645777243,-812.6407388191221,1250.6351075473858,-4876.733223066925,2675.3376882661714,0.38073971995578354,1.0,1.0,1.0,1.0,-294.2669527325529,2437.578506261213,-464.9386563516571,1250.6351075473858,-4876.733223066925,-584.7760499807218,-9801.218550789537
-436.90222979402307,2466.1742796535596,-1089.2891276145187,-414.0559488634641,2406.1887884852727,-1129.730193477298,-385.07656073378524,2341.4842321804217,-1135.9461262461675,-366.09945463151683,2269.564972929239,-1096.0821254791447,0.015710200487652485,0.015305525793871455,0.01577672985113592,353.81092298128306,139.35329407099346,-927.9197607227239,1465.1874912855753,-4355.095629647567,-2054.1796138490076,0.4882075438673405,1.0,1.0,1.0,1.0,-430.06438485650006,2469.3294559324418,-1085.267070665502,1465.1874912855753,-4355.095629647567,-2698.564772944525,-9730.268398068587
691.6810651116936,2470.816891414912,-797.1734003126376,676.3621942017492,2411.23393267911,-822.180437122809,640.9776485601826,2337.0256543949745,-853.2672771660449,609.1605355620526,2279.115544847781,-890.9879426218365,0.01608261625389567,0.01875037378490302,0.012748322831033138,-376.18710085165975,-197.8682421250525,-806.4836985423021,-1638.543172272051,-4089.6806853099256,-1870.7802749807122,0.6074186871301687,1.0,1.0,1.0,1.0,697.0586769865331,2480.8726067529533,-792.4236397538489,-1638.543172272051,-4089.6806853099256,-1794.7268501735296,-9934.68714921489
-339.4917455649318,2439.29778164174,-861.1182236238843,-339.366560021671,2371.7595732503396,-899.1027836573818,-331.56769098785395,2322.1328415665143,-948.2638098835527,-321.0798093621544,2253.817150522391,-1001.5889256007736,0.014995212058773454,0.018378764145159675,0.0157637842799117,-13.096753865781764,-95.6089113298703,-809.0402438476488,496.62885679923426,-3784.1853836611776,-2215.341445621921,0.6208622395161556,1.0,1.0,1.0,1.0,-345.83808792126956,2439.795295723115,-860.4078951079241,496.62885679923426,-3784.1853836611776,-2433.3564411261596,-9862.232949585303
-96.46852531022398,2627.472787822757,-652.605102307281,-95.05608188491685,2579.913953594282,-681.8715903830268,-87.35852231876949,2514.876696525685,-711.8444383821264,-73.17345233041425,2476.844497685095,-731.193467627586,0.015104509727023804,0.01717748838592085,0.014036212399743578,255.32877444413577,51.005695760664246,-910.4237848484671,424.13948564553056,-3137.7140734230366,-2633.894058923313,0.7736817894873124,1.0,1.0,1.0,1.0,-92.46560378519973,2623.9312359675564,-654.8437326755934,424.13948564553056,-3137.7140734230366,-1375.699586348089,-9870.530322137129
-281.59206267581743,2555.63829996947,-632.820160926612,-279.0463725155749,2516.7287249579954,-643.0566561777105,-255.78920589323351,2477.6348727317977,-652.6312545565223,-241.78539060297618,2437.4028426586738,-668.6077188623022,0.0144553468590162,0.013476171703890668,0.015686548594813922,530.6722328299782,221.7032893059396,-947.9735468137551,932.6028323532282,-2668.8502130365873,-2485.3863109364224,0.8313819328422799,1.0,1.0,1.0,1.0,-285.3552454790949,2556.9472257129614,-635.9946687083216,932.6028323532282,-2668.8502130365873,-446.6824287790648,-9580.511845486451
223.66407093344264,2543.0324563117283,-1090.0,222.69310764144657,2494.4614835800526,-1133.8415260756556,215.23092227453046,2432.2997421939,-1120.520384986808,215.18446965632063,2372.46167387291,-1065.0497251382644,0.012443681918124222,0.016454733343564253,0.015646032720335292,103.53257874352656,202.51303862162843,-1016.4776974120082,-184.79847160442063,-3626.747386998238,-2934.304774074072,0.6004555520179767,1.0,1.0,1.0,1.0,222.72759292837804,2541.7651032354984,-1089.2792309538543,-184.79847160442063,-3626.747386998238,-3174.092823188113,-10056.50939089887
711.4269372947168,2554.5438485724294,-817.7577136351017,703.0819113974449,2500.4791129844525,-830.7120932320381,686.3370738100898,2457.16147754074,-863.5899106790202,668.0428863654361,2404.2918989284167,-888.4582982556472,0.011727818018355245,0.019204980924123632,0.013586828032827604,219.91571445227376,425.38381159663095,-1016.8433051330051,-713.450201369623,-3108.433077964624,-2406.387707096407,0.640480373024694,1.0,1.0,1.0,1.0,708.6291023904632,2554.6604700023936,-813.2126603292365,-713.450201369623,-3108.433077964624,-1287.2480661977515,-10150.608133617767
-360.7747676653268,2488.0185491671314,-826.5502578597533,-351.48734882659807,2428.2006252804736,-844.9183668290915,-344.60293931264573,2369.154009652357,-866.951965005151,-341.0731099236987,2299.2819295928734,-876.4180013766921,0.012188066365280678,0.01460978956863696,0.01789404135482612,6.923960476854751,-19.835866637049183,-861.209794077885,629.8613480188541,-4251.732037862896,-1367.0003627230387,0.5453081027112566,1.0,1.0,1.0,1.0,-364.69423485426944,2488.6860357020582,-825.2731702347044,629.8613480188541,-4251.732037862896,-1079.1722953917886,-9797.120147898551
247.98754736452904,2577.74198948296,-714.7676783350497,238.28533088558535,2533.1462157862584,-741.5541325728236,230.36327558382138,2503.742225270551,-763.59903188042,227.64234539449134,2461.2737718858616,-791.8118942378694,0.015405883507050456,0.012042935648258406,0.015225022849343461,-77.75757070052136,353.59263602735905,-1015.5273932881992,-399.57184599033957,-2749.0011061047335,-2730.5316942723402,0.7673261579953483,1.0,1.0,1.0,1.0,245.895624551654,2580.283531972191,-716.4816491523522,-399.57184599033957,-2749.0011061047335,-1315.8142638094407,-9571.931572480915
642.1217572028615,2660.657232998963,-713.7080418695958,634.7848358457929,2621.3725103718994,-726.2312861440319,620.3631484632257,2572.9607324558474,-724.9592957567364,617.3718141079883,2530.017411208984,-734.4951146889599,0.017761493735762832,0.014189410312019882,0.01841464900736051,227.410832014228,445.4540430161792,-1010.6336784769607,-503.20755944471745,-2683.696815079289,-2394.3973840264434,0.7746344469448574,1.0,1.0,1.0,1.0,642.5570685561202,2659.5039154565957,-726.0555879902149,-503.20755944471745,-2683.696815079289,61.67465054444166,-10067.349649451462
274.2639490522148,2613.3713535936645,-987.5077610351432,264.02380929763365,2568.377514872701,-1034.0099548238973,263.20365995364244,2513.872340503693,-1092.8684106182588,265.6278727057499,2455.8581168025653,-1136.3181935040757,0.01345370208438628,0.01755399233783584,0.015030775184898974,142.24668729224072,149.97251779798611,-1012.1767525183368,-170.7081995856324,-3179.857114182384,-3365.691913052964,0.7289615303928795,1.0,1.0,1.0,1.0,274.5455419711045,2614.361781289335,-984.7142036286536,-170.7081995856324,-3179.857114182384,-3285.076043193131,-9772.336321328861
739.0747650233034,2538.393559766506,-751.4806392023029,740.9027399900648,2501.0677603757554,-774.6980355944473,713.2214780279116,2451.6955338575567,-790.067727485887,697.9330020290384,2397.7374821555477,-808.5009291440061,0.01474936172765747,0.017370104916430817,0.013370235142482152,-105.64700258172142,84.10280782769564,-974.3689355377857,-1144.4241050042092,-3309.4810056450697,-2198.414376603483,0.6995102982134301,1.0,1.0,1.0,1.0,746.9489556464162,2549.666157033275,-757.1587795512694,-1144.4241050042092,-3309.4810056450697,-839.2464222889924,-9505.19985821147
638.7683714290117,2456.6284822113853,-861.4566278310454,612.8211767891947,2376.005863168841,-881.8676743017985,592.748380372396,2292.007680438105,-904.7598205984992,563.6761081827635,2216.3323685658447,-922.6589571061397,0.01872736087393191,0.0170545217383878,0.013178642425207915,-109.67778915626633,33.36845125068723,-810.7055594770751,-1542.1048685809503,-4989.850430413189,-523.885159525706,0.4360394749624727,1.0,1.0,1.0,1.0,638.2430721054943,2453.4459100010886,-859.2653780419143,-1542.1048685809503,-4989.850430413189,-1096.4352786100108,-9546.439353068003
324.93316075380653,2438.1668365355736,-653.1888712417162,321.3068928742064,2395.746160362409,-687.3435321382507,323.4522711588171,2343.5856283562684,-731.9381795946955,331.4078269932779,2302.811668335183,-770.5488955607312,0.017866210199736953,0.01712457377933977,0.013554107755522508,574.1887094645497,61.58431874172163,-896.7673821168299,293.7722068766675,-2725.7383183183833,-3127.4752440021466,0.8214551082654015,1.0,1.0,1.0,1.0,318.60688948185134,2432.9766556787135,-654.366114870556,293.7722068766675,-2725.7383183183833,-2235.6678257648746,-9866.797401473686
459.13014342718543,2430.3269754120734,-861.2964710504131,447.86782367936047,2377.513542149237,-851.9607223145281,437.54209145078954,2317.1000300847572,-838.5372112987556,434.22180270357927,2257.3741260599363,-831.4929178913391,0.014396376334986569,0.019500166816980406,0.01540334770538148,42.702088536205736,-20.829114378063117,-842.6759789063364,-617.5366502475239,-3661.6084985243856,-599.5240386310239,0.6207001091426521,1.0,1.0,1.0,1.0,456.45164420204514,2432.4485796332806,-862.6371130560183,-617.5366502475239,-3661.6084985243856,864.3212819076036,-9697.828317987049
294.9232531042617,2515.6877938872512,-839.0059308883331,289.86487126081795,2463.918866897565,-886.9983236026285,293.4795356573519,2405.2738702033143,-946.7628918052462,280.87579368624506,2346.42857413679,-991.4614014046886,0.014504762601592442,0.013718237673691468,0.0185134390055439,189.58107031684114,-113.76775884060191,-806.2499588304673,-130.85290193347166,-3370.62423078175,-2885.8610339907823,0.7332635607191728,1.0,1.0,1.0,1.0,291.64633382495094,2515.319141169162,-842.3457965519717,-130.85290193347166,-3370.62423078175,-3006.023688271034,-9804.121642304091
568.7719979498949,2592.560627180378,-441.671096529399,578.3327431075165,2544.7037459203593,-477.87105701530567,575.214328620113,2503.5435664574534,-512.1999941625131,583.3814118148356,2459.2893541444837,-542.3687089624175,0.01535256525221801,0.019557981420075976,0.015708924720812666,693.5575452773398,-71.54613247658796,-800.2688987720026,126.4867085641614,-2732.284621198214,-3152.774575104024,0.9243805286068941,1.0,1.0,1.0,1.0,570.233004427291,2592.43137319168,-447.83643341814206,126.4867085641614,-2732.284621198214,-1722.4680452191292,-9893.405234903244
638.3856005382752,2583.058467211273,-906.511246942022,617.9005760932556,2537.1330913308066,-959.0896804013412,611.1976124045245,2485.677049743607,-1027.7954171113374,595.4427727643987,2446.3416394517776,-1066.8038029550419,0.017497037205035513,0.016835638175611227,0.0121363381636731,-136.45716918144473,-151.05587671473916,-806.5948522595017,-936.3306722907987,-3324.7366619828604,-3251.6479197085537,0.7785309864556808,1.0,1.0,1.0,1.0,636.0156354584631,2591.8518694211134,-899.3570725943616,-936.3306722907987,-3324.7366619828604,-3518.996062819205,-9755.639001959038
-212.94513127099538,2506.2122340779047,-682.9914433137656,-214.31327229839823,2461.260224509335,-693.8249906398783,-196.7625900099709,2418.59891479443,-699.8795577892912,-206.34426329590272,2367.1390068029473,-721.7099708063165,0.01277355065857666,0.017257392888078284,0.016202820568098568,32.42089295785172,48.969343052609176,-957.0327797169155,301.78413080840085,-2998.6749796269473,-2284.317339188353,0.7737662358852471,1.0,1.0,1.0,1.0,-215.04209430503738,2507.8828263467126,-694.0313416758542,301.78413080840085,-2998.6749796269473,-256.0182165948905,-9795.975919543518
511.15126837859316,2489.3434779052245,-439.7365938692956,484.1668041946307,2451.3744770477133,-498.7684637658636,475.3708863574416,2412.389115680921,-551.5047273796047,469.47484976343725,2377.652823444326,-602.4280631062489,0.015667152674886713,0.01702966100711583,0.015715791667435725,-501.572561629928,-231.02949724756525,-811.4130803307434,-935.2046950594148,-2528.180297349936,-4315.306164498196,1.0265873946505608,1.0,1.0,1.0,1.0,503.7724855589447,2486.764322403615,-444.71175909733984,-935.2046950594148,-2528.180297349936,-3321.935583250241,-10345.200385276135
-397.0387386990542,2562.273582218933,-520.1424519984032,-403.34691562053035,2521.6533724544224,-547.3686946023023,-396.2060387804795,2475.8543002746483,-581.7204234960725,-389.40990513176706,2430.1652389711103,-621.7683396916244,0.014614161526418036,0.015746145432776033,0.014069195993110538,-177.1447610943561,-408.89027843269264,-803.1408161258452,231.4721881991772,-3121.1775029513265,-3208.686785697108,0.9105704970476961,1.0,1.0,1.0,1.0,-398.2007008245704,2571.8342368858207,-518.3135384625282,231.4721881991772,-3121.1775029513265,-2180.739459840825,-9725.596721978043
169.47726921943175,2453.503936639432,-1055.7846825731106,165.83394304026476,2392.3075556817707,-1092.6692513150058,167.1628918557684,2333.287831134813,-1141.2708798480446,172.77144925280183,2275.9805511723457,-1127.8173749991745,0.014303377352311124,0.014902199425924868,0.01383498880972649,241.92517052067342,342.58220074818564,-1008.334255011602,133.8885784497955,-3731.3709610423334,-2357.0366515306664,0.521959434412038,1.0,1.0,1.0,1.0,166.27812369653861,2450.806793737107,-1056.089035598833,133.8885784497955,-3731.3709610423334,-2549.828399849682,-9903.675612329247
233.0103738976454,2515.5397128183195,-431.8160148415642,228.9051208198146,2474.4280916543903,-460.1650192964014,220.102649128288,2455.62484630084,-493.69773471092446,203.15910276554257,2419.083733476092,-528.6498132398989,0.016009403584074173,0.013198762475558656,0.017703390558464836,-372.4961795641305,357.7903326297402,-1014.6116042213398,-580.6402023000383,-2055.7611258993143,-3902.3266209454428,0.9980884433819021,1.0,1.0,1.0,1.0,234.2728318394088,2506.0607091945376,-430.8224881890195,-580.6402023000383,-2055.7611258993143,-1865.7492469870479,-10061.417566120996
411.0523305566228,2523.206208595193,-731.2018471432555,394.44053823815995,2486.1830246769564,-723.8446359879952,383.5020599737754,2433.50809969155,-743.3040699962295,365.9119974803731,2389.732522632219,-761.4986790081389,0.014781395359987513,0.017439376422136527,0.01138835457617926,-423.7661155055899,237.6065114140706,-1008.8194314395753,-1042.1047248505606,-2864.132121795867,-2337.9218382265335,0.7563908736416973,1.0,1.0,1.0,1.0,409.9176643748583,2528.9122088507625,-731.8253672227672,-1042.1047248505606,-2864.132121795867,-347.0269578897546,-9649.64344397776
315.9934942552727,2477.783302940517,-660.1860220607585,312.0716169978358,2428.1990917570242,-676.140752240448,316.70576277194544,2382.3507706166115,-700.3175747767294,325.1223383094339,2342.0038081924677,-718.6916974346897,0.014325424826049624,0.012175268146454265,0.01513526042926091,427.37503351828747,-26.856532459334623,-826.4210870124223,150.33878112986417,-3183.4402165823117,-2221.33269731044,0.7433640465982357,1.0,1.0,1.0,1.0,309.35909033134,2472.1440375577804,-658.0645071540685,150.33878112986417,-3183.4402165823117,-1287.2584346335739,-9734.911859959377
-297.30117776687456,2666.053558217214,-526.7274395815053,-288.9768418406679,2634.4845950285085,-532.7571879853471,-269.4847912699174,2605.3543399781915,-535.7563276953252,-267.3264746746715,2565.6364013288817,-550.171740406615,0.017426174035041403,0.010214830639597279,0.018269466487956534,255.06872558612687,351.61071496565626,-1019.7224398427843,543.6483596390299,-2302.5737585865863,-3119.698693116164,0.9590895288374054,1.0,1.0,1.0,1.0,-291.2978758510985,2665.697342345172,-524.4874051228193,543.6483596390299,-2302.5737585865863,-452.92840525959645,-9619.583344694272
-225.62406314588605,2623.9056932322637,-542.1478314852399,-221.4919728018291,2578.3723907848607,-583.1932469013894,-210.71411065128834,2538.499081075883,-638.8288917936785,-200.6829214734625,2503.2215147165834,-691.4872924833454,0.016925529482634764,0.016599418703988584,0.016370281781851605,267.3524225581178,158.61729823509896,-961.050179553957,491.09745253406845,-2428.5352710711404,-3916.7769054236496,0.9651047700315254,1.0,1.0,1.0,1.0,-231.11149176396214,2623.5805983723103,-539.0241267650246,491.09745253406845,-2428.5352710711404,-2650.166865382344,-9854.892638138359
645.8316662511427,2503.868156816741,-736.1482961647372,613.8515283942841,2446.622801419008,-743.4410689118173,575.3091002278506,2392.6705691010707,-754.8627718055948,569.2802605638947,2330.413706098935,-780.1495573729934,0.013915373072680043,0.016024983993827437,0.016936136297481252,-646.6778208948315,129.68302076184438,-801.1829058862509,-1865.9789344102915,-3437.614202092312,-1115.9567902339186,0.6431235066360118,1.0,1.0,1.0,1.0,640.847643848269,2501.636820205536,-737.5071927475705,-1865.9789344102915,-3437.614202092312,-217.7731604201706,-9409.034283492832
-24.9730124145527,2472.9203670123397,-864.6886501124221,-29.40122165057637,2420.9079560159057,-893.7701722841447,-32.80562222159813,2377.790029079672,-930.0520796640643,-30.664144995930467,2315.7894095357315,-967.6500033100234,0.01895394403313035,0.014932258339296303,0.017106383995575625,-87.53530113276999,70.78920649085208,-997.7341303860211,-85.82484492677813,-3415.903666173546,-2720.5874138227277,0.6540074136319982,1.0,1.0,1.0,1.0,-27.028785459391315,2479.0012911432077,-855.0744106166183,-85.82484492677813,-3415.903666173546,-2131.883411911407,-10012.480969764702
-481.4051632496113,2601.700404560089,-667.7435042471277,-474.9716110826891,2560.7821104542672,-708.0277221387382,-459.1917500071807,2519.7595420009193,-723.2234356472334,-448.1784025706419,2482.5556245296516,-753.322538385163,0.014634645507702574,0.015278175054250656,0.012657259466824607,167.30001389924433,427.47458650374375,-1015.9423704876059,780.9406328760307,-2623.3008905748984,-2928.463467995363,0.7874299199712228,1.0,1.0,1.0,1.0,-480.88071138786245,2604.814325680905,-678.312085344453,780.9406328760307,-2623.3008905748984,-1353.9858803300933,-9985.584813062344
-21.883460600528416,2537.191079250527,-868.1583066648418,-20.944240749388516,2450.9559112344714,-883.3027143431023,-48.40735708871328,2402.7372439111064,-896.4496380801252,-53.12740812411748,2350.2753902051186,-911.13678411642,0.017412841065979675,0.01443714491998372,0.013084508608722033,-477.87658847252345,130.1663671074247,-987.9451205066479,-759.4314717117069,-4006.7111158152134,-1565.2740456253232,0.555065505405315,1.0,1.0,1.0,1.0,-22.21770544549912,2534.1930365965595,-874.7541058674974,-759.4314717117069,-4006.7111158152134,-525.3493262069469,-9605.469542023398
-451.12468781385724,2444.515646511753,-694.4892244743493,-425.01487901132697,2417.7679630969296,-715.1744375965011,-407.03196428496676,2367.920200244808,-724.330723653082,-408.7366854620585,2314.6129980226538,-753.1603439823912,0.016386842091280857,0.01415941179093419,0.013604360453004831,135.85334368929645,53.27378183069532,-940.0873100661354,741.9839229738627,-3086.9363806079673,-2231.3665113511206,0.7358493856647808,1.0,1.0,1.0,1.0,-442.8941162303157,2461.0841587049026,-707.3201777699875,741.9839229738627,-3086.9363806079673,-673.4789214248066,-9721.455789362872
-115.79539605324744,2430.5148424279096,-934.9945785818817,-116.87624856994992,2388.751669389658,-985.1852087410891,-115.73435784319676,2331.944891080717,-1036.4672179794086,-112.36649330954296,2291.122921477501,-1087.5198229473897,0.015121031865850997,0.014497656666503385,0.01709028413823262,-109.95711423717266,39.65063923493503,-937.6357761742869,8.550657960313643,-3066.0567700327106,-3206.0005580453912,0.7332910273294135,1.0,1.0,1.0,1.0,-116.62662744621713,2431.1749198604543,-934.5638898379764,8.550657960313643,-3066.0567700327106,-3196.7264204784155,-9754.024500539563
372.89667291876543,2605.7925213525928,-658.3667790371593,365.41663116474723,2567.0393846601446,-679.4239863744363,372.075793510644,2526.272058698085,-699.431422867924,375.58697336343005,2485.918332990565,-729.5549277885643,0.01120177301428436,0.015270965648760754,0.014964370673170666,344.55386740643576,340.75791076369205,-1015.0734114950326,-30.652915915921085,-2642.216401120592,-3051.3140754706087,0.8135628906637848,1.0,1.0,1.0,1.0,370.762110514552,2599.8529337217915,-654.8483796073275,-30.652915915921085,-2642.216401120592,-1458.3943958874827,-9971.681842519967
248.73938812174237,2500.940283039914,-963.5882435865747,251.7337558821013,2438.1581596600095,-995.7639509906318,258.09401706162924,2374.801196170723,-1045.3667199372885,263.2698518513966,2317.1014586255587,-1088.2249245276207,0.014075130068866045,0.01666112488127259,0.015161133622420393,376.9064334681525,2.805230591151542,-882.0271720721712,200.7099926680993,-3907.2948404787367,-2348.6708922529474,0.5941026114274415,1.0,1.0,1.0,1.0,248.452038160568,2503.4739284975412,-957.3596420824797,200.7099926680993,-3907.2948404787367,-2644.3925827472804,-9799.542472725983
511.1543555968228,2499.177372555768,-850.1228976422398,493.57432539978345,2434.4015709641135,-874.7431804424006,489.96164104843956,2362.5796081303165,-918.7705588002265,481.5129764589535,2291.0538680100494,-961.9408426045749,0.015877898167861188,0.017851894153637433,0.017071383193330937,131.18120866961704,-187.51478519225094,-800.5713236873894,-589.3327971417333,-4165.404706619065,-1942.6971068642501,0.5941988244851709,1.0,1.0,1.0,1.0,511.3008628260334,2499.171250577045,-844.4275112379975,-589.3327971417333,-4165.404706619065,-2152.3577604248326,-9782.190201120386
312.83084247964064,2510.111961362412,-790.1295684366896,306.9895990677711,2455.2885466722296,-788.0779522345969,299.8738659578961,2383.3612970726253,-792.3003869636248,295.2426882635599,2311.716836295544,-788.8190962953098,0.02017745780487197,0.01613553726314941,0.01585332697565805,112.3410841261393,-21.356379547889606,-801.7567500662625,-323.5397355215153,-4063.9748770152255,-452.5177838632093,0.572833677956321,1.0,1.0,1.0,1.0,314.5534188270849,2518.627918586632,-792.9775891035144,-323.5397355215153,-4063.9748770152255,202.30740235975557,-9349.48451450005
333.452543402232,2468.6889431292534,-750.4570625279047,309.7960469817692,2405.4394393517287,-773.948529083291,298.6003720688914,2345.678721143694,-794.1818174488398,269.41100763677105,2287.977487670375,-816.1396022610597,0.01782500213176974,0.014380953298708803,0.016955219572612527,-479.695308600404,-2.7311281604350057,-801.8084073776171,-1253.6614212687734,-3801.6017273852613,-1415.757619615476,0.6008388249969094,1.0,1.0,1.0,1.0,335.18461522429766,2468.309994639978,-753.8804303767889,-1253.6614212687734,-3801.6017273852613,-1037.1063797069626,-9694.493507572788
495.24868588325023,2603.955799089885,-799.5960667532195,483.04706763096135,2538.7138339231624,-816.1153559288031,469.1726250666191,2493.1474042435807,-835.7012682401754,462.01160090913004,2445.096186127355,-864.2651920663582,0.019708860553724963,0.013703059277674127,0.015922656128509113,39.89798438349385,223.38698889302526,-1015.9090492040698,-637.0254553343875,-3324.1537324370897,-2272.589489508861,0.6656654240400923,1.0,1.0,1.0,1.0,495.37118494758215,2600.156907585544,-799.1304045865372,-637.0254553343875,-3324.1537324370897,-1013.9830550435865,-9541.10749483633
492.88705524193847,2606.4178942965514,-767.3893906251583,469.8938750507158,2564.2492547588736,-798.839292295018,459.53815109601743,2519.5586748357373,-843.4554381315379,455.7852211442978,2467.7011743606777,-895.6240567973081,0.014483249995130879,0.01934809420615507,0.015162039082425367,-196.64521996400845,181.29989722695348,-1018.7244638182167,-816.5508579589176,-2892.229652031513,-3266.7255512741312,0.7910066167162894,1.0,1.0,1.0,1.0,489.257500721483,2610.772804933432,-762.100518147367,-816.5508579589176,-2892.229652031513,-2384.7744784062556,-9712.09046016687
647.192549055723,2508.494298093079,-743.1149780096783,624.1002426032718,2440.704320046961,-778.7553760718599,613.142316396187,2383.681842515371,-822.9517349325815,606.2663265595716,2330.493194714199,-859.0531012092462,0.01179124626171488,0.019210476954153476,0.015397867420909365,-77.93671217324633,-410.6502072665727,-800.2009898161042,-952.0114567191798,-3843.5163753903335,-2577.4169231806472,0.7136004093632229,1.0,1.0,1.0,1.0,645.5919949333311,2510.4222380300785,-746.1361672291102,-952.0114567191798,-3843.5163753903335,-2358.063208866794,-10016.796495179953
-331.884643191573,2608.4614417507983,-468.925617740152,-323.81246124438076,2563.6524395049387,-490.2708280478941,-320.6576581757562,2526.9753942903453,-489.06556881667274,-289.5843805193108,2481.9331396431103,-517.377575133966,0.016532563302135244,0.016963276291818076,0.015670538837095002,345.2428532653402,140.46766905153493,-939.7983392171071,676.2191184284693,-2469.166418104175,-3155.444386334317,0.9508336215689523,1.0,1.0,1.0,1.0,-330.9762651631287,2609.6340871557154,-466.81403867577365,676.2191184284693,-2469.166418104175,-758.8203660013875,-9917.488989685733
-342.40086657278636,2451.51318384789,-1022.8165846740488,-337.4560712197327,2388.819100427328,-1064.7808609891772,-349.2958143160505,2325.7074870925258,-1110.4539616368604,-333.739180054153,2271.5466755173456,-1140.9556522037742,0.015036375096199935,0.015063494936040693,0.014024342235662728,-318.99718304342736,-7.8813708427946665,-895.5112844288944,36.794566547216064,-3927.653629779901,-2382.342435282954,0.5808757877320971,1.0,1.0,1.0,1.0,-341.99378713543496,2446.90214776964,-1017.917991356614,36.794566547216064,-3927.653629779901,-2837.5725865876857,-9704.44794589203
-292.5056009189718,2602.6240554035394,-662.7364673983355,-284.3004404416315,2562.868394548867,-690.4474763335016,-293.6679328545266,2512.987137899584,-702.4193631154874,-291.3954477668616,2462.3381868861693,-729.1037326826237,0.014799549607622885,0.018174836458747602,0.0163671498529699,-236.51980419009467,198.640434249567,-1018.0595096438067,64.46713207130364,-2801.512529696214,-2814.610496637241,0.8106584640806602,1.0,1.0,1.0,1.0,-291.9615377714184,2607.941209788307,-663.9815434938812,64.46713207130364,-2801.512529696214,-1082.5130514912773,-9532.409930674226
-212.4571737719963,2578.99718858114,-704.597469819489,-211.48975657051724,2547.5868903546516,-736.6665167792221,-204.70885807758836,2493.760883577506,-788.6081195537722,-198.52556142085166,2457.224907327234,-843.5356316304393,0.014337899260643001,0.014668111228379547,0.013449923260471293,-121.76122408815435,116.14180856080853,-979.9009182993963,96.79513157290329,-2727.9606080208446,-3549.256869732106,0.8575440662505068,1.0,1.0,1.0,1.0,-208.8768425037655,2571.3063557795645,-703.1362775455125,96.79513157290329,-2727.9606080208446,-2672.7909900533446,-9852.638503311782
680.2829041858321,2498.4726964196816,-1022.045800194645,667.7351033413175,2440.2408666445494,-1060.4959323061269,648.6294879721877,2378.5978353119503,-1094.5700321514582,635.2825083131876,2311.948539299207,-1134.9182658498928,0.014809672034118785,0.01439190699295778,0.016610968057507464,125.5281465459869,406.14340785507136,-1015.3965541298782,-1038.4456213078552,-3914.017266381361,-2080.9637922255297,0.4891874529154163,1.0,1.0,1.0,1.0,681.096553945689,2500.1426453690992,-1019.2569035899495,-1038.4456213078552,-3914.017266381361,-2099.2108706509803,-9855.198205355215
393.42931094996266,2522.2567010910634,-750.1021648000198,397.7285335021118,2451.746524422437,-767.0590212847019,406.4150150422549,2397.810425210836,-786.5461755982082,412.6528870258633,2342.7826647979527,-817.760018206381,0.017961586227247302,0.01318956437918907,0.01539309347103706,670.0533976099894,-71.31933049689152,-805.9830385307904,423.6580691503578,-3998.9670373870053,-1579.8446594714117,0.6034557559225271,1.0,1.0,1.0,1.0,394.67565266225506,2528.0092438046654,-747.2928023411073,423.6580691503578,-3998.9670373870053,-1141.9668458590481,-10157.036060156677
-64.84156449534309,2600.656224645117,-649.9680167760152,-68.0599884646347,2561.209160355385,-656.42358257761,-74.03720250476675,2513.0858239351787,-661.0868626023345,-70.93480590895221,2476.2317756092557,-681.0560218411835,0.018241690919785874,0.011606308286235798,0.017479068552966655,-207.81323540883193,47.350092224486545,-956.1785798348568,-173.441876609061,-2955.026112527141,-2493.0475454153116,0.8176729322410123,1.0,1.0,1.0,1.0,-57.78601214199523,2603.447679560462,-645.2292303878322,-173.441876609061,-2955.026112527141,-480.6790110249297,-9623.415934878467
-435.32721700370354,2445.3310532790583,-792.2077461553248,-418.9091368995817,2383.3862583057007,-804.9268437520415,-398.8708513450362,2323.3493611595854,-812.3540603794485,-376.7017837715468,2260.8869364508855,-839.6228775484449,0.015156871274609744,0.013642537235272652,0.013771082914947066,413.72249363251956,-56.32675698049644,-801.7360174520624,1471.762649730062,-4318.212662881447,-1078.6475155543842,0.5374295085751709,1.0,1.0,1.0,1.0,-439.8998432109174,2448.236587490739,-790.6120842275789,1471.762649730062,-4318.212662881447,-969.8064593063491,-10048.340714299016
-206.8406813494085,2440.030747678036,-1089.7745359412459,-203.4296305995798,2390.969151270036,-1135.9959382971117,-196.96870288271592,2354.169849951702,-1101.2046265531135,-197.90016530995618,2304.068682545527,-1048.7143152371525,0.013664962481640754,0.014061206204374063,0.015980946069487387,30.389847105540746,390.71707435656805,-1016.5699648168711,341.2780496803247,-2905.2509977214113,-3168.9732562474796,0.6612928852444984,1.0,1.0,1.0,1.0,-210.2111779190878,2438.9190277501566,-1088.9631064599523,341.2780496803247,-2905.2509977214113,-3385.344597211073,-9790.810412581795
86.58099904631584,2611.8928773816833,-579.1206645304071,76.57491101697029,2561.8797589440164,-630.0205082227277,65.47786719616741,2510.2284446342037,-688.4918762653444,46.13139963093249,2476.1087584045117,-740.2411858169122,0.012844041688749107,0.01860925290896829,0.015779752340161175,-537.5914378011577,48.831084993006016,-843.7273153562068,-623.5725370191361,-2575.686980833723,-3788.6994448114715,0.9427669530621222,1.0,1.0,1.0,1.0,79.74537384778887,2598.7611960183913,-582.3143770440491,-623.5725370191361,-2575.686980833723,-3029.75394525615,-9898.292638980156
-172.7301107892012,2559.091027252737,-457.2198804655151,-166.4387658134867,2539.516753018745,-495.82939674596435,-165.00364888657148,2497.0209194633117,-554.5312293701982,-154.85772604346087,2481.6277222603385,-600.2853699005183,0.014603518888049899,0.015050567203414134,0.015240322288703902,212.21631883448597,444.9020699838411,-1009.3756124476928,349.81240230838534,-1926.5680831348607,-4347.157606778762,1.0551055916198306,1.0,1.0,1.0,1.0,-172.5773237047373,2564.126961432189,-461.7669221204818,349.81240230838534,-1926.5680831348607,-2853.0432295602304,-9823.09912063298
640.8423361933139,2661.7368779770736,-493.72564644119836,618.339035021503,2615.7299344993153,-521.8100949867135,600.0727504498153,2572.523146323833,-544.1321047715666,581.4559043582396,2536.843018768709,-580.4285001490078,0.017050551644580633,0.014138562694985708,0.016318127499764468,-537.8989040476455,235.04144377465138,-869.6225787386494,-1235.089249582756,-2547.441666749217,-3049.3787849249566,0.9024927581606699,1.0,1.0,1.0,1.0,635.4358830559731,2655.111027186406,-498.8865571386905,-1235.089249582756,-2547.441666749217,-1421.010827936231,-9818.359929701719
584.8643435336525,2530.2954395139996,-731.1116383630849,563.8457234162739,2471.5189619895314,-738.223576289039,544.2443040369764,2396.809926474673,-744.9027308585776,526.5509544434559,2342.3653912738187,-758.5551426823478,0.016117108740851826,0.01679113543894626,0.015198621291419606,-248.69495060753482,-220.05418466388588,-802.4751183581498,-1206.7270816935697,-4016.146784468167,-1327.9869078151253,0.6368931345287828,1.0,1.0,1.0,1.0,577.9131003525599,2531.0063626968063,-723.7367087304191,-1206.7270816935697,-4016.146784468167,-465.72872707489546,-9824.230003927178
-213.7750532808657,2607.1637674000717,-545.4879420537852,-198.45679928384345,2557.1148585101882,-571.2096574670736,-185.14701255419342,2523.7181260048533,-590.9163801897648,-175.7022080147297,2469.179289636534,-611.209861742594,0.014445030056017284,0.018073832487143417,0.014406590405768506,495.10591860670075,-6.036318638378457,-807.0473565903839,802.0106484372067,-2955.5000324406456,-2525.209360150302,0.8380745470510714,1.0,1.0,1.0,1.0,-214.67350526022688,2609.5812100715902,-547.0996807439801,802.0106484372067,-2955.5000324406456,-1150.7509856339107,-9719.205431528388
-387.1270593276703,2617.207266482168,-616.9887337987291,-373.42435823045855,2573.784437559263,-650.1192884014919,-361.5886804140275,2530.296876464647,-711.8768851038467,-343.944153487628,2502.71143222424,-756.8151742438524,0.014746387564775679,0.015595639484280803,0.015205151109886836,426.08667814522926,182.9460578770961,-913.0451330662702,807.1767004277021,-2427.3864306562587,-3943.10886308194,0.9544528218410574,1.0,1.0,1.0,1.0,-381.090022282474,2610.332488533354,-610.6962241948863,807.1767004277021,-2427.3864306562587,-3098.1874028144007,-9839.52337589809
-26.959134719362687,2649.454430693462,-593.003841522107,-27.634356615450667,2612.3757677611925,-628.1261895228616,-26.959970699842657,2570.5916283876863,-656.0505696713764,-18.38135540389772,2529.5153024883607,-698.7850662532429,0.016782117132775692,0.014177225172911386,0.015368776824965718,222.89425187262987,78.06264601390268,-957.7591851549556,273.73192322001876,-2766.8976905588597,-3354.336616270815,0.8836718808693479,1.0,1.0,1.0,1.0,-31.67643672198807,2651.2774982336446,-596.7908905596164,273.73192322001876,-2766.8976905588597,-2056.9155970837337,-9725.532009120796
702.9738410311955,2459.4263457660436,-933.4200470130537,682.5042617314288,2392.7485258030706,-966.9914780486026,675.4157328239254,2315.4562946103247,-1009.9479033509621,672.983355070901,2261.9652887689163,-1042.4643602881315,0.014399152492603309,0.017863858939058064,0.012770461337401298,410.29079204264525,-148.3210917134931,-803.751557601506,-507.0615611969582,-4624.961328700872,-1660.3182333077702,0.5199665272309377,1.0,1.0,1.0,1.0,696.7805741189252,2464.782059002497,-929.1507220642807,-507.0615611969582,-4624.961328700872,-2286.810529427288,-9857.492776566705
-148.32978397921468,2472.92525106577,-679.909420827228,-141.6245157115855,2414.964503069167,-700.4425017819483,-129.74211650913645,2362.8493712469653,-716.2654035540412,-130.9840996083792,2313.1137769033858,-747.4348784481078,0.01426072200707365,0.017033747530930853,0.016166833590239002,107.59138189671296,-47.60689736385122,-806.358712637163,333.9767730674177,-3336.8092677364534,-1942.124478447603,0.7075386968717571,1.0,1.0,1.0,1.0,-144.56108176918718,2471.6840997771765,-677.6138081934314,333.9767730674177,-3336.8092677364534,-1140.765150628257,-9596.660234101377
664.0861645489022,2434.6805278083825,-678.7279952648225,655.982583668817,2401.4088616552613,-713.3962371674108,640.2086909971952,2354.428643413816,-742.2342030625476,635.1178726982882,2318.416051406281,-775.3783820468803,0.012375371803665339,0.013803124959069874,0.014144982029630236,-75.36520731868889,47.0739924826096,-925.7482409665012,-872.8617515805029,-2817.51748527732,-3166.0346168957635,0.8096765212076352,1.0,1.0,1.0,1.0,666.5672815247397,2441.963854968327,-675.7315711342786,-872.8617515805029,-2817.51748527732,-2233.050846435326,-10075.075481365451
-360.4308645672491,2444.34770793838,-843.1970551897134,-359.40677056140754,2409.3357099564455,-907.9825979377283,-354.79714555179305,2361.235569717515,-956.5065203361836,-344.029803295267,2307.475661390854,-1024.870333713612,0.017121948757788042,0.013864846682296768,0.015144687081807405,84.76293244765593,-145.4080271560753,-809.861354775371,531.6172560606938,-3094.026329450559,-3374.3965655291327,0.7938685174781084,1.0,1.0,1.0,1.0,-361.7955626433266,2453.5740895823983,-847.5515866467263,531.6172560606938,-3094.026329450559,-3484.7490340375675,-10033.672338382892
-469.97620265368687,2509.4975885723584,-540.5403777652488,-460.64105033295954,2452.719018591375,-607.682229151634,-458.2407651329934,2425.1017702763293,-647.4638006737445,-445.83180435805826,2374.387806175119,-710.2550515663979,0.01769055896786712,0.017434407047618075,0.018290974835086064,7.4154588628040825,-81.96585289074356,-858.5654430206074,464.2880061175797,-2508.732254794663,-3996.588017647286,0.9765840591494288,1.0,1.0,1.0,1.0,-470.80118743830224,2502.028369547758,-543.7697145076733,464.2880061175797,-2508.732254794663,-3119.9500814971457,-9909.597677888212
737.628136642733,2633.9707866048175,-430.0,725.8806655626441,2586.105506805701,-472.8939861216381,704.6239508220441,2548.2906437669294,-517.9295785540354,690.4438218081864,2508.7984289378014,-572.7887991588275,0.013274437495133,0.01710553062109322,0.015312513572623386,-363.41792348451867,-273.11845493740134,-805.407747559624,-1019.8494812158979,-2686.906182552868,-3949.0112366853073,1.0343075183111494,1.0,1.0,1.0,1.0,738.0195162286502,2628.7402222196943,-430.20371276116964,-1019.8494812158979,-2686.906182552868,-2878.450784756035,-9740.58133072449
365.0584646965593,2456.7410323211166,-769.4995195612931,370.73050766758246,2422.925933790381,-818.4358884005178,355.3230610443225,2392.206252236464,-861.2417530601118,364.3629720627111,2360.8788495661784,-910.8781995769712,0.014582088786762013,0.01650531755832322,0.014841522477943746,264.4200253504976,413.9427947508259,-1013.268832097684,-113.5160094244134,-2281.9372890294953,-3523.8393241692656,0.8490710711769717,1.0,1.0,1.0,1.0,366.01685378534955,2456.2766684322196,-767.4192781446391,-113.5160094244134,-2281.9372890294953,-2784.2262006886185,-9488.673443489783
496.3898274159527,2465.835629154658,-831.2161313979525,489.222217660943,2395.775522365296,-834.165673396258,465.05936419518076,2329.2382166467764,-846.3126386250889,463.65114988664004,2249.6634623893246,-847.0652875375607,0.016194943284555313,0.016220869197434037,0.014898518462891981,15.127677262123058,-3.069269094774569,-845.9167322028895,-844.7482127588479,-4332.991616362228,-682.3512728515839,0.522685669055119,1.0,1.0,1.0,1.0,496.6341585346672,2466.735952231698,-827.1124333436571,-844.7482127588479,-4332.991616362228,-341.5223020308,-9280.67361354805
-318.09570111908437,2563.4690150827473,-520.7829049523053,-326.3481107930239,2530.9849922373273,-523.9582542846624,-322.72096776425235,2488.5144314208906,-540.6164846199599,-324.66057554920565,2458.2962557794976,-548.4619818325641,0.013023518458133397,0.015968753794921214,0.016514122359499457,-454.3306095608053,161.7198799008779,-998.4669855495596,-139.2517681391967,-2427.902218360443,-3132.6830185936487,0.9444936053874466,1.0,1.0,1.0,1.0,-316.4713591030022,2565.343076077724,-515.108028069721,-139.2517681391967,-2427.902218360443,-536.2792598068253,-9854.517979331902
-245.90093207093415,2620.9914955404597,-430.0,-254.82391024636425,2577.708175483192,-488.43729089930866,-240.2849496631635,2553.1723048114063,-538.2607918572841,-249.09315910128385,2519.629517872318,-597.2873557298847,0.016722833084595195,0.015986938936670768,0.015037165884697758,-61.895440593988184,37.70537781437225,-920.9089571121498,158.8405753564864,-2190.6451411895846,-4497.012167838727,1.1322530620940332,1.0,1.0,1.0,1.0,-249.3273195146429,2622.666644418075,-432.9591916378016,158.8405753564864,-2190.6451411895846,-3325.8603754536603,-9388.521456917755
415.2756954857918,2615.4890760867775,-509.3938017267689,406.68550506739444,2571.7718343157158,-538.9611840130557,404.55560395362954,2523.3739069323133,-572.5456236264781,397.292146197709,2491.4456012084943,-596.2277574787902,0.013983797338087939,0.018580751956309968,0.011621940671389504,-0.0004843506134202258,-135.0168228628797,-805.4512733267178,-446.19867676481147,-2982.3042877051716,-2926.0876364627197,0.8808135100342133,1.0,1.0,1.0,1.0,412.7332916568371,2623.614643264408,-512.2654660580641,-446.19867676481147,-2982.3042877051716,-1673.9739821600203,-9823.685398164649
358.4205653195525,2617.795475708903,-454.4206538189316,359.9320485424923,2569.0977407372675,-465.5136333926151,361.0993342108327,2535.885816799725,-489.62872524633525,365.7592804596411,2498.53378982561,-516.9833984574246,0.0182122013713964,0.01454134332898684,0.01716576646207369,496.37583320008275,316.3486662307995,-1004.6521539281035,136.71451128983148,-2249.3165718681107,-3463.1751467298313,0.9700806888375433,1.0,1.0,1.0,1.0,356.9270316844504,2610.6515695362705,-451.89487259730515,136.71451128983148,-2249.3165718681107,-939.8722012199318,-10050.170556994617
661.5322122643444,2454.996163722127,-825.4240514277581,663.3022841906393,2376.805392593339,-832.6861175438162,641.7856203591283,2316.661776269884,-855.0095688328446,646.9619048322336,2249.675535129001,-880.0122215174943,0.01648599106060208,0.01617433859311989,0.014458586350230944,392.9981610311403,-51.234757300917394,-904.4207475630678,-448.4497950351191,-4130.658181779458,-1468.045739265808,0.5578810839960475,1.0,1.0,1.0,1.0,664.310287027386,2447.8134426756587,-823.3720690483008,-448.4497950351191,-4130.658181779458,-728.0590984293797,-10029.098610036626
688.2932920510672,2599.8355134827852,-920.855062666759,674.5756618892225,2550.888173737868,-967.5055579863414,650.1633007253066,2492.1598908591786,-1017.529236608821,644.0884990421616,2442.592507821708,-1063.7243544881833,0.01627907874465902,0.015615435013410107,0.010987960459297522,-198.24349579471723,-260.5914722426046,-805.2765220859452,-1092.098339671551,-3503.838830569442,-3218.0237409801402,0.7721175257826339,1.0,1.0,1.0,1.0,691.8166510375959,2595.037174671493,-913.7786449897594,-1092.098339671551,-3503.838830569442,-3531.970311410316,-9762.88742520807
563.3315304698673,2462.642184604913,-581.399024111233,563.4105997923671,2421.058711267048,-619.7409695025848,558.4219126728109,2378.821128658808,-653.5424316618902,566.3931616272553,2328.6859969708835,-684.095133389576,0.013680809271349579,0.016855455093561324,0.015522217916496172,510.75483911008104,-87.7733225864189,-807.4612023730622,-60.654225346109456,-2895.2291159525034,-2745.2941430531214,0.8339415177185936,1.0,1.0,1.0,1.0,564.1305574146625,2460.0282994517806,-584.2019739873974,-60.654225346109456,-2895.2291159525034,-1800.3811344884407,-9620.434980504075
633.8461451711961,2578.6465311591687,-694.0713813396461,628.6450859339682,2529.857280517717,-756.9812196639838,629.1102704013703,2494.3159148186473,-806.8966297879925,607.9235442286105,2450.229021367818,-867.5924799788145,0.016656826642430272,0.014160622683368904,0.017538131720875063,-56.757889225235125,271.8886952896255,-1003.1947495419555,-727.2771167246308,-2380.3847172297783,-4014.2879024414538,0.9166444189533265,1.0,1.0,1.0,1.0,645.0645284140332,2568.959947416365,-698.598003085017,-727.2771167246308,-2380.3847172297783,-3174.093203383362,-9914.180881179811
540.8411600343053,2586.016433549879,-589.4340289678693,522.2640905830274,2535.135505425977,-607.7217073225927,503.7987426459954,2484.537333509051,-634.0541266724942,489.80552432421985,2433.4162393569923,-659.1116599880404,0.01750821173038194,0.015608528153278303,0.017771561642745078,-303.9133787418541,85.69979728922044,-866.4356454023113,-992.8161948693302,-2935.0416158853404,-2690.4499167983945,0.7991116984735953,1.0,1.0,1.0,1.0,539.9803868970755,2580.4851707917646,-589.437486683205,-992.8161948693302,-2935.0416158853404,-1268.4039078096653,-10162.122826255541
302.737714041088,2474.1784790509146,-840.576134523311,299.2416919170905,2408.1172145445826,-872.8932827441301,282.98172877506784,2353.9051011978318,-929.4140557006946,274.7830329866142,2290.2129231537856,-963.7236172416904,0.0182277881729638,0.012040766232206755,0.01954967998457583,-94.48787571408216,34.92212923249966,-926.7901195100692,-573.7806264112099,-3516.9318219380953,-2535.8916744072685,0.6401817656102541,1.0,1.0,1.0,1.0,301.4207565096533,2461.605086369785,-847.9331523350895,-573.7806264112099,-3516.9318219380953,-2200.419587185128,-10074.756536922354
-311.0967783466833,2470.040671032893,-921.6202777157566,-308.40095087085535,2397.532243259004,-971.7686937948182,-297.19088743113235,2337.48906972859,-1027.3713669580493,-289.38302298544215,2284.062886914107,-1083.7763080719933,0.016645228951367094,0.01610725935265582,0.015262003829328602,-49.0373089202036,-384.0847411816986,-811.5577680291301,364.83653595138276,-3965.914520256298,-2682.9664273881954,0.671985507866649,1.0,1.0,1.0,1.0,-311.7196148051995,2471.373713402843,-925.12851644118,364.83653595138276,-3965.914520256298,-3069.923909658548,-9798.438989033664
633.9575534351613,2671.494217655516,-495.0376022226183,616.6096579644488,2628.2395977962406,-541.9029291646418,614.7949981411721,2595.059239195941,-594.637171203636,604.7389714593666,2545.7386194079877,-632.8498559215502,0.015627938499020014,0.01574343125871347,0.017705925366969095,-107.22338164087297,-5.962190873041553,-871.4660056681771,-713.5950410059614,-2584.488694589688,-3791.102581244427,0.9859227048752973,1.0,1.0,1.0,1.0,631.3474858002987,2668.983608027298,-497.76470517158805,-713.5950410059614,-2584.488694589688,-2672.5699794295824,-9673.947522059696
-8.634454989612133,2552.6806732398713,-747.644469666937,-4.325764642705558,2482.845889382842,-767.7187123284618,3.1129430241210265,2429.198608388283,-777.9828783237023,24.725763269533964,2372.828424151797,-785.927327356512,0.016734031030991907,0.014821870262291065,0.015793778621347426,412.7008626018126,44.88397274061262,-812.9977747646203,652.8032765702777,-3857.8294694032543,-1157.1484092209828,0.6026503200853701,1.0,1.0,1.0,1.0,-11.621267168867178,2552.4731278527306,-756.7608411499937,652.8032765702777,-3857.8294694032543,-509.06789172501806,-9605.472620604085
-238.98050611981668,2506.2358147499062,-883.8562338798762,-235.07005300552075,2443.170123361013,-904.7511181851085,-225.9709564577517,2373.754678383003,-920.6372187336386,-213.4420116890007,2315.8623211606623,-940.8857331155572,0.017164967405188452,0.0121954276612894,0.018045823018448683,75.60161917249044,93.75317509416789,-1019.7715672472411,525.9998133634106,-4015.48367240532,-1820.4366501631732,0.5525937819150739,1.0,1.0,1.0,1.0,-239.99826884555557,2503.0433785373525,-888.8116560089674,525.9998133634106,-4015.48367240532,-896.8220544577159,-9583.939449522946
753.6099951522585,2516.5103021984373,-867.6311005131154,715.1699166463121,2454.205134478241,-899.7711837232328,688.3648720885519,2414.885394683816,-925.7839901195919,652.3819254409593,2344.323191520474,-965.0746563080345,0.017400745831500197,0.01428475621917519,0.015782026760755824,-510.71050060913075,268.49597285876865,-850.8122587713563,-2121.8040605597043,-3775.975165160489,-1794.5602800161073,0.5475324711885692,1.0,1.0,1.0,1.0,751.7629154238925,2515.2011961292606,-870.1371592526045,-2121.8040605597043,-3775.975165160489,-1899.7743494787298,-10043.633355838709
-90.16767022897089,2668.0522669600564,-482.5899419534579,-84.55873225343994,2610.2110081828596,-532.0743856986131,-86.4677022380779,2568.5280385759133,-580.671874037763,-79.97863751766403,2530.4639455912734,-631.5305820462789,0.01635476483044137,0.014657380949091543,0.013591873007524152,65.74787853321494,-377.2592549930826,-810.353090630257,145.75932087607683,-2894.0731570547287,-3995.4421343585313,1.0053959812129425,1.0,1.0,1.0,1.0,-87.29940838666562,2661.5175599143818,-478.97662748358607,145.75932087607683,-2894.0731570547287,-3057.7902769968764,-9979.618666976025
428.6169667692181,2628.0764662947868,-807.4237386314718,426.5062552655852,2575.2119656777486,-807.6311769527136,424.3196464216239,2523.877137419186,-821.9289381286285,422.3156248944457,2469.4058799419204,-824.2092529986347,0.015513879246108794,0.019146223033140685,0.015885748620345745,481.8693574417789,319.8410335614208,-1017.7024123188089,86.96175246184072,-3205.671773335174,-2049.2402141376942,0.6694541491004053,1.0,1.0,1.0,1.0,419.25689566925166,2627.924710362744,-806.9253582811914,86.96175246184072,-3205.671773335174,-139.67548664524406,-9915.801356246637
-74.17972964520064,2656.111321958456,-563.7431290731247,-70.27028862371989,2633.628703041714,-630.0635415169498,-77.29066204678351,2597.688764229589,-678.5694800861778,-95.04803393247353,2558.927430467609,-738.7030094700605,0.013526114363132113,0.01394081005513132,0.015723697767281827,-654.4704346953116,77.37208219416496,-857.3297725475744,-560.720356062259,-2456.4129054112354,-4166.264777876509,1.0118093778144543,1.0,1.0,1.0,1.0,-62.91045904963056,2668.887697403028,-578.2237113309261,-560.720356062259,-2456.4129054112354,-3448.460816397704,-9792.588400392158
412.4485144952007,2550.808400144234,-794.888298619459,399.3037334397616,2496.0007756331124,-853.6184422661555,378.383606515618,2456.990801183863,-893.2303999825332,373.2880445642215,2401.7072625014575,-942.9257123232989,0.015662330384636297,0.015895521574069125,0.016272314505253842,-435.116393037714,98.4867222777035,-850.4130738426439,-1088.8901028279472,-3147.309671055359,-2877.436979101671,0.7321698335360414,1.0,1.0,1.0,1.0,414.217887168086,2553.3882657008726,-799.6078816145423,-1088.8901028279472,-3147.309671055359,-2697.015039267893,-9903.104097624268
-467.5051749791799,2446.941546360743,-806.1350664204334,-453.37349375050707,2395.678673572406,-837.7157863183595,-450.4398264489294,2345.691628754207,-864.4710389620288,-437.64655692100496,2298.7192668821085,-900.9052167912048,0.017604016520202704,0.015144511134219864,0.013208213418919007,-2.4522971659775634,84.14053317171985,-1005.7645603472397,627.0319696440691,-3210.9136663515246,-2641.8285320704053,0.689043258926659,1.0,1.0,1.0,1.0,-463.32079485436736,2444.1620779400896,-806.7428548933248,627.0319696440691,-3210.9136663515246,-1764.903236367757,-9709.013501169173
75.87011426217856,2438.255332596489,-520.2489716924505,78.41504906809442,2396.494514049994,-534.0481293246507,72.42236201221385,2349.5681715550913,-547.5863502175563,63.32940924435444,2300.0137223321726,-581.1086995487805,0.014829830582712686,0.017681515011878042,0.01601436037252233,-308.75986155439693,-91.95447730138552,-812.6544349207595,-429.6032264342766,-2781.7530920750164,-2641.482507984671,0.8614742940328877,1.0,1.0,1.0,1.0,82.17907450079542,2439.44083648687,-519.7802929856126,-429.6032264342766,-2781.7530920750164,-1119.492478173244,-9773.417669790517
162.48238094894083,2602.9883733773454,-545.3093258314199,170.12318016158082,2584.606889281366,-551.7139516289603,166.99353057693776,2548.5300444139143,-543.7247774188751,168.30034415293903,2515.580512205617,-550.1302159566455,0.013346155828860751,0.016960898136553236,0.018100821839539066,155.17626300898192,426.6618403107074,-1010.900579824537,-8.589155408355396,-2119.850133792138,-3040.9780908465555,0.9815921241950469,1.0,1.0,1.0,1.0,164.02309307958853,2610.1074781166135,-546.4088937659734,-8.589155408355396,-2119.850133792138,224.1104135066898,-9901.06943645901
-144.61020338341606,2559.515777810544,-672.4091460682527,-129.6384755493181,2509.6039261011656,-674.7517848288337,-117.76414496669965,2446.4289751578367,-698.4895720603554,-98.80956967311705,2404.166011564727,-710.6637983419917,0.013378247344770836,0.012835519039542906,0.015137111071492435,511.7784036602307,-91.64377164653489,-800.4570588435679,875.5074459118869,-3534.452443187188,-1861.1104020971716,0.7086491225441944,1.0,1.0,1.0,1.0,-144.85218077368472,2559.195560743853,-665.986432954545,875.5074459118869,-3534.452443187188,-898.8775991650758,-9875.28007763511
656.2485321088055,2506.5221506036282,-544.7686448400212,647.7130818636956,2477.4247028531227,-585.532789158944,640.7952491158243,2439.3780740678894,-631.5198967290258,634.6771091217008,2412.605625779118,-679.2120602088764,0.014731403032080407,0.014353209556644401,0.017011710624755615,31.829785584369066,62.8572258287283,-940.5108245849915,-586.6719792560294,-2297.000497994608,-4177.686532119244,1.018903676786519,1.0,1.0,1.0,1.0,656.6354434920415,2509.162756192985,-543.7082375377389,-586.6719792560294,-2297.000497994608,-3122.7590118297153,-9704.966504902843
581.6376588403691,2488.9729716951497,-1016.8815277458194,561.4794359726711,2431.0620352930687,-1051.623511712842,556.3888638292339,2374.425996555563,-1099.9227409732014,538.7586214215545,2312.5073813949757,-1145.2292795804372,0.015397747613229932,0.015707186296092926,0.013829858025448338,63.48063809683606,111.97325508447035,-1014.7381657750949,-802.4404463028588,-3716.035597977336,-2660.1047728473022,0.5950652080652292,1.0,1.0,1.0,1.0,577.0425237306636,2490.236037789958,-1003.620259036896,-802.4404463028588,-3716.035597977336,-2618.822007972837,-9821.075623386361
612.5088188382772,2432.4326810226926,-551.6529372857275,577.3360903664003,2364.8064448850523,-547.7713486246522,558.2081229169593,2283.3537394162913,-548.1899963918438,523.7901604586241,2200.0206443242946,-535.806331560579,0.013255771431301973,0.017718090299817486,0.014373806456278133,-312.8701668628576,46.02646304454714,-1019.5894395511409,-1959.8388393720534,-5082.242868538108,3093.0837636922865,0.4246523318126027,1.0,1.0,1.0,1.0,608.2540876420071,2434.680611257457,-555.3910878040191,-1959.8388393720534,-5082.242868538108,713.915743268599,-9756.11173060074
-25.187088499831706,2610.8095998711656,-485.47256704962354,-38.60979172873738,2559.9844914865835,-517.9939188649568,-31.824341423769887,2509.6275941786735,-551.6460002021884,-28.3755168790054,2465.9755034422997,-600.7345074373567,0.01379439207259606,0.017271318313183084,0.014123364538060283,-29.848294565977792,-387.2519443755737,-811.9541511391145,-1.9180543954510298,-3106.8621196838867,-3326.2999459618213,0.9198109250761614,1.0,1.0,1.0,1.0,-27.997372074367377,2610.8700011193664,-482.81594170482424,-1.9180543954510298,-3106.8621196838867,-2115.4096550488366,-10010.405663203035
583.7773444585533,2626.3690001533637,-484.8112667812632,588.2305289559391,2583.053430544409,-487.4133943399183,583.9990512709376,2551.8562456875584,-511.6871926447918,589.3465213764083,2508.7114070442212,-526.2415730200956,0.014848002451946198,0.014626816394049454,0.016284535906656614,613.4853145556594,52.8083404006668,-930.9827211846816,30.696985784013208,-2575.93877529021,-3010.3436807932585,0.9542406452473484,1.0,1.0,1.0,1.0,582.7883287716436,2628.747115690883,-483.3427237385605,30.696985784013208,-2575.93877529021,-633.104762448896,-9675.044625586233
494.24452159375284,2707.5633342053434,-435.1889730486261,474.1539349018424,2660.232560893803,-494.12026856067195,463.00605621150464,2622.608438667485,-562.6682898141075,452.08189185930826,2582.729415813755,-622.3403758129725,0.01738343878659687,0.017366527799552313,0.014471260594564689,-323.5211450446908,-9.475296659696752,-839.5930287671213,-723.9316948709358,-2436.9909734577127,-4519.865420742435,1.0657787728192845,1.0,1.0,1.0,1.0,483.66269473640045,2707.7696387456463,-432.0900283505043,-723.9316948709358,-2436.9909734577127,-3478.8571714929462,-10217.317759743655
-426.07696411049926,2670.515639647617,-470.8396242206574,-402.26375235802794,2645.535824355213,-519.9899329358097,-385.72737323636807,2606.202320903324,-567.5489002126557,-372.07995716198974,2565.3058581681257,-637.0559373084574,0.016056746013250772,0.01799751256235301,0.012909050729026796,521.912854453617,286.6604316723762,-928.5894586628007,859.056969307675,-2179.54112438475,-4326.167393718877,1.048036690695368,1.0,1.0,1.0,1.0,-418.7545269382879,2673.257962873669,-472.37382477217955,859.056969307675,-2179.54112438475,-3113.5924641681872,-9887.574749856669
21.353708987625716,2619.6099710066756,-469.2047502977058,14.183938235745106,2580.9293399918447,-473.320155166198,7.1593654314785535,2540.2017063924054,-471.88983305319215,7.301789352145736,2482.4266236760795,-481.35989754112694,0.013221235393098645,0.013299690662586152,0.015275400054287076,-335.44519406751834,-313.82942351770805,-803.2576805701347,-340.6603225826532,-2849.3332564285574,-2565.785435849337,0.9882036738900282,1.0,1.0,1.0,1.0,15.434938192614254,2620.9838306037122,-469.09834789518334,-340.6603225826532,-2849.3332564285574,200.79384818324817,-9790.616500521905
-198.936196551258,2644.7714308920113,-630.706763036863,-184.55933406648404,2608.3808718805262,-663.7045549689185,-181.72892105152346,2572.3179490286466,-704.8764609593461,-170.94604091964388,2544.747317994444,-743.8176429205574,0.012080902016254533,0.015757933389809377,0.013264295142153725,292.79790060210405,383.2320173234712,-1003.4010773948061,517.2316608965641,-2408.8119991317913,-3688.0010482933176,0.898896869451783,1.0,1.0,1.0,1.0,-193.39986064066522,2647.515296507361,-626.4737975131567,517.2316608965641,-2408.8119991317913,-2470.5324918213664,-9946.224216050467
-48.25458296684021,2515.4113957695135,-991.5348990357995,-53.740459475621726,2451.901841363365,-1042.3529592194652,-62.76289317170646,2383.479675988962,-1091.1212175949297,-65.33517695708503,2325.3831019629083,-1130.56905963034,0.016133793610953556,0.014659961221030162,0.01609848747032391,-300.6549731455297,176.58376010097413,-1018.4824052352637,-414.7239967117696,-3809.182466736775,-2547.4868419562504,0.5631077576976928,1.0,1.0,1.0,1.0,-47.6733351513509,2500.1850648104114,-1000.2977473916917,-414.7239967117696,-3809.182466736775,-2474.857320690862,-10033.319364382325
762.2569111331593,2470.233737711009,-636.3241548084667,750.9948161878427,2422.0507230100256,-649.373019824133,738.0485564602402,2364.7064947681274,-677.4870240647348,723.2672784723354,2319.4221780645034,-697.9412905530096,0.015881215740075574,0.017213575297821998,0.01605452019321589,15.986258269420794,-68.7955892192837,-822.3670451615468,-951.8638577129749,-3217.2645724656663,-2197.263131960651,0.7408506887688872,1.0,1.0,1.0,1.0,767.9587058626691,2472.843423028599,-639.2161178188131,-951.8638577129749,-3217.2645724656663,-1091.6254370887655,-9927.861169685493
334.17205841342997,2514.716805920912,-558.457822983902,329.3696357348778,2478.1870977872654,-614.289529365176,327.3596343817153,2438.015726030339,-668.1352929543382,321.367084069769,2410.8093245732775,-714.8302473259478,0.017172832085764974,0.01245434138269912,0.01542606652502965,87.97789664336638,51.891026500441754,-936.3472848024112,-234.3152910445749,-2341.1652180891324,-4263.568185156047,1.0049467600065058,1.0,1.0,1.0,1.0,334.0089522401679,2510.1145054940284,-561.1241502696253,-234.3152910445749,-2341.1652180891324,-3270.3861402431608,-9971.669921036118
616.6198124234007,2597.2216803367382,-813.4160236956728,604.6034295358583,2537.5025215659125,-858.5240259854152,600.0454095387262,2488.5258886835036,-901.7612601194493,588.7744194159632,2437.9974703624143,-959.9832707790283,0.017825959364087898,0.015989255816708445,0.013825252387272564,135.8533095880362,-48.592369977089255,-858.323660303518,-611.631509887378,-3327.1620457820222,-2851.408854267811,0.7473595324319317,1.0,1.0,1.0,1.0,622.100359948503,2596.5014564196117,-806.9834377430268,-611.631509887378,-3327.1620457820222,-2674.2876103606463,-9537.143761400355
-496.0814952579841,2567.1822651897955,-778.0384877395419,-470.491211113588,2512.0366954575825,-804.1218614235563,-448.7077072797438,2465.043041535227,-831.7674940381808,-426.40512807865343,2421.082178415854,-869.4188951699916,0.012362412366123095,0.014089015605370084,0.019140544597798598,623.9292152864786,134.83726520393196,-808.1902732227352,1577.9674302539238,-3420.0211312787724,-2151.341482509446,0.6644080274307087,1.0,1.0,1.0,1.0,-496.42766019380656,2563.052268411859,-773.6329200900284,1577.9674302539238,-3420.0211312787724,-1989.8892501605947,-9679.696987982954
686.9047885126035,2600.750463437401,-453.680219020613,668.2269607707234,2569.087227684758,-460.41612381432765,645.7813657327921,2537.789271338342,-484.15218058221126,629.1398072533433,2484.80398137626,-512.7789123556844,0.01450864420842405,0.015280327796563974,0.016511344353948184,-546.5898024175024,301.5321094559194,-985.6511077086694,-1198.2623852234397,-2235.1007621527415,-3341.766762740224,0.9836996836410639,1.0,1.0,1.0,1.0,687.6204543626393,2603.685894473241,-454.9827529967597,-1198.2623852234397,-2235.1007621527415,-936.9547232471548,-9695.124389271901
258.39015220909397,2494.302479109359,-723.8631998742198,246.26634307542068,2439.3207239976455,-763.7237338159771,235.0244030418248,2382.236926953719,-815.3978389540075,219.57283816406587,2327.567853511064,-844.7399279374954,0.01791950862231015,0.014077555532917473,0.014494386476921348,-353.40852257132406,-382.27462357337595,-809.3210729012787,-746.6444937958374,-3526.1884121221533,-2858.5115449680093,0.7685085493678516,1.0,1.0,1.0,1.0,255.10673987228415,2491.5689323061806,-721.5668245042659,-746.6444937958374,-3526.1884121221533,-2537.56403365751,-9869.64283942438
440.8586092276412,2495.7911145458793,-751.9544303892259,413.8260760545896,2420.6223751251337,-741.4907669748696,394.56299213313764,2358.9436707821765,-752.1195915367811,376.0939070896912,2295.384891960485,-752.3373201353377,0.01625083266940509,0.01563153745161188,0.014124989306797661,-168.04931591152135,388.9606581184287,-802.753602110983,-1234.031406237308,-4336.436497748563,1066.1200765940607,0.4389926405721857,1.0,1.0,1.0,1.0,430.4559161135726,2492.1323595264876,-749.8394005943449,-1234.031406237308,-4336.436497748563,255.94841814496823,-10127.108590590007
-270.7205964368257,2535.2210186062125,-436.38609417332964,-257.610296755973,2488.2140521188776,-474.7098830465577,-253.65000258949598,2455.3728020920476,-502.41291342883466,-257.072806257643,2417.548718925087,-536.8019331027523,0.01643166653032205,0.015114351803555172,0.014742144482678684,91.54182952681276,-100.64214386404811,-810.3976909355765,370.9418279185654,-2663.427821038839,-3389.9039899284185,0.9437118371834449,1.0,1.0,1.0,1.0,-275.6905801125663,2536.1513989644036,-436.4963841019137,370.9418279185654,-2663.427821038839,-1991.3867084440915,-10064.766024945317
415.75097673896835,2451.7204728472793,-870.7958764803667,420.2884969890438,2386.9323832116493,-891.0075694547949,422.986262999774,2311.2655688892187,-923.4173916888182,419.1592874938022,2247.6533246042095,-953.9544792587484,0.017569722794016192,0.013556861495728104,0.01497906609740366,478.2650292984874,8.56267561752756,-879.9402610427298,102.81504045763741,-4296.921340286642,-1494.4790857918654,0.5238943496128524,1.0,1.0,1.0,1.0,419.66045623763137,2457.807839580915,-866.7313779225466,102.81504045763741,-4296.921340286642,-1405.5148850194746,-9787.101641444779
200.3677216326903,2629.398375106643,-522.1330290342265,187.90516901182917,2598.2663909173734,-571.2163491280396,175.89998835307398,2563.837574486213,-602.5114280285961,160.13066227757474,2518.226973454226,-662.2093920818967,0.013480728881674378,0.015491951532439704,0.018850796525683916,-582.802378924786,103.90671029449152,-845.1115926100555,-755.8660043339796,-2458.553584286968,-3737.639679175641,0.982176523060202,1.0,1.0,1.0,1.0,195.7396055392145,2636.2169021100767,-523.3040863620781,-755.8660043339796,-2458.553584286968,-2796.3769273223006,-9556.582220679133
40.14345566863145,2581.991309414683,-591.0280578582573,38.88082093671717,2545.3761075910124,-620.4233873865641,39.270936128829646,2497.3799317488956,-666.6656417121893,44.050797638243665,2455.189411878479,-701.7420764795927,0.009892770011737613,0.0154627595821871,0.015749793472188474,273.5868023786659,-418.46928616216377,-804.8188068995677,250.6334928847593,-3144.6514942861613,-3326.3583850969403,0.9138946769338876,1.0,1.0,1.0,1.0,34.23181667372114,2584.672890881116,-585.9437636465026,250.6334928847593,-3144.6514942861613,-2624.996256095374,-9535.664760920108
466.30603714274247,2541.4183428543965,-820.0843774383712,452.7060703884915,2477.7799488599217,-825.5394519444966,445.10979688694067,2424.276706743853,-831.860964918137,438.9598648005713,2367.0546720156585,-836.4170694908497,0.017320046814420148,0.009898364089422865,0.01915109180281456,78.80751195303641,3.5366943673829923,-934.1122241721358,-599.4555972927772,-3964.3292319245434,-1492.5790257464314,0.5936304972933428,1.0,1.0,1.0,1.0,462.45909422041336,2540.70740279909,-825.1565321170747,-599.4555972927772,-3964.3292319245434,-283.3552744072858,-9855.154536123468
-305.40817071675815,2553.8818590436144,-482.1519318882557,-315.76312844755523,2527.5333823491014,-501.2278743501247,-307.1507547498517,2492.2876083857473,-524.1830893925871,-316.1212403069431,2464.1841004170687,-542.48311313724,0.016901457657565313,0.01130559215702447,0.017049126236001983,-356.6212954581371,393.35198686882904,-1017.8224828416509,-45.148156601953936,-2121.999266074721,-3473.569473930294,0.9747438239494085,1.0,1.0,1.0,1.0,-310.57017572414424,2557.79123826505,-481.3346987809492,-45.148156601953936,-2121.999266074721,-1328.908021236134,-9599.244521005936
-411.44050398184476,2560.087472737182,-742.6383450248916,-411.3569106706599,2509.872704016805,-765.3159194761394,-411.3581719444189,2466.4338638458894,-791.5237546083205,-412.6764908872043,2417.6387528780956,-814.1864968557376,0.015111276869374721,0.01584994779421324,0.01684742272680901,-454.8851527671074,300.1619722039916,-1012.7838886226205,-54.95901448674958,-2909.356187601176,-2633.7682458298505,0.7271913526096037,1.0,1.0,1.0,1.0,-412.2919165398788,2554.9130175948976,-743.5897702361585,-54.95901448674958,-2909.356187601176,-1306.0005690752837,-9716.416921268177
-215.24937902934676,2599.957988522992,-653.3215792502829,-218.7344610955704,2561.978005831919,-650.5030176983732,-227.5746516382789,2504.1247896747636,-632.8606315234526,-231.41351283000074,2455.1970382494974,-641.5505227189092,0.015640828518520916,0.01523038107540235,0.015180342567555842,-543.4542929592455,-253.47078599026804,-808.3763933481969,-372.16413383213546,-3208.094163566287,-1842.611620839989,0.8439484478385215,1.0,1.0,1.0,1.0,-212.22821384864642,2601.733019583733,-652.7956164818002,-372.16413383213546,-3208.094163566287,569.2572508380042,-9870.699887964405
584.4340981240746,2638.6141829079247,-585.4154914548443,575.9597250139291,2589.4575729930143,-617.3485123260363,577.9743639546863,2547.2358385139096,-648.6744924895672,580.3610024576636,2498.537674654591,-684.4004709529842,0.014089859092221789,0.013314267830259924,0.01509476587421216,614.1007640502269,-0.076879744269025,-876.8467244147253,42.341374096153714,-2974.1402822625496,-2951.6097966725256,0.8425011072033068,1.0,1.0,1.0,1.0,576.6286479751384,2632.0372700580883,-590.7244815322288,42.341374096153714,-2974.1402822625496,-1755.9416745483534,-9837.094766119826
124.33918194521878,2604.146209015966,-865.7749964996406,119.81759228797327,2565.9914733136907,-908.7859312764133,110.07527399761896,2516.5752694146527,-947.436074409769,113.97737187068209,2473.394593764955,-989.9642940098112,0.012221779492938551,0.014368811444970537,0.01636481254057223,-110.58650857314662,457.80705890228114,-1012.7522214754374,-313.49085400946956,-2901.52848483539,-2840.7922499227557,0.6970445965215193,1.0,1.0,1.0,1.0,121.39672339386107,2604.938137680476,-866.2634498904858,-313.49085400946956,-2901.52848483539,-2293.9290660986794,-9586.24722109892
533.9818859132941,2574.7757784285013,-501.1500980697377,530.9773659184942,2528.613415846526,-518.5711614980013,506.968828642248,2496.565920876416,-526.702286209552,498.2663988078708,2452.235392373235,-540.3086224159933,0.01633776023577378,0.012517437699199666,0.017257982517143267,-198.2685291190255,-61.000672773759554,-810.9677059321665,-774.1090945747226,-2774.1823762727986,-2504.316566998259,0.903886819547884,1.0,1.0,1.0,1.0,537.1351107269613,2574.4725846854017,-503.550381216353,-774.1090945747226,-2774.1823762727986,-717.3553678137229,-9364.355815255823
73.66409202372276,2528.9706128272014,-529.5345979752603,77.69301202174803,2490.0463763269713,-556.656629500303,71.00031827776039,2439.6221966478834,-583.1744217868626,64.71620838384885,2387.737730567275,-616.6490831031203,0.01616775361338543,0.0161972652874182,0.015848221697370733,-165.59937798693355,-313.92951556526555,-800.675934755052,-262.64194830341114,-3125.5337373819552,-2716.108363461272,0.8617867594018264,1.0,1.0,1.0,1.0,73.40479496917067,2530.3061854523135,-534.8842379038887,-262.64194830341114,-3125.5337373819552,-1514.0427141155706,-9566.346112382114
202.66400169293553,2446.509950393498,-619.043406492152,190.85017648488505,2423.6298750124324,-651.0866048347951,187.66122951470956,2379.071083654403,-682.9383580049216,195.1327787748719,2342.971419343435,-716.7741011282855,0.014866696706109598,0.012001613015120267,0.016452250315554848,136.95659751923563,201.04227312515263,-1006.3162813397917,-72.13787564656764,-2498.236847960449,-3408.992823902346,0.8566794399632159,1.0,1.0,1.0,1.0,201.88068560114834,2449.4554362895683,-619.3986879919262,-72.13787564656764,-2498.236847960449,-1952.7296849514598,-10090.49314975951
460.0417066769647,2456.664853655057,-616.8268674216599,447.9476196255849,2389.051495622923,-617.4648332246095,441.6381344238353,2321.933379999047,-605.2990421856391,439.17148329709886,2248.3305716429604,-609.3736011182787,0.01507555255974805,0.019042985157326768,0.018188353681485477,281.5125399355786,261.0989800659145,-806.6032028553421,-341.61891331982446,-4282.360040778491,1924.5043402712715,0.4626931086014401,1.0,1.0,1.0,1.0,457.44628029528894,2466.5144010668387,-618.2072792673598,-341.61891331982446,-4282.360040778491,392.6134277210541,-9421.017993162732
-479.17424720688484,2573.0813670199336,-729.1214783046203,-457.79869727605177,2527.733241814355,-742.1999243483989,-440.1537504249631,2473.3072863994944,-764.8739134064002,-424.98289755012553,2428.0326057775433,-781.0062536926388,0.01632641226844866,0.018383281071144477,0.01512346306745399,229.51168030136787,226.19487904586555,-1017.2170252193772,897.6959277322736,-3007.2941465017666,-2492.267410509728,0.7301668435929535,1.0,1.0,1.0,1.0,-470.6911433298063,2571.8843133172477,-732.4925657530534,897.6959277322736,-3007.2941465017666,-798.6383953922248,-9788.653506330242
-117.26523868804539,2477.8837707689972,-781.5942756381745,-101.82857503065725,2423.6549463221168,-809.1539991875386,-100.08993499443496,2378.610827628334,-845.4334014897239,-92.87377651416064,2323.7239516751697,-875.416914589048,0.01380680470900557,0.017752082369940175,0.014610529976703049,128.20030424212035,241.86713870801785,-1014.65552281281,321.94725491587803,-2998.6468587285767,-2710.5852605435707,0.6988305829443517,1.0,1.0,1.0,1.0,-111.6504006702088,2475.8590484608035,-783.8857049008092,321.94725491587803,-2998.6468587285767,-1665.335374706302,-9911.367334848104
-464.8548119214636,2481.9276964423657,-872.2385835914815,-458.06700186728614,2440.6719958787944,-918.5267368399902,-463.68897790552415,2386.554023484876,-954.734441233937,-462.6441273472372,2337.8169474452443,-1002.2407039040543,0.016778385955701212,0.016197935681834037,0.015964591447944182,-288.50590571303644,-12.66336185077498,-912.1767849352163,224.71404637298977,-3221.434159896213,-2981.6149483034505,0.7260590869145211,1.0,1.0,1.0,1.0,-462.65929165210525,2483.948112068792,-867.9223655643082,224.71404637298977,-3221.434159896213,-2834.496397549226,-9673.693466298675
144.10106674853483,2510.7704164499823,-769.7187971515282,125.95909284246798,2457.147115795362,-771.1107595993761,111.04540708325591,2407.8371866359953,-780.0313077452139,97.90469385920584,2360.455040993602,-783.485016607667,0.013113319715615426,0.015740717769325417,0.017395275653328983,-560.8609723080554,152.36674931758478,-827.3278004645904,-1055.8820971605367,-3554.220653681029,-1025.855516413413,0.6187506868617306,1.0,1.0,1.0,1.0,141.30062230370072,2515.923484015466,-776.7701940406021,-1055.8820971605367,-3554.220653681029,179.19513207478212,-10092.647165819426
492.3260033980657,2499.334257502801,-626.4770944094095,485.19993881926626,2448.2459975111183,-639.2668246395706,477.2717724616243,2393.9395125690294,-645.2276422133998,479.4698859478805,2345.036439188383,-670.5331667206365,0.01335802697486579,0.01650152670506004,0.014743490525816368,231.58803764524373,-95.76091890193055,-804.3305426630714,-324.0606594468088,-3260.3609582710205,-2051.205510672559,0.7503969557942584,1.0,1.0,1.0,1.0,489.2162619054569,2496.2260429235366,-622.8588155706752,-324.0606594468088,-3260.3609582710205,-750.60301353462,-10041.90801778779
32.314699731159564,2525.4782437506947,-714.2112238775538,34.37529259779549,2465.8786521325933,-727.5449471057499,36.14412046633359,2403.719288024735,-741.507860485153,36.997458798510316,2344.1474178320627,-749.3327042902017,0.01649492614523081,0.016061997768969424,0.020202804269087986,157.49241883920834,-117.36627945930229,-804.7287497371726,184.34044285564886,-3779.755742482899,-1505.1086334983036,0.6472402718167123,1.0,1.0,1.0,1.0,28.45410884025455,2528.4627402787296,-711.0279801177631,184.34044285564886,-3779.755742482899,-652.2884920964347,-9818.135359382783
-91.41701641311182,2566.7870384454714,-935.3845484929126,-87.61052840150191,2531.2174492225777,-998.9709729225605,-82.13854260306339,2480.4769315974427,-1056.1349728206383,-62.42940500574759,2442.465858506765,-1117.18693516146,0.01703921651893541,0.012706776676733256,0.01878458468026662,414.0217171109975,294.36372032263785,-1008.475702704974,582.8807768068751,-2609.6970056171167,-3777.105864667344,0.8214694221240654,1.0,1.0,1.0,1.0,-93.08455871098317,2564.800115209531,-933.3988371084362,582.8807768068751,-2609.6970056171167,-3578.86716588126,-9714.810565845202
710.086981410757,2460.8601278065958,-528.04735342081,705.3186367464401,2414.7947848694453,-559.0010521111545,684.2441587952558,2370.5840968769753,-592.8647156839029,681.18065521154,2333.9296626271866,-636.8399515070574,0.01603772238604281,0.017569043213079054,0.016753916542728377,317.4599156652532,15.033393511799618,-955.6497010733253,-396.4956715434243,-2544.0440673862295,-3445.8145889543994,0.9096393178581506,1.0,1.0,1.0,1.0,698.0957603469417,2457.315698202574,-529.9188732114574,-396.4956715434243,-2544.0440673862295,-1848.839704314436,-9931.111772673728
588.6127468935236,2491.322911170999,-964.6087806658982,575.7027097260642,2421.090713518266,-1006.8066121605926,579.1304885806295,2363.143841262378,-1042.7437466513181,564.5509360042752,2294.8689964494033,-1097.1372330148386,0.02010727767368115,0.01563688999374914,0.016878688498996527,366.78301009237873,60.22306624101005,-1012.6083145787945,-341.362553706007,-3773.6003738468025,-2564.269501646821,0.5923771438335736,1.0,1.0,1.0,1.0,586.9618572327547,2494.195307372192,-958.0267826679625,-341.362553706007,-3773.6003738468025,-2346.9486467144375,-9781.73925258062
-195.1962747835444,2441.0194461494284,-528.0329475877851,-196.52620158342015,2386.256433950131,-541.7796833030566,-182.0616021051908,2345.620556078661,-578.3490327265018,-184.4255743479252,2306.2712234645123,-593.4574556061391,0.015010464707091978,0.014264004412694188,0.013820971258869025,-19.153148903400457,-173.49920887560734,-808.3778170776571,194.44684171268267,-2948.7827842231277,-2708.8973556313135,0.8419045596213455,1.0,1.0,1.0,1.0,-191.2386038191238,2436.173555161855,-526.0492919955168,194.44684171268267,-2948.7827842231277,-1259.4135977076207,-10187.856223851528
-480.25430181626615,2453.217015473413,-700.7291980302416,-477.704891721951,2394.7393205027656,-726.5630915245168,-472.4970550245068,2343.87598895106,-755.2623649945907,-466.91948178263124,2283.852089194492,-776.9724533775227,0.014669303408826271,0.013884233488794678,0.015543728641597185,-164.57329297867295,-104.39592940253884,-809.1477406570872,461.5148326653816,-3596.395053714145,-2041.9215767827004,0.6659027344607824,1.0,1.0,1.0,1.0,-492.24882417109626,2449.044558734507,-703.5313089482239,461.5148326653816,-3596.395053714145,-1410.1768474078767,-10327.451511557932
-188.19252888039333,2651.841160951099,-484.5862568760248,-196.84247755136226,2607.709115139518,-495.6238126893878,-194.1643477907983,2576.43016100264,-505.93226067599676,-203.36406412184948,2527.4496567101965,-513.21421381426,0.014932283214438888,0.015068130950129547,0.016386898278129697,-596.3555748549422,140.4567729187943,-932.6282644450079,-404.85953578552136,-2488.24497402734,-2965.214496463783,0.9636126875573023,1.0,1.0,1.0,1.0,-187.44744371156503,2653.5841966864173,-486.3681737737005,-404.85953578552136,-2488.24497402734,-503.02013035568893,-9568.291928849032
-174.47210616017514,2679.049660120102,-546.0616234696112,-174.77186941978988,2640.9143503021996,-563.1445566909708,-172.8058661781041,2600.2925100199077,-571.5189256108786,-172.87575033539346,2561.32662748283,-586.0732385312006,0.011789518423927245,0.020853457667332626,0.012609722219661376,-97.79406419594739,230.2212556215861,-1017.6487252682742,87.28743988450012,-2546.031558588419,-3148.330407210608,0.9147473016890795,1.0,1.0,1.0,1.0,-181.5900064850673,2674.411551866459,-544.4467435531044,87.28743988450012,-2546.031558588419,-757.8069355557209,-9867.142685996747
75.74487821746742,2518.4960748989456,-1040.4284000412863,88.75993417150633,2451.9176400556366,-1095.5853580229045,95.94901047866949,2381.3926318612794,-1129.8557357347267,97.357888628337,2312.1301792513354,-1119.4736090125937,0.01787319728744061,0.01578789069825433,0.014972643564431856,289.53016542641086,62.77164170734994,-969.9575804798712,374.4841426568349,-4313.245400992921,-2207.6300439886213,0.5213662684498735,1.0,1.0,1.0,1.0,76.07420411201463,2521.321520273313,-1046.4352545228307,374.4841426568349,-4313.245400992921,-2518.082560635409,-9588.692155612802
694.7661094636545,2665.8887619222137,-480.11389459868076,681.2514087263977,2633.1843728835297,-501.6190028658906,665.6053542450237,2576.403854016627,-531.394421365005,649.298165267397,2536.6817129716533,-558.7724953427607,0.016001654400887154,0.01672808702905759,0.013836818015181593,-305.7971579225526,69.39070207281598,-868.0752252740905,-1028.203273703707,-2662.036676424626,-3187.983538606123,0.9284334405548744,1.0,1.0,1.0,1.0,696.7010339385617,2664.876461586834,-476.7950649660098,-1028.203273703707,-2662.036676424626,-1588.3205121123135,-9764.17547463158
511.4373264911031,2662.613337894401,-713.700991823582,494.3620120118815,2625.7637141508458,-748.617559671739,476.5182540047029,2584.7263565460494,-783.5989620575114,479.342779011636,2553.517438154641,-819.8683055086962,0.015568509358742561,0.014949313169774735,0.015037058304641072,-86.71443610920991,381.6517522350873,-1011.4586336380137,-688.1260981675675,-2658.4390294924156,-3189.799383937037,0.8144451191668423,1.0,1.0,1.0,1.0,505.07400831489963,2667.9093175985704,-710.6121579850203,-688.1260981675675,-2658.4390294924156,-2096.0184930005757,-9608.804242776527
556.0153571578475,2666.3089687683887,-670.0910873234915,543.4379512650478,2626.4858688504355,-703.2116156038919,528.5255186443719,2590.0312825889964,-758.9413905411537,526.1227992943597,2556.450357572116,-801.354477766495,0.012227339271485668,0.016387610840252437,0.017492022810195046,-91.82532769184516,382.7408652589126,-1015.1212238924419,-684.7411161950038,-2419.0869075220135,-3758.869915435337,0.8988930270780676,1.0,1.0,1.0,1.0,555.2550271124342,2668.777992867213,-664.3433844381857,-684.7411161950038,-2419.0869075220135,-2693.5889844635385,-9798.549893474505
78.9586025669977,2558.415401419124,-503.8383594849107,71.36345329945689,2518.1523605890184,-551.5861875286419,75.92177553701474,2469.9484023890054,-617.377636480556,64.9465317183604,2426.957886379358,-663.1175991835761,0.015138685834382253,0.01414004081212418,0.015067611478593684,-80.09310472121699,-291.0374926358668,-813.7046769455118,-146.9109583441547,-2642.315782534874,-4104.59645609401,1.030653661874899,1.0,1.0,1.0,1.0,77.83617549874918,2549.4519735891213,-509.2986841896021,-146.9109583441547,-2642.315782534874,-3303.5239833683295,-9748.551790021624
482.59681841681214,2430.0,-908.774472752697,462.81768638564864,2379.5453834466543,-910.0260211397746,463.55493072892466,2323.414246951292,-907.2856657259968,455.2714508640194,2253.9844407442692,-931.5430350117899,0.01502651222454945,0.01524678602804531,0.0175605529110785,100.55850815111366,255.1983684665596,-1015.3491588832355,-657.5437123913191,-3724.733228603704,-1410.7525616084702,0.5371661488363272,1.0,1.0,1.0,1.0,485.22157990003484,2434.167307199723,-912.5373133074175,-657.5437123913191,-3724.733228603704,-46.889959848867164,-9671.047479534005
-186.1685370569729,2503.3129538638345,-841.1365773053824,-193.83166008878902,2463.8177770594566,-874.91439029775,-195.67620412662333,2418.839377605955,-907.6102224889677,-201.41545080916796,2371.5094757268603,-939.6644498378339,0.01252962506097798,0.014769059862404442,0.013057371339830533,-385.63082036746516,333.93876209595174,-1011.4852239531934,-259.74686775934856,-2874.549660207678,-2798.3586124083863,0.7146439437367876,1.0,1.0,1.0,1.0,-189.52193520915614,2504.2237555527536,-836.6528459345611,-259.74686775934856,-2874.549660207678,-2126.958985124848,-9458.786265258876
-249.36521804111098,2605.7007879480257,-803.4963802979819,-231.03524141253408,2564.542998782615,-828.4744679142788,-240.70581596318496,2511.525913300413,-877.528706079003,-239.16072825944687,2468.885529020187,-921.2348890642478,0.015576918470134699,0.018341607853701033,0.012669620928375286,-116.71481124626257,298.754254911524,-1013.362027265976,166.12039261254296,-2916.3954795628188,-3218.0444946783427,0.7434118527477895,1.0,1.0,1.0,1.0,-247.94992141017218,2602.706683766158,-800.390959964021,166.12039261254296,-2916.3954795628188,-2456.89458411537,-10141.237560517258
-352.2345969680131,2454.0230877274194,-981.2272744594452,-332.34189125008135,2384.9656580740143,-1012.9014761385292,-309.419940646699,2311.7590035630624,-1039.9929326333845,-291.5042362799106,2223.6454049759145,-1068.4089403607354,0.016392456509635667,0.01578301353698627,0.015354334480040754,264.0678612763275,118.06562419953663,-1004.3603860775821,1250.5491617241016,-4723.347987090725,-1697.2270307951244,0.44747019547333766,1.0,1.0,1.0,1.0,-354.95397377710276,2456.122877809442,-983.1743706996552,1250.5491617241016,-4723.347987090725,-1567.5496052921424,-9999.216240469736
742.6802602730394,2579.912322568854,-768.8255831627722,729.6515419459276,2515.447197579071,-806.1379289784629,731.6803147746144,2459.8906234596084,-832.1108452537438,715.5862979355396,2401.1805533893653,-854.0970771186334,0.017685847770793763,0.015591146891957905,0.016157040814621625,409.3063634641816,15.30739877779812,-989.3059304552812,-452.2321994637503,-3503.4029101359197,-2497.746899363088,0.6805659645226272,1.0,1.0,1.0,1.0,739.4358690727161,2572.791523177012,-778.2643367543312,-452.2321994637503,-3503.4029101359197,-1441.8528465810384,-9855.552006479302
318.58003130474134,2547.3887536433763,-794.5664092948939,306.33003848016466,2506.15433436042,-837.1730294751945,296.3310492364494,2468.048629158975,-883.9974276935402,287.7257079466451,2433.05142153427,-936.4404662496943,0.014217587363544441,0.015341373829046368,0.014336703011145948,-358.216088185484,96.67614681074997,-888.8155371410743,-742.7992623304367,-2672.916241674693,-3563.128295343588,0.8711043357962639,1.0,1.0,1.0,1.0,321.4452368468652,2542.394507943086,-787.8234613745938,-742.7992623304367,-2672.916241674693,-3283.105924813441,-9493.98335492523
64.93400166841235,2709.806856876777,-705.2269655069229,59.58304672546096,2681.4267950338794,-748.7982137515838,70.32603245066066,2640.9450053938735,-805.9461062092395,64.7803261737149,2604.4366375852164,-865.4143669923824,0.011724421470009934,0.016373128555832894,0.015530544537269583,209.7505804520743,315.3098681761186,-1000.2657311466613,141.69814388861477,-2302.860009278143,-4216.314274003825,0.9963719054368874,1.0,1.0,1.0,1.0,62.384510807915944,2710.2842778253917,-699.3678444216564,141.69814388861477,-2302.860009278143,-3477.85463145345,-9442.389324294183
-181.3788588168613,2504.411010494134,-703.1184729121437,-185.19140441499053,2472.490282061079,-717.543681834299,-186.59582185651672,2435.80910376671,-736.0632894198385,-191.53143452586835,2396.493995678488,-750.9419183476127,0.012923290887307823,0.012454173639038377,0.016734236126620925,-345.81293403547323,331.8058679598598,-1010.8459378783238,-203.66338407752502,-2740.736599633463,-2670.0290687485935,0.7528882993470335,1.0,1.0,1.0,1.0,-183.9005436938396,2510.691464668457,-703.068695427175,-203.66338407752502,-2740.736599633463,-959.0426728548065,-10088.345965932387
-60.600673402853886,2637.3541499592175,-614.1278042396781,-90.61990292695089,2578.2771010275956,-625.5415756252835,-93.56772080089493,2548.6870644491887,-647.6476946063342,-92.22552565503655,2511.644629153131,-667.8837587939466,0.016817103660644768,0.01695640988146352,0.015369432347603532,-208.7147156478721,388.3047729715606,-1010.2526481929187,-137.21409550008866,-2497.568060680394,-3034.5904417883075,0.8458570541102889,1.0,1.0,1.0,1.0,-85.90810017529395,2623.628187280505,-607.2327301842616,-137.21409550008866,-2497.568060680394,-1116.339345711523,-9879.33178719485
89.77505915183434,2479.561222721365,-777.7768113034424,79.93020363365964,2427.7563445428727,-799.3127401834133,63.693034144855936,2378.600361975325,-815.9260623885083,54.93135906113527,2320.3623334184867,-847.1619821009048,0.015155021129236161,0.012870990350346041,0.014688237653002308,-453.18885315026165,75.77473645185586,-844.8578448315928,-816.6142590022095,-3621.6588713338356,-1864.2799978907492,0.622285750867416,1.0,1.0,1.0,1.0,89.85962908620809,2484.1778858888583,-774.5148237317419,-816.6142590022095,-3621.6588713338356,-1441.881711414947,-9929.3137128156
-263.118719698851,2469.482278828627,-731.9338439827995,-251.7692311456204,2412.434612936786,-745.4777244947345,-240.02431002880033,2363.318347809663,-755.0029924351517,-224.03879983229874,2307.3877069943223,-770.2099417720358,0.014079024260283391,0.01458682720438698,0.014895453304995872,339.47194433036503,60.10783055097459,-854.8998761811192,858.5934333991535,-3441.618030988333,-1749.3416567922266,0.6564386952303343,1.0,1.0,1.0,1.0,-261.5434590490422,2469.2404522428037,-729.4065608746146,858.5934333991535,-3441.618030988333,-742.1232649063331,-9999.097325062165
28.649427208703642,2593.3514930608467,-694.1064428814034,23.954437050011034,2547.4274244553526,-723.2010976265091,30.25917341908199,2494.424656454379,-752.1290655453505,33.93610415060912,2446.517251247377,-795.8392846604959,0.01376413835802579,0.01577120118819915,0.018416746535321722,3.610573108623198,-1.7806809273243616,-899.7523986088827,-38.52608103065299,-3274.16998017005,-2731.662854408694,0.7470479139184539,1.0,1.0,1.0,1.0,34.23880752799221,2601.1844533078706,-699.4082025550872,-38.52608103065299,-3274.16998017005,-1861.2074324549164,-9979.100392907148
571.3065449126698,2526.352408034218,-811.7581699479572,543.8677599507461,2486.0156986352613,-859.6677205569933,524.9572111965545,2448.481719878962,-918.5146671401706,510.57109799283865,2403.0313786222096,-971.1252487458158,0.019155560715322973,0.016390181330407816,0.01409293842412672,-431.15669068096247,292.4167471730323,-983.8209465044802,-1215.713096157942,-2737.2360101308354,-3509.481852955113,0.7703613195301431,1.0,1.0,1.0,1.0,565.7280481685516,2536.950275480317,-813.5165649403918,-1215.713096157942,-2737.2360101308354,-2965.0926568139425,-10350.143940344013
-459.73564250057024,2449.8510338802,-559.8399124598682,-464.0511572036878,2414.514420937613,-565.2795005114107,-449.7125703927753,2370.9380769912254,-579.818708720644,-446.6516313875938,2327.702270589285,-585.1090761056469,0.013605093350974477,0.016997172071820575,0.016999441587726698,-284.1350021527034,2.963129362239128,-916.719359560893,184.47207178930887,-2609.721024291699,-2657.8444379618045,0.8923982929894789,1.0,1.0,1.0,1.0,-457.5387496346545,2456.10089219643,-559.1006187236883,184.47207178930887,-2609.721024291699,-342.1314124844482,-9713.30922813747
583.5425668027965,2493.3558055591357,-563.231799690421,572.0992166230774,2459.938949289305,-605.2833683553558,559.5886105169916,2421.1745975233407,-628.0967001125082,555.9953705093905,2392.021480089097,-657.5604722070018,0.015724046542016812,0.015920224278196407,0.014003697742209168,61.936372970259505,316.66413446416664,-1019.3516731014071,-538.3887552315334,-2269.1524321950365,-3453.093542832745,0.9143520314375784,1.0,1.0,1.0,1.0,578.7895779925304,2495.0504693714006,-568.5358231873097,-538.3887552315334,-2269.1524321950365,-1795.927075063736,-9648.131866689966
-124.08648358679703,2598.32225761483,-535.9615245081649,-124.09112842419394,2559.250451682039,-553.4635711894783,-133.66430438412522,2494.599150365005,-579.0131855430768,-133.70083808396544,2449.8903188050535,-596.5938628240535,0.015707403415311193,0.01692265493849062,0.014283000283642974,-356.99001333547204,-222.98616102266152,-807.9365583594678,-267.5100945054533,-3246.6707844566654,-2469.7344998666576,0.8230869413625559,1.0,1.0,1.0,1.0,-124.25623111572963,2601.6174214546368,-544.403418852707,-267.5100945054533,-3246.6707844566654,-865.7923107635702,-10151.104046299566
-157.203356175571,2573.3780062320216,-736.9614216823185,-136.7217314168571,2535.482174523596,-749.562500637479,-128.78525317938247,2485.659062412429,-774.3926946015936,-115.70152260862464,2435.7767321693423,-793.1867309450436,0.012576983956682539,0.016540494959090803,0.014271840613518372,496.1688196014372,226.6385092812514,-1005.25240927402,837.6393402970508,-3040.5544619285697,-2468.0313825659346,0.7316106804707089,1.0,1.0,1.0,1.0,-153.00166912877717,2583.068217275894,-741.506499719136,837.6393402970508,-3040.5544619285697,-1028.6255990238171,-9542.118788169153
603.2836061077471,2474.250899948116,-626.1606423334363,580.4298485471435,2438.732209362404,-659.1626901121325,557.9487824705382,2398.929087689403,-689.2393919575217,542.5720715497907,2371.72181226075,-724.5301835261097,0.015327862359971803,0.015664042245730675,0.012755100748681795,-430.39829648656263,350.81834009635065,-1002.7287944370037,-1131.9963435198515,-2344.579326602765,-3270.322512364129,0.8612529946456164,1.0,1.0,1.0,1.0,594.0583943989022,2472.6626306718554,-629.1445494359969,-1131.9963435198515,-2344.579326602765,-1856.4059063538816,-9702.35585664878
-476.47619788737427,2613.2846052082696,-542.2048796624167,-464.46813139138186,2570.770854019206,-592.8338006192744,-454.693036513099,2536.0185282268694,-660.8460686790371,-442.797078743678,2495.1437504408414,-710.6230914390824,0.014979680721111133,0.017948621348532357,0.013870952758165446,290.4822248106378,72.15097081485858,-892.2965787885324,732.4422952058592,-2432.556762449574,-4202.702634579533,0.9982007451721908,1.0,1.0,1.0,1.0,-474.91997367948557,2614.1727875746556,-542.9944533840445,732.4422952058592,-2432.556762449574,-3262.2209710188527,-10050.12698131413
464.0118628075736,2449.977739806555,-866.6655529972438,462.87983690612407,2403.176611363395,-880.0870997721673,458.8212503513383,2356.2601640565094,-899.0138479630656,465.2268970475185,2293.532775140578,-917.8289617485746,0.010759027999541558,0.016802661957611008,0.016360195618642485,454.2538219172036,190.68233665145937,-1017.0578344527833,-10.696839595588713,-3561.6217116133253,-2041.4227409203343,0.5910781144242054,1.0,1.0,1.0,1.0,461.0463150603998,2452.312123525916,-866.6377777925975,-10.696839595588713,-3561.6217116133253,-1129.9616671525682,-9610.323056031977
-253.8110736998161,2430.3601389299743,-446.23393139388315,-253.71504443378774,2389.3270982847653,-487.550160402267,-241.4389005609252,2355.1229530643895,-525.4137864834375,-247.50044281060283,2309.4760154773016,-581.2406684313487,0.016653396329041732,0.014567139892260487,0.018060723539926715,106.10947442784041,-97.01505608769708,-823.33612938344,353.8523544643497,-2443.573581231788,-3623.570284966712,0.985718740238771,1.0,1.0,1.0,1.0,-260.12771244276234,2432.083600487208,-449.67284244675307,353.8523544643497,-2443.573581231788,-2427.9335705891363,-9681.725095326885
-201.20743200354744,2454.2619440643566,-736.2377411428063,-194.5133508764153,2415.141830295954,-781.3803582988309,-203.4094995256163,2374.657906784863,-814.9558404234789,-199.65073244186547,2331.3462725460286,-854.5670018396072,0.01507535067962866,0.015560636465876507,0.016694904518835436,-349.2747353610127,329.34707816645164,-1013.4774012423252,-188.3851605301602,-2627.025345600773,-3140.4137759172177,0.76266910833566,1.0,1.0,1.0,1.0,-196.68275533158078,2457.237608103072,-745.0709305451733,-188.3851605301602,-2627.025345600773,-2115.512028859503,-10035.889435216464
505.22242803820484,2596.681200564838,-619.2875290773763,485.15967173624006,2565.904921146169,-668.5526746352878,485.20978582559064,2511.8967182058364,-710.5765581948144,460.56622686324147,2476.4547800392984,-764.7145225013786,0.010138652480771577,0.02038042428954482,0.016082109737036866,-287.0649979458379,47.79993942014244,-878.4023583470056,-832.3137782008048,-2696.252680109324,-3594.652047063004,0.8983988134926475,1.0,1.0,1.0,1.0,499.4715224539243,2595.75872212345,-623.8037785449637,-832.3137782008048,-2696.252680109324,-2808.4518401629975,-9887.315076898085
86.37943631719789,2468.184522139581,-531.2034012569271,86.44890800952932,2421.8583245528635,-533.1323120821235,85.41106994699507,2371.142200947129,-540.951183161592,81.56531109413717,2326.5355374184696,-554.4770055176729,0.01477962814716768,0.01702674906969369,0.017257526392492166,176.8472839430404,-365.501301353764,-806.9871490535972,107.45615150672683,-3037.642779512443,-2303.680926029169,0.8859360963906472,1.0,1.0,1.0,1.0,76.37578228425036,2474.69469749037,-534.192318074477,107.45615150672683,-3037.642779512443,-177.68800127413868,-9669.701150274554
543.2108507762183,2508.92124231229,-783.5653772963228,513.5686319814532,2459.7735059325287,-801.2126840562967,480.41541439401186,2409.131883493953,-817.2549375004115,467.05211867600104,2353.33893876275,-839.4686221093225,0.013773872688347073,0.01415496516043802,0.015639985199185986,-491.5032816702944,217.5087069288782,-885.8673104162415,-1604.9551579951133,-3558.0599684728127,-1639.1449894192535,0.6014311769520294,1.0,1.0,1.0,1.0,543.6927952365552,2512.4573865938437,-787.1447631275016,-1604.9551579951133,-3558.0599684728127,-845.6984470133131,-9988.479683680955
-235.16053312370343,2630.8416619862187,-528.8199955373304,-233.07307141862793,2594.0991651029963,-582.045949802401,-227.230187893627,2572.326041031286,-635.2024020771514,-223.21787360295014,2534.262901916099,-677.8873787756188,0.01583994920122687,0.014173674567943832,0.014245035244053763,-47.293604493513996,389.02823733805815,-1001.7767927813228,175.26445962191934,-2107.521190462715,-4364.463215742871,1.0207413409867747,1.0,1.0,1.0,1.0,-233.95025399085694,2633.5383051808467,-526.1100147950833,175.26445962191934,-2107.521190462715,-3085.541862023605,-10015.654807659981
-103.67427530685661,2430.4878811091644,-459.946433210838,-94.37079320917934,2399.267942779176,-500.25946188526746,-76.68898689800669,2361.911237531792,-532.8902875558919,-71.99807047572952,2341.150253715441,-576.578938325402,0.016479664112098606,0.014182096482602262,0.016116236396837392,588.1826430604054,268.5894504763893,-935.9234205569369,682.0755079518592,-2131.6734238545723,-3709.900069306663,0.9682220030084621,1.0,1.0,1.0,1.0,-104.12399751073195,2432.2379756887904,-466.91796850329445,682.0755079518592,-2131.6734238545723,-2104.7919820566963,-9950.153753791896
427.811990948158,2461.6617910359364,-1085.328428637719,420.57425629411557,2403.5859999253107,-1130.8546898313916,412.7632252988578,2339.8146767280705,-1128.2276036495664,409.4413277061946,2278.340339659184,-1080.3504014854318,0.017035730812915137,0.01282986669029702,0.01677714188873132,167.16678477778504,100.67091902467928,-1011.362937115749,-450.17359675773315,-4008.1225576587726,-2481.877627938534,0.5433572606080569,1.0,1.0,1.0,1.0,432.7692068648481,2465.4632280433543,-1084.3932088087345,-450.17359675773315,-4008.1225576587726,-2750.642858121283,-9624.65486115143
644.2861573645491,2539.527127709259,-977.8228579166062,618.415835111533,2472.7619211977635,-1038.9334297105472,584.9431101337511,2417.2587889798956,-1085.4594764867488,557.3396780414657,2357.590079717136,-1133.2640789041168,0.014435546072066097,0.01581749498661597,0.014310971664294583,-608.9936722611703,-81.93437922791111,-810.7829440532225,-1917.3298205020951,-3996.491330472012,-2304.5598207610847,0.6104359872770239,1.0,1.0,1.0,1.0,646.8573601677022,2535.76744223126,-986.8767709308908,-1917.3298205020951,-3996.491330472012,-2942.4665450274683,-9502.47899824772
294.55382193002913,2602.5013766176266,-637.397549730316,294.9474248557537,2544.5643668940893,-628.5275322988027,290.5054704220483,2504.9174786608096,-632.971654042864,282.858228350733,2443.5637217739604,-631.0356368738938,0.01585053278643872,0.013599655444715707,0.016579760824188317,-44.629695318812885,-152.24242430058294,-805.1847779358199,-393.2489376110767,-3161.937978854491,-1811.3684073420286,0.8239700509446579,1.0,1.0,1.0,1.0,297.49688040282376,2598.6436173028283,-635.5091656012985,-393.2489376110767,-3161.937978854491,206.41223884865727,-9544.067571122838
105.73583218178537,2465.186275459911,-889.4265295818323,93.80486458640922,2409.3099354448154,-939.9127440250985,70.75020540583904,2364.675854646009,-980.4719348763745,65.78443950901372,2316.86440612156,-1018.1328982064144,0.017426662476455274,0.01634273219138574,0.014289034698802702,-511.43568946321136,101.73701796152122,-842.4344142427844,-884.25431820875,-3399.532335110402,-2348.37529312386,0.6469415706333568,1.0,1.0,1.0,1.0,103.12106169187086,2464.4119908632556,-891.5043326409879,-884.25431820875,-3399.532335110402,-2537.46801359074,-9408.358241003241
698.3743687445176,2431.575391980387,-728.1393118515467,694.6100709525311,2382.203338389124,-742.330703318609,678.2422270006409,2327.602655457989,-752.0444359483258,666.753153623718,2279.7183320844047,-777.2742819066676,0.016936021946305495,0.018627339585337438,0.014783727372067644,289.48783545474527,34.85174631333132,-1014.9067832649512,-525.3887372661329,-3117.6639933524293,-2485.3751868895947,0.71965291109629,1.0,1.0,1.0,1.0,694.0371631496712,2435.453021194705,-732.8286098137226,-525.3887372661329,-3117.6639933524293,-707.9557792899008,-10061.711613233312
750.7196376292547,2500.201465034955,-484.9512170682685,740.8638704772484,2447.33961116069,-506.0791720015518,717.9745544380909,2399.283949669884,-520.9157657688484,713.1696883643076,2349.753670488145,-549.1630147156645,0.016379019919609876,0.01558186078898914,0.014779336857737156,27.98738214192528,-360.03364063767754,-801.6657039798112,-783.0521724879102,-3088.178585640847,-2751.787146737251,0.8782597824336645,1.0,1.0,1.0,1.0,752.3106416932437,2496.53155108011,-486.39320656538143,-783.0521724879102,-3088.178585640847,-1122.1123940063374,-10012.894688127704
56.46451344795725,2431.511658282066,-825.0271288483219,64.40029133254868,2374.7341571438346,-821.3610731681721,59.92976147125882,2325.9009825252015,-812.8765934447486,66.03227901127053,2273.608805754099,-820.8796729553021,0.01910974730593469,0.015764154686574876,0.012730237228123692,133.26008792128616,-3.409802806651573,-893.0382577200716,110.83184244595552,-3482.1652909339227,-1263.6561382452096,0.6523958607793673,1.0,1.0,1.0,1.0,55.67779820911721,2434.1059008470916,-824.8238756544131,110.83184244595552,-3482.1652909339227,495.14099413125507,-9910.793432382581
-260.9912612740228,2591.6896318528934,-809.9954124700164,-252.65867525881876,2554.2272115162696,-792.2911918206482,-239.96573483324443,2507.2673434259746,-795.4076372586134,-234.70229923955503,2462.8341393747387,-797.3526769093097,0.012234828963572843,0.013964319973304135,0.01795471729025155,236.10036670602457,406.52140080219203,-1013.8921901722513,635.8402192337038,-2786.606174578871,-2054.1364649561324,0.740846133772872,1.0,1.0,1.0,1.0,-263.03420539243376,2594.0072478466072,-805.8739439118892,635.8402192337038,-2786.606174578871,380.9787969878415,-9794.609700325444
572.339060986861,2588.907271553593,-531.7717352874743,570.1498172397621,2546.629348045045,-560.8652693840367,551.8731964093764,2509.339281264422,-601.1736418485981,547.82859283579,2453.9101139824497,-637.1456764621814,0.011128978018905984,0.018975959456757632,0.018305189743164786,-44.475106312633656,32.503825833623324,-910.7095193656345,-657.7974345784559,-2702.037864357869,-3290.6656288901577,0.8965898727811723,1.0,1.0,1.0,1.0,577.1434693640076,2585.929607651805,-539.5652383238175,-657.7974345784559,-2702.037864357869,-1876.755778062042,-9842.897844797055
625.7681191833314,2475.6610644772068,-988.0947156265262,610.0948070448364,2416.165277609123,-1032.4414189156048,584.6321304250771,2348.8622290236904,-1067.7020754176453,558.0774959168783,2270.3292987141895,-1110.6141684851832,0.011955268586698205,0.014473581617122326,0.019881665904470346,-219.75724201167583,120.93288138703534,-997.7257786597329,-1534.3656641002294,-4246.887182648771,-2157.1944654831177,0.5086894838917095,1.0,1.0,1.0,1.0,631.815701563952,2477.955267757108,-994.6099510606139,-1534.3656641002294,-4246.887182648771,-2142.766251337923,-10043.078649709405
-95.92549233498352,2512.5712747701477,-912.9301267718402,-81.0883081345281,2449.9429719228942,-918.2115779700162,-68.19021157235137,2386.2770518086522,-942.4041501067643,-69.1576895451402,2319.110230913203,-948.7133566379676,0.019077647095654342,0.017693744147155934,0.013799538242815344,159.5153720226061,294.7883402690013,-1019.8908572903283,456.0313848422113,-4005.323058346493,-1457.467339242197,0.5044290705143748,1.0,1.0,1.0,1.0,-93.58204656482133,2517.7426376513054,-918.6413749216333,456.0313848422113,-4005.323058346493,-410.8273207829238,-9658.015743098285
403.8977303316677,2439.555781507862,-816.5901572216723,394.67388738061493,2392.9973934701293,-848.4733502660026,402.3633084716066,2330.97424546043,-887.9741597463611,392.79213522967666,2277.5227736589486,-927.2974980266044,0.016789674428133203,0.01599429623146645,0.019286633774030105,183.83197641215673,-18.75278234954576,-896.7444340230411,-313.8411589451716,-3485.6628527115063,-2309.77091756558,0.6529293955663708,1.0,1.0,1.0,1.0,405.08999346850305,2438.6395288120675,-817.131524205307,-313.8411589451716,-3485.6628527115063,-1952.5171736285715,-9564.139609911395
739.4788155635061,2483.5513290008666,-803.8284964100257,746.8837718773095,2424.9966777030095,-845.75146309801,750.799775961841,2364.090755391742,-884.8133017891727,745.0898765419444,2309.5700006911165,-922.6810718151039,0.01551643345727637,0.017984756943882206,0.014910343728805606,645.3385650138741,-47.688644640120685,-883.2273621117391,-147.55319731116145,-3541.6340978751177,-2465.2214508175407,0.6665884658700363,1.0,1.0,1.0,1.0,750.8391010913556,2484.5797353405906,-805.5728702380006,-147.55319731116145,-3541.6340978751177,-2130.6395631017594,-9902.110204509769
163.07354803296073,2461.7288648738763,-722.0717709882483,173.25983691788036,2403.1903412434995,-759.2675746358755,174.6380619571653,2333.4344048354474,-802.8043937175182,185.59953392538682,2285.210322069364,-842.4913441725554,0.01567980610814301,0.018887342012439398,0.015603303502508353,443.13556245724203,-211.40232976301766,-806.9127598186852,365.5289450009621,-3444.4936549112604,-2566.7120853498063,0.7248295483769098,1.0,1.0,1.0,1.0,159.85063008149768,2458.080252793214,-723.179785314771,365.5289450009621,-3444.4936549112604,-2220.848556354756,-9888.784556518895
164.85342338988488,2570.479768729734,-501.5632401149417,163.42897683994198,2523.0840344003277,-511.2841188903069,156.38379383489334,2484.060048885994,-519.9606000352147,147.7730667623504,2444.2037233788737,-546.224909663203,0.016225908596061933,0.013845634483764562,0.01423072721883786,-239.41335022716814,7.8727175151417494,-869.0082983045779,-428.59222638904646,-2667.8982928624027,-2712.1591871377623,0.9156977297013363,1.0,1.0,1.0,1.0,172.03518710631693,2569.0550786630556,-505.4836744470671,-428.59222638904646,-2667.8982928624027,-475.42662077830414,-9807.283533614922
-431.7991522388481,2440.60407929997,-880.9310647891754,-423.1560742662898,2385.9939863729055,-886.763052994083,-428.36259213384267,2321.835501955597,-901.7596950661361,-426.7878616261916,2268.2715899147765,-903.7455408883917,0.011874494945361231,0.018068948646467898,0.011874686355750792,-482.5054534632281,138.56612161506405,-1012.3471449148857,-91.72587273939243,-3682.4256830994746,-1653.439282461427,0.5831818700524205,1.0,1.0,1.0,1.0,-425.17678300110845,2440.0821735522395,-878.4382817781586,-91.72587273939243,-3682.4256830994746,-540.9138729565987,-9117.3337344041
-357.87518102256774,2472.3372781759413,-713.1414430390095,-343.43738347111787,2426.4371638410566,-726.1827183871429,-328.36155895604884,2361.7335332635953,-755.2897542896652,-313.2793795149337,2321.8096222387826,-771.20856878286,0.017111296502279078,0.015951987812080914,0.015707333895295716,401.87252077238907,101.43604326281954,-841.3547116763561,1038.1275704456098,-3229.612058519617,-1894.6293885231821,0.6862293817903449,1.0,1.0,1.0,1.0,-361.1512435051344,2475.2009062747366,-711.6206477555949,1038.1275704456098,-3229.612058519617,-1059.175139617105,-9513.03152080464
-447.24157982140116,2528.4681747056184,-779.2403386497416,-446.3563230433877,2482.7922870811785,-787.5255991787122,-438.950989334874,2421.5009463778324,-780.4005972627716,-439.4688517102567,2379.8830327207,-783.619045365287,0.014351829681572982,0.016437147606659708,0.01513668216519562,-323.4904100458514,-0.13515827013464587,-945.1362820861602,159.9943555223573,-3236.728843438588,-1796.0758522001274,0.7340743405465723,1.0,1.0,1.0,1.0,-448.28600735329246,2524.513339611968,-793.8590148700639,159.9943555223573,-3236.728843438588,494.76543347160174,-9854.394822040134
-394.5244616465186,2467.0800997013944,-512.9085610543171,-381.30843523722507,2428.1604238058694,-571.1290750140018,-371.67767264898015,2382.357005465013,-634.8540355962721,-361.24218564373274,2348.026598728827,-698.6180095033831,0.016080069189102226,0.015079034879111587,0.015985115014577847,296.8937486794745,-362.13830293265585,-815.5932698255392,606.7487551801447,-2515.8762822783874,-4301.894560760257,1.0778557809172062,1.0,1.0,1.0,1.0,-385.6986008981887,2468.222514630529,-509.01373905221317,606.7487551801447,-2515.8762822783874,-3558.4136777363797,-9531.0570182962
404.5443704275033,2567.249177948304,-1077.7343221438618,400.7630081639428,2507.929238697936,-1129.6486388896044,392.20435382231057,2448.5258844702607,-1111.057852529742,390.01268523622167,2391.039492300645,-1072.4858942253688,0.01394103883643236,0.01582950935705732,0.017069143430891165,162.97927091125229,403.9071070973208,-1007.0238098570037,-407.32881330578016,-3588.616236406623,-2656.3964454449647,0.5531603083756196,1.0,1.0,1.0,1.0,407.3765588947191,2557.0768489412962,-1087.9220552106408,-407.32881330578016,-3588.616236406623,-2945.983158164643,-10025.62237120268
300.5257094653791,2609.930516657106,-436.0819313098649,301.78778646921967,2571.1570907103596,-482.16358310724297,303.85849550747275,2526.356464151818,-537.2774920380004,306.73896429268683,2500.63579377174,-582.1540118469137,0.018868202921730463,0.011556985386364266,0.016447336941701092,414.42646984210796,-190.78405404785127,-807.7518358964974,101.88116413378006,-2544.9362766534855,-4125.282910383815,1.0531274747502026,1.0,1.0,1.0,1.0,302.35718929494624,2608.6458502709847,-430.5778237502434,101.88116413378006,-2544.9362766534855,-3104.3108581935444,-9785.219317934396
-35.839588495743236,2484.2622120606547,-445.0451505222158,-31.167114810164612,2435.59047273216,-446.4461964679843,-32.05195899098728,2398.1306881210007,-468.0225178477511,-37.237490502036344,2357.3075704210423,-487.14779496436415,0.016511360851259482,0.014247558263140388,0.01854165402175823,6.799364403403437,-32.373611361187116,-883.5026040685677,42.194092260579154,-2478.97032774064,-3033.744848747547,0.9606994268638424,1.0,1.0,1.0,1.0,-35.81666877978148,2471.386419656853,-442.1615143080213,42.194092260579154,-2478.97032774064,-760.5903164486729,-9771.861815062555
-352.24746029436744,2506.296497088646,-853.958851110905,-328.1474003526889,2452.774329143701,-878.7417625746967,-305.13976837356256,2402.543989152703,-911.3909759959193,-281.62042412629086,2352.1825367657725,-932.7148629033466,0.014397323626108184,0.014573824368124278,0.014806724308297173,570.652333254621,259.25410031397155,-955.1530694391829,1468.9813261663876,-3566.952327675561,-2094.780697520465,0.5862221276974708,1.0,1.0,1.0,1.0,-354.80590223020243,2506.4340667495703,-852.0770673339055,1468.9813261663876,-3566.952327675561,-1520.4358809990733,-10073.300256173508
682.9429647211208,2612.991250434027,-999.4825838999261,661.7738678087427,2568.033676375597,-1057.6577017055592,631.8111712779511,2511.9547349973745,-1118.9500936023182,611.851212857118,2446.0584919445746,-1118.91361460076,0.013330574480902042,0.016865121901034022,0.016044873225779854,-224.08886710668898,80.89015815971565,-908.737952624046,-1196.731625656661,-3371.591084950817,-3103.8885766009885,0.7037594303922846,1.0,1.0,1.0,1.0,673.4598521358073,2609.5834718728192,-1009.4394455852341,-1196.731625656661,-3371.591084950817,-3403.9126694471242,-9693.087499266314
-457.2412235438835,2450.4368309543906,-632.4743707267704,-446.8092559200718,2405.8586489559325,-656.5572354509718,-454.71402489668924,2365.4154188226476,-682.3900302910455,-449.4911837499553,2323.098564044809,-700.3980291761405,0.012883060903663424,0.02066258571938187,0.009784342453540089,-323.5109735759854,-16.182633473979763,-893.6463216003903,162.95485620733928,-2947.1637208714355,-2647.306972021758,0.7916700109234153,1.0,1.0,1.0,1.0,-459.57827850911514,2444.699073453658,-633.5659729812966,162.95485620733928,-2947.1637208714355,-1373.487882121058,-9847.536873525758
53.55934830130948,2475.9488177151325,-942.8112954389452,33.72321385381327,2410.4586447562165,-934.4780620787069,33.3890441569854,2344.871632702721,-925.9170443538,18.831679219891306,2271.592124111947,-928.9087737805947,0.014047552263918761,0.01756524921728928,0.012470340616305219,-325.12177456703785,54.793965202723484,-964.2819932655165,-667.594156669885,-4294.983438808232,-812.3149090901563,0.5209168579024871,1.0,1.0,1.0,1.0,52.06892395144678,2481.459608129374,-947.9298863169681,-667.594156669885,-4294.983438808232,581.975375074182,-9829.909853278845
499.061876385966,2556.336347430467,-788.2298740601667,482.26418533118436,2485.3242063409684,-801.0942515743454,468.77069927268764,2437.5567523082577,-835.150612242172,458.63488492918856,2371.049835902575,-853.678636353747,0.014534640629824645,0.015188695304188342,0.016735263513467206,-96.74151494155717,29.703167704296078,-900.777811839457,-896.0045513312499,-3793.0656726395537,-1984.9241837221336,0.6185414005525203,1.0,1.0,1.0,1.0,499.1015116937233,2552.0918400096043,-786.5290726640353,-896.0045513312499,-3793.0656726395537,-1280.3953075515133,-10068.715521481461
456.3635888995921,2654.9713011398694,-468.71767717100136,463.5492459879367,2615.526933301914,-492.5454541135076,458.20237357440664,2566.9733372053242,-532.1041268047203,460.8627564894139,2528.4899306776906,-574.7169555166757,0.01857308715204292,0.015575068179063872,0.014654041714594834,477.04948898989664,-93.59565076996547,-831.7458947818931,15.581340448155743,-2767.4438851609652,-3309.5642799066254,0.9461978029542991,1.0,1.0,1.0,1.0,461.54605524397834,2660.011014965195,-466.10215376769474,15.581340448155743,-2767.4438851609652,-1972.114727666028,-9660.108299539434
-132.49240211706976,2443.4652809782606,-696.512756427875,-126.65668749407389,2392.3258156344796,-716.529711427509,-127.12105752167992,2341.2905870743566,-732.2980043448547,-132.48045870876632,2278.5076530501424,-744.5904832088275,0.01266637602038308,0.017098199955456216,0.01869930355062648,-162.78649730055264,-31.24315028773232,-816.8007744187621,-51.12584057898353,-3410.6418382346715,-1609.730861718347,0.6765361204735347,1.0,1.0,1.0,1.0,-125.72026288079076,2441.472182432405,-703.0207302121287,-51.12584057898353,-3410.6418382346715,-631.0263923501777,-9639.118725338309
761.2434743201704,2540.7708347247485,-841.8229199526642,750.4732891393289,2476.1799160399382,-845.8988443112717,736.3835032868465,2407.9348777491164,-841.6492907642604,724.573463325038,2346.889514840004,-837.2488928031588,0.01769624324847296,0.017470593474173478,0.013792814691966873,339.8588547409805,-50.252447129706965,-939.4328876225469,-645.4912334141537,-3983.292806462486,-1385.7716251884592,0.6010403485853871,1.0,1.0,1.0,1.0,759.4281564601781,2538.8878770709093,-845.4299959076701,-645.4912334141537,-3983.292806462486,177.96665969758212,-10046.213993250993
146.09702402396042,2435.7491114416475,-899.5102774781524,131.34832788285794,2370.880088420657,-911.0768007105901,110.52078025973275,2307.5622465365036,-936.5149758815892,111.58293576907937,2243.8104955349263,-947.1756408790816,0.017164403626305034,0.014237415276332595,0.013976637640157656,-351.4187746036662,105.21041621386439,-980.0538978445393,-897.7884880910464,-4246.710921564256,-1583.8587815918568,0.5046215434572051,1.0,1.0,1.0,1.0,142.36489384640868,2440.901423074206,-904.2790064355983,-897.7884880910464,-4246.710921564256,-1007.1576056724014,-9862.910003569952
-94.17519770668683,2545.4154620871145,-872.386007087844,-92.16254801076204,2479.4429972142198,-884.0022901846744,-97.00404432817112,2411.7235491902184,-907.9272430896879,-104.34582484906679,2365.98467509091,-915.6446361681705,0.013009323389117686,0.015152253784711075,0.012198240557265025,-265.88321592088226,67.54086470577856,-990.9119627126471,-292.8228282981151,-4126.935761114302,-1780.8965713539442,0.5596401822689067,1.0,1.0,1.0,1.0,-90.18951894201382,2543.7023213743587,-870.4146510572008,-292.8228282981151,-4126.935761114302,-891.0543128859264,-9866.591676190794
-9.087234848080618,2495.7063974102853,-688.178447612327,-10.30402670126471,2451.9934242430963,-678.7382972525658,-12.399625492598592,2405.1088087031885,-670.6272816646551,-13.692097936546233,2371.9289574843356,-673.6907361764297,0.015023909868784472,0.015604044286867808,0.015465416188480886,-267.91272373235006,55.690173971650665,-919.7959624742981,-281.2070225480452,-2634.5960973749975,-2232.1585360613385,0.8789066296558675,1.0,1.0,1.0,1.0,-7.796227875408306,2492.691564043532,-688.7246954203224,-281.2070225480452,-2634.5960973749975,671.307985373268,-9807.496015450573
567.5751860385994,2570.7395036856497,-676.8982266185702,557.0170632206336,2522.3509387807917,-696.2264564051383,550.3642812208961,2471.304525997651,-723.5752766275633,533.8718403883361,2429.4819045526992,-739.836827881366,0.01291827833655329,0.016312155116174593,0.016158299010623146,98.21310025324925,85.02743888806305,-1012.2578149775825,-567.8431318300179,-3026.042956888393,-2880.8561488492815,0.7746112675366496,1.0,1.0,1.0,1.0,563.8444683538662,2566.382663536549,-678.1085742128778,-567.8431318300179,-3026.042956888393,-1235.7324385835918,-10134.547700525442
25.457659023587897,2517.1793324148234,-720.9003943578132,33.89585568692709,2465.961632128993,-735.1842777064624,39.800830178236964,2423.733093787837,-745.8800388133473,47.05269502659588,2387.4861005837433,-769.357766268989,0.01545984216311395,0.01591054725046724,0.01471114241949699,406.666124064711,358.32124024878897,-1010.4449823783715,485.4439360867424,-2727.4521224662053,-2492.0378740621222,0.7439184681669224,1.0,1.0,1.0,1.0,23.165414556183464,2513.00841699708,-721.7299276603102,485.4439360867424,-2727.4521224662053,-750.4119627233019,-9780.307941642192
401.2351806186441,2454.911131114789,-989.5012148667255,389.7269857278418,2415.888835220662,-1033.956847149972,409.81353514722616,2373.4758439512684,-1066.384945820293,361.0342578450944,2300.359253428035,-1125.025786491131,0.013312422400510924,0.019364795049192148,0.014287024446067158,-173.54148618635801,277.5086178487008,-1016.2401158648587,-851.237528485395,-3234.7444896841716,-2779.0419979504686,0.6280357581042303,1.0,1.0,1.0,1.0,401.043845541284,2460.9611483855215,-992.9814203641439,-851.237528485395,-3234.7444896841716,-2697.2705413121325,-9637.547294086378
544.3769808652871,2552.0124974006576,-577.5493047625545,523.939435945949,2506.283268482699,-602.4809828229597,519.5338800254888,2470.6717245350596,-608.8075463504032,514.1112808574745,2429.3319896494377,-635.7788186552776,0.011682306820446093,0.01865056229046501,0.014224636930817693,-57.09769724662583,15.556637019513573,-912.7634457676714,-661.8600868888234,-2825.9309630832945,-2671.3854847026755,0.8554424939582719,1.0,1.0,1.0,1.0,538.5763809533169,2558.8945037944704,-580.8695076264012,-661.8600868888234,-2825.9309630832945,-874.2003595351728,-9599.77773954198
-494.85763712115056,2674.6517633250055,-494.145267563682,-478.3577093072949,2641.4734950823727,-514.5805239136176,-485.31847785182407,2594.436234106139,-537.9773538910551,-465.9684965245768,2559.29266343548,-561.8704243870832,0.01454005482815665,0.014442807983394746,0.02051080937969645,106.02271053678787,257.3294936167558,-1011.9365200743159,602.6298599875156,-2419.138281093842,-3388.6212617843294,0.9505063278087528,1.0,1.0,1.0,1.0,-496.6071494507287,2676.467774710583,-492.3931071069336,602.6298599875156,-2419.138281093842,-1153.9223261893003,-9769.937972062986
335.0639262434384,2707.159772946946,-587.0895410239673,327.95385723444235,2664.0988357313017,-610.7253471856097,308.2186296753787,2617.5657155423332,-621.2207161400629,317.51294396734295,2578.2611184050006,-639.1286819379221,0.018968712393899762,0.017794829407627905,0.012464504794399735,-103.80423772693678,298.1564112149627,-1006.7187292155287,-480.8626125046819,-2615.2720168376986,-2942.2570478102184,0.8707719534040733,1.0,1.0,1.0,1.0,338.5893657773702,2704.206666705641,-589.9549837633905,-480.8626125046819,-2615.2720168376986,-689.0781102670331,-9816.189566549681
266.62940335306655,2475.8546801762645,-807.5662216847052,271.3079101907979,2414.1536051820585,-823.4475028935669,268.39129582702725,2360.361168350548,-833.4800606961221,272.7916640828065,2290.7367199250552,-850.6886433528931,0.01894004048946921,0.01410140001238688,0.01685460477147955,445.08967208716814,54.97032294780695,-960.8715794003903,274.76157713170835,-3632.5585441872013,-1861.5022644787289,0.6151039547266648,1.0,1.0,1.0,1.0,262.37322329458095,2470.6217548322993,-805.1779424535528,274.76157713170835,-3632.5585441872013,-584.4039094660795,-10032.29123574536
314.95289130299363,2548.6332207395662,-566.5283607689171,304.3511817286043,2500.2878049418296,-563.7030197482652,283.562071623512,2469.6938988748525,-566.0784292137558,269.76084386210914,2429.176471309352,-585.3632757486587,0.012697055274573434,0.01687452937796832,0.014079333158961087,-555.8345299654382,196.698582410061,-905.348741986727,-950.1632399120389,-2587.3834527712265,-2684.485269514723,0.8663490821884978,1.0,1.0,1.0,1.0,308.8140183545164,2551.217524431888,-559.750267858712,-950.1632399120389,-2587.3834527712265,-369.02620010404013,-10229.522003610236
-15.065675524802016,2679.0379105020475,-457.9155360035629,-16.08622197114232,2654.1307930531852,-514.2750665379442,-11.33761277332195,2614.100717035193,-560.6113797330742,-7.922803195652445,2584.767049537921,-622.4016761305453,0.014775443655501357,0.017050347479681337,0.01602116112361824,240.3359111775655,339.4168455444275,-1002.7382123117786,235.54666239245591,-2133.2894711506647,-4446.326076513917,1.0521530477411976,1.0,1.0,1.0,1.0,-18.765417454135445,2686.0352638101594,-459.33235503903325,235.54666239245591,-2133.2894711506647,-2984.124856689543,-9997.46413153667
148.3276080512966,2451.075765369676,-623.0741243546017,153.8679969728039,2384.4208287080287,-615.2326161541599,163.02355829590832,2325.3509946022637,-606.5428631073148,145.27411800523245,2252.829055501671,-614.9003626092842,0.014925486312282207,0.012852039518943491,0.0155145035753796,222.1750863175399,290.5718716792573,-804.9777792915878,130.3920222217938,-4113.811561845535,1963.7124002446772,0.48170797059339504,1.0,1.0,1.0,1.0,153.71927465109877,2450.3229416481604,-619.6876325277589,130.3920222217938,-4113.811561845535,535.2423314580471,-9634.223360337815
64.9649406632469,2644.6275253640606,-510.5203566349349,53.1688857889113,2592.5118967998433,-516.4424725299422,52.2481715985923,2560.4690779190537,-525.5577322494145,38.073125496103735,2532.835020523066,-543.1475898848848,0.018476687165880936,0.014059514761073168,0.01446058821712741,-423.7366658345081,231.17036068613208,-1019.2650617898198,-485.1982861758457,-2392.1961156278717,-3219.3380133158316,0.958003209855919,1.0,1.0,1.0,1.0,63.88761177221568,2635.3274568921465,-508.23402710414643,-485.1982861758457,-2392.1961156278717,-720.0305763846526,-9633.706458579974
36.13675139171813,2476.1174495641094,-899.1030896975146,46.57790804000786,2417.3541379947064,-928.3312288976076,61.78593783871341,2351.388261289231,-960.4856297866489,67.60325057155497,2278.8877724549848,-993.2274065888587,0.012956335089423364,0.01621000121900299,0.014054128248342231,344.3356417064266,81.78784095761395,-964.0038113870914,518.8800429228377,-4122.6892366905595,-1879.0698308804263,0.5367795354432319,1.0,1.0,1.0,1.0,43.385216811180385,2472.947598238139,-910.9948170029944,518.8800429228377,-4122.6892366905595,-1580.4633953663476,-9749.594102550622
-499.76950567245336,2526.6745069962117,-739.0600058432427,-482.84491247816874,2485.4214315740765,-775.687441098443,-471.58258388722993,2422.2189373493916,-826.2888518644914,-461.25493204982837,2360.629745415041,-880.7843895262239,0.017379162711494346,0.0174053420086069,0.016654123137951407,163.65171757839406,-275.7114171011575,-813.2829031509763,799.7100587046309,-3406.979590846469,-2872.645467367236,0.773561372141948,1.0,1.0,1.0,1.0,-496.1090808529278,2535.0467453471733,-736.0220343680663,799.7100587046309,-3406.979590846469,-2600.4515268642367,-9643.83685022656
-218.97520230907722,2483.0871738559786,-982.4687575406001,-230.24892434645898,2422.9659313870247,-1029.9333617824711,-236.81321944500908,2346.535691829393,-1091.2011010749766,-228.90746436474868,2275.315174886227,-1141.3820321223589,0.014327274430083371,0.016144723840577982,0.014035930627463354,-368.2375817100407,-325.7740735320554,-806.60646252152,-213.95528477549826,-4061.2717476445237,-2659.5785697120155,0.6454920711018758,1.0,1.0,1.0,1.0,-220.60843521494576,2476.5034323426617,-986.1749087137246,-213.95528477549826,-4061.2717476445237,-3262.3810058238855,-9938.197655607717
-5.108777825241708,2536.053088831935,-742.2518849426286,1.354765724971622,2491.8039361118986,-761.0992284223078,2.933839914381035,2429.463760114024,-769.9000578889967,16.230538930230967,2384.4466435514414,-792.5988640180508,0.01740474885744069,0.014795782842487941,0.013948273003045152,245.91585694688783,90.51643184569843,-987.5735286025865,323.1761327387257,-3204.907986099033,-2242.9611479722116,0.7188511952970268,1.0,1.0,1.0,1.0,-1.313884598236541,2542.271041211452,-746.7157818405578,323.1761327387257,-3204.907986099033,-669.3999288147999,-9513.920191602587
-194.61789126509018,2558.6062621943743,-742.7975266130113,-192.25907430065234,2511.039220012077,-791.249315941764,-190.0433394690714,2478.130101917899,-827.0697138164137,-184.9496077115845,2429.447406420702,-889.639777015076,0.013961173672307634,0.011859727238422522,0.017714733990273446,-337.69728874249336,-40.78948397237649,-840.1574150068501,-171.90104634789424,-2972.6324946906507,-3322.04494731882,0.831464365098997,1.0,1.0,1.0,1.0,-187.28387318808484,2560.2639488819364,-742.4698551002281,-171.90104634789424,-2972.6324946906507,-3020.074316563877,-9804.217129797658
390.81994255282643,2464.928222481716,-951.3625818557551,396.0136609122492,2411.800042970841,-980.7308528597894,395.3130269264217,2364.1694673338748,-1018.0657496216193,392.4308792214578,2293.0964465165603,-1053.2193132403097,0.018397464435542958,0.010262652421617165,0.020279408052134337,427.82444816200183,332.027413183124,-1015.4567002940357,53.227218781821065,-3593.677899703546,-2270.9650716757515,0.546060475090706,1.0,1.0,1.0,1.0,396.1542529868193,2470.2657635067394,-945.3174330465595,53.227218781821065,-3593.677899703546,-1938.4701000362809,-9981.313385983773
-305.37529025615675,2526.5908370990355,-447.62814310412483,-296.45211597151945,2496.7590092946507,-488.42661003590763,-301.7695376844144,2447.5432991374532,-535.7465144880496,-297.76194968227946,2409.310247869027,-575.4043176181898,0.015667479441963075,0.018041329896170317,0.013921766117689478,-212.68745035504625,-332.0301689852354,-804.3572132220604,86.24126822035821,-2739.42075510466,-3824.1194916914105,0.9973694245441769,1.0,1.0,1.0,1.0,-302.8095756453223,2530.664520099141,-447.3825294025007,86.24126822035821,-2739.42075510466,-2748.8900373353868,-9899.46758949421
319.295887768501,2430.0,-540.4712528102875,318.3326365836649,2385.7224140188205,-558.0110525682644,325.20088627413134,2344.283586749687,-573.194308442075,322.2273360484928,2287.0942584891227,-588.6657256473642,0.015790101783548748,0.011594743746100943,0.018163128854081216,530.0824819060474,-234.64973948932052,-807.5396783196073,240.59070293131896,-3012.083364367602,-2510.603752883934,0.8394520256162697,1.0,1.0,1.0,1.0,317.1597098118302,2431.044037976008,-540.0652985483047,240.59070293131896,-3012.083364367602,-1013.8357145292734,-9862.081744127956
489.74321034936617,2569.5814697920237,-557.8562205975602,478.0549000780547,2537.142697748061,-549.8064958249817,491.40506645165715,2504.57030508177,-534.7249018419246,490.1506176615987,2466.5557660141994,-536.9344395393034,0.012415998828058408,0.01758799994634231,0.01261334566534297,572.5210080163876,198.01561615725655,-1009.9371165739601,82.47763627739181,-2220.479697970179,-3034.3987460048606,1.0273826555602554,1.0,1.0,1.0,1.0,484.26993719957534,2573.9288929853565,-558.6775502936674,82.47763627739181,-2220.479697970179,572.0071880930866,-9839.617622748914
-277.3661928978725,2435.3626085422957,-672.7628122096404,-279.29235155761626,2380.8068785442842,-690.9260723737335,-278.45630169847607,2337.246305059913,-705.6536485046709,-266.48545957966576,2289.6900178839833,-729.9969780422359,0.015224467943832224,0.014254909459781064,0.015492394630327873,35.23008650470044,-19.699404562457786,-861.4113793788893,422.0271234151443,-3231.1612411141627,-2134.838084023352,0.7150282279660594,1.0,1.0,1.0,1.0,-285.5105272908091,2435.9831386843093,-677.1434438832437,422.0271234151443,-3231.1612411141627,-916.8586528912979,-10086.903847285697
403.70592646579894,2489.732147218529,-891.5587131941811,395.6230397423022,2437.8111327846364,-888.0318466096369,384.7589699889101,2379.5481975205466,-899.9436410567052,384.58457410840924,2315.410463913862,-901.4187453291056,0.01728163747081173,0.017364347050531387,0.01414833870924373,227.9397993390402,152.92546834724698,-1015.5307227080547,-275.71293024326917,-3747.45249161571,-1566.7893604034807,0.5762056767694136,1.0,1.0,1.0,1.0,400.2603807410811,2495.083275607061,-890.4062219790081,-275.71293024326917,-3747.45249161571,41.09202037076078,-9803.364474409864
621.1895775170268,2614.1401484426924,-477.09681072989514,624.0396957527657,2573.435248488622,-491.59807420471736,619.6103220370713,2519.614786274436,-523.0582251897177,634.3907855828481,2469.475867796329,-538.99163477602,0.014646700655109932,0.015085392612843397,0.01556306054399548,592.8994258845344,-198.3305819355746,-810.861089089512,-35.82507738571418,-2961.715623607881,-2839.4714876168055,0.9047048461880519,1.0,1.0,1.0,1.0,626.9332494009691,2615.2992604919045,-476.14343626769755,-35.82507738571418,-2961.715623607881,-1237.6407363432022,-9756.341433921707
569.2779688059724,2507.472450759886,-869.7129508411614,555.03603236578,2449.0892361419046,-885.6876365712129,547.4247912509561,2365.297673712018,-880.4650271746076,528.8395247197581,2325.3167391744414,-922.5116254187928,0.01568216913186208,0.015643340803672315,0.01658068467408085,-58.415492631677836,71.08615208093062,-1015.9113998082883,-1011.0239621691926,-3898.5125691418903,-1966.1819071716864,0.5770938053903852,1.0,1.0,1.0,1.0,573.4744837240673,2507.6565077946143,-867.0449348192866,-1011.0239621691926,-3898.5125691418903,-986.3461694084576,-9717.553255296138
-412.7429323333719,2479.3667984455255,-698.0313204594377,-395.2292059571224,2423.2824838475417,-700.955921347126,-389.2921346143064,2372.355754084216,-711.1640841090737,-379.3675487615786,2294.6825914331234,-723.1211851755608,0.014854895422801918,0.020002403649498735,0.014793331669633779,39.93680183981906,-132.58539754122202,-801.3603750049468,623.5019426735664,-3584.7274058142143,-1413.4169569121755,0.6803493692580661,1.0,1.0,1.0,1.0,-415.21961631188503,2484.2656087031455,-701.6049693271746,623.5019426735664,-3584.7274058142143,-197.78420038834776,-9820.073658314945
89.2982389049823,2437.4300601683644,-739.8562276915874,87.00760030760124,2381.6522721580604,-751.5165559172901,84.02523179690137,2320.7976881387594,-772.1238750463141,75.81815240773275,2245.801085934372,-793.1975307009262,0.011797619241578572,0.016559549778647535,0.019149800542761157,-65.39377721678794,-348.1976018320548,-804.1866020736505,-227.7236123494389,-4152.400541719535,-1425.8020748459915,0.6224930304370132,1.0,1.0,1.0,1.0,87.18104305733618,2433.9107611200375,-741.0920518623673,-227.7236123494389,-4152.400541719535,-910.1424588808947,-9550.100739961725
-398.2849625607113,2452.954984584411,-901.9683182722521,-404.7339217920898,2408.736505155742,-951.2761896623894,-404.92334809380645,2370.925276473648,-1007.2869995768408,-412.36572366375316,2334.362822955519,-1058.4688164331676,0.015960359456539383,0.014660182415689083,0.015366136491025705,-535.3557014701139,253.83177150095074,-1004.1120778682622,-154.9656190705383,-2594.6245730277215,-3681.760190117401,0.7990133216367464,1.0,1.0,1.0,1.0,-404.40975335550775,2446.2895357093676,-905.0854528358386,-154.9656190705383,-2594.6245730277215,-3404.1631302624855,-9933.562837532223
602.6153507604291,2619.8183131866394,-554.4070644725853,596.6017269035681,2585.743383133573,-594.0937659127128,600.0282953636104,2552.457805276045,-641.4917636084098,596.6346340528763,2519.5667577818376,-692.0331428881836,0.014892091095894837,0.011704389243728033,0.015898901966789045,558.1214208181054,-15.237257736241519,-889.727455384177,-41.50478859014357,-2603.026232531486,-4007.490947420033,0.9725046176935884,1.0,1.0,1.0,1.0,600.2487812371035,2626.8343682832046,-554.8326511067137,-41.50478859014357,-2603.026232531486,-3056.4893030327494,-10030.051923324914
723.9114532128457,2583.2474991940526,-615.9283475432069,715.1317786310465,2542.454706530302,-666.9848650890185,710.7930733074647,2478.827961603702,-707.0249880728386,700.0663306482764,2430.7843972404794,-758.5315256809855,0.013144200578442409,0.018395869955281762,0.014147606891109353,148.02361680531354,-327.53972890878583,-802.8686609513317,-626.5177207731834,-3159.7408534833367,-3375.0521952713343,0.8743123225751672,1.0,1.0,1.0,1.0,724.4199199166419,2579.421856295889,-620.6839382096632,-626.5177207731834,-3159.7408534833367,-2787.303627359153,-9940.27070590108
636.5450584805833,2541.6276104672684,-791.836071406269,633.960874780505,2479.6411311160255,-831.0927205983343,636.2635292893954,2408.123085816556,-874.6742977792351,624.1235158720352,2348.0100005914364,-905.972088095649,0.013674802035336962,0.019948453979122385,0.01509799727524002,584.7284377014558,-232.35273084020807,-803.6295273228789,-73.77881737201388,-3910.3843589454873,-2187.7458674772934,0.6612787467103012,1.0,1.0,1.0,1.0,637.1113980355913,2544.0201640110904,-796.9036909409378,-73.77881737201388,-3910.3843589454873,-2158.2771906812873,-9562.87312304695
655.893615551831,2524.2616846370333,-965.4866309895148,637.891865084459,2488.6505535899187,-1009.6943585222525,643.7099216110801,2433.873611924079,-1065.094642212174,629.8932782642662,2380.1369337377027,-1121.3364522410445,0.012130265489270854,0.019410831401075357,0.013779305086375274,269.82350975969405,64.44257062892207,-984.8587347808472,-476.9210955691749,-3059.6390597913983,-3370.695588778567,0.7596795980232791,1.0,1.0,1.0,1.0,653.7449916928786,2527.4520137609966,-959.8018728525186,-476.9210955691749,-3059.6390597913983,-3298.9255666349923,-9560.650441245616
538.2547772098874,2477.409012594849,-561.1661254732273,534.217503628358,2434.0309303411855,-594.6449503719347,526.2877640254076,2397.2189836406924,-649.8661646955002,526.1360396864493,2358.7804134660205,-685.2422444702079,0.01535700736924506,0.016465998215286645,0.014972464316748688,335.45396956546534,-4.668185961806845,-912.200838604144,-209.27797654020708,-2543.9765691732764,-3458.313812608447,0.9282045300987204,1.0,1.0,1.0,1.0,539.499996692166,2475.7089689821332,-566.3838923424541,-209.27797654020708,-2543.9765691732764,-2322.402988824588,-9494.779683086854
362.9797929091719,2631.224322695928,-616.9058370711307,359.6272878495663,2581.713289963698,-651.0414191075419,355.69055393374697,2533.8201472700707,-683.8550999451088,350.8351737205607,2488.480627701664,-723.353563916836,0.01706582739750411,0.013783307483923906,0.018071291439615993,180.78734528992507,-12.53633674325799,-909.2912945333537,-203.100835428842,-2939.789635504686,-3015.855005940727,0.8510795736789567,1.0,1.0,1.0,1.0,363.57809717588555,2633.2743352109587,-617.3679367664274,-203.100835428842,-2939.789635504686,-1888.9613677352388,-9467.477035095153
-10.140470712720184,2524.0193954281954,-647.6657625345076,-6.983261949281916,2475.671027817867,-690.3398376703674,-6.027221035228414,2424.840921462909,-724.6068955333753,-18.936211207327723,2376.8626867635867,-769.2056798536555,0.015502230667529366,0.01740413974274472,0.014629810678742257,57.30665126476793,-309.2215168180735,-802.311358364388,79.44708430730537,-3185.32010145627,-3107.8413119386923,0.8424638189109843,1.0,1.0,1.0,1.0,-13.401253768734023,2525.713373478009,-647.2795310992849,79.44708430730537,-3185.32010145627,-2579.103551685702,-9699.459226217714
-52.1199130728186,2629.9792358119626,-474.1640231114097,-51.58823615800967,2591.7775716067363,-490.1723670514163,-55.07956310606262,2552.9767489448827,-511.4035153242264,-59.94652078378908,2513.3527918909826,-519.5322575921263,0.01308586349675425,0.017763221217727325,0.014742121902149782,-249.59766778323274,100.84554432485047,-975.2531262823146,-200.03360441504768,-2536.260062801244,-3209.8414638150953,0.9544087933833694,1.0,1.0,1.0,1.0,-49.564063368185884,2637.1056071261,-481.12017450640917,-200.03360441504768,-2536.260062801244,-674.3035599106853,-9965.38909431456
-30.14107825965495,2526.4763946388625,-899.1910731213557,-31.744645764589155,2473.607428128587,-946.4554040151071,-50.010410100821375,2422.3091376300445,-986.4361088347375,-50.13676618356311,2373.091375155299,-1025.4460398723697,0.014414868574059514,0.016323275793308598,0.016625478267026764,-334.1145806683078,70.60578795030597,-924.8809058142608,-419.5938386352156,-3386.096151023685,-2693.131166438511,0.6776363773656057,1.0,1.0,1.0,1.0,-29.909047657775716,2525.5254974424774,-903.3918981364137,-419.5938386352156,-3386.096151023685,-2616.552911178871,-9473.738332121711
-93.45504033130598,2439.664628541123,-965.3162476104509,-92.2837778974725,2385.2439142300173,-974.0428478787878,-99.72357726572277,2327.232185471824,-972.9505868566004,-103.76565559880748,2262.6942701990297,-988.8094967118903,0.0157816162741481,0.014521627212434987,0.017338024626196737,-168.92113719428525,447.9728151814079,-1015.5617433932327,-158.56191893535896,-4120.148074237612,-1048.9557213161056,0.4373587318872205,1.0,1.0,1.0,1.0,-92.01860651063669,2446.244631186646,-962.2232843643548,-158.56191893535896,-4120.148074237612,-318.5218659344125,-9365.214212807316
-72.10686645344855,2591.3451157138265,-470.5538194326871,-63.87127718762133,2555.096603102159,-500.99794827394254,-51.22085400467606,2510.211241874476,-547.5610012133717,-46.78426755759131,2468.816666402787,-605.4925148982957,0.01542653737381908,0.014115327662210388,0.021125813214270095,382.20323334112396,-4.218622748216021,-866.4726825519507,443.5164106548523,-2558.7478373397644,-3845.1216022629933,0.9643323217497007,1.0,1.0,1.0,1.0,-67.96592347355204,2592.9104321516484,-460.99975969104617,443.5164106548523,-2558.7478373397644,-2549.1317931085946,-10219.007918481406
-116.42799810469317,2653.044024599124,-526.6060433284639,-124.40365131630239,2612.3092265356718,-552.3792310931881,-123.95232658697793,2577.6649791168093,-599.1124198398184,-137.6844159075624,2516.239062981543,-614.5569576587528,0.012332610321202172,0.01716378960550394,0.014971266560448532,-439.00010152019195,-26.700618783715885,-811.6341889401835,-350.7379761321358,-2906.9920088998465,-2808.7660044918202,0.8755323335128461,1.0,1.0,1.0,1.0,-116.32116347862859,2647.732029404147,-531.7632932589355,-350.7379761321358,-2906.9920088998465,-1592.275547253128,-9564.862896597375
197.97000292333118,2487.6415257932636,-923.737616431129,189.9473706110098,2440.2580534114854,-969.2190813830634,177.45576533885526,2398.076543935478,-1026.23388335793,164.15570156485012,2351.8550122324464,-1075.827061013965,0.013276361588425451,0.01657462959558103,0.015355280442887875,-344.186191932789,160.28969334334204,-974.7676718214691,-705.4500629180814,-3031.978878483027,-3098.6550827213514,0.7247937283731062,1.0,1.0,1.0,1.0,199.01035651413372,2494.913429775263,-926.0483192906191,-705.4500629180814,-3031.978878483027,-2944.724164405797,-9551.77098359817
-345.0368728062662,2574.6206516367797,-903.6157507758893,-320.22427606374487,2523.373225990171,-958.7536653736379,-298.72964513782784,2482.9571979247426,-1001.2144290762039,-284.75614438177274,2442.3844147779964,-1063.0594517491206,0.014038038072789524,0.013630530580725594,0.01745859460434672,591.4072146453819,256.25133203128155,-915.3938420989826,1182.1921299596602,-2950.6208375277683,-3222.7998754276678,0.7398728367421388,1.0,1.0,1.0,1.0,-336.6136073729525,2572.488689490577,-904.2193849518144,1182.1921299596602,-2950.6208375277683,-3188.196468823746,-9931.662137779584
707.3981983340731,2511.794307505929,-870.1589176557022,683.7310797385077,2448.6387888626696,-901.2767767414657,656.4854352610176,2390.6901792531125,-923.0045614220293,647.3904561039983,2331.3706863949105,-964.0381555161568,0.016253914376129105,0.013167814618053962,0.016791698439597838,-143.55353077430667,37.47825953250185,-894.0348202756528,-1378.436457282351,-4020.6328483208385,-1875.9896336374813,0.5687865725662196,1.0,1.0,1.0,1.0,704.184890454339,2510.1674612498173,-870.6866138061837,-1378.436457282351,-4020.6328483208385,-1751.427604349854,-9676.788840500625
-184.15181631335048,2479.9587212621013,-608.8644390192243,-170.84387593870505,2438.98642703677,-626.4732036622652,-154.1117431241219,2396.094511036047,-656.0641777184793,-139.96772547194345,2353.6534325888147,-689.1409989644796,0.017653032469371683,0.013598316930557415,0.016388942742721135,497.44329229884926,66.77255196574538,-831.7948856405579,793.8633337288493,-2831.9379874430756,-2590.8410247862907,0.8073597078573505,1.0,1.0,1.0,1.0,-181.30985803931594,2488.079531229579,-604.9025846045215,793.8633337288493,-2831.9379874430756,-1531.4314144197713,-9625.020494186143
186.40979653679614,2450.385728289092,-1076.0967520433949,190.30381037206192,2384.1119763843094,-1105.3659777793187,200.67190203419722,2306.297829017826,-1149.5331556951994,208.66020420915262,2245.818406070885,-1113.2381236262108,0.014757254282631752,0.018349997877853026,0.013972756254975169,595.5927457682583,141.11710870468312,-994.2692814344764,808.6277719891851,-4444.5751251031115,-1983.2970803183625,0.4729199915845404,1.0,1.0,1.0,1.0,175.10630433388212,2452.296173758301,-1072.3061389179754,808.6277719891851,-4444.5751251031115,-2325.2055113117385,-9435.389164097334
579.3174106141545,2462.3194705230453,-717.4071502433932,563.2541541378113,2405.402279208087,-749.6875395751508,540.0649141312699,2365.1810658066033,-773.2640071189181,522.9575649905294,2309.3972707351363,-795.8282169059347,0.015071010210412123,0.014524949025789241,0.01327551192725947,-386.27362091234386,-160.29387082729983,-800.0255440694382,-1334.9617132545898,-3621.4902987184064,-2110.3140914358473,0.6821285288365397,1.0,1.0,1.0,1.0,581.5736211972333,2465.2865957435447,-706.4746569671495,-1334.9617132545898,-3621.4902987184064,-1603.8934542916934,-10056.41088765347
-302.05595422939365,2451.432411647598,-454.40426887186,-267.7664612616405,2374.074926403759,-459.7839795718547,-251.81761027086844,2298.979286825748,-464.5118689238356,-225.19218949980635,2230.282072262554,-469.63210638303633,0.0156562705401488,0.01713793194004666,0.015681209813816356,521.7917007069079,209.93230600842088,-874.5444803538613,1774.9405314861071,-4820.109559038969,2802.808935282917,0.4165245877059885,1.0,1.0,1.0,1.0,-303.55564643413175,2451.2832509615437,-464.221610118492,1774.9405314861071,-4820.109559038969,3.396612276053137,-9573.039144000593
222.34864646180537,2465.529812046175,-738.4066668780927,206.68737343523813,2384.046842073104,-733.4160212024509,188.7986489193878,2309.4313624706906,-729.2471873517102,163.2707689753306,2220.9806593775916,-724.8776381606685,0.015273947699159355,0.017535382453043716,0.014151020277981728,-326.29121269755535,79.4853980931342,-858.9104563429402,-1129.9620208117747,-4918.883365518106,1627.8410533516546,0.4380396495698155,1.0,1.0,1.0,1.0,221.7403673961553,2465.143830369415,-744.3146548123216,-1129.9620208117747,-4918.883365518106,619.7116947548371,-9888.04465169308
337.1448114543718,2434.815225226247,-474.3265594547856,323.0657765802823,2395.0376546260454,-492.4303435051911,321.048105483994,2355.8855240538287,-490.2387484321341,298.99435319879404,2320.021407252123,-503.9663216688685,0.017801619587940246,0.016321144631890765,0.01363910649126377,-401.816514282746,106.89964381115252,-892.6091850855781,-735.5275273511356,-2313.6998549132336,-2857.300185360363,0.9572381292889057,1.0,1.0,1.0,1.0,337.3886507051451,2432.1679979989494,-480.35499820362475,-735.5275273511356,-2313.6998549132336,-267.6462479884943,-9815.628102117464
-482.23296566441775,2580.21010453263,-642.6747184861958,-464.52806998617365,2540.710118194464,-655.5336362514628,-453.07627104297285,2488.767146625408,-682.4384853187054,-442.0713351665181,2436.8992852659567,-695.2889693517805,0.014545793915765637,0.01390858961745695,0.016856166742175493,261.1662157033929,53.51101110709597,-877.252651623892,912.2382108035125,-3098.430697831575,-2480.840457133365,0.7696894497246025,1.0,1.0,1.0,1.0,-482.3079261014708,2578.73202983982,-639.5689807494952,912.2382108035125,-3098.430697831575,-1198.811737512505,-9925.001871658293
-347.5786661574312,2697.268569783189,-492.718474814605,-346.9246142594999,2644.745885649425,-534.8099097972015,-348.8138191626072,2616.9498408860495,-564.0033117086366,-342.9821432445724,2566.635425857481,-605.0161675658873,0.015399048109692243,0.014867124257628015,0.016631181600361065,-438.91358585763015,71.33200145630404,-939.0325568527718,-92.20291936288857,-2583.558142744395,-3646.5788030228236,0.968102646032319,1.0,1.0,1.0,1.0,-345.32762270429953,2693.643516341865,-488.41593072496937,-92.20291936288857,-2583.558142744395,-2131.244908290518,-9714.901468214694
-158.15491179242002,2525.900198988202,-656.8983823524158,-151.84484851675174,2488.9627109840408,-656.4451781173424,-149.66394363433463,2451.4037479024632,-674.8749755348969,-139.49736360703244,2410.27329205864,-685.2086293090384,0.016240250140576316,0.016828333356291785,0.012622898308297874,28.336165384301204,390.70940339940506,-1018.6536075376542,214.02568015005096,-2425.353871508643,-2735.931955229122,0.8343085181948346,1.0,1.0,1.0,1.0,-160.00643314774368,2525.020810327017,-647.5229453621912,214.02568015005096,-2425.353871508643,-473.26024285211804,-9783.248551851928
327.9374701209148,2592.758914252005,-560.1467099515341,319.129984719679,2539.2952164478747,-598.8674625106089,315.2972174325266,2510.9067129759487,-640.2673866600065,309.50040686961944,2470.7925933635097,-672.0896269088815,0.01251283083421517,0.0197517293591361,0.015880126153212777,-71.72470291269534,231.38990177996726,-1012.0275509840042,-419.4408991769983,-2458.383686643819,-3670.24772960211,0.9118553136534366,1.0,1.0,1.0,1.0,330.9385602972226,2591.4382409580267,-566.7284142844165,-419.4408991769983,-2458.383686643819,-2138.2175362681487,-9992.18934288558
-124.49247420984486,2473.1824993908435,-684.2360470167241,-112.99555751840451,2431.3146894862275,-726.3545516826857,-92.70512810720824,2390.318614607071,-768.941454318353,-73.3056836006164,2334.831168100964,-809.5527583358243,0.014911543426134087,0.019579693006966555,0.01728198682089216,664.9331967865531,89.7483243697028,-803.3635303265114,961.8377600905096,-2891.442338412203,-2743.5096069907045,0.7732267767460078,1.0,1.0,1.0,1.0,-128.5829552881188,2475.188253559767,-692.6164983726871,961.8377600905096,-2891.442338412203,-2321.097907444957,-9659.389204997431
-151.98453942251604,2624.2232106940123,-512.5398199938945,-130.55579222228437,2579.4436756883106,-508.11685500724764,-128.606095445549,2539.103368711734,-523.2518240642535,-114.32162881299074,2492.1045310786894,-516.5481420281469,0.015170670100064908,0.01757677976347474,0.015308795633286264,571.2865049871763,-143.94037428816802,-801.5824461148367,741.9541479721393,-2857.9067283539234,-2386.765521541036,0.9219437545031748,1.0,1.0,1.0,1.0,-148.40901854579784,2628.229152215134,-511.883717714975,741.9541479721393,-2857.9067283539234,57.795078597500094,-9827.134925946288
336.54888103814693,2652.4711443979318,-447.9061740912447,325.89425444951513,2612.628953880918,-482.67568633404113,302.4584139307777,2582.9848429182,-512.9248173793305,291.0408704995431,2541.839407781968,-541.4305199604721,0.01703974262573546,0.016341304154127264,0.01617509487133654,-524.3485091265062,290.3169674564808,-956.4797958529787,-842.4773029176522,-2317.1943917530734,-3657.010885839282,0.970443858348801,1.0,1.0,1.0,1.0,334.9783398495009,2653.855247044612,-449.0172617707748,-842.4773029176522,-2317.1943917530734,-1808.8154603106325,-9953.553873058157
-481.79906079213663,2493.726026373424,-848.4214049448171,-475.23287250026925,2424.521227732011,-867.5781997748968,-473.9519455526779,2367.475552150752,-896.9460745782316,-464.3884822599024,2301.7475320563353,-925.0759199903346,0.018301616209638327,0.011950264491928955,0.01981923620725358,-270.4956598623533,79.87653994323227,-1011.6786263601881,319.44214883222696,-3644.2597147294364,-2275.1583638695115,0.6099288830911797,1.0,1.0,1.0,1.0,-481.3274780916245,2485.087951664662,-843.1089496869354,319.44214883222696,-3644.2597147294364,-1351.377020747811,-9938.7471546131
-108.41403984457115,2611.6013433261546,-607.2989945514312,-103.19140540193649,2563.0887790948955,-619.1464437331867,-108.46111949970796,2523.910281345114,-653.9458226262628,-98.55323964724433,2475.587384954405,-669.8833577305793,0.015709411424701766,0.01341161334116291,0.019305902239293873,14.732279234151035,54.98842541766558,-964.3255725906811,137.69050358492404,-2873.0125796889674,-2934.743384548714,0.8415730729948421,1.0,1.0,1.0,1.0,-107.81226895643101,2611.969621340843,-604.2263243666451,137.69050358492404,-2873.0125796889674,-1264.0636385036778,-9740.49238961604
289.0632479717384,2596.597093386127,-930.9785964514463,260.2200365309855,2551.3062415485806,-980.5557657337316,247.97039400307003,2491.4078734347186,-1036.2468064942652,235.781323187174,2447.2258964458015,-1090.7218458418092,0.016950709643757937,0.015764155897732546,0.01515790026984671,-566.8168828303203,196.00032069158976,-911.111118678352,-1170.9760361117887,-3298.8672402011694,-2910.9131862074128,0.6821272341886634,1.0,1.0,1.0,1.0,287.9956235312857,2604.1734060384388,-932.1288679973045,-1170.9760361117887,-3298.8672402011694,-2981.3004186455714,-9856.43868469898
704.3366112983118,2545.938349160187,-836.0213788658313,698.554412234905,2499.235836251516,-843.7968762359003,684.0718180909965,2457.735792264128,-846.2787663926679,665.0492018085155,2410.6983368886617,-848.5573412998912,0.014185497806075751,0.01600800678947309,0.014454342395579797,160.4085518391654,440.91291876749693,-1010.8804095619871,-805.3657014948562,-3069.491815873213,-1836.6747331829768,0.6403521530088718,1.0,1.0,1.0,1.0,712.0840573631447,2543.514812640649,-840.7627325955762,-805.3657014948562,-3069.491815873213,-3.338408348560762,-9915.184150576748
463.14278932095385,2562.078159662747,-691.2391143346701,454.2016931524619,2522.9393842523405,-717.6532632284762,448.10148476646236,2487.5668825064877,-747.4573407276306,447.9697220839583,2443.559631656455,-786.9521638478292,0.015527708539732985,0.014519003194278821,0.0149906723571403,344.46777007651957,187.53150477467423,-1009.0747222718525,-123.16103025006419,-2831.37630628643,-3083.930995346204,0.7999626159088485,1.0,1.0,1.0,1.0,448.53884063782016,2580.0444835867133,-689.3585358188111,-123.16103025006419,-2831.37630628643,-1797.5476812666675,-9820.968524756061
-5.365669422860728,2471.8096020891135,-717.3943037882239,-1.5829685883141345,2430.1735449573207,-746.8785173691632,-6.794827736712883,2384.2249881241974,-778.4880976871859,4.96239601190552,2352.2667987678196,-811.5032169624203,0.01309199012284484,0.016893064736124987,0.016945186913942714,264.5094896674073,368.4528239082887,-1016.4699658730093,330.7467227593887,-2509.606151198462,-3093.3420524139337,0.7880697582270881,1.0,1.0,1.0,1.0,-11.664023836681281,2463.9739601590118,-717.6220848519001,330.7467227593887,-2509.606151198462,-1934.3128001112398,-9749.689805799997
521.2682334780725,2526.4985831001686,-620.0496436431843,518.6815074207966,2483.4800023843136,-652.2032767721715,517.9203543117042,2420.27120184938,-685.1923624919169,524.2319326820854,2374.5177256953148,-716.4393848368663,0.014947847414998047,0.014874659377118318,0.014995562876915329,567.3077526137652,-31.142182622831122,-856.4919977535851,55.62315048480914,-3057.1946337470654,-2696.0272912104297,0.790181930330969,1.0,1.0,1.0,1.0,520.8624219589548,2521.6153365559753,-623.4627356469418,55.62315048480914,-3057.1946337470654,-1619.2732610354192,-9970.731048356094
-409.0291435768539,2516.7422040828897,-478.09859381836833,-409.6692149947299,2474.948396976077,-503.1274717126932,-397.71056262041924,2426.1469692197365,-541.6503918369491,-404.9605387747463,2392.4374873913002,-573.0030756189519,0.016454352530648718,0.016391168714619198,0.016929611937512412,-156.84921352266971,-13.295654606430205,-905.693520351781,258.55590716626466,-2560.382642751295,-3302.369350854335,0.9402248668172204,1.0,1.0,1.0,1.0,-412.8195616172694,2521.4831617173563,-479.91305043209127,258.55590716626466,-2560.382642751295,-1632.0083787824979,-9678.974993860647
-61.777613331108476,2441.7425271759794,-697.143178256311,-48.7944597560785,2397.701379814242,-763.3088843775199,-49.27370713639133,2368.461631713481,-808.3921767289386,-31.598585302087727,2326.243166959917,-864.0579247647311,0.01410705066628559,0.01578650383149719,0.012382940840021218,662.6713637566783,162.81447371202967,-857.9374061346305,786.87480736421,-2470.319715504937,-3637.2244052948936,0.8827235046621967,1.0,1.0,1.0,1.0,-65.18783305521663,2447.8602105541067,-707.1180724580028,786.87480736421,-2470.319715504937,-3200.395528823212,-9904.165904179414
152.07542142700692,2511.574474772997,-501.6542319424173,158.23655845205624,2480.4438965609415,-497.4980441047511,160.05166369527717,2446.0800655170624,-503.63498099995235,164.25407464060282,2408.609342778953,-504.5889389173104,0.01811887474326254,0.014816492900931042,0.013330645979362142,404.58958923754807,303.38804703458425,-1013.4165875067322,238.8587166169264,-2096.9893215966167,-3222.595519166649,1.0087339863764437,1.0,1.0,1.0,1.0,152.59364320669124,2515.7117813190216,-500.78436437583605,238.8587166169264,-2096.9893215966167,177.0412941012915,-10099.202602509757
-314.23376039921095,2465.981364157001,-863.8750627944836,-289.31303697370606,2396.710615952196,-887.6775486685107,-269.6552724087121,2335.6001707213677,-916.9323874955066,-244.70792013333352,2273.497940971248,-953.0540906410212,0.015760024557538953,0.01722106744582408,0.013367139881373918,594.2048212927914,212.7416232675896,-828.2050726729165,1613.6468111886463,-3982.591671720738,-1427.7385114489775,0.5186517681152635,1.0,1.0,1.0,1.0,-317.5056270287929,2462.9059177898025,-864.8678986976043,1613.6468111886463,-3982.591671720738,-1661.2816554800545,-9835.76025333884
595.53372718471,2528.1530312785894,-880.5881099660782,581.7593737264531,2469.143337589565,-902.5985107464553,567.7224677796816,2393.6517737905137,-925.5301075886562,541.5178966427465,2336.903950170157,-935.0144176333749,0.013928834186421811,0.017758743779188093,0.012767385325881259,23.910099774072336,28.005608357857266,-984.2224414916542,-984.9320813128518,-4314.299869452649,-1803.5039913257633,0.5355450367085093,1.0,1.0,1.0,1.0,595.1707069355275,2530.2995326403943,-882.322235042225,-984.9320813128518,-4314.299869452649,-1093.867325279168,-10091.261695769912
-36.713256349662075,2457.269662744019,-967.5886778106533,-56.26722086483259,2373.71050927011,-1003.8578080152902,-67.5022282116829,2303.821378833921,-1035.9437025720106,-70.53633920880415,2225.7842156296792,-1075.6673477874497,0.020418944782687826,0.013921970247073426,0.014793592293384297,-383.6365637463712,42.79394528175815,-836.6204423352848,-682.37702741678,-4826.3979430518175,-1342.7917779053578,0.4508654926768548,1.0,1.0,1.0,1.0,-42.44805003798024,2455.992916807666,-958.011091679001,-682.37702741678,-4826.3979430518175,-2052.2574840101624,-9919.380848630202
-331.08818486708236,2618.858110206747,-625.1483936946936,-315.0176707130312,2579.5364043476548,-648.4871602226301,-305.3368900612807,2536.3027950425185,-682.0572689015563,-282.5724563808657,2478.799209221077,-710.1101401561787,0.01252724032458364,0.01458737681921547,0.013888730560193553,541.7686316943982,193.37366311472442,-893.9002239269165,1006.9036728279438,-2802.001549869671,-2839.161332916578,0.823996652296008,1.0,1.0,1.0,1.0,-329.2030453017739,2617.1050037520013,-625.3612689953076,1006.9036728279438,-2802.001549869671,-1693.459079585522,-9670.068103207912
355.21811682447355,2504.3523487165426,-902.6955777590871,333.5979291611499,2444.466527974276,-954.1241260156813,315.3319944672515,2399.2493424008494,-1001.1212192363238,288.1485346465787,2340.9750691127383,-1064.4333947720004,0.01331189044396374,0.01551341367148998,0.014869679045485914,-614.8682773577973,-89.15750328150267,-809.3992914143214,-1289.2857022898654,-3448.3707273713912,-2925.3335515730846,0.7063050168390609,1.0,1.0,1.0,1.0,352.09599935960125,2497.120542247043,-907.6021124700617,-1289.2857022898654,-3448.3707273713912,-3245.1063387528025,-10043.079757253283
616.0326892059466,2469.8359697510364,-726.6443189089325,610.1001484856934,2420.6162666605,-783.0712713437938,606.4702915913679,2382.3169019791644,-836.3792291867672,605.360145292329,2334.448470363906,-892.7261435310406,0.017144666645538674,0.012511741449907084,0.016035193885232918,262.5053599207687,-360.2400992833086,-808.3045015586191,-393.3381758769174,-3166.8126143320897,-3440.783087161165,0.849308398019322,1.0,1.0,1.0,1.0,614.5430273306122,2474.0571905439083,-733.269252246213,-393.3381758769174,-3166.8126143320897,-3217.949238440861,-9889.583429538088
572.6282202082849,2557.292423153018,-506.67315093978215,575.4087752416547,2520.272035879393,-510.4705881677872,560.2810432618626,2487.1522358066827,-527.7282396289651,565.1265897401206,2453.6967285936853,-541.1531787192929,0.015659419670011835,0.014059616966208806,0.011588436979842638,381.86797302028424,-5.259011389846975,-925.3812534825975,-201.62581896121182,-2643.3331329895764,-2960.9923953866632,0.9286925263839375,1.0,1.0,1.0,1.0,577.4450174126573,2558.7741276100396,-502.91616605048057,-201.62581896121182,-2643.3331329895764,-644.1163664863765,-9886.258456614201
-25.174896087995478,2575.9219599574103,-559.9264556169754,-23.24136061177029,2538.2367204494153,-609.8574735081697,-8.665016291098336,2502.7500561891984,-669.433871965247,-8.305345830376755,2456.1479300243586,-714.2930696397008,0.015466714739185924,0.01446851781453392,0.013106995290343901,646.8756159201498,-134.64135448518076,-808.2297614643745,646.2203484328742,-2593.357930218068,-3975.7651138745878,1.001957772155936,1.0,1.0,1.0,1.0,-28.424648192202426,2575.4176825927016,-561.498248654211,646.2203484328742,-2593.357930218068,-3320.0708190959385,-9695.310436822152
724.597306402212,2530.267901460208,-928.7622511439437,724.2050331998985,2483.4177605308987,-980.8125936211347,711.2096021117693,2417.9118527441665,-1027.1225009864127,703.0979174194041,2355.9772115685464,-1062.8681671879194,0.013113376716601646,0.019539240843825464,0.012408832646758475,331.76558910556867,127.73961806076477,-1015.2807382608161,-589.8097741280083,-3562.046275746946,-2702.3701647541775,0.6299385497928149,1.0,1.0,1.0,1.0,729.8871866419704,2532.1208541899555,-935.6313190250238,-589.8097741280083,-3562.046275746946,-2396.1694263915374,-9804.072061979628
284.59016297082707,2573.998485097575,-649.1119161890908,276.4630638347596,2534.2177719108936,-690.2462900415854,266.57432403783423,2478.068055951834,-730.3252951927508,258.82727466379487,2434.4084346965565,-768.5735753551149,0.016317261027279994,0.01813825353152532,0.012859325050512932,-322.20778646128645,-133.83073052481998,-809.8890607033866,-720.3381460016041,-3175.1134068443666,-2847.6494696842633,0.8076851603906824,1.0,1.0,1.0,1.0,293.68132837008534,2580.8912323271206,-652.8314087041588,-720.3381460016041,-3175.1134068443666,-2252.576826165426,-9663.564915661456
84.11801439703953,2599.564524840169,-612.1712037772858,101.05007196049218,2555.4765622677196,-644.1437478236163,109.07345603224029,2509.422799170625,-668.9898892009077,119.85830095550615,2462.9641457327543,-704.3944584859852,0.01990657329405305,0.01320857435657517,0.017828723721520744,661.6886294199575,94.7045866123566,-827.9402694349192,680.398461187117,-2968.134566375353,-2662.789208413949,0.7940561286278517,1.0,1.0,1.0,1.0,86.75192971684373,2602.778295199541,-609.0923322403414,680.398461187117,-2968.134566375353,-1665.5311744834646,-9863.075827898625
615.816371060829,2476.053015491161,-948.1622855107064,619.8162819632747,2422.8488823233433,-995.4601645509548,616.7904869984125,2373.466697862972,-1044.1432648026093,608.7608420040164,2311.7854202019894,-1095.0839851810128,0.01594350868554478,0.016325966256302782,0.015502222609850104,587.6956106510247,61.64814725816569,-998.2539871283121,-45.99979398703608,-3500.7425325709314,-2789.932627446447,0.6422283024483029,1.0,1.0,1.0,1.0,619.4354685020817,2477.160494732107,-954.8174200323291,-45.99979398703608,-3500.7425325709314,-2634.1830174839233,-9729.705513382174
145.26590194845056,2637.081917574866,-519.6283202429399,157.0898173825521,2612.273933230302,-558.3756970334348,143.88800648157317,2584.6261139922804,-615.9842914837077,131.414783864849,2547.925810385908,-673.277366246444,0.01465446790697969,0.014846295804125132,0.016422421857211846,-192.5375144974691,451.02552546745164,-1003.0593652323307,-319.6739744362496,-2056.174706052277,-4378.3986612098015,1.0190768144316826,1.0,1.0,1.0,1.0,147.91526827713733,2640.851587413142,-522.6670816047805,-319.6739744362496,-2056.174706052277,-3084.471050509825,-10051.043101379377
-157.0437191739454,2430.0,-739.1598246914808,-156.90162503777412,2369.0240563238663,-748.2544221546742,-148.11967304527758,2301.155227830078,-762.0243668897016,-147.3830782963191,2247.5341618878474,-784.2541686472119,0.012422365308126723,0.01896714601949283,0.009826649915788736,160.20799526507153,-362.02091107567264,-804.6690153852974,486.53425992626757,-4234.349289419986,-1197.6774150290153,0.6187838387565922,1.0,1.0,1.0,1.0,-160.90461628626542,2432.6496199415133,-742.0430664144033,486.53425992626757,-4234.349289419986,-451.68569904638287,-9826.75302269628
708.7624027823988,2449.98589068687,-760.88538845101,686.3926180115927,2399.511009219674,-797.2688351683718,670.2740943138484,2351.783014275522,-844.1374942451812,648.7092370509549,2302.0361993345664,-886.648295886733,0.016766008733787297,0.013777145624420485,0.014730948870839027,-204.32993122829393,-106.31197271733434,-811.6230836807514,-1173.261770140106,-3283.5975854205562,-2682.584706303006,0.7347258967709538,1.0,1.0,1.0,1.0,710.8142494809892,2454.8941439107,-761.0628848536678,-1173.261770140106,-3283.5975854205562,-2491.4788399745435,-9780.473177701608
-15.409222764734174,2440.0479191299087,-585.9567510378738,-27.646964573545382,2405.341969774514,-609.9003595321798,-40.386828875642,2367.1634090343327,-642.5146240307939,-49.01039065640509,2327.415573439888,-672.5904786542274,0.016537715121401866,0.012719164825246425,0.016164707613708935,-577.298048046307,100.590145267928,-856.0943541546008,-640.8559923838188,-2696.1589376848788,-2813.801465980497,0.8245784124396435,1.0,1.0,1.0,1.0,-19.753334672385108,2446.248421053765,-591.7799922804695,-640.8559923838188,-2696.1589376848788,-1644.589688093809,-9861.75182028656
380.16176869223943,2603.390913275892,-596.7668894227041,366.24322502441004,2562.8373172241554,-637.3238847119601,376.7811468436921,2519.6428523673385,-678.3630302235526,378.0921726562745,2484.5427346380266,-721.4609721981817,0.015492326071079211,0.017452393513951017,0.015124553500678144,508.06924245990854,95.84952793375378,-960.8846543526954,148.0218414608386,-2664.2766172669762,-3702.43194676491,0.8919307269142923,1.0,1.0,1.0,1.0,368.9287114867161,2600.269548164704,-602.038363148981,148.0218414608386,-2664.2766172669762,-2532.9056389959383,-10161.714194837567
388.9679592802822,2573.110939432428,-540.7309798117464,382.9519473289751,2551.543193427198,-598.2621660634134,386.84556948924177,2510.3383996150387,-655.3988272455733,377.3795978635179,2483.802393968345,-716.7245693785845,0.016159713401174135,0.01804750732765125,0.013372297779929106,266.97774012942625,287.6529195461476,-998.0910453186477,-106.47724225289257,-2044.4563018615547,-4667.61518862082,1.0724204814912437,1.0,1.0,1.0,1.0,386.2322514526635,2577.4439776310896,-539.4446760910789,-106.47724225289257,-2044.4563018615547,-3567.7568619232,-9875.065030312258
51.49661399971478,2487.331789498458,-575.7158608198193,51.428871744581386,2449.1694230066983,-572.9530266280125,62.17915095381995,2411.208058608401,-557.4531712510949,66.90642200740159,2372.448959133675,-553.7964248026723,0.015466944441564096,0.015167516531699243,0.016024281737615664,341.9262019424396,-166.44674620240062,-804.9009729811772,286.1818235951472,-2673.5750523832676,-2252.2889151742834,0.9483412572891218,1.0,1.0,1.0,1.0,57.175287465268866,2493.760430918951,-575.9237715469533,286.1818235951472,-2673.5750523832676,722.6481844728003,-9937.279591345823
124.81791049560688,2509.594082712813,-759.6303273110132,113.69976838038414,2462.115333412567,-806.4754830963907,97.93344139189709,2408.622958048822,-852.7732049024646,80.5668294333944,2354.226036865632,-914.5596030522024,0.01559246653422411,0.01745088121124013,0.014305672734376086,-516.1095111046733,5.287868958455219,-808.3226427288823,-777.511732914164,-3035.3051905025895,-3000.94343035553,0.7776509795201603,1.0,1.0,1.0,1.0,125.33766854951136,2509.414651123089,-757.7795807199888,-777.511732914164,-3035.3051905025895,-2830.739768441952,-9821.690289127126
-287.68398801414975,2430.0,-983.002574214616,-278.2110104125072,2357.2077872410423,-991.3981565421142,-261.22144008256237,2266.554697122241,-1019.7585935500363,-242.64018375502408,2185.7953375921325,-1050.9424903927295,0.013995747933885055,0.014470762746192025,0.01673343063240648,192.55299475308766,44.71842634581487,-924.7929174032809,1057.8156913844396,-5189.408440219755,-1173.592700242154,0.41480005868751674,1.0,1.0,1.0,1.0,-294.04222328375454,2431.8463088469016,-974.7103401279926,1057.8156913844396,-5189.408440219755,-1529.4965793373926,-9635.11522417411
526.7881288960401,2669.1700922477517,-672.9013457020428,533.2918377558552,2639.250347824913,-711.1198734193158,531.0032894017984,2596.8348649091595,-754.4244588305642,519.3792481828945,2557.5154907263313,-787.0261531380781,0.014588304092582716,0.015232990630772016,0.01651084057209899,392.70626759754214,368.0788065931366,-1014.4674281497979,-155.85401163561465,-2521.6958384082477,-3609.6099793382705,0.8686678647045469,1.0,1.0,1.0,1.0,535.3126882441343,2675.430498736674,-671.45381148842,-155.85401163561465,-2521.6958384082477,-2500.5260413372716,-9878.921161389724
-244.0530406985689,2443.1364211854548,-690.4931475615967,-252.25404366527732,2396.0120548828204,-683.9765507068669,-252.30081918706173,2361.808113864362,-694.0686461569295,-257.8768863935138,2323.5578936020984,-700.9930927282529,0.014088722199919216,0.014213751809481501,0.015511602277781186,-529.7810590837465,215.57541387806077,-1017.6925937647239,-323.2940983443683,-2510.7342192091533,-2526.5634917450325,0.8411859237128188,1.0,1.0,1.0,1.0,-243.66578204898246,2437.5751978781614,-683.9536012783774,-323.2940983443683,-2510.7342192091533,-40.1141235577318,-9562.006233668935
19.96702612942951,2567.7660554800873,-522.9657614313652,15.442982999759815,2535.2179999319396,-557.0309579712853,20.443505209112065,2506.025629699256,-589.2742294667111,25.952679397045642,2458.1837012324045,-632.8642275465551,0.012066318785364077,0.01420620551592158,0.015995044378783914,302.59953291532037,146.3029745569125,-974.2350341984022,288.7381568702281,-2436.1998107439936,-3572.7398144966633,0.9527324313199312,1.0,1.0,1.0,1.0,15.305066829444513,2570.3217862471774,-528.5596488623605,288.7381568702281,-2436.1998107439936,-2048.7789188144015,-9611.255557567825
440.210294323128,2567.883322092548,-680.8021674564144,429.45245644837877,2523.275278848558,-693.644143671801,423.5123472573457,2473.192159153026,-725.357738753053,400.83429204198046,2426.2292991009454,-750.7559312821862,0.014526089342913743,0.012865650395636894,0.01603161286147546,-265.94600063243985,2.28739532956655,-814.3662073550079,-924.5804167307651,-3311.869123062692,-2318.3906643253295,0.7315766473999745,1.0,1.0,1.0,1.0,450.60382233390203,2568.9859657031516,-672.0026286659896,-924.5804167307651,-3311.869123062692,-1601.5772188725207,-9870.141435515165
-391.77850077855976,2505.4180135963065,-1056.0558392661148,-395.47479349144453,2433.3364094485455,-1076.5046114823567,-387.81209008563815,2362.1175276040176,-1120.1144613485392,-385.4771948953613,2291.7264840935627,-1148.6714404884349,0.015812874529477525,0.017144439690829245,0.017561702848588177,-309.0957117942491,416.6135939926062,-1016.8052487386182,179.06429248663812,-4294.297574837125,-1784.656619199721,0.4344809829311054,1.0,1.0,1.0,1.0,-395.94189365026693,2499.3479177886134,-1046.8828158706522,179.06429248663812,-4294.297574837125,-1939.3534224001805,-9567.491027882028
474.3372165822795,2512.169549795615,-937.5684063236112,477.27426476741203,2461.9478823559834,-999.0037321537,476.6878842311738,2409.156433049907,-1050.1119640533777,481.20142480190844,2359.598141846758,-1112.8179568631256,0.01414170425936206,0.016495378258053917,0.016685796705349767,522.7258366376059,65.46321033109214,-961.1430496755825,58.386580325902486,-3038.505369717275,-3486.703310740771,0.7576771207772348,1.0,1.0,1.0,1.0,475.7246394752526,2511.460032953501,-937.7706369228907,58.386580325902486,-3038.505369717275,-3419.057627936363,-10006.894218342697
110.50374184085874,2464.4132557893477,-944.7880765555053,111.9734450349743,2391.743266344533,-957.7035651268693,118.22950861121105,2322.699412510209,-969.8628109900255,125.68063138695982,2246.208447654129,-974.0516081490061,0.01348802779805608,0.015409908846784165,0.014379706261859308,315.627638326618,100.26707777726662,-1016.4962949247399,415.62731648269136,-4683.415977746058,-1305.5717658506758,0.4617223570933008,1.0,1.0,1.0,1.0,105.73584350285898,2465.392146539028,-945.0708611429592,415.62731648269136,-4683.415977746058,-568.1016217710303,-9674.765866221696
-215.31592815082826,2517.5323427026005,-459.1523594717299,-215.34555068810712,2479.8987774832426,-501.0738045570001,-221.778817078103,2449.5665373490297,-544.6748862792052,-228.84819513114394,2416.5226171012223,-601.9281972151277,0.01681405123247122,0.014998414189343282,0.016873587289423935,-629.9039464638661,91.80883226480375,-893.4135797549011,-382.7341647254051,-2221.166069174989,-3997.4078719190193,1.0413139472887603,1.0,1.0,1.0,1.0,-212.72370691317565,2512.8798476655325,-454.81736361606534,-382.7341647254051,-2221.166069174989,-2762.4923943909434,-9516.698134840353
242.48606239464303,2580.4035247041456,-571.0661405045522,246.50795385266497,2536.8531989815897,-595.1222638419111,249.4982729026398,2505.385282074859,-616.0332208978464,254.4404438899228,2483.5270440962363,-635.4307989765758,0.013960604121445216,0.016552054718534846,0.012845748894745306,266.3428315787032,382.734220215698,-1011.348944993291,21.209144047782786,-2337.078292498536,-3140.834162809494,0.8966415922652754,1.0,1.0,1.0,1.0,246.4062361737881,2579.587815164311,-572.9751377508402,21.209144047782786,-2337.078292498536,-1206.5125375358502,-9591.89357573663
-223.38849327264782,2487.6025614715054,-750.2058274476246,-210.41141476875487,2450.179980134378,-776.685174974367,-193.68663236334734,2395.21134245938,-801.0554619294072,-196.8979989414105,2352.9778517167438,-829.6312686611726,0.01627958838191519,0.01639752055058053,0.016330413835613608,203.17574086657487,173.4611885896718,-1016.5771949548183,556.8132464276405,-3034.0201757881387,-2674.987974306379,0.7159924772318912,1.0,1.0,1.0,1.0,-222.78639265056995,2494.4866230675957,-757.0469984897591,556.8132464276405,-3034.0201757881387,-1440.0818016809187,-9791.389457034189
313.28180314604367,2519.32949101387,-878.3341268576592,300.3825551585043,2472.053059105887,-903.7675566449942,278.96129469770847,2421.498941450063,-932.1253025494295,261.0473388443373,2348.05917763268,-954.8359708757313,0.014422306517764974,0.017968772410135357,0.01899355328263594,-393.68663026200915,229.01507339653386,-1013.9512857550269,-1167.5521365340874,-3766.189846992615,-2040.36761141123,0.5586153677894642,1.0,1.0,1.0,1.0,318.5201730237841,2526.390880062032,-887.3170605772559,-1167.5521365340874,-3766.189846992615,-1297.098610783674,-9795.128116115051
-89.44596551551147,2595.4635471960887,-670.3548057688453,-86.97809358963157,2550.733948599014,-707.9084043045688,-76.635070046588,2494.1149432759976,-762.6164130449199,-71.692512321773,2447.620516070293,-807.0937237388572,0.014159953588808638,0.014579521729199293,0.017481237618535955,196.78422993962525,-233.74934146432474,-815.1494259654105,319.6057686451337,-3167.1551597443704,-3198.414329639465,0.8487792870634568,1.0,1.0,1.0,1.0,-89.26293299776955,2600.8545265068924,-666.5012108740139,319.6057686451337,-3167.1551597443704,-2711.3305121290255,-9684.360956334243
452.09562952496924,2640.0535267056166,-546.3914051487745,452.9503188842522,2593.024783453049,-571.9207612553537,451.96966546023503,2547.937213227777,-597.8807659298526,466.39282300602724,2516.1148804898016,-616.6529310457587,0.01736999846024366,0.018673610263459713,0.010348479448451096,700.0376368725647,108.73077063961114,-997.190971541597,265.67361499521314,-2674.6333488431715,-3309.334801609887,0.8986079118278463,1.0,1.0,1.0,1.0,448.97607070208494,2636.2592852964085,-545.1979425964414,265.67361499521314,-2674.6333488431715,-1403.267078332705,-9936.776904011487
508.27434780427944,2511.012705204042,-925.785512695148,496.6808865086035,2470.168906519446,-968.7812635123903,486.617296136534,2420.0484347126794,-1033.1385417421654,476.220868353579,2373.1378653458446,-1081.4509467898865,0.015788130236502905,0.016559569046614875,0.01468930084492875,-52.831739839926776,241.6907925148566,-1005.4317471115911,-719.642690559308,-2910.005097271759,-3336.104567626959,0.732962999871954,1.0,1.0,1.0,1.0,508.4895587963324,2511.4947683868304,-924.3202884121376,-719.642690559308,-2910.005097271759,-3085.598429591145,-9919.378454859727
-357.8501617200559,2441.739538858396,-617.9271411052202,-343.02677644757387,2397.422745158988,-636.9229425931046,-320.56968963570097,2348.651094287212,-669.0102556885244,-304.65915325918337,2301.2390530685993,-695.635660857714,0.015406500826875915,0.015114738401890992,0.014544077479609792,696.2812820515962,-2.585120806828762,-808.2623380349701,1299.5567365726622,-2998.4346033981737,-2347.8200740419356,0.769934683291624,1.0,1.0,1.0,1.0,-362.8574582551239,2441.139080962677,-618.4148190373037,1299.5567365726622,-2998.4346033981737,-1333.8932760711525,-9831.863166953966
524.6828678360058,2452.3476472443012,-701.2689401476911,506.6720409411883,2403.665695956464,-717.8115467318739,478.16867179881115,2347.4158007601327,-722.6860909050134,455.7836564752098,2283.8810405719264,-740.9156840299765,0.019025081019230405,0.01321712625785185,0.016117143036718677,-512.3077401297419,-220.15077749220526,-801.6220718977356,-1454.5413016198656,-3746.227953481252,-1552.2843163886946,0.6666406496861996,1.0,1.0,1.0,1.0,527.6892905284606,2458.4022092468817,-699.3881580966954,-1454.5413016198656,-3746.227953481252,-641.2224734574071,-9774.409436971942
89.53539783026233,2444.4214129268553,-621.7158814411943,83.91348335463627,2407.389846772571,-635.8378651225721,75.2558128265443,2364.1066334657808,-662.8393836404316,65.05063659258145,2327.3101452166907,-688.2303724728885,0.01585888837645307,0.015054191009261364,0.016046249573962466,-348.88269029347924,364.2813546068664,-1016.1895500928089,-489.0523908614984,-2308.770760060711,-3012.511598334594,0.8530406710403238,1.0,1.0,1.0,1.0,91.26446148186972,2442.1750386615126,-621.7936412940876,-489.0523908614984,-2308.770760060711,-1241.8549472850395,-9550.793781530163
433.99663830084603,2489.274913316837,-626.8321977509542,427.9976757522598,2419.286212635676,-613.5936066395186,412.72161030815886,2362.75648481668,-615.531953206013,405.0696009062248,2289.520701538929,-625.6876523418953,0.018019718797811297,0.015326632296500445,0.014685722626118662,78.02220310276442,405.77278322511734,-802.452478055787,-717.589840245983,-4208.601378343409,1869.2548010990063,0.44696792627956994,1.0,1.0,1.0,1.0,433.2291740245249,2489.030465505111,-618.3774013872098,-717.589840245983,-4208.601378343409,184.44494965392317,-9399.954698484813
138.9045853747469,2439.29798877616,-927.8184582106621,138.27045259570943,2378.491480294575,-932.5239828174814,129.05257254244748,2298.9966658860108,-940.4360140813722,138.28853256767712,2214.1346506565105,-951.6422143115233,0.016165546280688455,0.016017609163335438,0.017347015118017957,40.261582012714,23.194891526016814,-985.3690122066553,-191.7229727017655,-4599.812357728025,-1149.3733991485897,0.4754698294379585,1.0,1.0,1.0,1.0,140.91614268114074,2438.0963793332294,-922.8973917491766,-191.7229727017655,-4599.812357728025,-347.803937708933,-9606.530544086498
34.04005932799565,2647.8492218543997,-658.1705408456587,37.50596776983127,2606.9742450823883,-688.4203376258939,39.176927750077944,2564.2882707886274,-720.9852655199691,32.66247993727421,2524.025722770376,-765.7178610671887,0.014742780939003143,0.01622853282343154,0.013562989860251888,93.76174530141068,454.0588026359953,-1011.5703663151804,76.46534242842932,-2527.109783679892,-3249.1920717883827,0.820465696377314,1.0,1.0,1.0,1.0,27.619224100819565,2640.0087655190996,-660.5435250257824,76.46534242842932,-2527.109783679892,-1873.5172414171836,-10038.847751504902
-129.51736267916098,2438.86700486474,-626.0479421968544,-109.70789476476926,2399.836689551119,-648.6650878100193,-100.93352052974815,2348.2258279035013,-670.7086721680663,-98.94921455495734,2295.8314210871035,-696.7282373831706,0.014623090283192608,0.013621637625604558,0.020193791861201994,485.3072313078122,66.11884312203249,-814.5823530224604,773.4770423992067,-2987.388972560669,-2193.376778959658,0.7465614802300015,1.0,1.0,1.0,1.0,-129.60701739955584,2441.093076307768,-627.0384635502832,773.4770423992067,-2987.388972560669,-1027.256332620492,-10014.21113634574
233.0955579408109,2438.78828801026,-855.7443689330865,239.84347202749288,2384.0162278882685,-864.7106735001203,234.43347531946014,2338.0715033937886,-879.8790254841998,235.10434724119946,2272.7037650379566,-894.481132131779,0.016095356984491115,0.015282167310293842,0.015548947143801645,196.22444985154513,183.20735432603183,-1018.273821921935,-64.00368114345454,-3552.7411604606586,-1805.8345969717143,0.5880735285614138,1.0,1.0,1.0,1.0,236.8667873776376,2439.1979912185534,-863.042232389399,-64.00368114345454,-3552.7411604606586,-532.0376265210724,-9592.870780005154
272.51185715682396,2458.4609303164334,-448.0647286380343,277.4943141970569,2421.9920855303367,-449.09234073767516,280.7297795283799,2395.6983659254474,-448.336301117399,282.71813848557167,2354.982982575624,-450.57565896497175,0.015357153418968308,0.015345695701455622,0.017206687021208047,422.59110454865004,76.4446024386238,-932.6465946946852,136.61273509352975,-2250.807288867275,-3134.1928702323407,1.0120904638583674,1.0,1.0,1.0,1.0,277.78160534951417,2462.300328637932,-448.76053271312514,136.61273509352975,-2250.807288867275,70.64674493563885,-10145.548931003948
93.00998932489138,2434.9185260515164,-968.8077115670393,85.75627687770952,2364.3093682790313,-981.7351190640098,91.87949693075201,2298.6466678738448,-1013.1106668977394,96.66023532648195,2226.3432640613146,-1046.810995445029,0.014133760361850902,0.01693773038641549,0.014164900781415187,127.95868670518946,54.48783148839731,-1011.7681138050549,80.89273287857081,-4755.711522420701,-1684.8859697551447,0.45476360847031877,1.0,1.0,1.0,1.0,87.51232026590446,2432.3435926987486,-965.8669412788308,80.89273287857081,-4755.711522420701,-1382.4113916128406,-10112.447214537178
208.33791419636532,2491.0487831484124,-875.2912781977542,224.51836098053732,2437.7149166250656,-889.3627925750712,219.32434555161973,2381.8696161148223,-897.9025798391826,229.70544633700626,2305.084235316435,-932.0234101249392,0.018222150344513362,0.010408002644630491,0.01843425391353072,437.9764889577972,39.04293368261651,-887.4864717689455,381.1372260908877,-4203.8900969585875,-1502.1347286852433,0.5379355930973259,1.0,1.0,1.0,1.0,215.01121169462658,2498.318640403388,-868.4775596690453,381.1372260908877,-4203.8900969585875,-1378.420542601909,-9382.907888270558
163.66022796256354,2595.862840696081,-528.1755226890263,157.02052185329785,2544.8299677200403,-550.711238535754,153.41387806884046,2493.4159730401284,-578.9707776995554,151.84475304535985,2459.858996320082,-621.7383728593885,0.017570658852869712,0.012822828725908949,0.017553112190377043,-75.30980363669117,-52.79810681259562,-843.2688128183745,-251.0514178112797,-2826.098139226731,-3066.1743035132695,0.887053400230845,1.0,1.0,1.0,1.0,159.4232720168552,2589.6036533643933,-521.0898003033298,-251.0514178112797,-2826.098139226731,-1756.4991566375736,-9803.003560770343
-449.94575848253646,2522.6122650006946,-730.0498448069083,-448.09082743585554,2454.7394347381605,-762.1186728791749,-435.2036752684596,2398.0521865521237,-796.1582360805304,-434.52534541012403,2349.0447984515677,-828.3876802156611,0.01890179328175777,0.015557106664336354,0.012746335803785876,-178.46979657918834,-131.29385822762967,-801.6511642743677,400.5952760479956,-3901.7616458526613,-1892.8638438759351,0.6327947642501205,1.0,1.0,1.0,1.0,-450.8745842918272,2521.9040609521717,-739.5997960261047,400.5952760479956,-3901.7616458526613,-1524.4903086776255,-10148.272027132252
288.6506911823296,2509.1346707182056,-782.7509013750572,292.49672415094386,2463.404560078617,-791.0992990565178,307.07204905640754,2409.6398868994293,-807.6840171672353,304.7831665251329,2359.4722745105414,-820.9699213018807,0.0157426094022759,0.013928573315630677,0.016095837096733585,523.4665528581583,235.52288650756657,-1017.5760303912267,330.8802021557382,-3136.235576465844,-2232.98877434709,0.6792329801853604,1.0,1.0,1.0,1.0,283.57840629524526,2509.2936794453035,-783.7846035479854,330.8802021557382,-3136.235576465844,-629.8803904966354,-9816.500160550233
14.51326939941077,2594.983342451718,-605.0121742958188,25.826621281004257,2556.7538060190277,-636.1168500183619,26.044823707250437,2522.5614224038186,-685.855378700652,32.672064839847714,2484.8339967804227,-732.944902069049,0.011004608813499068,0.015014320251529344,0.016653274470033463,528.4539194735736,173.9527427812047,-947.5623748195654,537.9622825171909,-2508.2122985005944,-3683.4562536830117,0.9223277964649389,1.0,1.0,1.0,1.0,9.320316844481624,2594.377610834277,-601.1167780676445,537.9622825171909,-2508.2122985005944,-2603.1909840135118,-9802.120579033854
592.8557353781349,2531.280816239716,-986.6387356528406,565.9049471362224,2457.7012969678335,-1040.6284925172176,554.3665540776876,2398.4567278561162,-1085.1421806131782,530.2147875651356,2338.377143370517,-1124.3854378539334,0.018680347998638804,0.012280635780344915,0.014790366304276503,-156.7882252895782,59.795316511603744,-934.4140071169581,-1189.3911098120032,-3946.0913690438038,-2449.807974596008,0.5792486499167402,1.0,1.0,1.0,1.0,586.5812183429243,2526.1024221639886,-991.9131204717158,-1189.3911098120032,-3946.0913690438038,-2672.332206871318,-9908.089699455555
455.1697400754134,2473.182131240603,-701.1813755712154,451.8249371273131,2407.5459039253305,-710.887796670735,445.56315441941973,2356.670686839234,-729.059568062589,441.6584504701167,2299.275260736683,-747.009578912148,0.017314619711069488,0.016442947617527664,0.014144196851070774,125.0586218434704,-156.27079473628257,-807.3907066161978,-470.97924589793877,-3704.1864686572376,-1723.1136370140882,0.6620982358203326,1.0,1.0,1.0,1.0,459.4538864310049,2473.7015980103597,-696.455075180375,-470.97924589793877,-3704.1864686572376,-856.3116044038421,-10080.0153618103
320.0376121576791,2535.288822338919,-481.380096036715,313.91338969519,2486.4753894773107,-507.06931859145277,301.8783152903077,2434.5263984743724,-537.652908200039,279.51783515616796,2398.773025899876,-575.1098071999883,0.019290940933004968,0.01701537921170987,0.016079584926735474,-392.05964132853694,-15.753215488825134,-808.0901199873099,-755.7938578988561,-2709.0307038375327,-3011.9167850650833,0.8876140949285504,1.0,1.0,1.0,1.0,318.38658509638833,2530.735646118456,-479.31453121261654,-755.7938578988561,-2709.0307038375327,-1575.2203011934753,-10023.2123198244
468.17825837457883,2524.124056682793,-803.903071510246,441.25619380766324,2484.8071043888167,-797.4895799449296,438.05431984620554,2437.6631246697834,-796.2833125481911,424.16705222982836,2406.0149082275275,-781.724609789662,0.019209471850422728,0.012308821490340977,0.017550361986002343,-305.54486761221006,352.7920125236819,-1017.1160733778933,-908.1601263333469,-2557.1101119701457,-2195.8370281670136,0.8009313446732346,1.0,1.0,1.0,1.0,466.3912397711357,2526.335607698308,-811.4496945110511,-908.1601263333469,-2557.1101119701457,838.8377485816316,-10012.991074862939
-184.69318657669555,2629.347825987158,-685.4271363952323,-187.5407827762389,2573.069068437737,-722.3610586705821,-197.16940413788555,2530.154761040138,-768.2030115108904,-191.41221918510988,2482.097364144427,-801.7181520793632,0.01872089066747824,0.015682375500752896,0.012170901204456838,-288.61105240348513,170.9513502909137,-1008.0220170883053,-118.98561257979982,-2905.4440266954143,-3205.368076684414,0.7984258326273127,1.0,1.0,1.0,1.0,-188.0682097735563,2626.051552848538,-689.4610757572821,-118.98561257979982,-2905.4440266954143,-1968.5900076689004,-10043.719673850324
283.74395131995095,2596.0845016750936,-778.0215419058618,259.0001685299546,2538.0239658964347,-840.9234329720297,249.38195468906363,2500.5278514034467,-889.9464311006818,241.02645973815953,2449.9936548144633,-949.6539661051985,0.018608059995966812,0.013214214950362436,0.014475108329308407,-584.7694732584487,-151.28588965074997,-813.3700190690458,-993.7161344591029,-3136.3023046157305,-3480.0246664942556,0.828702616724363,1.0,1.0,1.0,1.0,284.732144393265,2592.978626888015,-780.9067733652893,-993.7161344591029,-3136.3023046157305,-3385.0977187790722,-10041.796471140175
148.2533710038729,2650.6551355998,-516.4813731638778,150.2490885162051,2607.386573362748,-531.6350970794058,151.25295039373506,2565.8512831731255,-546.9615070335717,166.7516619397794,2522.548570784189,-569.5194968898544,0.016848634501220115,0.01565174006430369,0.014023993585962208,427.3868012981849,60.19604668114394,-924.8238056649177,287.59778027117284,-2696.9344414119796,-2908.416365752338,0.9134756318485148,1.0,1.0,1.0,1.0,151.29293223785805,2649.253110436639,-518.5650039220934,287.59778027117284,-2696.9344414119796,-754.3751480696635,-9710.904551070185
312.2918252594007,2462.1556773843804,-595.2348786293385,305.848947981013,2433.59281800615,-634.7538828678303,295.8137838415671,2375.9495852121836,-663.626968510071,298.55452029546274,2351.7743142728514,-685.4698559286887,0.0122516653769145,0.020130896606527553,0.013692131879748479,-75.15401529463162,180.8264090359175,-1005.0992569937416,-412.78737553661074,-2475.937139044513,-3293.2965168764918,0.8739253061368102,1.0,1.0,1.0,1.0,304.6103701990502,2458.6885769568757,-600.7167933338658,-412.78737553661074,-2475.937139044513,-1720.1780125891275,-9752.356357179922
-264.51397646156295,2585.778528642418,-584.7881225655794,-271.86881746000466,2540.020045070036,-608.1293603475516,-271.45529494797086,2481.5642232020546,-637.8517155118411,-262.925920901008,2438.612099506983,-665.0395581350177,0.01576379706281634,0.01697235680981892,0.016862901916087504,-418.967131413347,-220.36128712411886,-810.8592943487181,-176.22780214028603,-3263.3151084090496,-2610.872891647296,0.8104009442112778,1.0,1.0,1.0,1.0,-267.4112215727031,2586.089706107658,-582.1185650121297,-176.22780214028603,-3263.3151084090496,-1528.3140095739618,-9795.739605526158
-376.47303102457886,2504.3580958606544,-666.757691536963,-360.5115550238219,2441.6146249763315,-674.5092817232561,-330.40600097148103,2401.7733827727016,-686.3767097982795,-330.06007338014297,2354.4314312137253,-704.4291443666177,0.01728652064364587,0.01633633475857126,0.014305140037967318,356.31070505161426,67.7895652199827,-831.1428671932239,938.5680939394824,-3144.8417017075294,-1825.9387437102964,0.7270720045598161,1.0,1.0,1.0,1.0,-371.0795677514838,2505.0418840433226,-670.717211430213,938.5680939394824,-3144.8417017075294,-451.32167990125487,-9757.4261193382
-28.93362809844007,2665.43945813771,-728.6879305521343,-33.01653818317461,2623.701141207213,-760.8707997265863,-35.274099145495754,2572.861558515649,-781.1869280301324,-45.09265658394378,2533.3466474524503,-827.0721116043884,0.01722237547778486,0.013472232284540388,0.016490110427753862,-282.8616390912924,390.0366910828802,-1018.941259339423,-311.23672946954605,-2772.7865579294794,-3067.8357401674793,0.7728152818099215,1.0,1.0,1.0,1.0,-27.647520926265088,2663.72166858506,-728.8437195432026,-311.23672946954605,-2772.7865579294794,-1923.1850700270961,-9847.550478661353
509.8561527410947,2638.9182689602308,-657.7328987417299,510.7103279324887,2593.148784000705,-684.0719050526201,505.4142059436374,2551.0147577562702,-706.5751469299317,504.6671077313098,2507.415658619177,-739.3061914716664,0.013242000664138727,0.014230982623618636,0.015517743717842748,425.6445212294682,271.64969797371225,-1009.5157299636312,-98.38644970977529,-2760.4816270967517,-3116.1987737476684,0.8120092729944005,1.0,1.0,1.0,1.0,509.7649357313287,2631.8614891414413,-661.8644650155331,-98.38644970977529,-2760.4816270967517,-1665.8267491571612,-9975.985058095539
9.659782292993182,2681.0912013431494,-507.80503505993755,20.184785404155683,2643.4688393309757,-537.6164891091315,11.532433857781868,2597.9839593406173,-573.1467172194997,14.92160447716832,2552.823258435154,-610.5060905935363,0.013752232658225954,0.017356855871537593,0.016635603819035484,150.95117866082805,185.10383754131692,-1017.0631060742795,138.36569875248105,-2520.1477280845097,-3806.705604436,0.9422553076512017,1.0,1.0,1.0,1.0,13.96913689587177,2680.0500883449913,-499.0047278407319,138.36569875248105,-2520.1477280845097,-1970.0825165957626,-10240.561179850307
653.2801082598814,2551.232474237975,-823.4629053125982,614.8125321807099,2478.2460089498522,-831.9058190362139,585.8603879636612,2417.343856089186,-831.7476727067371,560.165981873339,2347.4959472582354,-847.5063670093813,0.016271849031242996,0.017631732023344924,0.020108388258621594,-426.2640750947279,199.5776022011876,-874.6535183146935,-1789.7886150798984,-3874.6972147283773,-976.08434579939,0.5509880306867909,1.0,1.0,1.0,1.0,656.55803702861,2543.7694171118555,-826.4601364922682,-1789.7886150798984,-3874.6972147283773,-158.71247900174984,-9628.132230950272
635.5618550099823,2618.8948134787297,-535.3727361228001,639.802725983326,2572.687918942079,-568.6246297188064,634.5629894646676,2541.413001845997,-600.7341297973405,627.6010278314197,2499.083837004189,-644.2880268338507,0.01622165325231577,0.016384870842509197,0.016838742259329985,412.27524860866504,183.58406792119308,-1009.4559455508781,-232.21917676543106,-2470.542065400202,-3618.8206038415838,0.9355547336458458,1.0,1.0,1.0,1.0,641.011137722609,2617.068002340397,-533.5700924332601,-232.21917676543106,-2470.542065400202,-1944.842564669859,-9785.957154339227
710.5318754590293,2442.9648754763007,-452.89149885247195,691.7334129175144,2403.6814014174147,-475.26335752450586,676.779732796205,2368.8323903364358,-497.27056979763216,652.6074748513707,2324.903811692585,-519.8099991606962,0.01630430719116682,0.01689492231140574,0.012809424773429882,-697.3567768230113,-15.237719635075344,-811.6311173171523,-1449.3368506142535,-2517.4752238451147,-2846.270374284407,0.9289913457239983,1.0,1.0,1.0,1.0,715.746652525889,2439.3006236139167,-453.5667888769741,-1449.3368506142535,-2517.4752238451147,-1091.253823330083,-9650.37586865643
617.3133986124092,2486.798594585332,-704.9551257019042,616.723302201551,2434.0187764593497,-750.6788052387537,611.9659580415382,2392.4923717863035,-784.6782478701623,613.0180101675352,2339.8926170014374,-833.6439430615549,0.018239121981904208,0.014551938717643105,0.012348438838599027,395.46982978168205,-113.29546373399953,-817.4736354567182,-279.28888940234515,-3232.0222999602875,-2775.802353163839,0.7598605004618543,1.0,1.0,1.0,1.0,620.2973857505708,2488.482487734032,-714.0679516950174,-279.28888940234515,-3232.0222999602875,-2379.317035740707,-9885.758354983433
-242.2859768426682,2456.2791117367806,-624.3333336424997,-226.5653081602258,2415.156026380989,-647.0599552868526,-216.73599650537486,2374.1277392725397,-652.9730664945072,-207.0853985275936,2326.240406002303,-676.6152832058344,0.01578689960903762,0.015002199552703993,0.01868270547919784,289.96310470976766,91.26805922974152,-916.435495561445,626.9328090230791,-2802.268774436184,-2570.618296117587,0.7955281953590612,1.0,1.0,1.0,1.0,-239.7951189147338,2459.1851736283224,-619.7836729409967,626.9328090230791,-2802.268774436184,-799.6739283456058,-10059.950451196066
562.5108244200869,2536.170385545677,-827.2182674859096,556.8555821607589,2487.67093670184,-850.0544357504604,559.6073349011017,2433.30029789926,-875.3706269530167,547.9749028836472,2381.8551745496843,-918.7686907759514,0.017520059111875572,0.012685913575599086,0.016937805562961324,366.4635719593949,92.51695964236183,-1016.6507413979651,-286.6920795892751,-3492.868484782996,-2561.976191180275,0.6528562217495645,1.0,1.0,1.0,1.0,567.1480276718878,2537.5248989904567,-827.4755636588347,-286.6920795892751,-3492.868484782996,-1673.1069903919904,-9951.214278828185
264.81682686568183,2460.2986409186406,-728.4521737016013,259.9559788391575,2411.615676436917,-761.4741185214319,261.15588800984557,2345.810165515646,-794.5842145131946,259.31734972771903,2300.6541953912306,-839.6015069516961,0.019331335439382775,0.015793090092908732,0.016159537381468914,0.625373605256965,-50.60297334351134,-826.5150136358183,-335.1563144043448,-3245.76980867879,-2514.231074764964,0.7237160370862401,1.0,1.0,1.0,1.0,260.37151726862373,2464.868628382544,-730.3474818066854,-335.1563144043448,-3245.76980867879,-2111.950027674403,-9678.502392484774
773.5580096082662,2467.404530069901,-544.0454107128913,764.356794856172,2430.4538553731536,-578.5484947963039,760.5946699725841,2399.552593744641,-617.3151337068377,736.243664256779,2374.4297909211286,-645.0252878610595,0.01952554550255179,0.012051549962819975,0.014727313356821828,77.31500655935999,198.37471586987732,-1003.7247927149482,-707.4535976366434,-2294.8430709588647,-3713.556763617108,0.9436955911778072,1.0,1.0,1.0,1.0,777.6940682196343,2470.2693561191563,-540.2532642473809,-707.4535976366434,-2294.8430709588647,-2166.9366835796686,-9811.865718351954
23.935997207107157,2594.5276264019176,-707.2410162408446,19.411745691278803,2536.1597328626526,-712.5179281574531,-21.27662875595697,2504.8266824545503,-716.534519101327,11.141088906612266,2442.248893506832,-729.2506478782373,0.01858148169660569,0.015420830065062788,0.014208119622967676,-268.80562287850057,14.016849285185081,-883.0674912948616,-384.0484171476186,-3307.645996484775,-1853.1583618229074,0.7317895686153644,1.0,1.0,1.0,1.0,30.75214249664225,2593.9807265433055,-706.5199161263679,-384.0484171476186,-3307.645996484775,-258.9609805379856,-9536.862999189396
-165.67074338365754,2526.837720388219,-460.01626907622233,-166.86968126059392,2470.92441168689,-494.30586548032056,-173.86954124136614,2439.716536739959,-517.405907916254,-180.89440976690446,2393.771056357678,-535.2834545429031,0.017774778951866743,0.016071226350681037,0.016374198790493226,-553.1890920352655,53.78268096575769,-865.3556176296887,-394.26626682595236,-2509.905876064508,-3045.804499718252,0.9347797959069598,1.0,1.0,1.0,1.0,-164.83681921169904,2526.0399688892962,-470.5222138945244,-394.26626682595236,-2509.905876064508,-1319.3498470037453,-9544.091784601074
522.2057996035153,2443.7000121698725,-497.2406974190466,519.9568047154983,2407.090635728233,-510.5509904360997,515.6906754886699,2369.4519606907566,-523.0083977603367,506.6199203725067,2345.934253723213,-533.1727646976944,0.013852212335275026,0.01722117860177832,0.018031089380046272,215.5779142235375,96.72406438490434,-997.8347574128705,-304.38554197548956,-2326.6797470707597,-3176.016906772803,0.9608955196829009,1.0,1.0,1.0,1.0,523.0073116187815,2446.67060892636,-498.16977066561446,-304.38554197548956,-2326.6797470707597,-719.8810883823114,-9575.765284674
-53.09923956174726,2654.9192600239066,-903.6017776272074,-49.5456053567658,2612.687570940985,-969.0459412826847,-61.072997486371506,2579.5422618791777,-1009.8738494291177,-63.65531915025845,2538.2376603227353,-1079.094571002552,0.013680612015300308,0.013348373079283278,0.01589173917552842,-88.03147891485668,247.92621161808276,-1010.4191263703925,-30.598287227269154,-2598.4262579191704,-3831.1460204816,0.8820792757298888,1.0,1.0,1.0,1.0,-59.72806322963254,2651.4705001933103,-909.8331422328675,-30.598287227269154,-2598.4262579191704,-3579.8960753102347,-9258.522581925652
704.9270471882429,2466.701754071061,-1084.9195300564602,694.7212795866928,2402.608388995585,-1129.371676397213,696.8591217331069,2333.966455208802,-1118.5071109631756,692.5400595432294,2259.704593920527,-1062.6186705930554,0.016553001857937552,0.01311104976106053,0.014998473434001538,531.9782183728137,-285.87165383883513,-808.3202811090943,-282.8863031910773,-4519.964747277421,-2428.937599973042,0.5653374749470008,1.0,1.0,1.0,1.0,704.5388633193672,2471.3068420003924,-1081.0150368352931,-282.8863031910773,-4519.964747277421,-3385.7338995343134,-10200.877906796793
-168.48498497903367,2604.941844111184,-480.95730657003867,-154.78595443796598,2568.247914582892,-488.397259248607,-141.054146204224,2522.604789504625,-508.9574968430766,-139.4074616495801,2506.4678776368355,-520.6648265019909,0.01718433321102884,0.01588233756340611,0.014621306497029255,437.667039797705,180.4665810365418,-952.7045468850401,604.9359462775599,-2432.386649856062,-3191.561594648796,0.9473120227285365,1.0,1.0,1.0,1.0,-164.24422674846642,2600.691297643313,-474.72714239856896,604.9359462775599,-2432.386649856062,-844.9550297719554,-9909.002729250351
71.10588901575588,2473.8187832329663,-695.121560342441,74.58336506441191,2427.649916923151,-730.9377111046862,54.2820120352971,2372.900976674323,-779.5239610642175,49.067095082646816,2326.3385593769585,-822.0354989785313,0.016627271074403704,0.014869922669666736,0.015019751580489502,-495.6891853055052,-69.74657367974085,-810.6201494956592,-689.3825188386645,-3074.735859740639,-3069.765954156847,0.7784830546754407,1.0,1.0,1.0,1.0,73.05139273639486,2466.910510606286,-695.0603390294152,-689.3825188386645,-3074.735859740639,-2652.1397673628644,-10340.922994550721
41.07389422231912,2498.193177095891,-939.6452184609508,33.3932874259826,2453.9926767624283,-1009.784591009282,9.462516947160143,2422.4330822525153,-1053.803308502327,10.471918197411792,2363.240845042907,-1114.6751267959557,0.017094231187601477,0.011792615017576901,0.01701407350324813,-555.5283168436044,119.86044443796789,-883.9994712197444,-746.5529959949672,-2980.4195267474593,-3247.4453826274785,0.7540990802915741,1.0,1.0,1.0,1.0,41.71407995236882,2504.196065835931,-946.4299309303052,-746.5529959949672,-2980.4195267474593,-3428.565451294263,-9683.077717788014
518.3230543419191,2542.694553687917,-592.4336751764766,514.6899991837247,2502.9698785096734,-597.9303656159348,503.96672229853124,2465.084305889145,-611.3952238607203,504.3088302327528,2423.542059661917,-629.9689956387555,0.014394833335682372,0.01745916721197871,0.013351660824413483,15.524187814738752,74.41177331895273,-969.4050602060456,-552.4855843777644,-2687.8159871654334,-2757.406010333614,0.8747943386279261,1.0,1.0,1.0,1.0,523.8109254422839,2547.2024815111413,-590.7597679841533,-552.4855843777644,-2687.8159871654334,-545.5345227139034,-9647.682392831035
-306.9103032819507,2488.2268026330976,-763.0396529455825,-291.55737546389923,2448.5830269822377,-813.4108602201973,-280.3790799081435,2407.139596329447,-857.8657892344834,-269.3028439550555,2358.3177374617417,-911.6765907617403,0.011336949055466311,0.013045809459598259,0.014712381511374273,412.4292041296539,-241.6789447876792,-809.1266427375027,813.8651640062571,-3112.2490614500566,-3473.590331881072,0.8409048599735618,1.0,1.0,1.0,1.0,-303.7721401958518,2497.100229288378,-760.252644608142,813.8651640062571,-3112.2490614500566,-3329.2147944553362,-10053.621846500611
-452.21016882879314,2478.019803037608,-923.801953526666,-446.2462837299345,2404.7252817577014,-970.4682600543155,-434.47967160662853,2337.6538590449522,-1021.499628096344,-421.2650566307953,2269.1908529929296,-1061.8047844652015,0.015168711760024878,0.014892637357982349,0.015864278620522164,-90.77320913797163,-407.90106011247894,-803.1772885096982,538.6977564392661,-4402.488267370933,-2317.8669624897825,0.6090743722614711,1.0,1.0,1.0,1.0,-443.62023960569,2475.728755015483,-926.7943453351095,538.6977564392661,-4402.488267370933,-2799.8770527590727,-9975.998014458104
-292.6432096969848,2588.7891878920946,-660.194045090982,-282.7282026511863,2546.398259745725,-702.802088797828,-270.3182396343405,2481.442695453189,-750.5263796238081,-247.37056836170527,2430.6990292918417,-798.6655788850375,0.014207487063194696,0.01574427438414762,0.016667337427516908,479.45689720655014,-266.3847977300645,-810.3674778005719,902.9802041099741,-3313.3784374329043,-3089.4943851501093,0.8133809011251414,1.0,1.0,1.0,1.0,-297.10607832802765,2583.120658462239,-658.8342741895189,902.9802041099741,-3313.3784374329043,-2550.0630814369156,-10039.116496314278
147.78320860584535,2682.7990489681524,-475.91718079972037,151.71918557115106,2648.0994857702326,-497.08791195659563,143.32448699836783,2613.5626771982375,-529.7545425737054,136.27848223337077,2579.2991352917193,-558.902127403427,0.01675788163173065,0.01718575399010134,0.014321633496747609,-46.029609635868056,248.087389970062,-1007.3384680454742,-194.27169684963405,-2378.457499099037,-3603.8284974946373,0.9767347308814205,1.0,1.0,1.0,1.0,153.0988796350066,2686.006326546566,-474.5518757557261,-194.27169684963405,-2378.457499099037,-1641.4353572971384,-9660.196455806281
-125.7932294169739,2666.1870746850495,-530.7953725412586,-123.7508154848206,2622.5450759532323,-549.1009006335609,-125.20597831348061,2576.262349635324,-562.7773743617877,-135.4493663059559,2540.4134677026973,-584.9034339699698,0.015331090641603401,0.01633021578462394,0.01684814706445991,-428.3704588722559,173.47183578553313,-988.8699218927442,-322.96142760775047,-2585.4542522638685,-3095.083206333522,0.9164905465093135,1.0,1.0,1.0,1.0,-116.7126812307755,2668.435189220168,-534.1579601347845,-322.96142760775047,-2585.4542522638685,-876.1739065946063,-9690.140380531231
-426.86030065016496,2562.805817917642,-822.1047655073343,-421.17064526381705,2507.3663310792303,-851.9852163013762,-412.3346465932431,2465.5829660366107,-882.9812215810147,-406.8048180804833,2416.550976472535,-913.9034665439079,0.01717255469087365,0.015170536947104914,0.01590155306392775,-308.1053039711987,335.18813853493134,-1007.4390272075367,148.63952198588441,-3026.4681351501085,-2632.0710784233497,0.6867553552980943,1.0,1.0,1.0,1.0,-417.35535263082613,2559.6422178702664,-821.9280202971095,148.63952198588441,-3026.4681351501085,-1841.6057013787247,-9532.704851932333
134.76426178691884,2527.7537376897344,-786.5616163729782,117.09312177673358,2474.544675903048,-806.971672035547,118.54156272160317,2406.8409171413664,-837.648090553135,92.17368205412873,2342.793560575207,-863.7171227167987,0.014604978896877946,0.01255284475269751,0.017040102380145715,-353.00589823077723,-89.77967959885754,-801.5493050978976,-759.5467644620134,-4094.383192077902,-1595.0434411991941,0.5958020739702793,1.0,1.0,1.0,1.0,133.10403102491193,2530.6255633309997,-789.5056952294156,-759.5467644620134,-4094.383192077902,-1520.761953497812,-9630.675284077968
321.6295518193789,2498.3296802210225,-769.9301120892045,317.8930842651517,2449.5997792699927,-779.0385767344223,307.74575411781,2414.2829930525695,-801.1134211542898,313.8914718986491,2357.8661719093925,-805.8451400407138,0.015103794897337715,0.015844808696062737,0.014478171250849117,2.1464383163492,327.5327182584649,-1011.4368832182813,-428.0401925860536,-2910.4000384917017,-2271.850940574165,0.6995732251557509,1.0,1.0,1.0,1.0,321.0363817929597,2495.78074693478,-767.5152793683602,-428.0401925860536,-2910.4000384917017,-657.7840282018584,-9693.891195487126
548.8996053391152,2545.5295095745105,-901.2457205570884,536.4929125913832,2505.695567119116,-925.7816789594956,531.3857399845211,2451.286185854779,-974.2319507639809,516.4625220015217,2397.8600253740387,-1020.1433686942589,0.014246825724447193,0.01596388189846252,0.015649029931666253,-19.2402056156766,204.4276364644605,-1010.2881516422875,-837.747398446975,-3449.9034257146795,-2733.299957344302,0.6341402624454245,1.0,1.0,1.0,1.0,550.4280253282654,2550.3619659504384,-899.9616203766963,-837.747398446975,-3449.9034257146795,-2289.9959329892927,-10094.15414076883
-216.46528639446353,2607.084959529056,-624.0254064874572,-210.39688428334566,2578.0890325112982,-667.5067664445595,-208.60474138833067,2537.4469159454957,-701.1714553261022,-211.95624856243546,2503.906450575376,-741.3596031288445,0.015109073056967242,0.014538295735209416,0.012413464923363739,117.28021306613172,229.93365576129827,-1013.5636667236881,347.2273623746862,-2438.9292593854307,-3779.1050914002794,0.9329391662844604,1.0,1.0,1.0,1.0,-221.26646524918715,2607.8896836621016,-625.1715348857631,347.2273623746862,-2438.9292593854307,-2606.132463487054,-9642.546117120517
29.494976760643425,2587.5136321416894,-779.7700073481914,36.334545776523726,2541.5952777961024,-827.9009420328294,27.852442364243146,2476.429697432527,-860.8339185063471,21.230468723662252,2429.699375484727,-900.2615183897103,0.010932567414931095,0.01582537894484612,0.014174040125783952,-255.94303383203416,-265.66198257598137,-811.6785046719689,-365.61746718907887,-3625.8223560435154,-2714.888828540609,0.7440680135144394,1.0,1.0,1.0,1.0,31.066677911392162,2580.608566918173,-781.1931310891823,-365.61746718907887,-3625.8223560435154,-2604.460744286054,-9642.72077114619
679.7635182665264,2614.071884776277,-604.9357292576375,663.952112891299,2570.592838402926,-637.3920279336689,656.2252757721938,2535.7466939448295,-675.5559326091902,656.2530557046201,2492.6989347963035,-710.6842557338294,0.014278921291309912,0.013501505262465487,0.01603327175603039,137.63696603750896,142.23429489611345,-1015.8344325405673,-571.454204345763,-2626.502412964635,-3489.6405046837726,0.896186301690195,1.0,1.0,1.0,1.0,674.8039181225272,2611.1465630828698,-608.3777786509256,-571.454204345763,-2626.502412964635,-2068.05078735626,-9695.839352921326
634.8892437219154,2503.058777709933,-877.6907809557063,615.3376190444282,2428.0261209567907,-882.9821523531702,603.8887600174435,2362.723347099739,-895.4548861482695,599.4060453634099,2307.788476603378,-898.191152439962,0.018491941966649106,0.014078160153428564,0.015237173519084588,140.5110564553398,10.636174691079766,-1009.438875200101,-803.7364897024344,-4050.308714235253,-1574.347164886593,0.5671927243608382,1.0,1.0,1.0,1.0,634.8089976223371,2501.5760339457543,-883.5390903191346,-803.7364897024344,-4050.308714235253,-152.22008056811256,-9752.927207353963
-354.39132070959226,2525.8327369979547,-588.2027559859915,-343.28097195993604,2472.5076677349193,-611.4092543283184,-324.98448548829657,2424.801736667831,-621.5490620153297,-323.73238879043055,2366.096695005101,-645.4761696224404,0.015366531871370322,0.016858443678968358,0.017107363517189653,175.2572861827965,-382.39058145358626,-808.8130982126966,619.3715424423693,-3410.360271939625,-2263.6182680440015,0.8056676609324723,1.0,1.0,1.0,1.0,-354.30538260542914,2533.467451054792,-587.8141838678978,619.3715424423693,-3410.360271939625,-963.7540541143434,-9492.600857564317
-159.8339199916476,2500.05743668586,-520.0154177534313,-159.87096560641226,2452.0344582974935,-528.3008745379344,-171.9547444750485,2415.3015060619255,-533.7122384044558,-175.853878481286,2374.2623503641835,-526.1959604936008,0.014492995043643347,0.015911492211633915,0.014019933950642077,-694.5051125849908,-30.64767492715344,-805.8040939704923,-564.0552902152921,-2616.497025843024,-2347.3452517565584,0.9205755787940814,1.0,1.0,1.0,1.0,-150.1917575272371,2494.271955011369,-523.1264229868939,-564.0552902152921,-2616.497025843024,57.834699217255206,-9740.242766396159
-366.146577126923,2453.195090613823,-894.5162338879071,-342.78336554177594,2394.5404373819138,-919.3717617994217,-322.5538555134506,2326.4521649846233,-941.1085888766437,-308.47023582092896,2265.2636756563993,-972.1959046874983,0.017765338411085515,0.01645710149302109,0.018738696877671206,283.73405875267855,166.2399816121881,-1014.3117409501278,1104.5626309355978,-3916.8906934661863,-1872.0637500546707,0.5320388632182226,1.0,1.0,1.0,1.0,-362.43508034464537,2457.621037289905,-899.6345538138169,1104.5626309355978,-3916.8906934661863,-1124.2572994848058,-9770.89832840052
411.49354177287756,2512.519136269486,-757.9016891796534,408.7025938737699,2455.733858496639,-804.866344883524,398.9269801818207,2407.774883088875,-852.8458694387458,391.1059581233442,2347.579829500733,-894.9233163034413,0.015074496412673229,0.015672488796738444,0.014032013972019808,39.279451931889184,-317.10674830905253,-811.4872713861015,-467.34858322524843,-3582.9945175127937,-2853.6369639110962,0.7452210008185691,1.0,1.0,1.0,1.0,408.4848326798352,2513.4589205260636,-761.514092208853,-467.34858322524843,-3582.9945175127937,-2672.5984679049407,-10013.785018367009
-336.8820605481691,2455.608095333716,-433.4814156573752,-321.86518718410673,2384.2533488559357,-429.4779066674807,-318.19798333220876,2308.5969581603613,-424.9196893652635,-313.6636689369377,2230.8163483110065,-419.44283045587093,0.014738243112714976,0.01559650972765548,0.017482811083316552,22.991369209051896,5.297966017259114,-904.6073806366177,711.4852178726942,-4792.519900489015,3074.36904593443,0.4621824360763133,1.0,1.0,1.0,1.0,-339.8660919060218,2449.48311526666,-441.42303860917855,711.4852178726942,-4792.519900489015,546.5058188414266,-9881.201890136075
-478.0720720463549,2604.3913206410316,-513.2902568499821,-468.24290821504957,2563.397141335783,-535.2998040549382,-457.61546622077753,2521.768029408544,-549.5667120526498,-448.34737637058095,2469.8595844715246,-562.6346537793883,0.015980228698222937,0.01588424153355866,0.015151879244468602,195.32439808059965,-278.2177333497268,-808.6158508842194,740.5921280082486,-3172.8628712287027,-2596.0419998838797,0.8629836505237505,1.0,1.0,1.0,1.0,-478.6144384069061,2609.08747946839,-514.7187588599274,740.5921280082486,-3172.8628712287027,-974.2790643926766,-9851.507223830931
-33.20557879965353,2520.3150235382586,-765.5388578254842,-23.522193014953938,2450.158996051361,-797.7881688956547,-15.663544442051542,2394.7732435335715,-828.6392508119046,-12.685005734582724,2328.9027051098114,-856.8936642298216,0.015774749514277726,0.013849582470011931,0.017125855237817116,282.03041917723147,-262.05231164735545,-808.0990872942409,463.70164815422754,-4089.788114091912,-1869.5866410756626,0.6332498127778937,1.0,1.0,1.0,1.0,-33.286701567643604,2519.0036059351432,-766.8039879212326,463.70164815422754,-4089.788114091912,-1641.4289361024166,-9703.53605256662
-442.23842863276104,2498.145719886252,-830.1667281147312,-439.8125446993498,2432.2087249328097,-823.1740893039691,-430.36956765819576,2360.6976074186477,-819.2057632694044,-421.6930989967649,2282.1515458440485,-811.7468060751164,0.011547049957165857,0.019690484701149338,0.017376748501979213,-191.01331312528436,-30.782252966092233,-818.0998178682363,435.12479038878007,-4401.658554170881,-85.97178110461505,0.526385716839706,1.0,1.0,1.0,1.0,-441.21006759883414,2500.1714156821695,-832.011702065263,435.12479038878007,-4401.658554170881,537.3652137219851,-10109.487624442612
-344.4083366438139,2464.715067337068,-1057.5127470684872,-325.34093816282785,2387.628277210868,-1097.244787349456,-317.9689414407835,2317.4520540227704,-1135.9485507001293,-304.2892829812758,2246.7013287921704,-1127.3698801596613,0.0163973315850456,0.015563596679918863,0.017590464134929103,46.321744341385354,397.0711049320313,-1017.1437949677921,822.6399198407263,-4438.381349076382,-1851.3704546835843,0.4154486076001067,1.0,1.0,1.0,1.0,-336.2058183845525,2460.9184322525443,-1060.0315670016973,822.6399198407263,-4438.381349076382,-2073.9961035845713,-10187.114670612204
351.1070000407103,2503.154783494657,-575.0550228863706,347.3989276857182,2469.5975263817145,-610.0380448837112,343.6675228478158,2427.8162285821218,-658.8876740059036,342.89594164391406,2377.6072078482116,-707.5250167768471,0.016055395304787168,0.018966412291814422,0.016417820706555272,89.39548940154512,-11.247312730019715,-897.4753663440131,-277.16631270431424,-2665.881585239309,-3465.7445468818423,0.8935603716968439,1.0,1.0,1.0,1.0,351.3176549071213,2508.010785321125,-574.2298962033269,-277.16631270431424,-2665.881585239309,-2370.1327070107627,-9891.039865305675
512.4490771026889,2436.9474179952545,-763.9083983532157,507.2312176736602,2403.7629384103707,-792.9886665080015,500.38384034366715,2357.366668808759,-839.6823409605519,486.6097589923966,2314.121627761398,-878.0866996515672,0.013191710040213347,0.018554267345834055,0.015788442657348332,139.6594477132219,348.940265354854,-1011.7794879745562,-458.49177167513403,-2551.017435979949,-3016.956754186559,0.7724655799566049,1.0,1.0,1.0,1.0,515.6227004868305,2440.774562858409,-766.6897774862457,-458.49177167513403,-2551.017435979949,-2113.742386890197,-9454.817444777036
443.5240866381403,2633.8052423111894,-949.1700911413643,430.64123150299474,2581.8546603574728,-995.1015328293454,425.52222043008305,2532.386420394115,-1049.6997157452531,403.0284680227396,2486.489811208291,-1108.5809968207882,0.015240325284153623,0.016858603020969837,0.01442174789946269,-100.32233401443665,418.9102453845952,-1011.4889063247214,-730.5908653625063,-2955.079095651507,-3205.6128531330587,0.7034793237954144,1.0,1.0,1.0,1.0,447.62081500744193,2635.2195671232175,-952.5377430908,-730.5908653625063,-2955.079095651507,-3018.5942954677002,-9873.697650492595
366.2461577196275,2443.5463372518693,-1070.984798110916,371.3104697662435,2366.4786521952165,-1106.3295743554459,377.381011842367,2281.733040822482,-1149.2779640062395,377.56613682926974,2201.698651370627,-1118.1065694750814,0.015958870326829962,0.018212351938396473,0.015708272544973596,578.0154874069059,134.89270334949242,-1012.9025911855582,454.657744982173,-4875.753125031124,-1815.531095540166,0.42512050518980027,1.0,1.0,1.0,1.0,362.05305854037294,2450.8754377392797,-1068.088996679964,454.657744982173,-4875.753125031124,-2090.139514892295,-9712.948000656997
523.8959770100623,2447.24457877412,-855.408358231546,501.15333735878966,2369.6167481995503,-873.153204619584,502.06804010319763,2300.02443575526,-915.427536915462,485.06833732221406,2245.8223491411745,-932.965040161433,0.01467311661403468,0.015567704384449044,0.013454901781538783,-55.06081520516452,-26.792666766790365,-809.8510729900783,-1002.1956159474771,-4224.376582525385,-1462.172411597711,0.5413042772199779,1.0,1.0,1.0,1.0,531.2236201241108,2444.467634010559,-849.2324977330007,-1002.1956159474771,-4224.376582525385,-1703.6242273113007,-9701.498783661455
361.86902731100747,2501.666517566651,-815.2684984311207,342.3791581275724,2421.6209339888496,-841.7018665155168,320.4947095973701,2344.138790669514,-869.3787555496264,306.145293795702,2276.15327580624,-899.3713566330451,0.017838101690491923,0.017196039055722465,0.013872348546526261,-301.22616862624267,-156.1943227582208,-802.3364051516708,-1117.0402318278407,-4491.858498202046,-1322.9457920288103,0.5410935107072598,1.0,1.0,1.0,1.0,357.8275681521843,2494.00219118099,-817.7697429853656,-1117.0402318278407,-4491.858498202046,-1431.9002235896476,-9706.143788497193
-368.7920535702658,2468.0331433305796,-442.27534283537744,-369.1999512280374,2424.4286511093615,-472.2068335970313,-367.0294117520383,2387.4487921301866,-505.2074673725253,-367.61424539264755,2331.8256150502543,-543.9833388928655,0.014380604446445653,0.014544500405546395,0.01794900526472094,-360.16033986653605,-389.8483442523781,-814.8441738815889,12.062581930404647,-2856.899498502507,-3378.7577438491257,0.9531258898832877,1.0,1.0,1.0,1.0,-372.2229217969357,2467.0511542501304,-440.05139921490036,12.062581930404647,-2856.899498502507,-2004.4112808640132,-9870.714510969541
509.06961635678954,2541.1491048517355,-610.8150251145445,501.80308029727047,2503.0046953211267,-634.7194817545425,480.07563919597214,2441.3946817697306,-651.0198152778922,476.24727891630863,2389.6663674976,-688.697502828602,0.013254846066037313,0.016548916350622535,0.014930340305120086,-203.87012426319387,-212.72516137066702,-809.6275087717711,-878.0635674968008,-3385.9538896528124,-2230.957816567725,0.7702658972782207,1.0,1.0,1.0,1.0,511.75168324669914,2546.827258696372,-620.3098579978625,-878.0635674968008,-3385.9538896528124,-1144.802143899635,-9685.145025686657
-274.3584057179901,2459.9082889733886,-905.5970867766171,-277.79171216501777,2383.9985278212066,-929.7751139354342,-275.68255181822826,2320.1540367650364,-972.603662238908,-282.1601664362756,2232.0476646592883,-1002.4574913525206,0.018512774307493794,0.013610168097113962,0.01770264608671418,-396.6623631130798,0.5755413219970151,-835.3417334127216,-230.2348783644827,-4593.817351076344,-1375.9698232257983,0.4851744115086784,1.0,1.0,1.0,1.0,-273.4867031880836,2458.2678241478447,-910.0560010629943,-230.2348783644827,-4593.817351076344,-1830.6795628047516,-9754.075753278925
-452.75870665924975,2500.610674333879,-797.8169758680174,-439.98762617452667,2434.717880639512,-817.4355601816245,-430.6881876508948,2367.0168840188285,-847.826679734338,-421.6325010978103,2297.048471634931,-873.9383515761197,0.0146714800331218,0.016065921180550488,0.01787850991504005,-126.35285017107424,-374.33862241654236,-804.9640807949642,474.66699370070285,-4357.205029036068,-1719.752760703943,0.6113840888712881,1.0,1.0,1.0,1.0,-439.63306601353804,2501.416696747257,-790.441900271571,474.66699370070285,-4357.205029036068,-1638.0440096411007,-9465.51520145462
291.07381616766907,2577.1385959655813,-693.5826152168206,284.83024595221866,2532.5048610433464,-707.8594223294548,278.5943018208034,2487.5139998043387,-715.4679688343631,273.35600018351096,2447.71552871993,-731.9954845836197,0.013974362994786157,0.015321979723406584,0.017765949706364356,113.79235046130393,88.45339027056183,-1005.3889954588916,-207.28065146858012,-3002.024356560842,-2495.838784197922,0.7829377075754436,1.0,1.0,1.0,1.0,285.8352911802249,2580.1336062160544,-695.9284708311795,-207.28065146858012,-3002.024356560842,-544.5408033847414,-9586.285348164673
80.48728097400812,2525.5270482753917,-632.7315442139668,77.47765664875615,2479.494024936616,-643.3955635117452,78.4144741256369,2446.666664588596,-662.1863910296221,69.92004996522397,2385.8642011337733,-678.6648153785065,0.014786107902407166,0.012943923227377316,0.018692136313914868,-115.59083583184042,128.55210783431738,-1013.8125396299079,-226.19942941361484,-2705.063592947184,-2810.972804937084,0.8385778325563014,1.0,1.0,1.0,1.0,84.59565919920851,2522.5333875925808,-630.725179750124,-226.19942941361484,-2705.063592947184,-551.8648129125145,-9916.287758827993
636.883621282874,2586.068029613084,-587.7930295801792,634.0156504947945,2538.4136089142776,-604.2759500507985,615.469881414304,2492.8028633346285,-613.2909209851093,609.0131453868778,2446.8897763667683,-626.2484302564749,0.019158364179314977,0.014619035002543055,0.017637767180322887,335.07557200166684,32.04087739431361,-975.6834997836211,-325.4815869734525,-2775.029000444737,-2788.493425792866,0.8685848336378198,1.0,1.0,1.0,1.0,634.5186320172461,2585.0675578034725,-590.1489506611638,-325.4815869734525,-2775.029000444737,-452.3899922505012,-9818.905487584034
-496.3985043525203,2518.491805107659,-882.3185533537201,-479.69900874695,2454.950130445321,-907.627496665843,-460.7837733605018,2379.8046811957247,-905.8032692735457,-444.4189539276964,2326.9638547751415,-922.5448647458786,0.013926531287894945,0.01795233762825732,0.013651430558517974,149.64720977213238,57.98924004817593,-990.5862187827295,1122.4521471721441,-4283.025717170941,-1476.6174259561371,0.5294697005253302,1.0,1.0,1.0,1.0,-495.762774851851,2520.7290274214706,-889.291164862813,1122.4521471721441,-4283.025717170941,-427.8625318302828,-9860.803646426515
-38.73750104579099,2536.717518201699,-747.0018597677536,-18.277236401950212,2488.151541684333,-764.9474190266861,1.383870989060945,2431.340747048052,-786.9679211782055,3.144356142926461,2361.5966396604763,-820.4289015249805,0.014201682290057211,0.014516584815123811,0.016026508244388643,574.7960977862049,-93.39057572649865,-807.7545397773373,871.9514227318742,-3787.0661540859805,-1810.060958391814,0.6502552246504308,1.0,1.0,1.0,1.0,-31.210141012448958,2538.620401363256,-740.0869526701373,871.9514227318742,-3787.0661540859805,-1404.7700277222907,-9629.246679533131
-334.3427273184826,2543.360124971595,-456.6073344133563,-344.8604969307375,2522.3795463882407,-471.99265958594606,-330.9994915932089,2489.121433445636,-511.9192069987532,-336.2954878771729,2457.6020128004407,-549.076712500335,0.015080402999852057,0.012154996450632624,0.01883022056564992,-316.9813549668581,360.8814947646786,-1012.9482128266334,21.879090688927555,-2065.8361240103336,-3758.6627496363635,1.0139343799838647,1.0,1.0,1.0,1.0,-340.1731910971175,2550.6677862156357,-452.87159532608484,21.879090688927555,-2065.8361240103336,-1864.6855220076677,-9508.313341088016
450.1229735473034,2633.2887718690213,-700.0762420671041,450.5782701548203,2587.759360330181,-747.2667232718795,440.0130757844805,2544.808336941395,-794.899431020397,431.77150226827274,2485.9671389171585,-861.3679922968857,0.015260235634623812,0.01635797613664481,0.017069961356446162,-26.207187737529807,-158.52934593952565,-801.4179031444119,-521.6259998528813,-3072.3158339843008,-3292.491020952351,0.8613118268722859,1.0,1.0,1.0,1.0,448.47247212859213,2637.2780629861923,-704.0874868805671,-521.6259998528813,-3072.3158339843008,-2998.1108519562395,-9514.306129218246
419.0181595387541,2630.1023655259964,-814.4015777079011,406.1610895685331,2579.080550083078,-871.1434483427153,383.24613248028265,2534.2038084808346,-916.3154974130849,358.54760578583466,2491.80234544264,-976.4394634008972,0.016591359847811807,0.013913064909221683,0.01954739858002965,-620.9995086240898,235.8455098878223,-938.051875609313,-1275.6099135539073,-2922.1727527752273,-3287.6378247637417,0.7699481766629375,1.0,1.0,1.0,1.0,425.000620490115,2632.027167163511,-816.7606156925644,-1275.6099135539073,-2922.1727527752273,-2898.2450505186193,-9931.631631857197
-345.18632351441073,2648.7586369358773,-721.2720748207206,-332.6698420225533,2607.194903877524,-739.294219113389,-334.16884511903396,2561.0103276318578,-762.6589608098486,-324.7274237684965,2519.5865655151842,-784.4586836564762,0.016187579245675963,0.013857590794427485,0.01954209312605326,-31.969091633063346,424.99567205885387,-1016.6688872736561,378.85306086606306,-2714.1996485426266,-2736.555619313858,0.7704127368338439,1.0,1.0,1.0,1.0,-342.6286015432339,2650.639383863817,-714.2515979316686,378.85306086606306,-2714.1996485426266,-1337.2374361210107,-9425.576519769413
-474.10964474024195,2534.0232546062152,-502.36327318895604,-464.0928284728789,2484.5932062238544,-517.1837667738948,-453.0341542041203,2424.4636687816496,-550.1800116874246,-445.99118419836736,2387.0290574052215,-567.562518793569,0.01806102990132257,0.016450224145389755,0.013310658757182486,-28.43981949952321,-372.80567815581765,-800.7336694835587,473.9391941431261,-3153.13969913357,-2801.4734266313594,0.8721780871961059,1.0,1.0,1.0,1.0,-464.4638781111979,2528.0828450470754,-498.4379207721378,473.9391941431261,-3153.13969913357,-1357.6016844209942,-9933.067524960827
-353.1016542166207,2538.251229606096,-482.78649579115864,-343.30846777823524,2493.9384143643892,-523.9778389877638,-340.9728040953989,2449.4987235826056,-575.159643180238,-346.61740765176296,2410.433608363225,-616.8319939987563,0.018450716310679082,0.01620606847201686,0.016926149432977294,-77.389146178631,-377.2088469135523,-813.1159042500711,272.87225845655394,-2848.3913576395325,-3667.3943225374805,0.9734170657843269,1.0,1.0,1.0,1.0,-357.08321109659823,2542.392294666968,-481.78940594933454,272.87225845655394,-2848.3913576395325,-2646.8375776926246,-9725.466783706484
140.39978196617542,2479.2730895615036,-808.9133613883163,141.2183545824157,2445.9246576331348,-858.0664020534704,147.37008045115152,2404.037235501195,-910.2470970190909,139.8004185778313,2358.1691899656093,-963.0514019263675,0.014012858536937046,0.016800205886277515,0.016072378955156393,181.69443094787073,125.32317788614654,-996.5692069869989,46.80676157926925,-2674.007993925976,-3659.524953452251,0.8331145566216297,1.0,1.0,1.0,1.0,140.50448075811516,2478.4502125410104,-807.9788864722814,46.80676157926925,-2674.007993925976,-3111.8501577560733,-9832.94150613983
-21.190660882183852,2457.966237392053,-982.9103912042045,-8.538421199554675,2391.4591376733256,-1025.494733152007,7.854163488284263,2323.8688904144474,-1062.2090128163386,14.973006628961878,2256.355747818478,-1107.4226029608508,0.017367099204193118,0.019366980767360844,0.01393394100517327,457.7505416632114,96.45055262562653,-934.6021613970659,839.2387011289266,-4144.889418957127,-2042.9716619485064,0.5193319790232732,1.0,1.0,1.0,1.0,-20.615517980277787,2459.037521431188,-985.8436618838948,839.2387011289266,-4144.889418957127,-2274.6866423110396,-9757.936124214793
-9.114653256936048,2623.6328930296404,-515.1798465214814,-7.234407685277456,2576.0465873851394,-525.6200956274207,-9.364780986500874,2531.7230484922193,-521.9822743423999,-3.490672023011407,2496.737757035333,-541.7671442051359,0.015274150135203175,0.014534916654161702,0.017548539276422845,245.55848387461643,-17.317739100371448,-864.3369948487577,261.08313753495133,-2661.43063994632,-2543.0998701208005,0.942642393934213,1.0,1.0,1.0,1.0,-12.913822284984917,2617.4985944464856,-521.465759180771,261.08313753495133,-2661.43063994632,-111.09998836325809,-9413.682183057963
82.21444669658699,2466.346751282192,-904.2201836236032,94.68760395809045,2394.3150471169597,-920.9410464574025,102.55321631674754,2334.764958987921,-935.8311617847506,105.30370093811977,2261.2765962387166,-958.7103963935363,0.019168171243728348,0.012054783214464775,0.014550836016793935,348.17111782747224,54.56192781320419,-922.1346934084509,483.7541474664696,-4504.638767317578,-1467.536681668163,0.4892262095250133,1.0,1.0,1.0,1.0,89.36264893291059,2464.543668328102,-893.5370798796583,483.7541474664696,-4504.638767317578,-1254.7498977941614,-10138.130512991833
-120.85211929324711,2437.2171079764994,-912.9735328502761,-120.56444399003006,2374.212568752027,-940.971025967649,-105.12892552693434,2304.1176199096767,-949.2173244199627,-103.15335237934966,2235.599593719884,-969.8511308298528,0.016201779651779023,0.013283427970302224,0.016807024042933685,254.11085007242755,98.92971485858345,-1011.2559250171938,689.8716772105444,-4170.895815118513,-1655.3063980734014,0.5137077683349854,1.0,1.0,1.0,1.0,-132.21728916547733,2434.6313713249524,-913.9931933422873,689.8716772105444,-4170.895815118513,-934.0062494900574,-9601.53819724775
491.58916363938147,2617.191046635795,-601.1605695620145,487.8208462698287,2573.9537819672687,-658.2237335398424,479.0264284840077,2542.583153172463,-694.7172612791263,466.7246340747643,2493.1413859067748,-741.783998618352,0.017173046930288618,0.012285224930814465,0.01582731001837713,28.806455731775394,102.49227693285889,-962.4597519922486,-484.00331800705044,-2638.855453351994,-3740.9063104912802,0.9097144181205206,1.0,1.0,1.0,1.0,491.02962442850685,2622.599234884017,-605.9704784387352,-484.00331800705044,-2638.855453351994,-2620.2095750470803,-9999.094519359285
319.2484373410367,2581.2111605196424,-465.86334032870025,336.89116061265713,2535.1259107372593,-478.90553956027844,338.4595067052281,2500.1248945873854,-497.3434439628303,340.12010861746757,2459.457957521639,-511.97909091173915,0.014443239162941117,0.016124170575454927,0.02031291485482631,602.728217736491,138.64633827791846,-960.6298639869366,277.95601673004484,-2466.1936878005176,-3293.6406777227226,0.9391196754067784,1.0,1.0,1.0,1.0,327.5517611737479,2580.1780892004267,-464.57029866263565,277.95601673004484,-2466.1936878005176,-819.8783259162094,-10256.948669812933
-326.9760295069094,2545.974778476203,-581.5713231710059,-321.2087729350656,2516.375478240735,-595.660462209481,-322.3533412911689,2482.7837070044056,-608.6059768106352,-319.47776216404304,2450.4308545326126,-615.249012374018,0.015173443857805138,0.01654396704737632,0.011302219987287955,-141.85935332339815,436.0257414871681,-1018.6684542662108,193.36569975332984,-2257.5123965662074,-2968.5062589288777,0.8919803691075313,1.0,1.0,1.0,1.0,-322.65628259276156,2546.7998322765643,-585.4020655799466,193.36569975332984,-2257.5123965662074,-612.3693860444388,-9737.088554042244
414.64655990606497,2472.2898315480393,-690.5106779223801,399.199351795553,2426.7806674149747,-700.998631972718,385.59092582346796,2380.299806842302,-708.0506258795389,382.5715340412681,2327.252923154022,-727.1545699371684,0.014025750957663374,0.01651280745678161,0.011011020068354478,-106.36221153606424,14.845221103125567,-899.8427113886031,-663.7460470087843,-3163.083597523884,-2147.0058732680536,0.7334504215172011,1.0,1.0,1.0,1.0,408.0409748957429,2466.2350091841404,-687.9308854010229,-663.7460470087843,-3163.083597523884,-618.9349779491381,-9973.483156867482
-249.2877194601663,2601.6293519941282,-963.8951417110503,-238.8928544363703,2557.667624242341,-999.9864473161215,-232.85050349381075,2507.5842232399746,-1035.6424117672398,-226.85477874379197,2450.0209801902083,-1095.0197825575995,0.014692642474678264,0.01088092569998721,0.019919649542548826,199.33983183920185,268.75086560127033,-1017.205700407046,666.4060637697612,-3466.8240739726107,-2775.763874498424,0.6295067822827862,1.0,1.0,1.0,1.0,-250.4842612053872,2608.8571155327763,-960.387987876373,666.4060637697612,-3466.8240739726107,-2566.669986420112,-9833.30093447001
-470.54641966756355,2476.358326678801,-1066.2142111705557,-448.4149538318222,2394.6486214349925,-1128.513663778309,-439.1935313972748,2329.994496946455,-1124.3045568997118,-424.87506205597003,2268.880714901725,-1076.3256245230566,0.0161017084112352,0.017087882178143818,0.012105828339613205,105.16974270641944,-368.9529241379842,-811.8295372716832,907.4567152802289,-4509.253107082475,-2395.5987127634908,0.5847045810710082,1.0,1.0,1.0,1.0,-466.527987920124,2471.876533323976,-1069.1652435153133,907.4567152802289,-4509.253107082475,-3280.003553913826,-9752.148170128079
-402.74450438962003,2451.785739608519,-517.194676730155,-396.2030218001135,2422.746415553973,-548.7228629008255,-387.8626102085296,2387.520369861276,-584.2271327007682,-380.71550112603427,2349.728602000213,-607.9060270245427,0.015558407372634912,0.019115590276180445,0.009265565907221225,55.85607538465468,265.19386914984307,-1011.427642298358,464.10822283454024,-2247.4336342786,-3538.086706767404,0.9310604364439642,1.0,1.0,1.0,1.0,-396.64944187902324,2456.4416625714825,-524.4877176387794,464.10822283454024,-2247.4336342786,-1693.2380485110339,-9910.3644896819
735.1810598458213,2475.012812390902,-901.1752943676503,733.9097282649734,2412.6890438213177,-922.9140735915859,738.7191666910447,2358.667495501733,-928.5253421667526,724.6840262705016,2285.56975231507,-961.2653746901059,0.014254037583572455,0.01526824158373077,0.015033190553748962,461.93113495952014,100.53536584192446,-1011.5021052736081,-470.3861800933977,-4060.350622926981,-1921.419349591442,0.5404445302789482,1.0,1.0,1.0,1.0,737.107050314157,2475.8404802542073,-898.9680418185869,-470.3861800933977,-4060.350622926981,-1210.2281074171478,-9897.000113850128
304.93747575698137,2451.07987723258,-1044.0376362718025,303.54203697119726,2397.850537063731,-1099.9924154127154,320.22903157669487,2330.8044711823522,-1139.5494212559647,333.779405958432,2258.663368056075,-1106.6832835460123,0.017301415054478124,0.014698277637303261,0.012195609955168642,547.1154206477074,27.192733700634104,-851.8491301925815,394.6264248274132,-3977.721670168149,-2238.0013159141354,0.5658046973530504,1.0,1.0,1.0,1.0,306.39330150298633,2453.6029525032086,-1050.9953591204671,394.6264248274132,-3977.721670168149,-2967.4777331174346,-9532.524361549687
59.44424013635844,2459.260569814153,-714.1546125449466,63.96157529436886,2417.6716236727634,-757.2476865375104,65.48706121286583,2368.730996991238,-810.0651153565226,72.28187422596345,2320.621932012337,-856.3966410848126,0.01503229670614752,0.01743811169980311,0.01525999118728931,274.18320805799624,-303.607772141017,-811.8821299617085,238.0352696672639,-3094.4505209689437,-3339.5806876559277,0.8472696004067607,1.0,1.0,1.0,1.0,61.141641705796246,2465.925444126191,-710.0795655749761,238.0352696672639,-3094.4505209689437,-3027.2245175349863,-9770.095347940996
171.99363888879492,2625.033652434897,-780.9761105608081,156.99315659408268,2580.8053424476852,-823.7889916769137,144.18765456806005,2536.3064499661596,-868.5550244020392,128.79373238531875,2486.069135862264,-912.2144387067675,0.016110797164962734,0.014446214507593851,0.015907202619347926,-524.9208424669815,223.6278777461791,-959.4155253556241,-854.0905769835717,-2953.157980197757,-3057.630724434736,0.7685357857080961,1.0,1.0,1.0,1.0,171.16297777462944,2630.4516316073423,-788.5357485863454,-854.0905769835717,-2953.157980197757,-2464.781163233684,-9580.534065410011
-431.7292324619687,2430.0,-897.3422604343099,-406.0001051867731,2362.221638637161,-903.4599157402516,-378.07748122171864,2272.6660138104608,-905.7654654178633,-348.03362493423526,2197.501112387905,-913.1702136334169,0.01727110247083981,0.016233389575960395,0.01768872756032696,367.36302876115843,117.09777930664904,-900.7092779749752,1595.6891802590608,-4633.024571904388,-434.5413385049003,0.44880678039287314,1.0,1.0,1.0,1.0,-430.4815613683718,2433.6100652588434,-891.5852390652517,1595.6891802590608,-4633.024571904388,-123.9505251897794,-9520.164289405582
-173.63987008734733,2559.376634642748,-792.0726632866971,-169.42356327894163,2517.3707075504426,-833.3341558095726,-180.18801484658064,2453.3780858449786,-851.8980589781021,-180.33531615404647,2398.272597570185,-892.392191518462,0.013405329144361036,0.015031008195415235,0.01225044112008129,-359.19319772534254,36.446508194822684,-917.8859023088071,-263.55942337079364,-3511.6028097109993,-2369.0149102596356,0.679313221540143,1.0,1.0,1.0,1.0,-169.4304128983713,2564.800531186737,-797.4505121324773,-263.55942337079364,-3511.6028097109993,-1817.8548763784388,-9582.413587869836
53.53508774964204,2594.580071186916,-562.1127383098985,34.79258390717285,2561.2306021074914,-612.4867139854161,21.04648258268833,2512.5999050689143,-668.4484190264203,15.701601182218502,2469.48056064914,-714.8025846704984,0.01371280801548895,0.01794468719407405,0.012947854423332295,-672.6309683124357,56.311554429006634,-802.0743782947776,-744.4932220301438,-2636.0038450108823,-3603.784433121809,0.9203946503671054,1.0,1.0,1.0,1.0,45.804990946650605,2600.055264864501,-561.8792784709324,-744.4932220301438,-2636.0038450108823,-2857.4050846380896,-10039.347655350683
6.505424926714868,2437.475661040699,-858.7532448445306,19.316049489312316,2380.1198809063844,-892.690706573658,28.39631802298601,2326.695593132091,-942.4076100226323,38.10874373836036,2273.4511213328115,-1003.0962111346425,0.016146214107132906,0.015974838134246938,0.0182802635914327,438.9000171237675,29.285870732555274,-845.8588524732905,570.4684727082505,-3187.6221134184266,-2761.186772355672,0.7045986841671881,1.0,1.0,1.0,1.0,8.196320229038179,2435.9405663634666,-847.5724872775957,570.4684727082505,-3187.6221134184266,-2767.3005551646866,-9749.918251829315
358.84444979322603,2687.5430821520986,-520.3034251994596,347.4829649875171,2646.1965386703096,-553.8003226738612,346.82750485735227,2630.6061855287494,-592.0268899364183,338.73376350438764,2585.453695095697,-643.393117229058,0.012060888913851564,0.01739745456758964,0.016132552968417257,-177.5958724852965,278.16549744355603,-1011.2756830520991,-516.7916929337798,-2316.75615231028,-3915.11540175798,0.9944091035501413,1.0,1.0,1.0,1.0,359.86748816583554,2687.5918958462444,-522.794780858816,-516.7916929337798,-2316.75615231028,-2444.777834721713,-9572.282697188959
509.5354628546125,2447.2941894265077,-520.8536030437549,494.5839049984039,2411.426191089989,-536.8400827251426,485.259147019857,2376.946397196554,-527.3953605543547,468.7535254328263,2347.55440485939,-538.2150421573491,0.015092309795000631,0.01882936272929732,0.012282285272956675,-486.1292701102445,183.2177188883088,-879.8129734471951,-1031.36421515799,-2333.836986824646,-2618.483447353519,0.9287960422027461,1.0,1.0,1.0,1.0,519.450839668795,2458.7087810423373,-529.0472112432124,-1031.36421515799,-2333.836986824646,-66.42029524258274,-9767.302442349152
505.16806095091226,2461.5058754686243,-838.3155986701474,505.2054872017687,2418.873137919056,-844.9432314858618,501.9413086421878,2359.403091922805,-854.5252692170105,489.8736742114896,2316.555871809164,-861.0585614952114,0.011900069166738424,0.015055439853177257,0.014517113467714372,283.2327054750731,127.1398779294833,-1011.6084171739019,-320.33542538239226,-3398.303999141917,-1856.3092421888532,0.6435273775123704,1.0,1.0,1.0,1.0,502.66247186201235,2454.97811734169,-834.5850299057071,-320.33542538239226,-3398.303999141917,-361.0055351795336,-9365.642691224713
431.8356293909353,2491.119493861891,-696.3310706020511,425.35822802489014,2418.2609957362183,-714.2166222518543,420.61335032580934,2362.190605634924,-725.7322227869682,413.0947144433471,2308.640704439835,-744.6331495726478,0.015290934474476443,0.01790011500127646,0.014276506556794466,138.4676874221273,-417.0702751927665,-801.5219741526236,-401.2359894972723,-4010.3636312073527,-1613.380845058615,0.6775324439674532,1.0,1.0,1.0,1.0,429.36377980765144,2490.4433574325644,-695.4946551852952,-401.2359894972723,-4010.3636312073527,-752.627616039394,-9605.14206236696
194.22795042455317,2493.9447095722653,-936.6295873343641,192.65660479693219,2430.9276050278195,-942.9194317704635,181.24810636111232,2369.3789134053054,-948.9196223985125,185.18804088775337,2292.8257158661545,-965.3865975936898,0.014911879989706459,0.012978865563825971,0.015889294691081315,65.52180736782316,296.326778927,-1019.5553492855297,-246.52407821774412,-4221.88655373201,-1325.1968492558694,0.4762199597553866,1.0,1.0,1.0,1.0,193.7143280410496,2491.7077868676497,-936.7338108991512,-246.52407821774412,-4221.88655373201,-327.75874760347017,-9957.043476617813
121.76295146914947,2540.65138896183,-573.3334338930123,105.89630234720092,2502.767155861321,-647.7469797313664,106.82032935499628,2447.240283543455,-654.2851871111889,106.0140179545704,2399.094223250853,-710.8011248110084,0.01765049211431941,0.014006017553186013,0.012847051537171056,-300.1784473845877,-324.2534039227154,-803.150056038029,-467.1085046999404,-3162.0761430576454,-3260.912608767822,0.8604964387953242,1.0,1.0,1.0,1.0,122.55474936885832,2537.4255055444537,-581.0806494597376,-467.1085046999404,-3162.0761430576454,-2473.384580800873,-10168.365373363255
482.6256444240891,2486.2880272180532,-476.5591467720219,469.93522893469157,2452.3322937631515,-511.7233084149532,464.4836317669033,2423.1719178239227,-540.333759090692,449.7632163568381,2389.915498037288,-581.0860507187242,0.012687904137881373,0.018208533411615525,0.01556908132561105,-89.15176396150096,142.04577516782547,-982.4420500604391,-566.798271522368,-2340.0933364681573,-3671.000167183946,0.9585344811248926,1.0,1.0,1.0,1.0,480.48049891848063,2493.8395783183187,-480.6385806216581,-566.798271522368,-2340.0933364681573,-1865.5493190341303,-9960.238009317683
-112.08897924041584,2454.0830301599894,-873.8625177535574,-106.25999447101488,2388.709044883039,-885.4896557480429,-104.65856591341135,2322.1325500589915,-888.78199590555,-100.33989810137537,2253.005400654989,-909.293999336967,0.01696305026275966,0.011937145675972042,0.020198743083459956,-60.83145096068676,44.13624591095286,-991.4871114384833,74.36589260919558,-4113.183374777274,-1607.4126295942385,0.5359010609778088,1.0,1.0,1.0,1.0,-104.33549813706679,2450.3485201556573,-875.2470357038179,74.36589260919558,-4113.183374777274,-450.2020320074902,-10244.878125781896
-416.13451547485164,2589.0936710904375,-909.4017053468701,-405.1805971047523,2532.150077207187,-950.3940868106175,-394.12454490973477,2477.219024354028,-997.2155697591767,-379.045031597072,2425.791802539684,-1050.652976424615,0.012554002552605324,0.019861280892143587,0.016569347959428993,196.06834919921695,205.2061913403258,-1019.0344718914037,847.741455022897,-3283.493130756995,-2887.320194674659,0.6760153685958227,1.0,1.0,1.0,1.0,-418.5442056923837,2585.7387111391467,-911.280718771365,847.741455022897,-3283.493130756995,-2502.5047517267362,-9626.888462822764
-53.01911735030067,2552.686809317085,-534.1034809827459,-49.434026884981165,2509.8190761213887,-576.1877665074796,-50.55561196936982,2476.8399608623035,-635.8692128403509,-53.62633709782168,2436.1687936310645,-683.0627110932024,0.016494843110216956,0.016907746693022672,0.00988537381095457,1.4153577717112629,24.675204866751358,-915.8196592891442,58.88362415562676,-2475.880216686373,-4086.981767774334,0.9767120363858061,1.0,1.0,1.0,1.0,-58.645938867027894,2550.073025886853,-534.9931949127633,58.88362415562676,-2475.880216686373,-2994.544503528054,-10157.707860576358
245.31017564961638,2611.5975063941632,-636.681481383649,231.69592646909405,2556.1234119131896,-669.5446948828624,220.5630791310321,2523.9458654096047,-734.6858297011795,203.12384594590276,2495.213625127198,-767.320360873551,0.015610794510914459,0.019689696634800538,0.011754568770310073,-548.5885548141961,292.4913081506247,-964.9687398847104,-840.767850735563,-2449.0485688810872,-3718.451117328858,0.8979449400839756,1.0,1.0,1.0,1.0,245.93706413091115,2606.8422057432545,-632.4972502942676,-840.767850735563,-2449.0485688810872,-2684.893301135048,-9953.594699314399
-238.39869849971177,2622.270752966329,-662.768401744425,-246.13584447070224,2581.376794524796,-704.5929518456959,-259.4458676147416,2550.543325014874,-760.4439180732111,-255.18025251420448,2513.8259960697505,-806.6609261909696,0.009516262168849926,0.018196385864396047,0.01610086741022574,-563.917857535173,274.5342929856647,-1009.4521424766622,-325.3038713747593,-2350.781232836567,-4178.50731733587,0.956186484556529,1.0,1.0,1.0,1.0,-238.61398616041043,2625.3155258222264,-659.1213145593946,-325.3038713747593,-2350.781232836567,-3239.362408750983,-9943.526630556611
-135.60354807747174,2563.371734931176,-639.5031183810876,-137.81160706520564,2516.692566264648,-637.6641767297438,-135.0098249193441,2468.5862922001515,-629.6282500725165,-135.3274060793108,2413.408629035221,-635.8237266753762,0.020876853871590613,0.009475228828226736,0.016892493493443052,-111.27279699901995,-281.6011040256332,-802.9313327409317,26.959350523654905,-3252.022594448159,-1812.2132343311669,0.8277554238067403,1.0,1.0,1.0,1.0,-134.86222870721815,2563.9186661165086,-640.5260355593268,26.959350523654905,-3252.022594448159,355.7915284785225,-9722.95570760259
-176.98907524680897,2613.425887984964,-461.56242089128676,-179.21663189510804,2579.1243254681203,-519.7430966889989,-171.12531526201604,2546.3477917224473,-562.5111729906326,-162.21179645233903,2502.1902263900115,-617.8412574484023,0.017269969233873105,0.014527555888529022,0.016550293495798746,103.25482203411381,-21.09413941275033,-878.1978679303214,255.5112991512487,-2397.8682655507905,-4176.923533520556,1.0516521813817976,1.0,1.0,1.0,1.0,-177.8076070322598,2616.560952693124,-465.3314604719287,255.5112991512487,-2397.8682655507905,-3076.5791214235855,-9665.893681100804
214.69195931655008,2595.0584325386276,-464.33896612687784,206.83136247447715,2549.3982627431337,-509.687841005842,207.8530386161966,2515.2391942701165,-546.0006764418549,206.39949160817733,2477.7870545172113,-598.1557774754228,0.015613692559695698,0.01104959919334482,0.016749311147027032,47.951838737152755,-34.36779742776768,-874.1619300866112,-159.28490464675414,-2488.6245127220905,-3789.194822141132,1.0115873970999318,1.0,1.0,1.0,1.0,215.99741313947925,2591.1310634940273,-465.23770430687046,-159.28490464675414,-2488.6245127220905,-2555.036194938785,-9574.145886787624
-418.255491438422,2455.989448385166,-548.5293539012952,-391.1231471096957,2361.2166105912315,-542.6690030356237,-373.0949218855332,2302.80960270163,-540.4976246932621,-356.7724178299093,2239.78767895367,-527.9851387167379,0.016217070241448795,0.014801219678185209,0.013416760892257552,283.3941332654133,117.10779214227374,-818.7625090098785,1393.5959069918874,-4604.637438454918,2413.1611566636343,0.46056494918810875,1.0,1.0,1.0,1.0,-420.37179976549,2442.449698562013,-545.5689783333881,1393.5959069918874,-4604.637438454918,478.64972489947684,-10239.524021299196
568.8671859710586,2594.7539914320555,-772.6288011167312,562.2031268032886,2543.9968316030845,-774.2844888929435,547.8480312918625,2485.76835741181,-780.5040458127602,540.9550332490868,2436.271480444981,-795.7874582752002,0.0143393120980745,0.013850147845782894,0.01651309691887048,141.3177979231359,36.47088582377222,-1008.3460866361919,-554.2167472990053,-3337.5221365259335,-2190.463459137223,0.7202974431372727,1.0,1.0,1.0,1.0,565.2936096068754,2589.6753202661116,-764.3169758827801,-554.2167472990053,-3337.5221365259335,-409.35464838133964,-9488.130623399784
15.498639638480109,2470.966621666825,-975.958150377531,-5.956442086400203,2426.409405689332,-1028.1322545471457,-11.45270514960703,2364.957025916632,-1068.9994954197825,-19.484780361626356,2307.459521665648,-1103.9235101903703,0.017493569006839838,0.015134225003250727,0.015561152974662193,-380.5506126174486,347.3572425278468,-1019.1944274925867,-663.3011801475284,-3608.127815853718,-2378.3186422192075,0.5418110530152477,1.0,1.0,1.0,1.0,10.79708366959278,2476.1526538815447,-991.0744627349811,-663.3011801475284,-3608.127815853718,-2257.669209563274,-9956.25049043769
-52.03218404323178,2498.6795774817665,-646.1844159723923,-29.217195344091213,2450.753111828616,-656.819414606554,-22.74434034341525,2396.249927504232,-688.9573306281798,-4.968006717285986,2342.809475479395,-704.4572842023174,0.018061397899212,0.01668373343109266,0.014998131467408235,542.9230058535178,67.12431225573044,-803.3176164881891,756.7596628206321,-3116.144243421675,-2024.7028998918163,0.7302567372022877,1.0,1.0,1.0,1.0,-47.349531146573725,2497.7168221246457,-645.9938446385478,756.7596628206321,-3116.144243421675,-1016.2263694310941,-9747.671218427462
-24.133630165166593,2490.817048575206,-462.4636325142715,-29.960538264423214,2443.1057031890414,-502.04446473019385,-13.982451228145214,2403.300259211739,-540.3879642989607,-22.6026228603575,2351.1763119161596,-588.6983672294109,0.01618221308675786,0.016007968737625153,0.017527739250640086,251.07609012489897,-218.3037405611519,-803.4858432257629,277.06403057442554,-2691.8518742469846,-3432.67863971185,0.9552820789249774,1.0,1.0,1.0,1.0,-27.373260602399682,2487.0073930570775,-466.0720499702701,277.06403057442554,-2691.8518742469846,-2288.1511391576855,-9703.56143086864
-80.33957047453679,2467.381353002587,-993.985534409004,-60.84669962268902,2387.404904216475,-1028.3742666601352,-31.713910532238557,2316.3750542011585,-1063.5755948004012,-15.275423913849197,2258.454670674817,-1091.2263043987728,0.012864263969680377,0.01782630812567713,0.013722730375748171,613.2589790841048,207.27700318597638,-923.9478528478277,1400.5081803724354,-4556.836434870154,-1475.475938130386,0.45058669752889463,1.0,1.0,1.0,1.0,-79.99257020025073,2462.9110384467017,-992.1115790624557,1400.5081803724354,-4556.836434870154,-1863.8236154592328,-9508.547918307588
678.2373722566291,2524.6647160727093,-963.3915309160798,673.3954416384701,2469.679077297613,-1001.1650900523335,668.3098307473748,2419.8272626435387,-1047.5613944071579,653.7189855360152,2358.923967792695,-1083.4784779526174,0.01497335171733046,0.01370612722232046,0.016200490759799183,437.2315855401837,161.31936860289318,-1011.5681177444811,-366.79153553928074,-3704.165156224576,-2572.8769213826295,0.5951200303005504,1.0,1.0,1.0,1.0,671.9781682853215,2531.9850685866127,-965.517116408186,-366.79153553928074,-3704.165156224576,-2390.2788028343807,-9846.126132993733
508.41138717843825,2534.7090699895025,-679.5928660212375,495.0082172783931,2502.6773096201937,-728.3465523779848,494.9916583157041,2457.3143095611317,-791.4330455923123,499.83819517235906,2426.654863919181,-845.7330795729761,0.019244182677703777,0.01724647781210751,0.011462157976314932,264.5784388720526,0.2609574190481858,-924.0223617974361,-245.6370060411547,-2609.688560417326,-3852.1780468502548,0.9270471815338746,1.0,1.0,1.0,1.0,504.07451976218226,2544.7073038259427,-679.7465665430091,-245.6370060411547,-2609.688560417326,-3179.2270192492115,-9685.759987680667
377.62728969886206,2608.794286600024,-705.5650322875182,357.7991646738171,2559.9531871418826,-738.1578016106944,339.3502235492666,2511.4949078023465,-779.9427395770304,315.55283852580004,2460.8197273824235,-822.5664234408805,0.014563793278429448,0.016406097515408842,0.016218545728606204,-682.9801519233206,57.453691371880666,-807.7882212294089,-1327.6111289986607,-3195.6668551376997,-2591.0323611169406,0.7528115634775561,1.0,1.0,1.0,1.0,379.1087512756077,2613.987175482044,-707.1774004625568,-1327.6111289986607,-3195.6668551376997,-2185.4187064998864,-9630.93532560306
635.8570560490459,2454.7087166891165,-581.5201036028792,611.7558353952493,2386.4708600048343,-560.4403384002845,589.428297542188,2362.8558205717495,-599.6330911620098,565.2091524154802,2305.8970628263983,-618.1860327211442,0.017018377047881478,0.01860126744008575,0.013984110026265838,-654.8914552679377,2.112512694667954,-806.1448402717,-1514.581392566202,-2860.298997966939,-2197.752335462726,0.8053962454857676,1.0,1.0,1.0,1.0,640.0756353761626,2447.6681559564063,-578.2244884566139,-1514.581392566202,-2860.298997966939,-569.0433966176123,-9887.040021061897
5.240195516182051,2474.245898929387,-459.3253255934223,12.444123244923407,2424.308825744659,-483.96600621374563,-0.15186413829642298,2387.11216765966,-513.6452887917932,-12.64882589456777,2355.511320031272,-542.5192745873402,0.017330523275155052,0.0168245487138235,0.013584410799623706,-430.3975449274811,37.63913304106046,-875.8864399196796,-441.80265286404745,-2436.5701359361938,-3322.0260477967518,0.9522605172113984,1.0,1.0,1.0,1.0,11.405107936565457,2474.209268977259,-456.58512316063377,-441.80265286404745,-2436.5701359361938,-1699.5123462832007,-9716.194826784413
-436.9318266905466,2533.072910429861,-502.4431943035637,-434.8303197516746,2493.0978933525307,-521.8852017213594,-431.24065249761264,2436.1865921600074,-549.9092738503479,-422.2782133417786,2400.869924836694,-566.5461753113556,0.012622194881736387,0.016861356362421677,0.01433740930757554,-257.6233329378739,-219.0263999384116,-803.4821224532857,197.25620951669774,-3027.8733287918194,-2667.0548027525874,0.8661790394482671,1.0,1.0,1.0,1.0,-437.12648359806633,2536.338329262145,-507.3564651338248,197.25620951669774,-3027.8733287918194,-1106.2156522443981,-9944.426879950586
39.04168195978488,2502.444437204156,-795.4560758429126,43.31766687160609,2459.572263708269,-834.102408040787,49.21320457856639,2409.7016558627292,-877.1519334263785,71.04212660362816,2363.793163151471,-924.0684576625669,0.01763011234995429,0.014564045583011134,0.01560256829871521,482.4718057410822,264.11904373107063,-1013.7403536755072,546.3444266143289,-2762.456147189372,-3265.3765308568522,0.76220327376832,1.0,1.0,1.0,1.0,39.93282018347668,2501.708522954459,-793.2934688690984,546.3444266143289,-2762.456147189372,-2502.6694503829135,-9979.106782857869
-266.36045676656664,2438.6292415878065,-851.5633257790664,-256.74531838563934,2388.029263920577,-878.8175235564412,-258.03096823027715,2348.814165154263,-913.3386937225062,-246.62674107442422,2292.082134399331,-948.3117254563642,0.01568694349911093,0.009185091306657536,0.018902766364705254,-276.41992976040854,-36.39176360556439,-828.6797170562514,-31.90656783073591,-3548.18350767232,-2336.925711419142,0.6562251988295268,1.0,1.0,1.0,1.0,-254.08533227889635,2447.3366917650646,-841.003599610889,-31.90656783073591,-3548.18350767232,-2387.6690958261565,-9705.853567049158
490.3492919100862,2508.7953902089107,-781.5276658780986,461.38704592807244,2466.177172547465,-809.620855966559,446.7281497224044,2420.932780781682,-844.3130739508183,424.22849712582513,2361.812659232054,-884.6427131697408,0.018439236184627852,0.01136500131075122,0.017771973210775394,-457.05625301762836,231.77298875504692,-944.6845644428261,-1238.9649191373544,-3006.5535324529906,-2662.204433646406,0.7124237892938461,1.0,1.0,1.0,1.0,484.55708552676197,2516.7536734193186,-781.1655637340785,-1238.9649191373544,-3006.5535324529906,-1983.1664350160072,-9646.253978519017
762.7301092632085,2629.7952025081813,-450.1275942887839,765.5573357680976,2589.8857585148075,-494.19190435866653,753.0211404869267,2547.3113254494865,-544.77191888555,752.9093293091062,2514.416757298842,-589.7118776768466,0.011814060273560467,0.01591758340266257,0.019302438809517077,348.1425113640212,81.16609027855888,-974.8904871058829,-385.1138740330038,-2313.5720727880043,-4072.4123570761158,1.0529659175142585,1.0,1.0,1.0,1.0,771.7677728003259,2626.095370345362,-450.9402588891684,-385.1138740330038,-2313.5720727880043,-2581.028322695255,-9469.665829562548
-491.0340362096708,2552.7101568779867,-880.3350417982354,-482.68810002242145,2508.0945047174855,-915.7715811359016,-464.60513868913466,2461.079497851764,-961.3225926395751,-457.1370897092862,2416.0045289003483,-1002.255530890508,0.014490158936262083,0.0139000795953961,0.01709740953413232,52.543670967167365,431.271139923546,-1011.884282359166,771.5818817041068,-3011.3718706018153,-2696.978590753549,0.65951235193421,1.0,1.0,1.0,1.0,-491.42155563422716,2554.2883086978272,-885.5056529552442,771.5818817041068,-3011.3718706018153,-2198.3611629265397,-9658.48572838055
500.98207864434625,2686.1332890280073,-514.5469115701638,501.5218584211569,2653.0307001417023,-537.4217897372134,499.03892382038725,2607.7592039332208,-550.9564224403082,495.11621179340517,2570.7342919075422,-567.0002020804691,0.014859401199660172,0.01632316144232592,0.013497265013182116,470.5314962501519,258.7295410333413,-1007.8352130761399,-29.60013622168887,-2454.4632472715853,-3188.878011240174,0.9453201723448326,1.0,1.0,1.0,1.0,499.8356311096235,2688.648155832201,-517.1200799607401,-29.60013622168887,-2454.4632472715853,-852.0677378339635,-9621.597039185763
200.55077071121153,2478.3451103212064,-881.3282630685027,172.3889947924847,2411.665420191584,-926.0157023293647,197.03716091107768,2355.804608230676,-959.0432615091944,188.6306952776566,2296.39562739562,-983.8489480821073,0.014518433387730146,0.01806544078132525,0.010789376747712402,192.31225031699884,-25.089812874956653,-853.9678587581491,-2.0324084423754982,-4013.239266978288,-1910.9271511226007,0.5816267490832326,1.0,1.0,1.0,1.0,193.58250559348312,2483.184728986474,-886.6024378144414,-2.0324084423754982,-4013.239266978288,-2067.021485219352,-9505.597925560896
-325.7605073636898,2670.0914429839836,-757.1513911976336,-326.7510939269848,2623.0364376235275,-780.4693458947019,-313.7060738425186,2581.9109787741063,-801.4050186538345,-309.5910400391491,2528.5640259964507,-834.779700686005,0.013688899646997427,0.013619090410754861,0.015636123731298166,107.74647871066426,456.53558186133705,-1008.9243019277101,563.140885114257,-2851.3810481335618,-2775.39157048348,0.7320558862109501,1.0,1.0,1.0,1.0,-328.6877072528854,2666.355894164848,-750.607667620526,563.140885114257,-2851.3810481335618,-1615.4328923954145,-9858.567819437063
387.29741404613003,2494.847479892281,-791.0262464608252,377.56196173978435,2440.9958601500407,-812.1530656373628,370.9570199391285,2369.0618361769475,-831.389916638074,353.3340207027629,2310.4153776431613,-864.9690097390696,0.014691975577069168,0.01781984983923206,0.014612845412881173,97.56078836627319,-29.504502293239447,-861.6054407893915,-442.45193512651457,-3951.578221515733,-1707.1248440735626,0.5928753291708181,1.0,1.0,1.0,1.0,380.73002684724327,2499.5055594768323,-793.5343155320907,-442.45193512651457,-3951.578221515733,-1251.9575709520982,-9894.697930769422
511.1254890030815,2451.852182293872,-693.244184918739,503.9308022662554,2413.7069154959013,-717.6088331488685,499.0657273939549,2370.855900226739,-759.3207191699204,496.1838579941521,2328.7604844295142,-799.9913126526029,0.014754557837159052,0.018458939234115714,0.012412690320591037,273.9427906638422,93.83575637507583,-984.5919725116138,-262.69984913625456,-2677.2319065985225,-3404.5570971845386,0.8343738126081348,1.0,1.0,1.0,1.0,505.1186579037459,2449.799834181781,-682.2030825019682,-262.69984913625456,-2677.2319065985225,-2359.514414986685,-9960.657352932021
336.50887303349873,2481.0655998969473,-660.4647123615715,320.30773448058534,2437.1737224996464,-676.3266426349313,304.59748268626646,2396.3093316899794,-715.5203400323096,287.8040120320505,2359.3462941405837,-737.8685301534111,0.011457497934023968,0.016928945949074202,0.012843442296826657,-501.298305883903,226.27720243325442,-946.5843022164299,-1008.810994437168,-2717.0192068660454,-2884.637196093989,0.7887701138200758,1.0,1.0,1.0,1.0,336.0148194989474,2481.40314413207,-656.9064323581927,-1008.810994437168,-2717.0192068660454,-1576.7152306260314,-10072.6112094889
-292.2540791822292,2605.692423908919,-785.5621349633,-275.60283281326946,2557.040020658973,-820.3757724451099,-258.97133047519634,2509.608391458475,-859.2430624240359,-248.10696959893124,2457.441380971708,-899.5113075746622,0.013661328452204552,0.016462701895253274,0.016885858131686304,345.4880803094195,314.3121089785176,-1007.3772897090388,805.2948950652101,-2954.3982141058586,-2920.4131357319297,0.7279901115208565,1.0,1.0,1.0,1.0,-278.61546336611764,2603.970724910556,-791.4472560035672,805.2948950652101,-2954.3982141058586,-2075.260100424351,-9777.903240758322
382.4016979405937,2603.6962717761626,-708.5025984960781,386.45420489231486,2584.2554055322144,-760.22555847148,378.17113151159793,2544.3430015310905,-812.1640719440765,387.1165921126863,2512.7482823167657,-876.9081537783776,0.011741364134191376,0.015155705165582158,0.015345760714817601,410.23984731112097,342.8434700598807,-1006.9564938755794,21.993181494534262,-2176.618613835618,-4361.224528535804,0.9977571699854086,1.0,1.0,1.0,1.0,387.36693855680846,2606.5268284489193,-711.3464518458622,21.993181494534262,-2176.618613835618,-3647.8088645920966,-9664.82332108962
-232.01520055643638,2470.880674763059,-793.6720292313901,-219.33633371847938,2390.188111510708,-808.8901852789786,-201.98765501849476,2319.8567592533204,-807.5559887960079,-192.83593761712854,2246.799035671237,-818.0204193842059,0.017076518810514873,0.016497735334706845,0.014083246648113938,251.92561479180713,-79.8483301393737,-801.169893099793,858.7844139712719,-4542.517772763487,-400.07786509393475,0.5123424992066647,1.0,1.0,1.0,1.0,-228.9936570321055,2463.961622608182,-796.0348345547836,858.7844139712719,-4542.517772763487,-247.55391211777135,-9665.8769063163
504.2153268664822,2640.8516458735858,-1005.5319201815212,486.70584473171994,2597.944816479212,-1054.499344778265,471.2365624396885,2544.694666846804,-1114.5284524172519,463.29898127724573,2500.4815438535556,-1121.3870550111817,0.015468904260140507,0.01679262293906115,0.015239159593617449,-165.3883988768329,185.43782760377826,-1008.6331738093465,-825.9065295293457,-3027.662859086651,-3531.2178466431537,0.7624993132071816,1.0,1.0,1.0,1.0,503.59589004193685,2637.8447434639643,-1009.0121546427648,-825.9065295293457,-3027.662859086651,-3532.3276040975225,-9626.86188101604
-439.2300088056627,2544.4780868612097,-657.8822762404212,-443.71367887596733,2504.632248495642,-671.554693037364,-426.38203652866264,2470.305817027458,-704.3634354281177,-419.3499555048421,2423.5632841701718,-737.5347427057201,0.013346195008529124,0.016030068747943084,0.015102120583342371,-130.0659414847202,364.48206939535703,-1007.4308598096994,356.31208272103385,-2489.7484893595874,-3084.8957041375847,0.8305216156601861,1.0,1.0,1.0,1.0,-441.83901386562627,2543.0119975849984,-649.5033504700816,356.31208272103385,-2489.7484893595874,-1601.532532050717,-9711.617494148268
691.5775029064318,2484.295127194434,-823.5521314792366,681.9676450858934,2427.7874301575985,-841.3915007618066,665.1367407427651,2349.836870330776,-871.9860325426782,655.8144827283841,2283.188062409784,-895.2436029845244,0.012844675077365468,0.01344323090430157,0.015393044985287145,149.22298053711825,-131.2615901502211,-801.5769377254446,-908.6040734651797,-4356.304955562896,-1345.1199701017254,0.5583190490330462,1.0,1.0,1.0,1.0,694.3854246162246,2482.521383187513,-822.757534109337,-908.6040734651797,-4356.304955562896,-1486.0806532666354,-9418.057950138127
481.931421581079,2657.769621079575,-488.4420588570691,461.7087925952397,2613.8192404521033,-506.15407519056026,450.34805660416544,2583.226271486518,-513.2721940746129,435.5414141328407,2535.1985652472326,-534.1231719975996,0.017022077713597705,0.016059242253358613,0.01260020035943097,-423.59407945571144,198.4650587767611,-945.829993126941,-897.8180273806147,-2456.7588660209017,-3039.313120527043,0.9543184796736134,1.0,1.0,1.0,1.0,474.22394792490513,2655.223924797665,-489.4625084876766,-897.8180273806147,-2456.7588660209017,-663.9370131351641,-9638.261701291862
-60.55821574185187,2496.3401223184496,-565.9403028558559,-58.31702849825382,2452.9963052517087,-583.1952244355678,-52.50127938506918,2401.8318328423825,-602.7014130599748,-45.186634972798366,2348.497301933918,-631.2661891290328,0.013508303469010736,0.016242335137822677,0.01624055122632034,248.54840914240768,-225.36409248392437,-802.7764201915073,355.01935849659935,-3121.397770341205,-2495.2151708589913,0.8240088101668469,1.0,1.0,1.0,1.0,-60.31843274963393,2490.2519677129226,-562.719982791142,355.01935849659935,-3121.397770341205,-1249.672130498909,-9716.474045108493
151.64036720788826,2439.61500871938,-545.6563782639736,142.74925763457327,2369.887199456599,-533.7680292466357,129.43002266555794,2289.063322923923,-528.512305107252,129.15743974057656,2205.5785966096987,-524.315485451849,0.012759425304070171,0.01984259815857962,0.015627344559968073,-84.20614764603327,-17.853607500007865,-943.4780170132487,-470.55472269077586,-4975.026564822344,2823.408979466817,0.4467706319773825,1.0,1.0,1.0,1.0,148.71844008590062,2444.7845420870535,-548.2990524892954,-470.55472269077586,-4975.026564822344,645.8816253288932,-9558.768370883094
446.2891611708266,2639.807478493009,-748.4465883648858,428.90887895499895,2595.718294904903,-771.0331904786178,405.03881084598146,2537.22484387419,-794.0627588373084,385.9387075347966,2493.3126508214445,-816.6588828517978,0.014427489806893009,0.020247113203547676,0.017006981733537145,-383.7570765954378,371.27769833629065,-1013.8808668600345,-1077.6630361925515,-2966.3136770368296,-2540.531923049776,0.7133184152560228,1.0,1.0,1.0,1.0,440.6551460918648,2640.507661269476,-750.5706629821742,-1077.6630361925515,-2966.3136770368296,-1162.462324644809,-9690.977441791154
253.24818391904583,2560.359171595962,-612.1324502872121,248.42040452784323,2501.4327919303573,-624.7892978845571,238.27279341912546,2448.7457093324497,-651.8901691872742,239.3984555832361,2389.7659392002,-655.147332136575,0.017346400358556033,0.015684533284791122,0.014161745586264957,-136.93911238118642,-275.3401605755964,-804.843565957225,-491.5416744188886,-3519.8475588445435,-2097.2228598064416,0.7578073207703885,1.0,1.0,1.0,1.0,258.7519355260183,2558.1371242942582,-613.4522215526367,-491.5416744188886,-3519.8475588445435,-741.1582026719451,-10056.708073363341
-348.80418532777327,2447.6581458513187,-668.2118496869408,-347.2755371129061,2398.7258895338864,-676.4214111297607,-356.34790748399286,2361.361854523341,-688.8537871383136,-343.0654191891725,2308.129958314749,-691.4383711586988,0.01601501892614705,0.015275397857649937,0.014754060294205815,-359.3531736744504,47.21183948127759,-940.9193159754203,-15.597584521088976,-2906.176482465867,-2362.7683786338025,0.7789555229219978,1.0,1.0,1.0,1.0,-346.4851664445473,2444.8074375156284,-668.5232059677123,-15.597584521088976,-2906.176482465867,-358.26635030173935,-10012.751024337831
-115.98526998126374,2542.5549841049547,-538.5927799826527,-123.55859217637578,2497.9987860223387,-581.629690443949,-119.38084269398308,2451.714505685555,-612.9711820837291,-123.9021131601642,2409.2825984232545,-648.5990402296892,0.015404001851495371,0.016124747323900575,0.0141184289329725,-72.19071677887631,-160.59342248756178,-800.0503776426584,61.131797090483616,-2924.873929563357,-3108.8164113489825,0.8793528218916322,1.0,1.0,1.0,1.0,-128.73762908757487,2544.914962358548,-539.3242903188233,61.131797090483616,-2924.873929563357,-2125.920414300117,-9868.220930666523
427.24029817408547,2487.246665298964,-903.7175248388403,415.0268363218202,2429.776711715173,-922.5747589692767,408.1412434544395,2367.2212106239717,-943.1642159026336,408.48909480156794,2308.0014435665257,-971.7389752866301,0.018687237612429738,0.012723229549729174,0.01369241044838413,192.52799733000916,19.086502830926893,-1003.5091016812179,-400.62199300910083,-4224.920569964561,-1965.5307210798692,0.5398971223894573,1.0,1.0,1.0,1.0,426.8918632403322,2490.6650362601945,-898.7898881905548,-400.62199300910083,-4224.920569964561,-1329.5001306892295,-10009.387261360274
-168.75427980258698,2526.3339566733794,-498.21824752209096,-166.5115102701931,2478.1037437451523,-507.31834539654346,-154.9541883554815,2439.379991633415,-531.1403386077931,-154.878937239825,2386.422408956044,-555.6775154989685,0.016576967189862048,0.017915452095079002,0.016062163053667602,152.9817663883003,-17.973807822088823,-852.4365636388245,337.0829042354478,-2646.822528191511,-2821.6318778377918,0.9094454176613921,1.0,1.0,1.0,1.0,-170.61782167772975,2522.9758192417594,-490.6540879699645,337.0829042354478,-2646.822528191511,-1009.6618372702821,-9594.627200136498
45.843567638522465,2541.967844414328,-770.8116659896494,50.49698325771061,2480.4391189178573,-790.1712557889372,46.50673021345588,2418.883657112476,-829.9910784558498,48.7633758914069,2370.5629372854,-859.0411300274282,0.01783022517809146,0.016290627220548037,0.017653629146100525,173.78138392525025,13.859912801235147,-913.4647017675695,175.7782245113546,-3433.1362059928338,-2360.648588435824,0.6832255184552605,1.0,1.0,1.0,1.0,44.58438890940374,2537.215024205967,-761.8590087356476,175.7782245113546,-3433.1362059928338,-1624.490393319441,-9677.08096015412
383.2290154360011,2605.591669957866,-855.3229889923765,374.7831955109967,2561.950678779561,-904.6570676287866,371.07841373876107,2505.584419085252,-960.4873410188171,371.5668241545739,2468.467556658086,-1008.1947310821078,0.014196394772359315,0.01892903418994303,0.011030028983399352,25.96209002764275,54.93289133424942,-952.3917477050703,-436.01158270062456,-3121.0799356964094,-3319.6981531983006,0.775844542054299,1.0,1.0,1.0,1.0,383.49158784215444,2614.218438605303,-857.5685366845023,-436.01158270062456,-3121.0799356964094,-3027.8251456039484,-9769.40265769684
-158.3251373834597,2536.245137000905,-603.0174648800585,-161.6907323045893,2498.5533209416662,-638.034932262373,-145.7847964516361,2448.24110855991,-682.1115105842815,-144.81993766832468,2399.3594008932505,-722.5295978024739,0.0165887642650883,0.018491213738477664,0.013747444441822472,170.9245229081006,55.01186768776707,-926.0131917712738,361.2152540339083,-2701.1659984665225,-3234.971883579867,0.8711725775546123,1.0,1.0,1.0,1.0,-161.39351080309496,2540.084586276961,-606.5558158107964,361.2152540339083,-2701.1659984665225,-2078.8283834676213,-9616.241993089365
-469.0139450299454,2442.1282853509747,-1034.9064179067248,-458.86305713931637,2386.5685482631156,-1078.5093122453495,-423.42285857008665,2326.14723556679,-1141.4959789330585,-393.5381739530406,2266.5390180124227,-1114.404703943247,0.01748647178011198,0.01430846833743565,0.017879181783947533,451.75907144221725,190.14053506681842,-927.7455634771013,1485.3334211633087,-3638.972172600815,-2517.138352197884,0.5703258780985053,1.0,1.0,1.0,1.0,-469.1476496790334,2446.3032820793283,-1036.0205451625313,1485.3334211633087,-3638.972172600815,-2913.889099985515,-9947.674289865454
749.7287798328715,2527.920893767979,-774.7084388716663,732.4574893995833,2472.288752524916,-785.9702282431412,717.5424546644549,2427.0333712642655,-816.1309078100876,700.1966035794173,2377.637356250072,-835.3027472605423,0.015775571026417187,0.014293280037400068,0.018244095872716786,140.02741742337923,345.5381173091662,-1017.1987296258295,-837.5044885442313,-2992.8745033498512,-2325.8913930117114,0.6766870530634665,1.0,1.0,1.0,1.0,747.2181716179475,2515.372132237815,-781.756608782237,-837.5044885442313,-2992.8745033498512,-895.358496294828,-9787.29783384502
607.1656386695324,2606.9470009055253,-781.532062186663,580.2476231790481,2565.657977202456,-830.6148052402734,570.2922139181777,2529.4604204481393,-884.9175720724552,541.4529512605563,2494.7224175844813,-928.8648838012941,0.013620460742348791,0.016647067874479518,0.01713245387119687,-409.85740314246004,338.48011531928944,-995.7116828107416,-1122.9854688996668,-2505.8223651002927,-3732.7348806724453,0.8576000175119756,1.0,1.0,1.0,1.0,606.4444462117378,2606.249355735056,-778.9687134431944,-1122.9854688996668,-2505.8223651002927,-3113.0228947645796,-9788.06436536088
147.8170067962443,2527.4108409750643,-789.6141493585656,153.1009702111719,2459.572241938638,-821.3556491348377,153.46407150876877,2397.9912362779633,-870.2212998119654,162.31039541888788,2338.145538296747,-903.7857331233549,0.016481347609372553,0.021755111563678705,0.010713447074980197,447.8007760337786,20.370298736472993,-862.8874943090191,433.9662439372804,-3573.7071568642414,-2364.464924396598,0.6510500937519691,1.0,1.0,1.0,1.0,144.02440527768306,2521.9653085414393,-790.0000767494384,433.9662439372804,-3573.7071568642414,-2028.1103173797842,-10139.095964351081
-188.60487879501548,2440.9730988156057,-710.552357843065,-183.1293127533633,2386.053645191717,-737.532933127513,-189.9485895441551,2330.7438986139937,-765.7169715332376,-195.2474430631565,2285.1354819025446,-802.111228548491,0.01990563339108814,0.012830243251246636,0.014138659106290734,-291.5926280871917,-259.69410739545634,-807.0547030051282,-144.69915192613303,-3505.174061348856,-2417.5801392959934,0.723125464251375,1.0,1.0,1.0,1.0,-180.17428110406996,2439.2899198431664,-701.7587009182785,-144.69915192613303,-3505.174061348856,-1942.4141351706362,-9840.058151186839
398.1591840370412,2498.156185559895,-1007.2265150360885,398.88399095064347,2437.768830277496,-1050.2787484192672,393.149363786271,2373.0494898689053,-1105.628890560328,383.55964754352095,2307.859150751022,-1148.5064689818314,0.013793205296436704,0.013724679309486995,0.015918060702709975,218.044204338234,-136.6190462051422,-810.5594983472783,-293.9735897702848,-4327.608394587241,-2165.1713270023074,0.5665640546913667,1.0,1.0,1.0,1.0,397.36809409810576,2503.222074493075,-1012.380068937719,-293.9735897702848,-4327.608394587241,-2938.1600043565913,-9772.053208283087
-10.352075336681025,2604.8873489401626,-866.383809020225,-12.986428271374049,2561.1698059525042,-934.0442732054312,-20.329728733833154,2514.3936332819812,-965.0794111217068,-24.274941019844835,2469.2203662503553,-1045.1983337014635,0.014838857843594865,0.013696469378487189,0.016513229649415893,-65.01051667620553,249.52056061043214,-1019.5899361616359,-56.52270981946161,-2769.5689969451087,-3699.5478772147144,0.8049514431285028,1.0,1.0,1.0,1.0,-16.966213329663333,2603.654208013777,-872.3854669957703,-56.52270981946161,-2769.5689969451087,-3277.7143978881104,-9998.56881270627
168.40888445419597,2484.9796785353387,-580.5667256989457,160.8215974815992,2465.4275558115214,-578.9288066481074,157.12892764489393,2427.66788620747,-566.912823471538,146.879483503437,2392.9498364375677,-578.4399421872489,0.014734841584675109,0.014817453969401014,0.017944911451210754,-327.9786293272026,370.1317500655408,-1010.2002188435059,-487.4602958168432,-2102.042314943394,-2967.3695199004446,0.9625027929947135,1.0,1.0,1.0,1.0,164.35626944780984,2493.1944881583654,-581.5979011466749,-487.4602958168432,-2102.042314943394,397.9018845933824,-10088.12762780192
695.7667521807947,2525.2331269484007,-596.1315093225505,684.4521793330139,2465.773742193494,-620.1134456251664,668.4579895753412,2407.0328316972514,-642.8836161769209,654.0133175846059,2353.686305336291,-665.4445010999096,0.017129208723133005,0.017646125014040302,0.01454405702839047,-79.25164268894865,-400.9592950272639,-804.6419648942718,-934.9605174073195,-3518.9321807764227,-2343.511148022123,0.7806806092344368,1.0,1.0,1.0,1.0,696.7655867591284,2519.7544150171666,-593.2103996707938,-934.9605174073195,-3518.9321807764227,-1138.289113584596,-9924.091749464742
595.7297146049157,2578.620948948184,-516.5756464540657,585.5341981806004,2538.2139106131763,-536.3536184404447,569.6085246043303,2495.1515079106402,-564.0864462809241,553.599664427285,2467.771352757024,-572.2158001058983,0.018150965834185125,0.014332511991118197,0.017038608927618396,-27.692312965103294,23.204432837999722,-915.1714464997434,-632.3169712222932,-2630.499075040867,-2935.079398310195,0.9254779132470791,1.0,1.0,1.0,1.0,588.816733976633,2587.941031002839,-512.6169841101797,-632.3169712222932,-2630.499075040867,-1048.8119358178938,-9334.14970296562
634.089466567974,2519.162548214093,-1002.3968274355301,608.2760190261588,2453.5869148288325,-1054.2505096961436,583.5854200609077,2392.903955184692,-1103.5670545447879,554.6866657274192,2328.1132165980644,-1148.0200478976458,0.013463161056791816,0.019417047995237146,0.015249701458914272,-265.8860889404779,-63.55140812459432,-802.1527558779688,-1373.1671133714385,-3973.838459922326,-2368.3509348735192,0.6018700894890572,1.0,1.0,1.0,1.0,626.6725347509564,2519.4435908249166,-1000.3357445811896,-1373.1671133714385,-3973.838459922326,-3077.6534421912706,-9745.090175098554
312.57813422148524,2603.8967277511506,-819.156377445634,314.6641055360989,2548.670975401128,-860.3414334537788,309.40042776558255,2503.0261823777178,-898.8673480607604,315.7513243239628,2437.050090642593,-950.6476862380879,0.013677786501148764,0.016447850150053057,0.017830003936401686,329.7341350142936,37.66586265499106,-925.6491154373321,21.83770422468067,-3341.4238164095113,-3024.6295162244733,0.7170443594123971,1.0,1.0,1.0,1.0,313.0282912824091,2593.8550822082616,-819.8809882625158,21.83770422468067,-3341.4238164095113,-2644.6498423317466,-10185.307784752697
-494.116045771817,2490.14223731011,-802.4470873459474,-472.7824642923943,2433.891087481016,-839.217868033354,-453.8340524664921,2375.735868713908,-871.997345542297,-430.6821168407314,2328.439790633641,-920.5302446783077,0.01568478663119565,0.014674855186939288,0.013390617668031849,508.8356423176184,-202.4255443447786,-807.436351770472,1359.7099829180925,-3667.9617603074903,-2375.1230516396977,0.6912497405138338,1.0,1.0,1.0,1.0,-490.5511951271801,2493.5263494812216,-800.9165334835923,1359.7099829180925,-3667.9617603074903,-2348.819969646995,-9535.639409496729
701.5141501323478,2550.778197678414,-530.2490163510016,692.0718984305591,2516.1369077079653,-578.149109812795,683.1823774381127,2466.7031979697745,-623.4956942472841,668.1478846774058,2426.9319034880136,-679.6749754750502,0.01732826677557948,0.012087652782351351,0.01529236825566381,-23.553338801708435,-401.3353784644322,-808.5965436054216,-677.3610749287875,-2755.2306803418137,-3990.500730543386,1.0252917121864045,1.0,1.0,1.0,1.0,701.2230113720925,2546.761449501306,-529.8522284434542,-677.3610749287875,-2755.2306803418137,-3256.368209289819,-9543.329325862931
287.940593564257,2544.5131811758924,-880.5836019188391,291.504256565668,2493.2528059213478,-890.8924254606346,288.7880031779731,2440.750699421753,-918.0126149593023,292.88246080996686,2375.504080889224,-940.9460929387975,0.014074058258845666,0.013684821403662686,0.015129418695958661,349.31064205858877,179.8584859125558,-1010.1292681423031,104.05772839256569,-3813.823885106338,-2069.6375578350367,0.5771117016415335,1.0,1.0,1.0,1.0,284.7948504551954,2544.4292946784876,-876.2105413506245,104.05772839256569,-3813.823885106338,-1284.9128323389982,-9829.349895026226
-496.0420574905468,2577.511949828159,-787.1701243845748,-483.6828320770188,2534.4107861902326,-809.9297130249821,-464.525466560377,2465.564523228311,-824.6994484830925,-453.75770529338325,2419.261296933039,-841.6991225685123,0.017777397662245304,0.01603028178213315,0.015455270761335183,174.96896513949983,129.82580139410658,-1012.6141703645293,941.326818478559,-3463.3752268845087,-2290.497032816674,0.6607370497942869,1.0,1.0,1.0,1.0,-493.3730759802765,2588.82221248211,-791.0945413840091,941.326818478559,-3463.3752268845087,-937.924330777448,-9857.202647183398
472.2314133032242,2598.1270215601803,-587.0991812152929,462.84552734237,2550.325452507944,-598.5260657374896,431.83716634284445,2509.18915666002,-602.7376938306779,419.9395426510229,2472.3825548411555,-616.5762762915382,0.018939588413769946,0.010460131539592406,0.014129488673456973,-619.4452801882228,1.421128247202768,-805.5446871503416,-1279.7766588252814,-3042.078278165293,-2121.9968855578413,0.8114707913731813,1.0,1.0,1.0,1.0,474.76376310739295,2602.398056078527,-585.7440325990815,-1279.7766588252814,-3042.078278165293,-313.65350351482147,-10020.176032228232
269.54650304202545,2670.758356949299,-550.2739551795311,265.63605060828746,2625.9533355561744,-591.4530859448109,265.0816116652729,2581.776252689605,-633.2486610095503,257.4818393386954,2532.0943243475244,-680.6099575869769,0.01827338313850508,0.01770170586633432,0.013776055198682718,22.285573510881832,43.420921391248825,-933.5861513629562,-251.24195753175732,-2665.7017303300236,-3611.1075944351473,0.9352488557964787,1.0,1.0,1.0,1.0,269.75890167966213,2669.1371257663263,-548.1883646164666,-251.24195753175732,-2665.7017303300236,-2357.495486798488,-9707.30315110571
635.1851915077981,2459.937126807205,-663.5477314044571,601.3237532011308,2403.233201949208,-677.3021224120888,593.5846819082474,2343.9273598654545,-695.9006936139396,561.2380172111104,2289.3488246857823,-716.4519020176236,0.01659024739053059,0.01606710841567348,0.01630895195281834,-472.9104390903001,-253.31349729472214,-807.9339523104096,-1467.4369259166608,-3599.677888523255,-1912.8166166871808,0.7060336922409781,1.0,1.0,1.0,1.0,635.004439976778,2464.4433085403425,-663.5258076241771,-1467.4369259166608,-3599.677888523255,-891.0266005474248,-9921.137659278958
360.2599231029867,2476.2607619111814,-443.09858067920885,360.07976859821997,2441.345132879276,-454.27988683257615,351.2799237920003,2394.2508551266733,-475.66204571219976,350.90760509369954,2351.8974439099834,-491.43164250497523,0.016761553728088897,0.01547596023928063,0.01206993164275385,359.36970652691696,-277.41759912933395,-805.1089008960791,4.914611087939392,-2789.22846196714,-2838.858315404941,0.9456925543898774,1.0,1.0,1.0,1.0,354.5042415498558,2483.9185782181344,-435.97504720812185,4.914611087939392,-2789.22846196714,-972.4168485035857,-9636.201203954992
-203.04029306044524,2542.9767505178042,-541.0115499737622,-205.9534810096242,2492.6604084639366,-601.0359304191151,-222.21024209534005,2458.933901864028,-649.8026359765679,-225.84936382901608,2422.1661412960334,-697.8032937271207,0.01723454997091211,0.017713672918996615,0.01368814595164839,-584.1336936538621,-66.03622399083572,-816.6965266421698,-364.1570336629935,-2508.4510520693566,-3950.1584005842656,0.9913636311584427,1.0,1.0,1.0,1.0,-205.41037864435123,2542.752870161297,-537.4389386657084,-364.1570336629935,-2508.4510520693566,-3184.1139794544783,-9785.54056640179
296.4307556938663,2673.4488718165676,-652.8613460544003,307.5280548275607,2628.884814996763,-669.783454327236,307.11896267895526,2584.700626198072,-681.9382740291514,312.929464896815,2544.526824652982,-689.8791582499545,0.017681114486058615,0.01554188521832637,0.014098254675703935,472.4089207574227,273.815129888412,-1017.4472109449503,197.20417507856217,-2753.6774306946936,-2757.4378316603843,0.8226787456199117,1.0,1.0,1.0,1.0,300.84128843907615,2669.514494592801,-650.3558605665833,197.20417507856217,-2753.6774306946936,-677.3990046201005,-9732.026649877194
306.54867337215114,2603.644408979293,-586.6943253211386,289.618863256638,2566.3763788438114,-591.4057220675493,271.57018816136116,2516.7685369081723,-581.2519817973067,257.83015838333694,2475.3742491653256,-588.8697179454373,0.01814151700615385,0.016788433954632653,0.016669064340694005,-572.1156077072361,124.29664245781355,-803.7165626503821,-977.1807684363137,-2761.586998765844,-2096.614299865018,0.8484009846985202,1.0,1.0,1.0,1.0,307.34708388544607,2609.7249413470718,-586.6121187940678,-977.1807684363137,-2761.586998765844,194.8564707085405,-10036.519021203334
98.85740701528925,2632.358476362498,-592.408977016158,112.47847002508247,2594.3576490988016,-636.5716548799554,126.47440664981183,2542.0068521065436,-679.5674939888238,120.73380780989137,2500.0033044189145,-731.3667096891362,0.014464406516531882,0.016823943154951025,0.014897058905069021,526.307897348582,-35.82368399504434,-808.8754911034627,457.3320246442539,-2855.12438530317,-3514.732013693667,0.8888145914234488,1.0,1.0,1.0,1.0,98.70245430620253,2633.7176162634173,-590.4668682545405,457.3320246442539,-2855.12438530317,-2814.773099193645,-10142.957849173885
-58.673940405960856,2654.971547949112,-458.28284254423426,-53.023032614280226,2607.0462809728224,-488.06822126635655,-37.86130793535822,2560.8897105025385,-533.6281740066667,-27.558410411976354,2511.40301400575,-565.9970004604497,0.017040824798087714,0.01704866739129118,0.01515108198480445,504.25181126801584,-18.725709006157565,-806.3854952829524,590.6497727716737,-2800.9420257992138,-3261.3266245660634,0.9057594258258174,1.0,1.0,1.0,1.0,-59.81872172893418,2656.173925632091,-461.8873376291393,590.6497727716737,-2800.9420257992138,-1892.0620495767669,-10242.067056993916
343.7318251813047,2616.5243452968275,-573.2758505706557,321.8946138553664,2569.6589015606105,-570.2772474476983,304.55506086162376,2520.616165536548,-572.6982361722346,301.44764972748237,2489.3464531132886,-577.7264983514942,0.015302250131462821,0.018233274241184757,0.01288654756443066,-395.6099906422405,-56.49702276414037,-808.7681785387837,-788.9232446844778,-2863.347652656742,-2163.709545560159,0.8885779280629225,1.0,1.0,1.0,1.0,342.0332431377459,2620.733032469911,-569.943669426949,-788.9232446844778,-2863.347652656742,194.75500479250798,-9722.938222646391
-16.742272900923467,2485.7636778184265,-921.6244460414458,-16.283149723117212,2431.2191082067006,-928.3507704717929,-38.40595973812883,2372.6066914924645,-946.4351900826618,-61.11327122821135,2303.688580419819,-952.3564060274385,0.012157112236297401,0.017166312128384518,0.015083506438414763,-409.92616792218183,372.9007576147785,-1013.9664229812842,-735.1178513848943,-3950.896189303281,-1343.1319514743877,0.4905930691969037,1.0,1.0,1.0,1.0,-16.63811743126371,2486.630218892031,-927.4333161482491,-735.1178513848943,-3950.896189303281,-317.5073552256747,-9844.535182598585
397.73798480555695,2543.7911923250554,-820.997689441891,385.96496603645676,2479.775221748339,-826.1594879061064,370.3545069432145,2417.9275785890354,-843.5781592873102,355.50534359813713,2353.7498713773334,-862.7098430550283,0.016332568259289623,0.014947544192118953,0.01685392296848423,-236.74516528885138,62.84656588098312,-909.7549175754923,-1017.9410123894991,-3939.374059806635,-1409.50590768892,0.5818659645801076,1.0,1.0,1.0,1.0,404.5576725165323,2544.6522235591606,-820.8965543209301,-1017.9410123894991,-3939.374059806635,-545.3955757644903,-9508.433012341973
-335.54770275049555,2484.5581324163395,-814.648927977895,-328.87433933458414,2422.396476095611,-830.6977343111353,-327.58084128049387,2374.998373447348,-850.6993753847121,-320.8767352068142,2314.1036491216564,-863.4419978134887,0.01828896869423749,0.01499224040718292,0.014464757039701584,-68.24933665534527,67.5028943162877,-1009.605354932502,400.0179372046468,-3583.2639867428343,-2073.9751056445843,0.6272540338588785,1.0,1.0,1.0,1.0,-338.26144426848174,2486.206085367701,-819.9588248069083,400.0179372046468,-3583.2639867428343,-755.9156145135164,-9835.255623637595
97.66888261592905,2437.975659333128,-1078.6538145082316,91.46556464733357,2395.4373001455815,-1130.4222137881268,74.24892743657,2341.801717136703,-1121.6463111339237,73.20088513320889,2306.833400511155,-1072.2056686140675,0.015606174070866816,0.016252063137110733,0.013567939906234148,-336.87319779244496,348.5796585087255,-1012.6497223771995,-616.3634018165897,-2941.994221991993,-3216.060747452419,0.6645738228857888,1.0,1.0,1.0,1.0,100.74481749733422,2437.3955561230387,-1076.3083270823083,-616.3634018165897,-2941.994221991993,-3406.8297657747366,-9920.078930470334
446.6236557716185,2473.76764694459,-821.0697584581643,439.4859116302935,2418.1528406007933,-854.4467017424821,434.0016374745792,2369.870553428904,-902.6098917340861,438.13578306875064,2312.342053019012,-933.0712728748802,0.014622280054710505,0.01559758567351016,0.01641456434620255,347.2171846932848,12.171155500243515,-948.3003921424937,-130.70018774850195,-3373.3549406740008,-2674.0357837725733,0.6833655699255773,1.0,1.0,1.0,1.0,442.62832174969344,2474.72026219227,-823.7828951619547,-130.70018774850195,-3373.3549406740008,-2168.4107740510594,-9833.589683081564
555.8007164172038,2662.3542317161014,-441.8179329373349,556.8005254397374,2628.280618403773,-499.10740976638897,537.754710917746,2584.0145714291925,-551.1565765566353,532.3660361914026,2558.2798792004933,-606.4946861109798,0.014210198954642752,0.016647952560819645,0.016023074997221703,-36.63754005133759,320.5455371782732,-1008.5919087172477,-527.8761155457253,-2084.976945278347,-4592.171487921896,1.073118773487314,1.0,1.0,1.0,1.0,554.5837093598732,2655.719715890024,-448.79166679101456,-527.8761155457253,-2084.976945278347,-3138.955261074393,-10034.919467031146
608.589541130815,2694.081511217083,-554.3678801223026,598.1755978341957,2654.592925822158,-607.0743218630425,602.6984811037673,2622.5504824564687,-658.3947306534536,599.5196811898825,2580.4361888765484,-714.3428982606172,0.016736722896792587,0.014677684076086168,0.01765932759956003,285.5002762440753,375.50676787802513,-1007.241009742165,-319.3406816969521,-2240.2529005736606,-4206.07385451917,0.9859262654275611,1.0,1.0,1.0,1.0,616.0178818004235,2694.168519971776,-563.7857733849556,-319.3406816969521,-2240.2529005736606,-2978.4718022195143,-9944.898338061785
-106.89313697907372,2430.0,-764.9009641238927,-96.74929080204588,2400.4980664786503,-752.197480180385,-97.70032722657363,2364.392349903903,-749.5682267556143,-83.07085147696263,2329.624406567419,-740.3302068535496,0.01708115644716694,0.012389205679080632,0.018109170701469907,285.9457756889479,200.37152024182345,-1016.8354601820553,437.06323011645367,-2468.2295409086764,-2357.861572009488,0.8574204671722833,1.0,1.0,1.0,1.0,-109.59644756644309,2434.1192547641704,-768.2114823739832,437.06323011645367,-2468.2295409086764,818.1166317956757,-9835.161513358265
467.0683466578089,2430.0,-628.56594746053,459.4773300240149,2397.0294833135326,-653.4628943146301,455.6576481279167,2360.9373782723937,-695.6697624868287,447.84193551552414,2315.039926107748,-739.5523126288164,0.017763081316712212,0.014979744229422734,0.018014593155154593,144.53601541412277,220.6214171404117,-1004.4056179828971,-354.66019572616597,-2416.8803098709236,-3323.8822722005043,0.8642425812987111,1.0,1.0,1.0,1.0,469.05009450356783,2432.0669006723047,-628.1251379809586,-354.66019572616597,-2416.8803098709236,-1946.5982160187768,-9646.031703009887
-479.7617621739368,2630.416266625493,-720.1594471520332,-467.57146501700475,2592.8774751783085,-771.8566772287751,-467.78214839403296,2553.3892074818473,-824.3556322875016,-461.7779334413877,2506.08133185969,-888.1446364075816,0.01752696594392605,0.01413889884605117,0.016018463743406187,-245.84301638472317,101.616979081203,-987.5060961684533,237.6149025571646,-2651.5487341580856,-3985.3181633870745,0.9073156714666173,1.0,1.0,1.0,1.0,-472.76524832681434,2633.8460202021656,-718.6988273308875,237.6149025571646,-2651.5487341580856,-3247.1465171066557,-9931.539010798704
237.2215201759616,2503.527828692413,-975.1108207212746,230.93685480685306,2453.398577434958,-1034.6923992143477,225.80488410313347,2398.1362872602745,-1086.5853458150775,210.67080080931402,2366.6694394699816,-1144.252926239894,0.01678978701007876,0.014993029887851353,0.021281238899469302,7.570628861047194,464.07988945181523,-1019.9314731641136,-300.31417178270453,-2709.029177004507,-3181.836176438266,0.6969359442026012,1.0,1.0,1.0,1.0,232.8062576980749,2495.8517722051934,-977.247674698201,-300.31417178270453,-2709.029177004507,-3049.5717528592836,-9661.475704251277
-80.80691205881222,2688.871960023999,-626.6074238204687,-75.71201970730307,2649.364448164368,-685.295693390656,-77.35185109504313,2623.0967202060733,-743.4632882970354,-74.99194272709623,2582.339319123175,-813.995295522246,0.01960835389315911,0.012619513153015387,0.017277219239237928,190.57245259630187,315.44850881220145,-1009.2412810141695,259.733167249301,-2231.4327124547176,-4415.222225433309,1.0154949137145868,1.0,1.0,1.0,1.0,-86.04337052420317,2691.9243475764742,-632.5872339064806,259.733167249301,-2231.4327124547176,-3488.016453103265,-9728.269053036613
574.1946328848327,2450.4767196822245,-517.9017727964037,544.344481018521,2404.7176348918833,-554.8523020188674,524.3959769122364,2360.2056261213957,-594.2157692429352,501.1258745056106,2322.8076301700426,-621.2513035389359,0.012527618536689074,0.016634866565281882,0.015078773635429314,-611.0249082105394,-214.91479621400117,-812.4626860189359,-1274.1721691377193,-2892.780463861385,-3113.505410372314,0.8757587412626004,1.0,1.0,1.0,1.0,561.2134873961618,2446.443230538471,-526.6303705497002,-1274.1721691377193,-2892.780463861385,-1986.6348702809673,-10054.32280637492
302.40879880449825,2542.910402315361,-768.9617992384109,285.80972395140856,2488.387061343209,-809.4587188155348,272.3004388558414,2451.7621601891287,-857.5593530449742,258.80276758913243,2416.35490575791,-895.4676943755919,0.014484698445050306,0.01434680521758467,0.01576685424442011,-486.1667867360023,204.38472294645806,-924.4085495719664,-941.9050809315854,-2794.5124905507123,-3300.0339945148753,0.7904016420929455,1.0,1.0,1.0,1.0,300.3239558418727,2537.802652556313,-768.0345172792245,-941.9050809315854,-2794.5124905507123,-2784.8324499955647,-10025.095004246008
-254.79782245437588,2501.4800276788314,-752.0517235838385,-251.16088637004998,2447.871197027207,-803.3966350395324,-246.75157275426713,2397.6689497233724,-858.2266352149757,-242.31107111031264,2350.0489700218186,-900.5662440747049,0.015030636604780724,0.014643196436434695,0.01579769316605564,-32.25237830143928,-456.14200535842014,-815.2283552503213,250.46449610736673,-3436.1489498525816,-3189.9189110446882,0.8145284737927296,1.0,1.0,1.0,1.0,-247.65184495377454,2498.946091514797,-754.8931283281069,250.46449610736673,-3436.1489498525816,-3000.4491993655247,-9724.152977148311
319.3380037325803,2598.410099149431,-491.7476364657549,305.6751034581177,2564.3425948846984,-511.4075335253794,307.81021810241043,2531.69188083505,-535.5814101780272,299.40392331908333,2496.9152597350067,-566.7110054822718,0.01360745942387887,0.012089756281366085,0.016657054631661908,-24.121656978915013,313.5689401942383,-1015.6641996857026,-332.79308960142134,-2270.3220939438074,-3568.1636653080823,0.9626457296630937,1.0,1.0,1.0,1.0,310.33539807051307,2595.2426446077625,-489.776180123274,-332.79308960142134,-2270.3220939438074,-1554.2323006724712,-9808.776468122449
-191.83422118144688,2524.330544185486,-832.9548313802045,-197.42258281393526,2475.210166319119,-848.023898408883,-202.65315888022175,2412.579378253509,-856.2156074885884,-213.58773015065876,2358.527082718052,-883.3427977983497,0.014760860342475977,0.014973302364239847,0.01583402968463406,-531.684721486744,95.44136145961872,-960.9713527481563,-516.1655943564001,-3704.279797752255,-1945.1858333012524,0.6094318076086506,1.0,1.0,1.0,1.0,-193.59625718330022,2521.744628987345,-821.3191549476094,-516.1655943564001,-3704.279797752255,-1029.6225917925776,-9751.510432227684
157.32399395573708,2562.5323490067494,-855.7709724926954,151.24786058323383,2501.5683124523425,-886.0839977016634,148.66470599481931,2437.982048813912,-953.946365560007,147.37957446528023,2378.391191055605,-974.5468172113951,0.014950573972480525,0.01569251157068209,0.016793512420351923,-31.341600082659962,-29.669865522411868,-832.9317016339206,-276.1746078099397,-3888.121378918144,-2130.2954160356726,0.617563402036486,1.0,1.0,1.0,1.0,152.3145141109502,2555.9308514581576,-858.5874795702053,-276.1746078099397,-3888.121378918144,-2243.660895046417,-9656.263618433259
22.190529083954708,2439.0002701161598,-781.2092134234776,14.25268658643726,2366.421400384646,-775.5614216629689,13.586282616106436,2295.805644169232,-773.8470553751963,18.03490196836853,2241.6088297601736,-777.1508188475644,0.012988779290064825,0.01733031334974428,0.015468846063554004,-93.72623789892305,238.70482332653572,-802.0542628112978,-225.16854273042767,-4188.112000374754,803.2151833035159,0.47921206129663724,1.0,1.0,1.0,1.0,24.487247034551388,2437.4636235232797,-781.091211040739,-225.16854273042767,-4188.112000374754,483.7749943925207,-9819.459274217257
-380.3359688207915,2625.077419773941,-695.6437468424084,-366.05685297568056,2582.383728195751,-751.0769495216699,-350.5139613754874,2535.211051394979,-803.8862154887148,-341.0438454085589,2511.1923190615116,-858.5209181932136,0.01652616879924344,0.015375499459122716,0.014454207415332328,394.0874830382193,233.28089337226123,-964.8262094328009,819.6829587480297,-2533.174833672096,-3813.010568883373,0.8986441243263023,1.0,1.0,1.0,1.0,-380.5129129786704,2627.1311111923883,-698.8683078045792,819.6829587480297,-2533.174833672096,-3051.001175465441,-9834.16324231049
724.116872739267,2438.8548266901257,-968.3918984638825,703.4437625992125,2368.5114791348497,-1007.0987022608176,678.8013090939445,2314.1742132111913,-1031.0796317560591,652.266033200422,2236.5343933834415,-1073.571825977599,0.01499509933669155,0.014425609909031602,0.016443504633773705,-35.721696409066794,44.01519698860755,-989.8099903983502,-1368.957732765736,-4320.072135303288,-1976.8972717501902,0.5091357861205035,1.0,1.0,1.0,1.0,724.049845275918,2441.6552320819333,-974.3453630488966,-1368.957732765736,-4320.072135303288,-1899.7212897742122,-9692.084037243716
231.95090111740768,2579.111331870881,-596.2786460700294,241.65049211000937,2539.2466070962296,-620.6316600760686,246.66286790640862,2486.5677514797867,-640.8937049770764,246.36831606843873,2444.8230374473005,-669.3377721416058,0.01527988181072677,0.013738195476538293,0.015632038791903044,506.55620341437873,24.432413247547338,-859.8218561823288,308.6785315754388,-2885.5552267220633,-2623.882312802784,0.8403498839208325,1.0,1.0,1.0,1.0,233.3757029701179,2578.1487888965644,-593.2921929893735,308.6785315754388,-2885.5552267220633,-1381.8893076186057,-9334.175265086087
-428.45568847908163,2468.618906932718,-619.7942414930599,-413.92811416453264,2433.046061857514,-632.3907138769877,-403.928309731196,2391.0262678761296,-647.8227172626663,-405.05505424953157,2346.4833966730394,-671.087335439643,0.012991341937830997,0.018934858160545597,0.010718609148639056,-38.44212059622542,60.86111793501769,-951.8870248436464,443.6594945312351,-2785.9433633134645,-2811.6341229289537,0.822355190752985,1.0,1.0,1.0,1.0,-422.2075833657435,2470.7021272011657,-612.4842475842636,443.6594945312351,-2785.9433633134645,-1058.235071390331,-9996.738117895306
-28.709236880493208,2496.447499278742,-776.4052755351993,-15.250265934128738,2458.8593388671375,-770.6986890970237,-6.974467922019178,2426.050104680723,-764.4620514772481,4.621529945459912,2380.639375424208,-771.2719178441331,0.016306823937948696,0.01459394999090018,0.015713778811760074,374.8049137934597,308.73646577703596,-1016.7048303127339,469.95458093715547,-2610.3414715388926,-2201.0808761365693,0.7933854472593916,1.0,1.0,1.0,1.0,-19.95693419375101,2501.423301869709,-776.1720889394824,469.95458093715547,-2610.3414715388926,451.29614396210656,-9648.088582936269
406.9079517853329,2545.509393710692,-753.758063425158,383.5968211783556,2480.6141291719173,-799.8950652350077,392.1497835966129,2439.1500235472,-840.5640396148058,369.4331214285171,2375.2544362775857,-872.9836932318216,0.022270898933350887,0.0141264566454971,0.017051362092186502,-126.45074109768372,-12.351598119412746,-865.5850980040934,-690.5983737963574,-3318.785342907369,-2684.478049582492,0.716551282328966,1.0,1.0,1.0,1.0,405.3100067255109,2543.113115919255,-754.3464939207164,-690.5983737963574,-3318.785342907369,-2237.5233263859454,-9890.225097094002
678.5739728850302,2472.387821225724,-979.9023578158929,665.1411302408237,2415.0415873219645,-1032.4545285753813,652.4734650402679,2361.923445839416,-1089.1944912777756,637.1034315546455,2302.424987384098,-1135.4601815708734,0.01657180560430349,0.01369204846134485,0.017795162324581875,18.780338551492882,-19.953997316576505,-894.3447932925745,-871.295474617013,-3297.9940857916235,-3179.8189096701312,0.7069409836097703,1.0,1.0,1.0,1.0,676.6084218873386,2470.0315374560987,-979.2691316899674,-871.295474617013,-3297.9940857916235,-3436.63729701937,-10001.047101910925
86.85678304599708,2477.050227127248,-621.6357635777688,91.727913818656,2436.071396423887,-655.5540491455713,84.6084954545928,2397.0176720518416,-671.8016592001496,103.14336960204386,2351.133125198248,-725.1400174878537,0.017091453940919106,0.012569374826617859,0.01746035568781711,576.6175589520062,82.27790440438798,-873.4642226299934,564.4451181989683,-2722.950482390705,-2985.181476358956,0.8328788155446466,1.0,1.0,1.0,1.0,79.90585493691401,2478.4743289082026,-621.7574868701137,564.4451181989683,-2722.950482390705,-2006.6566048456334,-9704.185729037154
-418.71929786796784,2600.0675699081507,-864.8259245470348,-411.17841321698984,2540.7714309180947,-900.6506159958834,-397.4253132628208,2495.76258858524,-919.7614737840022,-377.5492926861391,2446.410412858979,-966.5987145686263,0.01669691513762496,0.015027751481101394,0.014344348507013167,203.00186963721228,305.4099603302925,-1016.1754098877589,904.858496325706,-3295.4799099107495,-2527.3030071082303,0.648930984874261,1.0,1.0,1.0,1.0,-425.87478530915376,2595.7684977182607,-862.5725677864925,904.858496325706,-3295.4799099107495,-1855.7021960460875,-9583.298175922195
93.32059531681136,2458.012088101335,-733.7474183829962,94.3576953240604,2415.25545191386,-798.6401416212602,82.46346506812,2360.1651222793366,-848.9786002263519,73.25271036417509,2321.913173813519,-918.6924037565258,0.013543367081827101,0.01819352594063811,0.01603170900476642,-289.4199097504017,-354.7916636650253,-818.0074630919981,-392.4370739039279,-2883.946637402464,-3839.6832137864126,0.9272313979727691,1.0,1.0,1.0,1.0,93.20623730592797,2457.056307802374,-732.428187378043,-392.4370739039279,-2883.946637402464,-3617.8880059230164,-9666.994214498121
414.947932824965,2607.8120860888084,-1031.677858267083,413.56837185439696,2561.5132786096283,-1077.5958517488632,404.46957632309454,2511.9796772151535,-1134.9668758203466,403.5880775590574,2472.146280971603,-1117.785939791954,0.01636270465238301,0.01603705717876981,0.011737687839234196,121.27514579937073,463.01861217820465,-1006.0035400382599,-420.45361844937645,-3022.328576377531,-3155.4215196410814,0.6658625503296135,1.0,1.0,1.0,1.0,419.79721489842905,2608.8719014062603,-1036.0255439670284,-420.45361844937645,-3022.328576377531,-3248.9027191852865,-9962.323476276986
-147.7231666422972,2578.0170333183573,-856.3530725602319,-138.88127951655758,2531.1019706137004,-899.9129572062604,-129.1124722926378,2495.4951958493402,-950.8396249681153,-114.0419406707534,2451.484625387456,-992.7650867230736,0.017214707213398572,0.013910922626725147,0.018027857130211853,443.3885722359787,353.2860967677441,-1013.0007360758354,752.7186787262582,-2842.594127872106,-3244.0326112488674,0.735846513029665,1.0,1.0,1.0,1.0,-147.49559056413477,2584.72248714735,-856.2159664622428,752.7186787262582,-2842.594127872106,-2721.4156546817576,-9944.4038421285
-290.32358425659726,2469.532482789899,-620.9487683980517,-274.89576759935267,2426.718990668623,-656.7850806126454,-267.07162378877587,2385.7501496154814,-695.0272055633577,-253.25713442332028,2345.695648838154,-738.1644777599812,0.013477042447512777,0.01816046381675858,0.013168600480857467,417.852381865453,66.59072129456986,-837.0551609679493,792.2784576974981,-2697.1051885946144,-3063.330277102812,0.8451938932548718,1.0,1.0,1.0,1.0,-287.2754454853215,2467.0143391437778,-623.5887514032815,792.2784576974981,-2697.1051885946144,-2288.7577147844922,-9710.710472615152
616.3780793273548,2545.5614743558085,-598.4536064975528,604.9974597530536,2496.8216891444245,-633.7792311761197,596.8643972138466,2448.3827738717364,-699.7016907392041,579.403690887041,2398.0360813756306,-744.7604604272237,0.01593001015016458,0.015771847630179022,0.016096901931633358,-105.61755190636734,-391.4450015756026,-801.5616407034886,-741.1012271315258,-3003.3079975853907,-3562.838688704169,0.9272012402880238,1.0,1.0,1.0,1.0,616.9561445468703,2536.780296070158,-600.1751222238702,-741.1012271315258,-3003.3079975853907,-2967.451145552425,-9653.92388274476
-459.49355938714365,2467.677462727489,-925.9556079295568,-450.57839026749224,2405.5026758017093,-947.567851824975,-441.95473090727154,2352.837507965376,-986.0875356361153,-436.8480618530958,2302.817657264375,-1022.6956512950705,0.01604331597290183,0.013873707688627937,0.012640676996886747,-208.91685823715557,35.398050215254344,-986.1421604716396,393.1546800175058,-3883.7214399222685,-2300.781745226127,0.582442299341584,1.0,1.0,1.0,1.0,-454.6385332480966,2462.723950166677,-921.634137090336,393.1546800175058,-3883.7214399222685,-2007.0354723691328,-9812.604069748602
35.77962596463782,2549.22970007461,-767.2790846557226,48.86653890607047,2504.158851146005,-756.5898780913159,47.282762794636746,2457.9030565440976,-748.9641460516826,64.41381752999025,2432.286933339333,-728.8319462611526,0.019152092686372052,0.01336508026561966,0.015191194182984834,492.0634828788015,125.29849918629277,-941.6984682532752,552.8615865769405,-2965.7482216844146,-1940.5610738572884,0.7722916328650241,1.0,1.0,1.0,1.0,38.71698188570929,2557.212040967508,-758.507340914445,552.8615865769405,-2965.7482216844146,445.56751670540217,-9737.883873628285
-266.2594176358824,2438.5526614203372,-536.2620799594473,-267.16326921878067,2391.257010467248,-545.8265867292876,-271.7780217604504,2359.704953169574,-553.9750110987648,-284.95651424083593,2311.5826118226614,-570.0087603015495,0.016828877893287693,0.012442591074445168,0.010726053881878559,-609.612886459815,-44.879784433801035,-805.0155674341465,-378.70941309668024,-2721.1152270646494,-2333.0124424758073,0.8700024771503893,1.0,1.0,1.0,1.0,-264.9873205418355,2431.335072195022,-535.8404853522933,-378.70941309668024,-2721.1152270646494,-437.0478697211607,-9756.66672717673
427.31196610646606,2443.875739508499,-1026.2074894735185,421.68879596227515,2377.8295177851046,-1071.5362288195774,427.70455408121967,2307.5824911304776,-1125.093870223706,415.4302321724807,2248.0503619456404,-1139.412577963032,0.015325679471795367,0.014503270567514878,0.01564633047896305,317.6273135064145,-45.443235131795475,-841.7597869550008,-176.91348432434654,-4184.3527657595405,-2292.61377915167,0.5495247194817271,1.0,1.0,1.0,1.0,422.89083667940145,2444.246660495136,-1024.9163275920744,-176.91348432434654,-4184.3527657595405,-3001.9648142748506,-10251.855893640779
609.4639388000362,2558.6751950892844,-946.6513431521618,587.832272208888,2512.439795375373,-996.6821780687243,573.4089572249673,2453.2376858230036,-1047.9267896815127,569.65309693896,2383.820881783774,-1123.3079136504168,0.017200803151377633,0.01519295446909776,0.017495374810894315,-209.14425285336836,-49.54809557218182,-814.1923167546609,-1100.46973530936,-3524.673147717801,-2877.6918591382173,0.6901108675686308,1.0,1.0,1.0,1.0,605.2033512755575,2558.710033738994,-946.1181092484715,-1100.46973530936,-3524.673147717801,-3299.4462044753477,-9871.60791091713
656.7613143624549,2443.898961277017,-598.8987879665035,640.8315322952324,2406.6499306092246,-634.6899956553708,620.9218545077732,2366.602821488068,-672.8869188024478,597.4001351926436,2321.7741171051757,-720.897812666195,0.017199600082863108,0.012585261508951465,0.014023438808905043,-631.9078492089632,10.330361574842698,-800.3546206230352,-1431.7180627941584,-2687.92514660568,-3237.9132256427847,0.8611916995992811,1.0,1.0,1.0,1.0,663.796997619751,2442.9026192529864,-594.198260650041,-1431.7180627941584,-2687.92514660568,-2518.384761201869,-10046.325186380394
365.1095790240643,2486.3515936223794,-886.4271834080145,342.25567179300384,2420.2209864430642,-926.7723304702639,326.4784919475556,2361.435382719097,-977.855322779084,306.40065500764797,2311.149175615006,-1023.3704096385771,0.01375013816269021,0.01649833319406414,0.01697533288279469,-511.61657852998513,42.8478273812688,-809.1391683293094,-1267.6915821500518,-3532.791798427799,-2321.612805979521,0.6427761957604514,1.0,1.0,1.0,1.0,363.0906131535512,2480.4741682964545,-886.737744657265,-1267.6915821500518,-3532.791798427799,-2622.3516327043862,-9576.877221562543
754.8454346895763,2455.6436968482326,-1048.682573530955,733.9077399277595,2397.090244082529,-1088.5549820729036,694.8126077711032,2321.67945290508,-1145.1686361341992,669.6864811798703,2254.5655783817556,-1109.3445307521918,0.01508795439179972,0.017221978796306728,0.016866032706508157,-288.362053565128,83.39566603817703,-805.8258884344594,-1907.4395633418835,-4344.546193477546,-1862.0845240698907,0.4958240341053858,1.0,1.0,1.0,1.0,751.1925084561979,2451.173341483434,-1051.2256258136042,-1907.4395633418835,-4344.546193477546,-2885.3536394211364,-9896.703571103104
-419.5563149992225,2552.3659911250506,-594.4255601004843,-417.8384255914602,2501.7758281127467,-608.9947160812909,-400.80895782328395,2452.9386925430545,-614.123636205237,-390.1422117650154,2392.612127199605,-635.2230434211273,0.015521376782585885,0.016009679302991735,0.014587505060528486,264.7753421456347,-335.066835214662,-806.0318282371211,816.8936890804795,-3418.574073986403,-2127.4962822732996,0.7988814388538945,1.0,1.0,1.0,1.0,-425.4998251273712,2553.6282573038407,-589.9919841737079,816.8936890804795,-3418.574073986403,-495.2077153499712,-9908.08054405101
541.4808617171683,2574.4740022854007,-504.1887873860008,537.3197677916442,2540.666080563728,-510.8622274192726,523.6238347450694,2501.2975691731335,-524.3610255272387,516.5872639674826,2461.3991802122737,-528.0963884838253,0.012836997131745607,0.014850796517028794,0.015646196782304153,-104.26593334898068,26.895128850607705,-904.9743638085284,-656.0985564391178,-2584.8809815867808,-2786.2178177874102,0.9416660095689222,1.0,1.0,1.0,1.0,541.9911447435513,2573.002895713582,-509.39263590468954,-656.0985564391178,-2584.8809815867808,-339.6709443375558,-9666.716340425852
-91.55480372534393,2470.994896034467,-723.1264604037129,-93.92597774388797,2434.414921513728,-756.4655745229984,-102.75137733021133,2394.0063169095542,-820.2814239273781,-95.36283490989096,2349.35032974022,-878.6130723294665,0.016930849228937048,0.016597313131071528,0.014330142896824376,-393.5708973591037,56.900426286408084,-913.4849253636364,-334.1465030846846,-2623.9356908292525,-3763.052105036471,0.8721416947431677,1.0,1.0,1.0,1.0,-86.15611452119367,2470.9212618493148,-720.3997726103148,-334.1465030846846,-2623.9356908292525,-3205.247695726577,-10066.508754414535
-180.2018366315613,2638.6854300168725,-720.7663943053954,-188.01255250097896,2592.0524317301083,-769.7500348186236,-190.63063284912775,2548.160326459749,-821.9070857121931,-180.25121002490823,2499.6245111719873,-867.8230540765073,0.013231918011832367,0.01798921199939911,0.012576387243882575,-613.0430797533005,-123.28636599391702,-805.5053502470112,-471.61864803281696,-3000.2914329620257,-3367.9623315384124,0.8762024827448867,1.0,1.0,1.0,1.0,-179.15392356311133,2636.98175233115,-722.8825567518531,-471.61864803281696,-3000.2914329620257,-3127.607850569158,-9450.648618804202
-5.867028943155141,2580.6885528975545,-505.42416938807463,-3.546860834343989,2544.059061959233,-524.6504112020413,-6.7310170129513525,2512.44085195287,-535.9779538966548,-1.8611656923438966,2465.2958691279987,-547.4537023589417,0.012801251058625682,0.01529833474841234,0.015654567293983346,162.82825191602186,113.6847953308336,-984.8989808537074,176.88145371990808,-2509.781580345078,-3151.293702047461,0.9412458468989794,1.0,1.0,1.0,1.0,-11.399979998088156,2585.8196519707344,-505.67990548198975,176.88145371990808,-2509.781580345078,-643.5367909589482,-9929.70973768448
-147.06609918773435,2593.834628587624,-880.4030084541162,-154.27537360994398,2522.9329473330963,-918.6180816209761,-157.40694712223896,2467.4953086597916,-945.6332033311929,-169.77602097527313,2403.0212510829906,-995.0726215529032,0.020167670397115374,0.011265311335093325,0.018585608018812497,-415.6754010663309,70.84603736408457,-939.113357334501,-406.2451936124896,-3779.937316680739,-2388.2617669427373,0.6149814102489792,1.0,1.0,1.0,1.0,-145.52234731402365,2584.5043529567806,-879.0716921067707,-406.2451936124896,-3779.937316680739,-2126.625783387642,-9841.704172001479
551.254789613997,2453.2746357845663,-982.2084033604146,519.1694714104992,2392.6303869057388,-1050.7586289995274,500.70808909333175,2324.605389435278,-1090.0381886343243,474.0081299747312,2273.3343987457692,-1140.1744970970929,0.015718079313157083,0.015722772002503455,0.014489255111024061,-651.8958843035782,-188.51528098165426,-806.3799431830702,-1729.5956788734338,-3786.6015513656275,-2640.271010823761,0.6490698935733159,1.0,1.0,1.0,1.0,550.1731125134584,2443.1727972174535,-984.4058434271576,-1729.5956788734338,-3786.6015513656275,-3234.64426749507,-9805.622293671822
135.52772064448124,2523.648512525499,-867.705521946573,131.3079229422953,2470.170945970787,-887.632747782232,155.2625045679561,2408.833459274534,-901.1429410973908,155.56798793290352,2348.6164347172876,-916.1909609752227,0.013473028485589247,0.014624580531108657,0.018044008583676045,536.8680648799703,243.06442435235607,-1011.677295343041,658.8900897331148,-3643.8397458303693,-1835.2368587116914,0.5788583823996265,1.0,1.0,1.0,1.0,125.06175879677187,2520.4642654963354,-869.106662703866,658.8900897331148,-3643.8397458303693,-818.1956655677347,-9466.21367964561
-184.30657013432867,2598.924656791653,-527.9247021511652,-186.27426734228757,2556.550517309706,-576.5431296237801,-177.44521372822015,2516.040112712526,-628.5565559554992,-170.9499664659038,2470.0931369983136,-678.1448191601587,0.017035507193389424,0.012930888268566521,0.016468516424616747,151.0714467813729,-375.74756657032884,-807.1630053921305,338.9526675664276,-2963.1549422829958,-3712.700043843346,0.9585650881134279,1.0,1.0,1.0,1.0,-189.57598412288735,2602.223150424093,-532.552187257719,338.9526675664276,-2963.1549422829958,-2895.6112665913506,-9832.230854984997
574.8960080313938,2501.231097142101,-857.0293457804373,579.1549298332706,2450.361095997871,-887.949388011543,572.1328639243305,2390.4441166053502,-920.2169237969039,573.1889559600688,2338.0336601184335,-961.6166016980877,0.013332901325471328,0.014896977319733806,0.017276336342912924,507.9712124620436,6.511614411300059,-922.4720010760644,-104.49636558235535,-3621.3773186155263,-2483.729987183228,0.6444937850118825,1.0,1.0,1.0,1.0,580.0737047138653,2505.261964256011,-847.828639420306,-104.49636558235535,-3621.3773186155263,-2164.2822611649176,-9949.304980056297
29.68272418062136,2481.8855642383737,-484.51318554632405,40.88897491850583,2442.2929461970652,-530.8986747819291,44.09972015130797,2409.119881046326,-565.2494186208435,55.04565059349102,2368.265517610142,-600.4094664065038,0.014496167588749583,0.015169939005515153,0.015778606652678055,390.44457559007344,63.22212553866404,-902.6185049498658,359.228726827763,-2404.4982454538863,-3760.504359686017,0.9595552867530578,1.0,1.0,1.0,1.0,29.41970512816954,2479.74286221982,-485.70898942120346,359.228726827763,-2404.4982454538863,-2398.7029202271015,-10059.882239937426
16.79862616264203,2612.379046072555,-668.8196040785884,14.88467851432215,2546.038278172836,-688.9957564452709,6.7625913997132345,2494.422157797341,-710.5710123079042,-2.9775337048291166,2444.3890175345887,-745.4593866963859,0.015181099813934399,0.01356928650797807,0.015555831835140636,-534.2282754630166,65.3578579642899,-816.2117167657515,-721.441331675051,-3222.1482016859445,-2362.345249435634,0.7406937818429474,1.0,1.0,1.0,1.0,32.10316990189983,2594.744196287746,-662.3214679991931,-721.441331675051,-3222.1482016859445,-1594.679086599353,-9871.53204603419
359.05583209597194,2699.737967185449,-735.7029397619804,354.75925452707224,2664.8884934557846,-789.6530085241945,361.06509818284144,2623.1460505368373,-833.3875503639664,358.73427489871614,2580.447426981132,-903.086535494233,0.0157428513848064,0.01641478233232447,0.015201393507412807,207.90703848687372,167.415376499642,-1015.4468037109357,-149.32457149563794,-2531.7759088259713,-4096.12396733233,0.952640972775457,1.0,1.0,1.0,1.0,357.2316099825139,2699.1912853256085,-740.5694142859534,-149.32457149563794,-2531.7759088259713,-3399.904401022547,-9493.25962086731
253.24207579476968,2481.4738627533516,-908.2874081462513,251.85307392642798,2442.4683869949654,-965.7175294188468,242.7019815035921,2391.577435475562,-1014.1286189448493,241.76196578803282,2353.1736691840993,-1063.1174063932024,0.014888546633311546,0.012507030891785804,0.015979259249195524,-26.72475260309327,38.75850396965747,-928.4052854575017,-345.6695869707384,-3016.8393626014977,-3357.807634254195,0.7666251632257077,1.0,1.0,1.0,1.0,253.26761284320537,2482.398387676877,-915.5121115784507,-345.6695869707384,-3016.8393626014977,-3319.9453320108964,-9810.73354832478
666.7454834380308,2483.5912099356383,-995.1277468659447,643.7708554992967,2428.554166304885,-1028.7894153152029,618.170218914438,2381.0749465818963,-1076.0759879572927,597.9222174120744,2320.1837477444974,-1139.497815818173,0.013662129310387674,0.014829646634221608,0.01476822033465353,-284.5288321466954,188.33558487541075,-980.7535271412055,-1471.1184632879892,-3558.9836992887695,-2626.117685696094,0.6017400037207377,1.0,1.0,1.0,1.0,664.3425766740568,2483.880070916665,-996.4740316395762,-1471.1184632879892,-3558.9836992887695,-2684.438796020461,-9831.554834022127
184.3438752248811,2592.5850856031457,-590.7640790477732,190.1960014144941,2540.7730378852843,-609.3259761759185,180.5748360777973,2494.5658089704807,-630.12277623763,188.6423258056452,2451.023009139107,-638.0816545094183,0.014050050800882627,0.01660566329398369,0.014820541911060373,150.52088283643653,-63.6224689418636,-831.1959329703549,-41.582130400006776,-3107.7126806169217,-2287.7740917745346,0.809523743994074,1.0,1.0,1.0,1.0,186.07360432844303,2593.471872985606,-595.6500890127618,-41.582130400006776,-3107.7126806169217,-858.3198856487551,-9547.529358612243
464.429685930583,2524.5950189473238,-1073.8713352766213,464.63699493738795,2460.9637274515503,-1138.9613183373071,458.83612871926795,2406.322464040658,-1104.417676915042,462.2738538549972,2357.315844285889,-1047.134089552475,0.016159578856553516,0.019397419254486663,0.013760641337979697,420.96679533077463,36.95235393002113,-952.0128240572265,-61.82771243139575,-3554.699051358392,-2972.5296417397067,0.6506823605509806,1.0,1.0,1.0,1.0,464.246194032753,2525.2416898808956,-1082.7201600888288,-61.82771243139575,-3554.699051358392,-3368.208118439422,-9596.785974291723
130.24511113086365,2623.057498015627,-528.903572209255,125.67706559588477,2577.288410656041,-543.6295024922698,122.92503675219136,2523.95552847906,-565.7144129151064,117.16143451230609,2475.7811549287576,-581.7266573011112,0.0142272950315577,0.016273643535460344,0.01453514266238095,3.325635268402552,-84.65224568278904,-806.4466144730441,-138.8019359467545,-2990.5110144574373,-2467.9193663509227,0.8599639187706017,1.0,1.0,1.0,1.0,128.94138730021496,2621.7602224011976,-530.5910253443864,-138.8019359467545,-2990.5110144574373,-878.7583138185273,-9640.55401704142
512.5331456611898,2525.361241951531,-790.4927330945932,505.75816106465754,2471.6050843468124,-851.6001687398004,497.8172172092172,2431.4009500173065,-906.6858985541123,496.24748393057865,2392.603683945326,-955.6387633088223,0.015827702220220053,0.014414737359684328,0.01582595564851769,189.92600027778724,6.481326814930233,-911.4963505844091,-352.5329779118697,-2748.401959002611,-3729.8294946672154,0.8689316047715786,1.0,1.0,1.0,1.0,512.4936750671476,2521.2691193023143,-785.625825363725,-352.5329779118697,-2748.401959002611,-3382.7196359945747,-9807.262689428298
-53.34147978719356,2491.0158196513567,-749.8443153011586,-39.1628298241863,2444.7864102868043,-785.9140500547646,-16.896351027385787,2384.443470875668,-834.2170972280283,-8.26802816313955,2329.7411335845113,-879.6205948561199,0.01636461652718062,0.01688005299809013,0.016697140326824476,667.0480038730701,-105.5906932894572,-810.960768290824,937.3208477159268,-3373.0777031373254,-2584.8634726373193,0.7200581901479054,1.0,1.0,1.0,1.0,-54.68904886819587,2491.6791381262883,-758.4185797416468,937.3208477159268,-3373.0777031373254,-2378.6617750851683,-9740.59878656267
-421.09085608660115,2638.852076307077,-451.276204114132,-418.8527706947084,2599.943281440312,-481.8347480180857,-407.2230503549783,2574.87886483465,-513.0693265689081,-399.62655533626827,2549.1891394874756,-546.5094243010942,0.017076437717443577,0.014009522413897323,0.01572439980709314,-18.33314125294595,419.5429026272522,-1007.4236071331541,388.8401126377356,-2147.5027296604053,-3724.6952140619715,0.9881896400615658,1.0,1.0,1.0,1.0,-420.7826578330038,2642.208227825763,-457.5931545785312,388.8401126377356,-2147.5027296604053,-1764.3944878766329,-9785.602110804173
-57.4621772495287,2495.3844117019967,-975.7388783902626,-61.52085053752338,2431.252758239004,-1017.1854505791264,-53.96299915656417,2365.2959790748987,-1064.7364877620691,-70.27444492896079,2296.1593279552926,-1118.1291003932117,0.014988599087415294,0.014454791963611116,0.017433161715517887,-121.95966477276619,-262.5180954954589,-807.5365523382253,-112.10107231442774,-4448.852303009268,-2198.924958212645,0.5731234472334561,1.0,1.0,1.0,1.0,-52.4569999378208,2495.77033237029,-968.7607023001024,-112.10107231442774,-4448.852303009268,-2839.158411818876,-10001.493157674908
402.5816856865751,2537.496776606595,-759.2327363794843,388.42513445747295,2494.6753508420447,-786.9258063350624,375.3078575893183,2438.0866409309588,-829.0712655574644,365.9888542138345,2395.3819539297915,-859.1181300556402,0.012385343180469141,0.016976236300077246,0.014273246725477955,-340.45220710956613,9.777574880933692,-810.7975152385643,-1015.1107016154384,-3442.413574803064,-2471.831136688502,0.6913651737939762,1.0,1.0,1.0,1.0,405.65415857777975,2539.9515523611803,-755.5311661599968,-1015.1107016154384,-3442.413574803064,-2233.7984050568925,-10135.131887882459
-446.2967646428522,2590.8120770993823,-876.352627144471,-453.24612519089175,2535.9494157874447,-926.3888143261389,-443.6488195729854,2483.7567803414663,-963.2713722470634,-447.2416987144449,2444.2018574624053,-1003.386071205355,0.01569626641747815,0.018215503384957123,0.01182169041851544,-442.7878867347758,132.4401444031564,-1015.4722375071532,7.198277191140875,-3347.40142707131,-2954.967629929008,0.6892665397790498,1.0,1.0,1.0,1.0,-448.0786204702632,2592.780193300576,-880.5730252113974,7.198277191140875,-3347.40142707131,-2464.5309545948608,-9853.75553541379
372.8613664570859,2441.5788310305234,-814.9971397388157,360.7882642052439,2404.644754950179,-823.0085293364647,357.262362903529,2350.7638325033918,-846.2169153058303,345.16610496370146,2296.1935032292886,-877.571803512364,0.012388060470372423,0.01706016264329037,0.01735888721876534,-20.167042454583164,273.5731462099934,-1008.7264105991612,-564.4498315581865,-3144.422685138756,-2335.514741864292,0.6431928896675724,1.0,1.0,1.0,1.0,369.30334132056475,2443.2247989557386,-809.5964224353604,-564.4498315581865,-3144.422685138756,-1220.292320809203,-9958.393891993126
-196.65731413598084,2584.9062422536717,-873.8572204600417,-186.63170683223126,2533.6297197423864,-924.1774571949621,-190.9400239782968,2482.886361348523,-957.9196283012463,-177.51976833627324,2441.4493368942526,-1009.4415906679967,0.01625274005199151,0.016322161039315816,0.013549702684646267,-108.15985236171545,179.69853478412267,-1012.1137917963806,104.96023789073911,-3083.1058001274646,-3096.5739036453347,0.733875396224047,1.0,1.0,1.0,1.0,-190.02883791649055,2584.521058883556,-870.4890585910047,104.96023789073911,-3083.1058001274646,-2622.1165834211706,-9580.835070242183
-452.92632270892796,2537.3596068333295,-889.0236314567493,-445.3452161827219,2470.8565347624717,-869.8470758100607,-431.3596738427321,2400.715355158961,-874.2767331796776,-428.2932338738524,2322.5337777145446,-881.5055182821906,0.018336950386227027,0.015207921599881349,0.01607656277299737,-195.37198056034399,-5.328469177088735,-917.4365130757888,420.08336034798054,-4204.450939614693,-883.8731658815694,0.5553785652408947,1.0,1.0,1.0,1.0,-449.52241357087405,2538.364349289805,-881.6612498409277,420.08336034798054,-4204.450939614693,314.49647564066896,-9544.169900365301
-11.32584859728477,2498.842444270509,-898.570013119521,-1.2514956239727801,2454.4528601143743,-949.43459802148,0.44594260431940747,2417.0352330735714,-1008.9126201708943,12.322012925299827,2373.810082791124,-1049.8777082090298,0.013804272033980427,0.018222438202667418,0.014055264323707725,489.47334646568095,219.6042692563621,-977.4959366809716,568.2648323886228,-2571.052273148269,-3691.767653401907,0.8389180254396451,1.0,1.0,1.0,1.0,-13.441030198251724,2494.9855309925806,-893.8559834702565,568.2648323886228,-2571.052273148269,-3468.6684740124397,-9553.16705689086
465.1637952094823,2672.5720987414734,-717.5170937515147,465.94509027536907,2615.028909751524,-717.1701272354891,447.2197595091561,2574.773860614435,-716.8299735195511,443.54588259604293,2515.5206055567123,-723.9261135335802,0.017168774004655857,0.015509571977855428,0.016533538501896525,64.55162405941107,310.03081985765124,-1011.3005124999016,-462.90248622434177,-2718.073602440509,-2408.2855711960665,0.8157881155155928,1.0,1.0,1.0,1.0,464.96227464346794,2661.164485968688,-715.2885789730506,-462.90248622434177,-2718.073602440509,181.70560024964504,-9741.780223578779
765.1994126787683,2535.5476586801046,-630.4721703929503,746.2803872463904,2486.661093748162,-663.4037246699013,726.9724923379081,2435.222154172139,-693.102554525023,703.0270561457488,2380.278511393644,-718.4007474057167,0.015426345787030827,0.014428192563605807,0.018061476338584605,-253.89408023785654,64.40561882291775,-849.6727601124079,-1224.66973822993,-2965.0207388039926,-2659.0293419697537,0.7870839853107794,1.0,1.0,1.0,1.0,768.705151184136,2540.197935724262,-629.8089015587791,-1224.66973822993,-2965.0207388039926,-1657.5391573127226,-9832.40665869794
544.9010285241707,2714.739341678702,-632.420399066205,539.2556011122094,2673.37624654211,-656.720859042571,534.9849230390147,2645.570545466592,-687.8403670693069,526.9957626558871,2600.291592334472,-747.3308562822018,0.014890452566460944,0.014033885607802542,0.014990916693599567,106.60710992452837,326.831698615031,-1010.2442661137028,-469.1794155709391,-2554.9656136423027,-3552.2037128191505,0.8910847451321376,1.0,1.0,1.0,1.0,545.2898634833584,2715.724547370591,-625.9780138951794,-469.1794155709391,-2554.9656136423027,-2261.4312633213076,-9764.285671291176
-159.2882748622645,2537.8158375965086,-791.822243342552,-165.29219284634377,2479.581659005767,-831.5642149179487,-147.18141196427632,2436.1829326015977,-872.4672178704005,-140.3339928824319,2380.975105266724,-933.8493091976824,0.015380039580155864,0.014306344078579747,0.01422316038113033,223.46668493377658,-431.3540082830822,-808.8833643560248,457.9405526566255,-3528.532859577317,-3186.268743429869,0.7960904559601347,1.0,1.0,1.0,1.0,-161.20337929778856,2532.6135937618656,-791.0964748963128,457.9405526566255,-3528.532859577317,-3130.842649002024,-9850.232997536214
-381.3067577128791,2608.9394885266297,-559.9495911016137,-392.56549242264526,2578.682180701587,-589.2599410147635,-381.44896426013264,2525.302159595778,-631.2117546971591,-388.32243490843354,2489.195452930794,-665.5872004201304,0.014405269683324447,0.017433247017376634,0.01261281910276928,-566.1740348318779,217.3426777486925,-1004.02188856445,-190.09682852901608,-2483.297917061937,-3670.550108056981,0.9155486641965304,1.0,1.0,1.0,1.0,-383.68107944402453,2601.3086781281413,-563.0976576020518,-190.09682852901608,-2483.297917061937,-2153.2076198310965,-10020.874739642955
609.0453157803172,2536.713998106454,-825.8835768943471,606.8059551173437,2479.9459861888827,-828.1470236163348,607.7556261605307,2427.0173809544917,-827.521270392631,604.1380512562595,2375.6377688861307,-848.4087090414034,0.01353425497257452,0.017108133275668954,0.014892792896825501,385.193887946377,203.75888455044299,-1012.668764586429,-335.38711324842586,-3391.803604610827,-2071.9377860600416,0.6394648188549316,1.0,1.0,1.0,1.0,614.9340605215516,2527.144353708863,-811.2596243866317,-335.38711324842586,-3391.803604610827,-470.4178387922911,-10109.311629980191
-56.25205284294068,2547.08345405429,-768.4057087708314,-55.69154936090392,2494.2338819291663,-817.9972728890959,-65.79404554788313,2456.0454555300803,-857.9826646188516,-62.51665355836981,2399.7450822906962,-912.1352544504973,0.01885743955034538,0.011298643399391625,0.017298240857177388,-256.27337553592696,-39.320722771869555,-844.1967196070741,-252.56713166789146,-3280.4990448777176,-2951.4477434511105,0.7425456761930862,1.0,1.0,1.0,1.0,-56.74534151829164,2552.2735226815203,-774.5902113593099,-252.56713166789146,-3280.4990448777176,-2703.207551825984,-10084.437387140295
-329.4928648871766,2677.8733342641863,-569.8911699088093,-343.7308229610401,2642.570188158663,-622.7736692819051,-329.4585043606107,2617.3008413871435,-665.4368753045107,-312.9272464643388,2580.389370733355,-713.0545059000651,0.015935295045574206,0.012760386045260093,0.015194365174872458,476.9293322380167,292.9443062546199,-966.7426509239915,831.4287576348241,-2393.0949161324543,-3969.1899349376,0.9561099537342939,1.0,1.0,1.0,1.0,-354.49942539680603,2686.0392223870786,-574.3356253544166,831.4287576348241,-2393.0949161324543,-2816.476369204214,-9966.841687797414
-366.5444326419754,2575.659957844379,-713.8438291281667,-367.61735400501345,2531.0788592038225,-743.707860834659,-339.6376420135036,2489.894036924114,-766.9857935393934,-334.0597496752576,2449.5726097665647,-794.0948348718844,0.016954625118205235,0.013672882161189146,0.01644167865015229,164.94037375043632,452.6146171920685,-1019.2335237685145,668.3559393745448,-2666.246100671995,-2872.403683179827,0.7479308140704539,1.0,1.0,1.0,1.0,-366.4025980523264,2572.2802672263156,-720.143448033951,668.3559393745448,-2666.246100671995,-1501.2765922093101,-10025.65220999803
653.2631418910053,2570.1113464511564,-706.0231898098176,654.6545329254252,2527.0514539021033,-765.3838777744089,653.9804449509174,2487.5496614554195,-837.273419887229,648.9182810415821,2445.9751090574055,-887.1520139594945,0.014346039008364835,0.017330490450670977,0.01845818268657274,565.5164150543192,228.51284051247004,-1014.0232149179784,-90.4193438711348,-2325.462203722449,-4234.444205113615,0.954865287854392,1.0,1.0,1.0,1.0,656.3878556448194,2565.6023552535294,-707.1743441467547,-90.4193438711348,-2325.462203722449,-3450.6945087307745,-9815.277727589822
446.90285357838627,2484.376375637632,-894.811714230733,463.0948642379426,2416.912072678321,-916.0802429109307,464.545508304744,2337.6378795114833,-926.9979941907202,472.20557559137245,2262.6923748053214,-955.5354890605681,0.0182966680748952,0.01300844930340627,0.021395707277523233,643.8348386571627,64.57991914824561,-919.8322804440173,348.2008063429313,-4429.24417903241,-1346.8214156282108,0.49229917534417567,1.0,1.0,1.0,1.0,454.0653992002667,2478.51799672091,-893.6815995505603,348.2008063429313,-4429.24417903241,-1147.6922345634064,-9505.731123456204
395.4686274884644,2571.823197338351,-918.1472384446478,380.05390522439325,2515.7929771408444,-954.3520623909363,368.002367719571,2456.7345306408474,-991.684483990847,352.6581021175442,2406.0790607851445,-1034.1969599103804,0.01349171212118621,0.01626096519686636,0.01912216744099067,-146.07244916513702,230.39324133943086,-1018.9748304891679,-811.2394833734538,-3492.7393022691926,-2640.380755665931,0.6211251552409572,1.0,1.0,1.0,1.0,397.4580046950774,2570.5285738597845,-915.0662024603897,-811.2394833734538,-3492.7393022691926,-2218.565985844783,-9864.624449625473
444.5181991540661,2440.7389667668785,-687.6066687818217,428.2369055568374,2390.9016617457755,-687.5109645332086,412.4205215868164,2356.4111710000716,-705.895216496722,400.65176378845433,2320.2967653309793,-718.4804130776164,0.01581091018636962,0.01566557192112709,0.012028928317780976,-228.27421184972667,201.27168339829018,-1010.2933937133383,-799.2983227914331,-2658.9653303424243,-2574.682812821649,0.796494589574723,1.0,1.0,1.0,1.0,443.1363792950781,2434.802560885921,-683.2837568029213,-799.2983227914331,-2658.9653303424243,-472.0813676582152,-9795.360540368312
501.01296363272905,2468.7141671024165,-523.0956627568003,511.66262947699056,2432.751683392816,-570.4730214943497,504.59225207658756,2401.4048952836433,-622.2120159981642,502.4012964683585,2361.325258697126,-672.046362209699,0.018362281358637832,0.013707184932757395,0.015253438617958453,513.6750364818045,-104.84896312043954,-833.1122843827546,12.576636653072285,-2450.731082570628,-4141.411676120389,1.0026770950906458,1.0,1.0,1.0,1.0,500.4695679960811,2468.4186735787184,-520.1633910601502,12.576636653072285,-2450.731082570628,-3296.082476013604,-10045.137872563286
-45.27226972885826,2494.25436364854,-736.731087835486,-44.264586685617054,2420.325049282418,-751.5102614999143,-25.320885751021834,2367.7713387115427,-764.8741135411045,-29.588400977568416,2295.0401295965767,-789.8822403878617,0.013891900121646494,0.013563810973042257,0.017644374587053376,263.80144307132826,-411.8468467089646,-801.1164343574021,455.7536498161673,-4298.252291238277,-1580.3558381967173,0.6298999143182583,1.0,1.0,1.0,1.0,-43.83227055458417,2489.4734498768676,-731.1636740814181,455.7536498161673,-4298.252291238277,-1058.2151912951397,-9850.930357214054
-177.0848943572997,2575.165835066389,-740.1653073043724,-172.19843478254634,2515.892480517436,-737.9314525744609,-169.02641719039613,2456.3167759569574,-761.9876296357761,-168.18816825587282,2398.4746660355627,-770.372399465049,0.019760010013479965,0.017245816777762546,0.013072651932125853,-35.44529039847818,-4.135299263791211,-882.641787648261,196.02095626093399,-3585.0315603520257,-1742.8642092189393,0.6699215212766322,1.0,1.0,1.0,1.0,-176.58037890635114,2577.0874241896727,-738.956015484627,196.02095626093399,-3585.0315603520257,-501.3861801735177,-9696.43375178936
464.29692918169394,2528.498064346028,-766.9110058941243,463.93202603911806,2464.085900530079,-768.6352509801541,455.19637082903694,2398.2543107632846,-759.3070173285446,444.9479534791691,2341.290297669633,-754.0967270359363,0.014249952668079767,0.013194134985868402,0.018222440332900748,188.66825616980267,-194.94509244861914,-802.9038657990632,-392.46841442715504,-3817.8854081868403,-931.8534144563112,0.6643334720131516,1.0,1.0,1.0,1.0,467.3208304130809,2515.7535473640423,-768.4168354097902,-392.46841442715504,-3817.8854081868403,444.8880402661674,-9720.296061729077
-63.503880080778245,2649.4089212190656,-538.8437407309403,-57.41199540729484,2605.191817298135,-542.410379811834,-51.648419603018624,2546.6892897544008,-541.5000023848843,-46.23918156355105,2509.4932835035584,-555.1425106752008,0.01401676071580318,0.01990734148504776,0.01657453285188687,351.8249495196747,38.97318877797784,-895.1977512771529,431.1215430144962,-2693.248609272597,-2658.853175625797,0.919501364947263,1.0,1.0,1.0,1.0,-66.3629472043873,2651.424339772399,-534.7974109909527,431.1215430144962,-2693.248609272597,-110.50516894334044,-9791.576826219534
-309.18280999113904,2555.1455673707146,-864.6035096200485,-290.8978211183868,2500.381458005531,-900.2392673182826,-262.6231651407132,2428.1984200181882,-936.0896679581764,-252.92670564746481,2367.486124119653,-975.4302075888701,0.014661026167991994,0.014764301906967404,0.017944652777262447,563.2049608185232,123.7506960592143,-808.0448370179968,1455.6528152747271,-4013.0237295333595,-1747.6467946779128,0.5576300191477785,1.0,1.0,1.0,1.0,-317.46499242268726,2551.6300524268963,-868.976351689001,1455.6528152747271,-4013.0237295333595,-2061.9614182646087,-9821.863472511524
-57.799674671990076,2585.0022432064447,-869.3145835229778,-45.42186725965653,2520.9247025400387,-926.835760632054,-39.09546583131038,2461.1253076096978,-982.5640311660871,-28.21147437832323,2407.037973923799,-1045.9072505510094,0.01801089755088804,0.016322647696079974,0.014261406638247737,342.32472525395906,-57.15193009024625,-801.8427235316411,510.7083861350195,-3362.9977147101245,-2980.216203496361,0.7364050481147848,1.0,1.0,1.0,1.0,-58.58135786203195,2582.8012759572034,-872.7801064051715,510.7083861350195,-3362.9977147101245,-3205.51434843024,-9818.737426036687
327.3521744887123,2444.134609979641,-727.6355456707332,326.20671974023816,2379.9614765171477,-745.373734151789,319.6154076121251,2328.972450320235,-773.0298783464659,321.1837641477605,2274.1095780847513,-799.0042671206863,0.017769019169632323,0.013932738710552117,0.01595756906511886,167.00645211122531,-34.88184576949435,-879.2275572452726,-230.3753531593626,-3460.6678154575625,-2129.711615052292,0.6673406730546972,1.0,1.0,1.0,1.0,331.72482962016954,2439.495642282664,-731.2641330907886,-230.3753531593626,-3460.6678154575625,-1245.0456054028768,-10089.167197315743
719.6026771715161,2535.552890394481,-595.6685022571302,708.6982490691837,2477.84850800445,-612.2611719755703,694.6797801588876,2423.0129103235777,-627.3940800541802,691.1935687907201,2372.7670306471623,-648.4883835638933,0.015608117402394197,0.014793393255761322,0.01435714941858329,78.21091993787385,-232.88024066582986,-808.0460911553815,-772.1185189882989,-3307.4833329679855,-2231.6742871101533,0.7902413399232618,1.0,1.0,1.0,1.0,722.9298832931067,2528.868342362431,-596.6286785229101,-772.1185189882989,-3307.4833329679855,-929.2961953464463,-9736.324576974323
571.6124296656751,2599.1393404845194,-503.9478383970027,539.4616622649446,2553.394636607219,-541.5024750745409,521.4373140407503,2500.4682865073323,-579.5829065432888,506.1288111071884,2453.8182788092386,-613.672049298093,0.015471283621840663,0.01875209776328978,0.01398095178309032,-595.050958849175,-252.31795801300672,-800.3620721577802,-1177.0975123736962,-2894.4022817397363,-3237.076014493386,0.93679566683178,1.0,1.0,1.0,1.0,564.3900908389164,2598.668289500636,-501.75771619407396,-1177.0975123736962,-2894.4022817397363,-2198.766997399395,-9450.837089431465
-422.4598276563451,2534.750975362611,-477.73851052600713,-428.9698307660373,2495.8898438679576,-495.2169686729414,-422.16056496141096,2469.2196843925653,-518.2993041172275,-424.8979713808862,2422.4507452050484,-544.5381502514513,0.015561761243737,0.014895837458295147,0.016287115903337146,-329.45688760838834,128.73465080098404,-1005.0109918173946,94.79440830116337,-2335.388219915836,-3335.8680259913485,0.9832552853946307,1.0,1.0,1.0,1.0,-427.0951281585867,2534.1845173142992,-477.78799296075397,94.79440830116337,-2335.388219915836,-1104.2886169276771,-9397.328225883948
468.8124682803539,2463.239346276625,-1090.0,460.679619717759,2411.853296520164,-1145.7606249437529,455.5669159361481,2386.1110373565043,-1105.0859153317847,453.42365914572656,2324.253355301178,-1042.3194133031675,0.013492158053507265,0.015149694775922937,0.017340829637740515,205.33172129462048,330.2920901788079,-1005.9145004016452,-360.2761265845492,-2949.156482937234,-3250.5434324152357,0.6790173175328298,1.0,1.0,1.0,1.0,466.5319130684203,2468.430540308302,-1087.2875527180802,-360.2761265845492,-2949.156482937234,-3486.665086828106,-9771.109463960005
624.7041256559723,2614.0830644269536,-813.4321984499458,600.2111804959973,2548.9854133623066,-815.7394115415592,584.7975176488634,2503.958566448111,-826.6528224989264,570.9017076347321,2451.254549797391,-837.9717008890183,0.01365837071163556,0.01757298291087382,0.016826654038801757,-223.33231456722797,314.49032715157546,-1011.9294570540937,-1213.87304921198,-3273.0332690241985,-2035.2008392127898,0.6519419923386893,1.0,1.0,1.0,1.0,626.3788198811567,2605.613615468515,-810.9604724778254,-1213.87304921198,-3273.0332690241985,-531.9138379560756,-9602.377272131731
605.7688598665317,2516.7151769923103,-759.2137018092736,604.8814907310341,2462.360585569096,-765.5316287951742,566.7680656466886,2422.039698932968,-781.2290297634329,562.595571096402,2376.8105014243706,-794.7265964536591,0.01418471978001084,0.017304138436193068,0.01625429042830623,-383.5856558623752,289.4694721221851,-1012.4005867727923,-1348.2042575338096,-2987.760401846494,-2439.5218119012166,0.6972568513554904,1.0,1.0,1.0,1.0,620.8265160003134,2515.350971497818,-750.0776083548867,-1348.2042575338096,-2987.760401846494,-785.7880970184731,-10167.333664573312
-162.8316259041238,2641.1854542972933,-834.2064277674704,-151.8794389011418,2605.5617371663934,-886.3767109076759,-146.0192054548546,2551.7462898739136,-940.3771895465308,-135.10149326002036,2509.3810424752764,-994.8793645412184,0.018050875694594716,0.01632253195086204,0.013512881398827975,428.87940080877587,219.45708595719844,-1002.9191086584922,689.0453488646247,-2837.402389072201,-3558.916482593901,0.8071137109557159,1.0,1.0,1.0,1.0,-160.25437247047807,2645.436128613935,-839.9584483761842,689.0453488646247,-2837.402389072201,-3078.2855407310685,-9789.320272827003
-145.49343638079077,2500.577820465026,-706.1539223655217,-134.84882471601193,2446.2759791463077,-715.6118125097266,-116.7552246386379,2386.8513524911814,-729.7094878691936,-103.03280169680518,2323.8087933443994,-744.1416380124484,0.015956178083630698,0.016411761382873796,0.015636069566334447,391.196959915889,-91.9328619266119,-800.1246577202111,756.0444924649302,-3655.3258091968314,-1465.5074595314402,0.6619959909671616,1.0,1.0,1.0,1.0,-145.59462973421176,2503.3484626031386,-702.5721199809923,756.0444924649302,-3655.3258091968314,-464.9775215965038,-9902.975900734275
-415.6575727872533,2689.60010653926,-457.64284562531947,-416.55364059110417,2652.6608119488537,-512.4233540757231,-405.29906672132864,2625.1621209171967,-557.3220392289084,-396.21647398032695,2582.6027038460115,-613.0109367778706,0.0128971996173469,0.014937300712232354,0.01637632131448643,-31.850449462066933,-49.807672669683136,-884.9807551231196,336.72033900951567,-2415.850601981628,-4530.83895729303,1.090789178355932,1.0,1.0,1.0,1.0,-414.0280342378662,2692.1827605794538,-451.1802287112231,336.72033900951567,-2415.850601981628,-3455.959385772306,-9895.39567732294
-298.7922703206135,2479.7716418014547,-976.6450107766155,-307.48655399238186,2426.225990291533,-1004.1623133175452,-297.04235889056076,2369.1361484533895,-1048.941440748682,-301.52683054475017,2318.0120542673258,-1083.6070605000573,0.016792969952881598,0.013195563973065372,0.01448893655136239,-315.5408767210106,274.552361491875,-1019.18963361768,-22.916615763014455,-3648.058763747504,-2427.9853406671855,0.5605225295226911,1.0,1.0,1.0,1.0,-301.676324184385,2481.627913559109,-973.5886176778727,-22.916615763014455,-3648.058763747504,-2232.986493126361,-9970.678337674086
-469.9467320427334,2502.3715708731356,-673.1200574890319,-462.3648422956446,2439.2527554539674,-682.2045083706839,-447.0979764122167,2384.174545286002,-701.4868402836523,-433.14332708282353,2325.40443451163,-699.5288317196786,0.015564863865776752,0.01585065145117585,0.01403698540715119,171.00274292913923,-301.49018855385356,-806.8788244579729,871.6068990802545,-3781.542401483192,-1693.1158123744772,0.6945474992758968,1.0,1.0,1.0,1.0,-473.98636239025006,2496.851188543704,-676.8879221072846,871.6068990802545,-3781.542401483192,-498.4244162180062,-10072.551492096114
-63.49719082084834,2437.9235030941973,-848.2541489831791,-64.44956786568933,2363.2573388725364,-869.5077088284266,-66.238565360049,2284.9769638882312,-888.2101850504628,-70.28143247900933,2209.894662403706,-917.8860850275906,0.015821453456516674,0.015332230576530595,0.017200951943414425,-176.54176046137505,-36.18421780150785,-800.2706685945058,-221.85925011722236,-4944.215930699736,-745.7386172961167,0.4516453640235386,1.0,1.0,1.0,1.0,-65.61213540276384,2435.923747548361,-847.5974218060977,-221.85925011722236,-4944.215930699736,-1228.8947316864972,-10073.044670862655
722.1787612822479,2448.1456217722225,-773.1747399383106,709.9730914596114,2393.2570907035843,-819.1610828249736,703.3325831540941,2359.2143275563026,-876.932703742894,694.9321371286361,2313.9431642140835,-916.6968281850212,0.017494381525017907,0.012645267430152301,0.014399403460615683,243.55813168154214,57.98688300207016,-985.956773951234,-551.480794605186,-2732.054522043867,-3573.275501871136,0.8304609475842147,1.0,1.0,1.0,1.0,726.1038269610799,2448.5345897904535,-773.7841755116679,-551.480794605186,-2732.054522043867,-2927.929496050732,-9888.133563042898
-232.19815047044645,2474.5036709244864,-749.9759674365192,-224.30398539532644,2429.961902354971,-773.5872601832801,-200.39041887599632,2388.5022257135756,-793.9117495855999,-191.17481350767497,2345.4094976335937,-826.991004253678,0.015170354584672578,0.015883416023720003,0.010923065140629566,390.9053701771469,232.79728073307797,-1010.3332211057624,796.7969544098157,-2894.2289270335536,-2761.2110339523992,0.7330231642509785,1.0,1.0,1.0,1.0,-226.61226949046056,2475.8246991840765,-748.8421606761722,796.7969544098157,-2894.2289270335536,-1572.2588971006314,-9852.907124923986
114.22915590040145,2612.519606899652,-561.2403986043599,115.48426208074446,2569.6383947273052,-552.8150492654684,124.3178763779342,2523.497272935783,-563.6060440644338,126.49760947460007,2485.1804862359454,-561.4113846431688,0.01784439304576022,0.014406021315890322,0.014478599890362057,323.4185454834206,-10.106634176894786,-873.539392876461,208.40682487139782,-2706.4045911396634,-2477.896681339368,0.9232709857479882,1.0,1.0,1.0,1.0,121.2639253581641,2615.1058192285714,-563.7008911538005,208.40682487139782,-2706.4045911396634,238.24282526800562,-9817.337461064135
320.8184704163449,2563.765680849732,-789.0974975550604,312.1991640289864,2521.180444234145,-818.8844639409577,294.3628881444109,2483.125923039587,-858.9715169824725,277.69299102360424,2434.3727822395686,-903.3351766467539,0.014700412814055867,0.01302908117054552,0.014707355931632943,-443.02282749636737,173.8284025646132,-938.062885901671,-911.9294445987903,-2855.6557680615197,-3250.295081004653,0.7925631500837663,1.0,1.0,1.0,1.0,318.43825874362165,2558.3009688959783,-779.0983146729525,-911.9294445987903,-2855.6557680615197,-2728.054119672111,-9821.996995277783
625.7119394920164,2481.8634697450875,-793.1478615537379,626.6309076636645,2424.6773031219695,-831.08007149432,613.1187876647878,2379.127650066727,-861.1274285202312,602.4593180865326,2335.495710933036,-887.5648721455841,0.014474285968577987,0.013602633503589501,0.019724805432287596,343.8667633513611,200.16359737164464,-1015.0097875107143,-381.7297535806398,-3053.7034990526727,-2682.76721262923,0.6971982750955454,1.0,1.0,1.0,1.0,628.2554297689339,2475.1727041658837,-794.9448774276574,-381.7297535806398,-3053.7034990526727,-1707.4892551793432,-9729.57553166576
758.1786571796497,2508.63428266407,-1009.1714103303575,734.3228843300788,2432.1099488131194,-1054.8336047302928,709.0392845352003,2365.1004302100882,-1091.1658840870737,696.4836115322726,2294.9409497231604,-1135.6048381587932,0.016412929844913368,0.0165276685018778,0.016540099059100623,-12.885042100866816,27.78188850493736,-933.5159434139377,-1413.8489664280582,-4543.489811152673,-1961.2979209329228,0.4955193025941086,1.0,1.0,1.0,1.0,757.6626446024236,2503.983835583141,-1016.3943220269525,-1413.8489664280582,-4543.489811152673,-2337.065010072278,-9740.95061395643
602.6038656060106,2526.3447549700472,-693.409274444878,585.6097579287226,2491.225773350217,-703.2922029421754,561.8046966974498,2422.4809288158776,-715.6274726094899,537.7890721920596,2388.5488061652536,-732.5007880068966,0.012695462736449715,0.019116117045438294,0.01763768327978553,-472.7201644212862,215.19474125978832,-882.342599915916,-1408.5882586870175,-3022.177371396024,-1966.1035707783335,0.715550736938327,1.0,1.0,1.0,1.0,604.8498534742828,2527.160430377745,-699.3901385447374,-1408.5882586870175,-3022.177371396024,-554.3013183068872,-9726.26109300166
727.3244794599675,2568.493363027314,-844.5128794753175,720.5463838944993,2521.7917319284215,-884.4958335882858,698.8172564964749,2468.2389048322816,-927.5347354070627,698.5588571546092,2423.9682478030686,-988.1117642600199,0.016192204020086302,0.013079881329258185,0.018425241391355728,130.33963423437544,266.78130631798433,-1009.0369647373343,-722.2812281609738,-2797.47537199386,-3282.676977514462,0.7723026732593004,1.0,1.0,1.0,1.0,722.6102413263761,2560.711111352948,-839.9381211811759,-722.2812281609738,-2797.47537199386,-2742.7661442816297,-9620.828424401407
-81.53965169553119,2535.7180005702726,-772.3911971885561,-78.2556195074857,2490.3937808527876,-782.8558312318103,-74.15763044331607,2448.2219021225196,-817.6956232523742,-77.0046567386412,2403.5742960319785,-848.1032748150063,0.01721573312403822,0.01334178613692856,0.016455530688889775,-55.22059010378495,343.0232521517803,-1019.7646359183312,39.16924071056451,-2930.3343918236833,-2632.574833570617,0.702986950050144,1.0,1.0,1.0,1.0,-84.59752063670805,2540.774046019548,-770.1909095026621,39.16924071056451,-2930.3343918236833,-1421.50397282388,-9837.134921154828
425.75134329218304,2545.27739128852,-889.4727432440673,404.4783542594664,2482.7898860464234,-893.0408262967944,384.65864387847694,2422.6540297935785,-894.6940376121893,366.1744701091869,2355.057832252121,-906.4947870292077,0.018564890022785763,0.018165321994103995,0.012392537850571726,-443.85485499334436,246.74124988135463,-1016.9371944450687,-1434.5342595218901,-3771.9107342567677,-1598.4573021613514,0.560877250132539,1.0,1.0,1.0,1.0,431.2110433150078,2547.6067977779853,-888.2761393995127,-1434.5342595218901,-3771.9107342567677,-149.49361447442988,-9844.332575846181
108.94908851050933,2510.2592454300875,-776.0558267891251,118.1408360804347,2454.6966992869443,-819.7169044288692,111.26381948759705,2416.0154975134933,-873.0712220491182,124.74161057791622,2362.7209194123648,-927.5098936617152,0.011320198728502913,0.018777317334389615,0.015547182600461104,285.1156123004964,-3.4113101504891468,-868.5400013279002,205.1923879794869,-2987.7667619846525,-3175.388049673175,0.794355301336647,1.0,1.0,1.0,1.0,112.75400639772772,2506.3127699166153,-779.517398944732,205.1923879794869,-2987.7667619846525,-2889.5971236418077,-9737.962917397397
-141.66226711460862,2586.796914423641,-463.94833356715674,-142.51880408692676,2545.4404162989676,-509.5470257601338,-150.5982841507023,2512.055793108604,-558.0331110103128,-144.4526217637174,2475.951848275626,-618.4894680175538,0.014572588563626953,0.018395670382941674,0.01913570162731676,11.344465043849475,220.52799702580506,-1012.4304834151104,149.3667953461373,-2189.6755428791434,-4421.223484695937,1.0278960394261136,1.0,1.0,1.0,1.0,-149.97167392997892,2585.377583335274,-462.22150832384773,149.3667953461373,-2189.6755428791434,-2889.749365000815,-10175.127693250375
772.9816450233441,2477.6654624797975,-922.5014045085263,741.1270707754675,2413.0580724582005,-964.446504149536,729.0621005751595,2355.7235247915123,-1015.5426990914225,715.295919798405,2297.9861162122425,-1059.8709191330872,0.01318106700340574,0.015518970503277179,0.01462779904687352,-60.99187895183507,-268.447136678084,-801.8867851443304,-1224.4831079952041,-4069.1433347030397,-2328.5649418525522,0.6316721634464441,1.0,1.0,1.0,1.0,765.5342189449289,2478.224614246468,-923.8547095987813,-1224.4831079952041,-4069.1433347030397,-2788.598721233815,-9647.98678354765
-180.3306009721198,2548.3422165354687,-628.322541451226,-166.61970269749446,2501.1048586948405,-672.9435417040656,-168.2189964978799,2452.540184421477,-711.7501196345619,-156.72166471271666,2404.4969709742563,-751.7671775835665,0.015752659485692967,0.011656028755945517,0.018731344980990824,242.12545713683295,-392.54493955728884,-802.8361761256542,471.8984970417019,-3277.3540085138625,-3257.90249075309,0.8538599667773714,1.0,1.0,1.0,1.0,-182.5831902006982,2557.0736681051976,-622.051551710095,471.8984970417019,-3277.3540085138625,-2645.834032228004,-9994.364552055453
562.6051674561634,2620.646953756229,-520.6277226681303,555.131358593,2581.5848326170835,-540.4837171733036,566.3405760802721,2543.3757255535866,-584.4535864441632,572.2934095214944,2496.5453202841472,-628.26558427522,0.01337673042657391,0.015973034702315314,0.017555618686576423,692.6047886928523,58.75964049669946,-928.4492818582828,128.83525822875802,-2586.412620056084,-3600.676829080081,0.9430946161845352,1.0,1.0,1.0,1.0,565.0578830463755,2619.3081343522294,-515.0977226662079,128.83525822875802,-2586.412620056084,-2200.626846910106,-9824.837627875535
-390.602658554675,2522.2623746573395,-693.405931899176,-377.5830794806173,2481.62634223536,-708.5124379983711,-378.9461058322859,2455.599323381801,-739.3333923313,-373.14518652658853,2407.9196903993297,-756.5381756987614,0.012662233565320346,0.01866068049112184,0.013873262284923443,-59.9784111602093,428.1625918769312,-1009.9660534334962,400.73929161317415,-2561.263197651393,-2821.3875598736686,0.774803823658635,1.0,1.0,1.0,1.0,-388.5846302830109,2528.398413951068,-687.4553715165644,400.73929161317415,-2561.263197651393,-1252.0839153332233,-9910.89114781903
673.7573463649084,2600.5865055316467,-524.663366326349,657.8423838677112,2565.26830443438,-530.6549694371115,645.9295667759121,2532.3888902969816,-547.757930286075,624.302126240186,2482.6411854001703,-566.6475472984532,0.01532750206411633,0.013433279593577124,0.018601460107993482,-152.11365526904572,77.2877482737523,-918.8490994538741,-870.8472077629675,-2697.6739039267086,-2963.224543644499,0.8926377582343138,1.0,1.0,1.0,1.0,666.4827200281456,2613.1012179648637,-521.2191935871258,-870.8472077629675,-2697.6739039267086,-933.5942392541783,-9945.765475643731
-411.5055874606382,2538.6277342250996,-798.593618353423,-406.0769907270607,2503.9481425666518,-842.5541176399754,-396.15369293487515,2461.262029767022,-899.6556505073181,-401.00049517861004,2423.3797460498895,-966.0475898309917,0.013620582377989616,0.016921919634979726,0.014792542332161152,-137.6744670445329,161.62368528190007,-1005.1834045182978,281.9204280165789,-2454.207801229376,-4145.384674474645,0.9246649556548703,1.0,1.0,1.0,1.0,-411.13728222061195,2542.205252474395,-790.1605604462948,281.9204280165789,-2454.207801229376,-3602.0646188295364,-9788.827336628774
91.49115429355773,2452.559013336561,-687.7579898202375,100.75630001361851,2398.1507034007755,-701.4501303437014,98.2751318746187,2347.470201061996,-716.9232039162179,98.25877295084416,2287.7668794500178,-734.068997130699,0.016509961999460646,0.018644973190142813,0.01298550709324195,252.7718181756633,-30.709467238033852,-830.6423590841989,206.08022301226836,-3306.433366668372,-1871.405020863566,0.7018595577171551,1.0,1.0,1.0,1.0,98.21165091646094,2449.1155577632376,-688.2200385816886,206.08022301226836,-3306.433366668372,-873.4185172313386,-9618.829795085256
136.72488780472787,2615.5411819792116,-521.0487037039019,137.02731876766242,2557.0443929105204,-533.6779507555058,137.78501853818722,2506.709197702046,-553.5208577689921,126.92180299882978,2452.838619742414,-585.737286305322,0.011986904646479089,0.015313659601218738,0.015026613526366098,105.07770914948934,-415.526046065239,-802.2736573618346,-37.40783219321564,-3381.9041423003296,-2572.741788592045,0.8526728222259368,1.0,1.0,1.0,1.0,138.55771896241686,2611.278161293555,-520.4220929975364,-37.40783219321564,-3381.9041423003296,-988.2026637806792,-10009.927990275288
-12.091628598830969,2518.5118921501657,-530.049946884376,-14.507782245887867,2480.2956685989193,-560.3039308229734,-27.21743605312146,2439.5801672740727,-602.5766276436894,-24.459500970044555,2402.3485773365514,-636.8050913240004,0.01564435153666456,0.016124996709335877,0.015243573599937839,-486.2440537813076,198.6098600808048,-967.1204379451324,-492.7230488311764,-2389.809907078362,-3585.947953422535,0.9229870781540624,1.0,1.0,1.0,1.0,-8.302696415065043,2516.7254699468135,-526.34301599988,-492.7230488311764,-2389.809907078362,-2008.6376347063792,-10010.320341191997
94.08102976507162,2481.3035848343075,-766.5915301067656,99.20152264639867,2426.4693324516775,-796.8981492934873,101.65746534107289,2367.4442714581623,-843.1907026290564,113.3863063553147,2304.356942487996,-887.400873122035,0.016963850595610667,0.01618044466162995,0.01598186208986252,326.77209581270074,-77.40143492128418,-801.1381044082616,310.854468804789,-3476.9086130095407,-2379.3924088660883,0.6858738426528974,1.0,1.0,1.0,1.0,98.2940612411794,2478.1263956407242,-767.4592898800502,310.854468804789,-3476.9086130095407,-2236.0886644723887,-9828.370566265261
-4.84432268303052,2622.482337027725,-614.8684869373695,-5.67440075880341,2575.525413319513,-643.7580668734794,-4.500752658392262,2530.9716523168267,-661.2180486098281,-1.4472040316408554,2493.708796126012,-683.3328840893157,0.011263114481215506,0.01685135145901103,0.01448879896163056,0.3228962239439873,171.59970247750434,-1008.349812730389,9.030849340380996,-2804.7612735635253,-2909.344544561717,0.8323967350981436,1.0,1.0,1.0,1.0,-7.579096948889401,2625.765816845581,-625.3591646770703,9.030849340380996,-2804.7612735635253,-909.9810301044502,-9969.699900556756
-376.7870541117824,2578.927417996363,-593.2505517036226,-374.16623172807095,2525.241835331568,-602.4073918881934,-369.2930311186519,2474.178590422787,-608.8461432959343,-366.1520086747329,2422.044438952966,-630.4870966419732,0.019896737798728407,0.015078359861061902,0.016315131409019863,-110.19190934834788,-325.9787596071503,-801.9012225489016,315.4804554861177,-3437.084493151999,-2108.0116462458914,0.7937097709311904,1.0,1.0,1.0,1.0,-376.77289423411605,2578.3576371062873,-592.0876926656276,315.4804554861177,-3437.084493151999,-615.3344491513094,-9688.688039456852
-96.81371810558775,2616.2589400382294,-954.8649520126678,-87.38739503314991,2564.431167890463,-997.6915862161492,-75.28811218077759,2512.6245773315295,-1045.168224764647,-54.22137557179627,2469.318382959902,-1096.2269915540994,0.016836403423857258,0.013625606691347221,0.017931062814326083,575.7661943241883,163.67110427915924,-910.0042671225899,925.0344846735794,-3369.8068643973907,-2885.7744021666863,0.68160692707047,1.0,1.0,1.0,1.0,-99.5089794875231,2623.63011528925,-945.1396524262639,925.0344846735794,-3369.8068643973907,-3001.913053598092,-9722.46518094596
495.890868998392,2447.82949586469,-944.8537690669617,477.54605943662756,2371.853340506861,-964.9241800403422,454.3967749785004,2302.524914187486,-993.5348057409985,438.6303731511522,2246.491113763099,-1024.8565234728483,0.014210495011090035,0.014493831568641074,0.019856906965028093,-127.98705859153043,87.46981601297352,-1014.7445856458746,-1093.6586061744108,-4161.7242959989235,-1884.0039033186438,0.5164387664552412,1.0,1.0,1.0,1.0,489.9300538970123,2438.8440432523635,-946.2921634512028,-1093.6586061744108,-4161.7242959989235,-1503.1654515774376,-9426.326279977777
754.0180783343707,2580.0843796063696,-760.3418487658448,739.9302266706799,2531.667250291758,-750.6869611806455,737.4010113188074,2506.4320772886795,-747.4865162417794,729.0719770044598,2460.1302004728377,-755.1386120857846,0.017679804308943246,0.013485000209716456,0.01600960779866757,304.88606210925025,380.88809400456034,-1013.8146971825533,-524.7253760794819,-2607.036267624814,-2277.8098412504505,0.7978255876826734,1.0,1.0,1.0,1.0,748.2790048964125,2583.833740147531,-758.5902794182967,-524.7253760794819,-2607.036267624814,414.00409140814145,-9829.816663845697
594.1447124060043,2449.063693934308,-782.5642783792404,584.3073170136806,2371.016624882141,-780.760697998879,564.060528276884,2297.0513933684065,-795.9230348715822,546.4503205401188,2228.245771449416,-797.8825609439243,0.015344561667446887,0.017349115703294248,0.016923686474489774,-26.3841303749138,-361.99691280387367,-800.5982661006325,-1049.6442247013954,-4720.295335987491,-725.8398212709823,0.5453826361547696,1.0,1.0,1.0,1.0,598.1541833224164,2446.578812108683,-779.607302209474,-1049.6442247013954,-4720.295335987491,-342.60226441717396,-9767.404748709536
-125.44191496830811,2435.280795367669,-845.897583900542,-135.71288332404677,2384.985020299307,-889.9328858993797,-134.35342332361805,2338.931294560689,-938.2811847282138,-145.82101812178055,2287.650476177213,-981.7514538440437,0.016635537022240122,0.01347311689834101,0.018254692791067645,-464.5863163357375,124.08565003040279,-966.508945225851,-448.67371673592015,-3047.4741847310975,-2940.1038188065663,0.7116366532883518,1.0,1.0,1.0,1.0,-123.59429161643607,2440.16603042604,-849.0359363683698,-448.67371673592015,-3047.4741847310975,-2520.2002057047976,-9759.328538646667
201.37326079216385,2524.0014817165397,-798.8184577431474,197.18492743393347,2483.2467046108213,-840.2851436541911,203.87636935607267,2424.6624901514197,-899.6893972122904,203.38174989797568,2373.0916939862896,-966.3784512169806,0.01487680422121002,0.017445371236265873,0.019694069892323224,300.78513838905866,-332.3553799426807,-812.4987983461377,112.42384372584797,-3196.3803189248815,-3365.813766042746,0.8429837546502016,1.0,1.0,1.0,1.0,200.16579825442534,2528.4050054950885,-788.68548764083,112.42384372584797,-3196.3803189248815,-3298.056905745381,-9490.00737115543
218.00596089798907,2526.54122354501,-789.9935771291247,205.19189036204412,2474.3014450536743,-819.3379875925467,199.15067778348973,2445.7033747009127,-843.1727470215109,202.71206051103093,2389.430953182516,-867.9179743656968,0.013935712540006563,0.014844278056597665,0.015548908038353248,-79.34649264457872,196.66770970324393,-1009.3736722260563,-401.0178877471679,-3135.460535712164,-2505.474680571302,0.7006711013650431,1.0,1.0,1.0,1.0,219.4118337270611,2532.585808808811,-791.2893359170097,-401.0178877471679,-3135.460535712164,-1474.240228439919,-9410.083835761663
-405.60100971882093,2670.319856195347,-477.2904397389052,-402.07493838184115,2646.280617434145,-523.6494811379098,-399.90923851383735,2600.62146431738,-567.0152899501212,-393.1876332065769,2573.712568451235,-611.4346861632148,0.012582679791772411,0.013099841467814703,0.017096924215759618,-22.441776903584355,93.50113637991582,-949.3884173272013,352.8708733694888,-2358.8580878523508,-4218.234029607153,1.047220554524652,1.0,1.0,1.0,1.0,-407.07102887632675,2664.656452138966,-482.79216354466166,352.8708733694888,-2358.8580878523508,-2955.6725606791665,-9706.13112354767
-367.08824340914254,2482.0094662893544,-739.4162831605913,-356.9045686679726,2438.03212102396,-799.5749949075365,-344.13531471915906,2391.4791509323836,-848.2232875331438,-325.24996505145225,2350.570512313742,-905.4145500145395,0.016556834917619175,0.01448092042099327,0.015598187419988883,381.3766909141974,-239.70874391747097,-806.2276423594861,807.4826090037492,-2950.6452351590206,-3653.2260500099183,0.8783640572413994,1.0,1.0,1.0,1.0,-365.5447224142715,2489.638098604627,-740.7774370560312,807.4826090037492,-2950.6452351590206,-3471.268755891894,-9907.885310710864
361.5055027551739,2649.0613866865456,-618.0622722004821,349.5691769558443,2604.33578942099,-642.118873747065,348.12606469301136,2546.3681456277154,-661.7129328359644,337.4306348152215,2496.577270763243,-702.457376534665,0.013843885807268315,0.015213443509490786,0.0190163433119556,-162.68312929017407,-70.61868692757348,-806.9529906158201,-614.244148279835,-3189.8809914159133,-2551.859675435108,0.801926327371286,1.0,1.0,1.0,1.0,359.4243967476864,2640.780155775952,-613.5394701182402,-614.244148279835,-3189.8809914159133,-1681.2529291155786,-9528.62848068883
-80.8767963196203,2623.5410026100412,-699.6288621709668,-66.35906734858837,2579.378095757068,-728.7006580003307,-61.781613448144334,2529.8876345587096,-764.8350399693579,-53.966211830319175,2484.4138740575863,-786.4165973001234,0.018996438283888917,0.011999893313664814,0.01708832684856024,482.2920001594773,209.2810644167181,-1012.4099465514646,691.2722697604419,-2964.593768633154,-2958.7041045516917,0.7669153415538866,1.0,1.0,1.0,1.0,-81.09489969528227,2625.424985852742,-703.7528687557042,691.2722697604419,-2964.593768633154,-1610.019363122829,-9982.3666990961
-73.16474766553117,2448.2324384762883,-964.2615280530637,-72.82541352103351,2393.067839514948,-965.5733576238744,-83.29806974878375,2322.7736582318425,-957.3412109126108,-86.51069356953886,2259.0001294798376,-980.2438397357316,0.01816128255049374,0.012594230713249138,0.016248947897791886,-210.61425121287095,359.6968133689862,-1019.8252983446394,-279.59193352977945,-4141.502967646307,-1012.325567930592,0.45799553883846555,1.0,1.0,1.0,1.0,-69.42032478033212,2451.1558120303744,-968.3132844302006,-279.59193352977945,-4141.502967646307,136.55476484698056,-9771.98483637833
662.0089667926975,2542.463393434318,-842.3722567161038,640.5290872329213,2486.3741895872413,-852.0192549109601,603.3799209764236,2432.078373332805,-869.8704811563415,587.8312751519261,2377.8717408270063,-884.4085626306365,0.015864772194151736,0.01759924458536557,0.012529468279613723,-399.8138734109152,218.9929615841702,-990.4063387675493,-1618.02585319173,-3541.6279272152888,-1893.7010760811984,0.6090065149408694,1.0,1.0,1.0,1.0,659.9930604296678,2538.759253910176,-837.759305030384,-1618.02585319173,-3541.6279272152888,-831.827350168493,-9481.298845678057
655.1323633387314,2484.166683169199,-797.1856722058114,628.6903019926561,2425.124238949361,-811.54662491587,601.549980777576,2347.2593042570347,-825.9706998472153,561.9820585378416,2275.923344078645,-857.2254984942382,0.015366136825098653,0.014130681906085496,0.01794403318530137,-433.9751358158533,-171.40470489571038,-801.5194337953177,-1814.3070667055615,-4428.619964434322,-1309.5683078103496,0.5525591480835149,1.0,1.0,1.0,1.0,654.6091042074843,2485.767273764881,-787.0787234683264,-1814.3070667055615,-4428.619964434322,-1193.7937817355705,-10040.499091133675
235.25701320073313,2492.2202831261025,-528.1820970368676,229.95015114365222,2454.651246547711,-575.6808296494595,219.87689635659487,2407.8056916902938,-608.9172954094835,209.31406173974236,2373.4953564556063,-664.4986524797715,0.014786586867788921,0.016474117173739058,0.011945351450667614,-252.090318731966,-200.51405304453053,-805.3372090418935,-480.76620415497337,-2656.454350388139,-3672.1367996104013,0.9717939445078048,1.0,1.0,1.0,1.0,235.887378485333,2495.787112599431,-525.5570135340853,-480.76620415497337,-2656.454350388139,-2841.8862356400737,-9665.610849529554
-299.98631448942734,2668.027361103734,-603.3839166018893,-285.96894744875686,2639.5177216007773,-641.5641930069421,-282.1028914000816,2602.189460845862,-682.5605294191522,-272.5887514866878,2567.0827183419574,-729.0875971056439,0.015385660864702846,0.01419127720420037,0.017131089372799425,453.5141441111829,282.1484938852746,-1006.0570566977896,778.894338028266,-2459.3312790466985,-3704.7440307531883,0.9282919725582981,1.0,1.0,1.0,1.0,-305.90783546637823,2679.9964909558075,-599.1292742749872,778.894338028266,-2459.3312790466985,-2422.826265757741,-9651.6767831009
-123.8656445313412,2621.0979574029825,-691.3653784942056,-118.89839217788827,2575.302853519533,-745.5914912288356,-107.31845272807276,2521.691378688654,-791.6712640805819,-105.13116445997582,2478.9567241852906,-837.6638523252859,0.016227239313015437,0.018100115578100994,0.012482429094156991,270.27478914070457,-204.73339884051086,-815.1996438626962,448.0301841439484,-3193.0339695327443,-3301.2139998124208,0.8381902160147272,1.0,1.0,1.0,1.0,-126.23192382668992,2621.101664195962,-699.8211698431321,448.0301841439484,-3193.0339695327443,-2936.0425522111855,-9872.730638823088
-100.5562750226673,2485.874276310964,-947.2224434608446,-101.23996501060634,2416.5018504290138,-960.2041195228641,-119.04214076299507,2343.7147639447644,-986.6248110151402,-133.86483512641382,2267.1617703472352,-1007.6895374384253,0.014394322757351561,0.015789686561541713,0.016169025223464764,-383.4090568817784,245.52339013935534,-1018.6571967994265,-548.6769441844085,-4423.665330856919,-1449.0256641222124,0.4586469654576423,1.0,1.0,1.0,1.0,-106.32720006865128,2479.4743822220958,-949.3999555120338,-548.6769441844085,-4423.665330856919,-870.1129170964631,-9696.821173659542
-143.12322731017997,2541.4575982662095,-694.2365120367649,-134.84357729854273,2499.565476997152,-710.682910486057,-131.47298273486427,2441.5655122132525,-729.4799875431404,-123.75257551971121,2395.1769369707085,-759.0571328705869,0.017392563493405636,0.017745310528735233,0.017117588160689104,133.4384196509595,89.89111105796587,-980.4917458345212,344.36165823868254,-3072.46587334913,-2633.544169684751,0.7477445378171707,1.0,1.0,1.0,1.0,-142.05090693998642,2547.863809737263,-695.3504060006302,344.36165823868254,-3072.46587334913,-1136.608487448258,-9896.648189087498
412.73466556736787,2545.3024724254665,-661.6177201448252,404.23427117453076,2505.6752855681934,-659.0182753083136,406.1513918044759,2459.1603865780166,-661.2545064801212,404.39231697238677,2412.9954321302193,-664.5943863810014,0.016591143679553003,0.01716923040962688,0.015167728728615167,258.4404336751488,21.2347539590811,-938.7477316078574,-172.83878786412868,-2771.2700643688527,-2289.5069140213423,0.8610718971822057,1.0,1.0,1.0,1.0,415.723730631511,2543.090512534739,-661.5382479009002,-172.83878786412868,-2771.2700643688527,184.66322098835764,-9394.1112595882
-315.4206970622302,2495.91177855113,-1087.232756450518,-297.2746266250827,2425.8768866540695,-1136.1605118335208,-274.6140086673611,2372.422969785845,-1108.4663476595972,-244.32981618549587,2308.680940001038,-1058.6022407416726,0.014743525548288273,0.016565997751682417,0.01230278530142312,663.8838600131281,-166.96992807719093,-810.9581514466564,1509.3579685534771,-4088.1349730044,-2571.366427540398,0.6063876913986067,1.0,1.0,1.0,1.0,-317.1988195466318,2490.317804375669,-1084.3434451852297,1509.3579685534771,-4088.1349730044,-3463.886522003394,-9850.767516477727
451.37738016252007,2439.833116136911,-786.9886585704932,432.43409626611435,2407.534448943849,-833.4888490727441,432.20774198361806,2363.0618748341453,-874.7092072401058,415.1857210555253,2313.0999774322777,-929.1580710098355,0.015838466969249624,0.015363868415047912,0.01760266680732899,-316.6319970637781,168.45204530858052,-962.8190551236894,-918.8037452937787,-2708.3704063470254,-3214.351584312853,0.7911949978083741,1.0,1.0,1.0,1.0,455.163148982997,2443.4831866400827,-790.961716388545,-918.8037452937787,-2708.3704063470254,-2655.2687489720975,-9549.116526734264
-276.9962186249093,2499.99183696211,-925.7758211178112,-276.0485451514683,2454.40266942325,-964.4708301810724,-270.15473646299046,2400.3384102337186,-1021.7491176929495,-265.5647192370436,2356.8554960993097,-1062.00396733664,0.018132726917631025,0.015363988910793418,0.01749465706196391,-101.02652744718324,200.30169582924896,-1011.1341778687964,243.63418385162805,-3086.6830567773623,-3055.7672831988443,0.6940086271096122,1.0,1.0,1.0,1.0,-282.53399441664584,2499.8805731283933,-922.9680785043682,243.63418385162805,-3086.6830567773623,-2761.407023540049,-9714.068035552624
-232.82145370823238,2567.407997862071,-468.502008545421,-232.25796782454407,2527.435252937344,-505.6885484288584,-242.70636633458315,2493.7488449066022,-551.0245848919936,-240.99436113714427,2448.4489934726466,-598.7446984330284,0.013393114517328367,0.01617045312529404,0.016229429409566922,-312.1511040858493,125.29264143623912,-962.7806013495191,-71.30634729849193,-2284.89174403891,-4086.4985584650403,1.01920700294781,1.0,1.0,1.0,1.0,-236.209844212956,2558.70234883768,-467.3555256351825,-71.30634729849193,-2284.89174403891,-2635.4244785570863,-9844.498342175839
-445.56736401543066,2510.264307618004,-781.9205563049936,-432.50151346048364,2458.220524370646,-814.1238584116351,-422.86711462683434,2390.0701213293687,-856.8866255519268,-422.32660503029024,2336.6010374793436,-902.9965184589922,0.011719375757446228,0.019912349151461103,0.01533765759269392,-138.60461011836708,-388.1751046827711,-807.5227385644059,396.70147355050096,-3938.8924739920553,-2517.1205038806056,0.6880306174983993,1.0,1.0,1.0,1.0,-430.18019317798587,2506.9108637013883,-780.0866497463517,396.70147355050096,-3938.8924739920553,-2405.1932055042676,-10051.912751192163
-357.30345128325956,2612.6478422860273,-505.99875623274346,-348.5642266209087,2569.7107477354275,-549.0483905678227,-350.80571164134443,2519.446153939659,-582.7708646394137,-345.19228592086944,2468.8760340564936,-643.8739145738253,0.015526331297776287,0.017788119445430104,0.014542867886496329,-301.6896562413012,-128.34012882277716,-803.5533753307766,50.52824048548904,-2740.6330257458003,-3522.2373003402386,0.9521426813702979,1.0,1.0,1.0,1.0,-352.21789672679495,2612.292896923024,-504.0020344984473,50.52824048548904,-2740.6330257458003,-2567.438126129839,-9705.962888548735
-454.14528408977424,2642.4391816594457,-840.7139484626786,-441.8300781108604,2590.3056927879497,-874.986161906518,-433.0227699595785,2536.2700629639535,-915.8117515503043,-426.2010395215652,2490.9631019325184,-955.8645068085644,0.016072435491184145,0.014142460911646396,0.015512264307656357,-25.73822811756327,307.30417689914657,-1009.6382308230411,570.5468351627891,-3112.1067260148284,-2794.8225071921406,0.7042728392895137,1.0,1.0,1.0,1.0,-453.64835448965596,2641.3842214102665,-843.6880704571528,570.5468351627891,-3112.1067260148284,-2159.6770317106534,-9482.51004658212
61.058445802816244,2479.1468145927256,-500.88430213630653,52.1167975927634,2433.8196655248134,-549.4124272612225,49.057819813247924,2410.1040985596132,-602.1727213721715,32.931371851369875,2363.351244561205,-656.9720201555328,0.015089373656781282,0.01764408111442651,0.015393707487291158,-592.2577125580175,49.90287964939978,-828.7366924357491,-639.0908113694248,-2369.51681182752,-3965.2044499803374,0.9768728377415012,1.0,1.0,1.0,1.0,62.81036909564034,2478.657611772602,-500.59838386377874,-639.0908113694248,-2369.51681182752,-3012.1566512458903,-10133.449969575184
-342.01068716710745,2583.2309261187456,-830.4779091697617,-319.1300801996236,2530.851144834646,-837.3342395484133,-297.2922569078084,2474.2302489286,-831.8401295203557,-282.4636555347844,2429.524983528714,-832.2417475459998,0.017041315734568775,0.012613590004540553,0.01568107257260975,550.472142775368,230.1968155517934,-961.0406182903636,1288.9381928898333,-3412.613000557033,-1597.5427080594823,0.6446640216882814,1.0,1.0,1.0,1.0,-338.8952103186182,2584.8997859361443,-834.1409366498829,1288.9381928898333,-3412.613000557033,205.16442215347803,-9890.591171677337
648.9181631722622,2461.2043464710932,-973.4838583178371,647.6666887852559,2400.6408566881837,-1021.087051293211,642.307783146002,2343.004268913948,-1069.5547096845062,635.8214695403396,2275.515464096168,-1131.9105206547079,0.015523288777560004,0.016947498922224278,0.018357489060541524,508.3923649373842,-65.80339542756194,-853.7645944672248,-206.185506922528,-3795.412426850873,-2537.8143850896618,0.6141717232396746,1.0,1.0,1.0,1.0,645.5057270408604,2458.1458684282675,-976.9995368997891,-206.185506922528,-3795.412426850873,-2979.675537169116,-9889.48199255912
143.90593916817937,2465.386952168574,-663.0928505187134,136.43557263470635,2407.7962864972405,-681.3258537688407,120.28146751966993,2362.5535158440925,-684.9386980100761,129.76172532300245,2302.6646621255472,-693.0239065898094,0.0155502845545246,0.015525705809590173,0.011115888857424365,-183.7820645315071,-334.2884419757567,-805.2324087698343,-420.31636627064864,-3613.6646384679893,-1675.7516473380904,0.7328081207784615,1.0,1.0,1.0,1.0,141.96311932824517,2466.3016528369308,-667.1618573785314,-420.31636627064864,-3613.6646384679893,-422.35224152765903,-9525.302835806218
-260.7678283623245,2455.292793885498,-826.3754261855063,-252.84075516687668,2391.2689709149404,-827.5677512174877,-240.40741486584946,2329.1757528994713,-841.1579222943784,-217.19759271917923,2247.734379270844,-881.3591038018712,0.01323792301255983,0.016878116731289413,0.015600622882538717,30.11248835610753,5.224005838957524,-885.5862432373457,475.3332671978895,-3976.7561945938637,-1106.4915434939508,0.5692833373736125,1.0,1.0,1.0,1.0,-262.2174709705948,2450.9290655141876,-824.445352183306,475.3332671978895,-3976.7561945938637,-219.26490511616504,-9622.938868683203
693.6724411731128,2528.370447511897,-613.6991029974048,685.2745648755475,2481.868120587182,-632.6428120607903,674.680386754203,2425.250247711549,-650.8302287009111,671.3165803980914,2375.2511681336578,-659.2378258239139,0.013091672077741166,0.01828595783326855,0.01159147886767467,341.1759124533188,-135.63949415102965,-800.47876112358,-430.8634294562257,-3267.626005323631,-2049.368722388467,0.7720308912213162,1.0,1.0,1.0,1.0,692.329607460146,2527.4757001877265,-613.3328515037098,-430.8634294562257,-3267.626005323631,-739.7541263323326,-9759.361412389102
104.96124470524651,2462.5291422662044,-661.7412948540413,120.78454141696884,2417.070739063408,-667.7628155145396,124.49181544158579,2367.8464616108454,-685.0892634254386,128.9733974856143,2317.162541109856,-700.5588221587948,0.01872087493051318,0.013049974168785332,0.01593164053582912,433.90557989692115,75.01511191017991,-908.6751945410492,398.2078270996994,-2923.727902100798,-2270.6757743443536,0.7672975103648729,1.0,1.0,1.0,1.0,109.36620081066405,2457.853352122332,-662.3291802203319,398.2078270996994,-2923.727902100798,-565.6254943348675,-9816.701923215434
506.3346904428954,2495.035239648536,-972.7384622235596,511.75095705275714,2438.570685082813,-1011.1834281391901,515.2206208458922,2366.7327229197226,-1056.7011868208917,529.1052047016811,2303.650371181739,-1099.2498480926115,0.010324586794426462,0.017856624305203996,0.015451394324868375,705.722712020254,-11.158849117857606,-804.8329142808085,352.37040630170884,-4368.037712684404,-1901.6533850408534,0.5313673945755015,1.0,1.0,1.0,1.0,503.1097283967749,2500.4628356756784,-970.0934706657061,352.37040630170884,-4368.037712684404,-2632.75073536422,-10028.344133681936
367.8126782229838,2477.4794915221514,-981.2527557307628,366.1585576578759,2435.728408621683,-1039.6589865136912,360.7963443515603,2394.8166848779333,-1084.364837691053,365.41658112745233,2347.6859683901816,-1137.6480900053677,0.014161974357501626,0.014656391167719263,0.017407883902395924,272.21034716755787,202.79424941855427,-1015.0587387066262,-124.3801631399295,-3078.666820269357,-3248.397095958342,0.6937737505723838,1.0,1.0,1.0,1.0,364.25166789110347,2481.0076964178693,-992.9002547240098,-124.3801631399295,-3078.666820269357,-3180.0200332573086,-9929.074353670572
435.64364676707737,2595.8840923822177,-456.9652247408587,421.11299404030353,2553.131508358599,-473.36047111768266,404.5080304041116,2512.930897373229,-511.236268748241,398.828097048457,2474.038314131315,-536.6006537822446,0.013763903382144605,0.015213010650497431,0.01472589298669524,-208.9415854971644,-71.25169620336514,-811.1661120511828,-676.8886809362973,-2809.0792816774674,-3007.9810579909995,0.9062971929806635,1.0,1.0,1.0,1.0,434.10266139231726,2597.37362139023,-463.1886127625793,-676.8886809362973,-2809.0792816774674,-1435.2091316189799,-10041.732567770336
14.51503161772009,2549.167219256449,-971.9408843925755,20.1396879940781,2502.118766110103,-1014.2500911255612,13.57521962155434,2437.1736677018544,-1071.1443205471035,18.456510940312835,2386.007376150171,-1115.2864614804778,0.016244084254147473,0.015812873489383344,0.013141557789785659,95.05767228932477,-286.6602417941123,-812.805483050253,111.76656414996458,-3870.3958023425025,-2760.404798194833,0.6898014844666841,1.0,1.0,1.0,1.0,12.909247639100613,2558.0806729276255,-964.0540823487678,111.76656414996458,-3870.3958023425025,-3241.983736914143,-9554.216317309387
-299.57110377715117,2489.835982629034,-890.5641117263209,-279.41948478667257,2429.1504181683354,-887.7831208262293,-271.7319370954876,2364.880197504302,-888.2077961479483,-238.80016465610464,2295.3106624751044,-893.7568616935848,0.01558073939114704,0.014095653595561607,0.017717267178846974,476.6821310971107,176.01630291758806,-958.3760718378663,1331.4495241865302,-3953.0543053209412,-1140.251825904193,0.5376063398344448,1.0,1.0,1.0,1.0,-302.21584055200947,2488.553071530342,-892.3232089638591,1331.4495241865302,-3953.0543053209412,85.26256672477058,-9790.514089705986
-220.39373788093954,2592.00804187061,-784.8423814541407,-216.2419071112552,2547.7932566237764,-796.1392059867151,-222.23762054529752,2473.4068795406542,-836.1261428496013,-228.8810271735191,2427.713509806589,-872.2510821478758,0.01662989344562181,0.01604566948715939,0.01931688093297386,-341.89177118056057,85.38837441495514,-1010.0307094581057,-172.63360105455263,-3442.0726489511917,-2400.2719910694655,0.6780075561342455,1.0,1.0,1.0,1.0,-215.86924241073632,2598.101408149323,-783.0418444914427,-172.63360105455263,-3442.0726489511917,-1173.1975481656384,-9658.88973935925
595.0056530519587,2672.9765578095034,-441.1172702273851,585.9177339677824,2639.670511744618,-470.8175542828593,573.8989468277301,2608.9759093602447,-503.85127873841355,561.3720049030038,2566.2974679325653,-541.7688888429889,0.012773591500775866,0.014413710653739644,0.01788771142146808,301.2602065681977,268.8878806454709,-1017.7992331343429,-261.9458748330677,-2265.0788995006187,-3971.031308559355,1.0149249864240157,1.0,1.0,1.0,1.0,578.9228338912503,2669.8715141161306,-436.52437893942044,-261.9458748330677,-2265.0788995006187,-2066.950673800041,-9889.410844402835
-484.5139684252546,2514.9114472748847,-721.3129075507186,-470.57298534669616,2448.5347258786537,-763.2528458553983,-449.2361129516665,2402.056039251,-803.8828450633508,-433.6747349188782,2342.8368478052466,-854.6146259147755,0.015182318273235818,0.017484678842556552,0.015128443922465686,440.1589462551599,-343.4274397072506,-803.8245764498753,1148.1506189642128,-3526.852777211805,-2839.4696124257034,0.7622045589617426,1.0,1.0,1.0,1.0,-489.8430551058519,2513.3233098343135,-716.2258200696836,1148.1506189642128,-3526.852777211805,-2513.731177271059,-9955.508924491809
-61.762885833189735,2451.577606263307,-703.5975929419405,-63.64260628466379,2402.6438857562807,-698.3969909611587,-71.93728121054995,2349.68816774556,-695.1688710781661,-77.45512111499754,2295.3892550237415,-689.8939749296687,0.014669909859068698,0.014173887497400808,0.020480085030503577,-343.7313486253701,-234.02375266677947,-805.526563680718,-343.6357711674766,-3253.436480648935,-1501.3284841223608,0.7756761176130276,1.0,1.0,1.0,1.0,-60.23183741220248,2450.0613438685923,-703.2113348275901,-343.6357711674766,-3253.436480648935,518.8114698495204,-9702.233224904729
225.01974134326557,2599.5831238459905,-454.71873699139394,203.88490307367482,2551.5039972439467,-469.2619740873783,208.25823958048963,2509.828807318115,-500.432688333163,180.52855967011544,2462.3873581485823,-530.7460076496105,0.018217380310090105,0.013838949129786275,0.01532388620590006,-582.3066738173379,-261.93829582347786,-803.9592375958894,-841.1604384840888,-2978.8698628269167,-3044.497794917013,0.9126197843542243,1.0,1.0,1.0,1.0,225.20734712738727,2597.776772490366,-452.4292076707578,-841.1604384840888,-2978.8698628269167,-1496.6770278959025,-9998.481449315568
424.8394244789396,2581.528343287405,-581.5457459931382,415.4192377995724,2534.40557044661,-616.814219869746,397.0563748391895,2473.6946652754327,-648.3567625458419,401.08550732655425,2441.3735745644,-680.8296900204664,0.020837115356780168,0.015307153885090234,0.013152581426444793,23.319406901321848,-52.978462766673765,-849.2963603928619,-442.5936283353952,-2928.292975524834,-2921.6996799251297,0.8507031493316854,1.0,1.0,1.0,1.0,421.65367240317835,2582.4852152056733,-581.0298734015836,-442.5936283353952,-2928.292975524834,-1837.4712382661937,-9618.431632512968
769.0371785510824,2584.3323622304174,-712.431492433086,765.5210550656228,2541.4476561580354,-723.9342988282096,750.8270273546732,2486.6660694681923,-740.4806399287532,742.9077018982393,2434.0581272392315,-758.6142545274773,0.0143632068764041,0.012902624883621414,0.01863504289713713,141.78976177349708,-17.435874574631832,-930.6252414210554,-811.4810119064441,-3311.949811892161,-2179.507614802764,0.739099125342838,1.0,1.0,1.0,1.0,778.8023561200584,2582.4447277607155,-711.5584488896518,-811.4810119064441,-3311.949811892161,-818.8600825841506,-9312.63852739388
150.27212992371648,2455.7807790030784,-599.129170790711,155.669752150683,2404.2980117527172,-632.9494386078428,148.73884000820163,2347.143391689053,-658.28779349414,154.24631591067072,2301.1643251627083,-681.9532070930271,0.01699163408611417,0.014548881876812119,0.013825145189655184,184.7397999980598,-354.6245512510573,-807.1861600000847,40.99073456511232,-3365.661855204418,-2445.6931541056338,0.7896343388474192,1.0,1.0,1.0,1.0,150.5125366361924,2455.7030978446305,-605.5978639584876,40.99073456511232,-3365.661855204418,-1433.7152218071806,-9738.670412233545
621.9734760955066,2598.644669066007,-898.3083878597536,601.7060447684531,2548.4796156166376,-943.182982166301,579.2429896436757,2506.0350886407828,-988.244307834322,560.0075842346431,2438.511329693391,-1035.226026177104,0.014341027510168051,0.015122427662431392,0.01893200129914838,-410.83204084330106,180.63561179750923,-897.5526721317352,-1444.4458594654047,-3381.3559893916927,-2677.277130408749,0.6666045435282527,1.0,1.0,1.0,1.0,621.9467486744634,2598.3051442125734,-896.4986264295504,-1444.4458594654047,-3381.3559893916927,-2673.5524470653036,-9734.041909457821
-281.85520888852193,2515.717249820781,-754.3365954735631,-254.06904835039103,2453.678867111882,-773.2551068285368,-239.92344219899084,2386.4939177910155,-765.1596278895344,-216.44080718554585,2325.947768464826,-779.7088729002993,0.014560228123672086,0.015845303645808162,0.012427868827442283,532.3854396190566,-103.70641218802645,-802.9097679857488,1269.5424426487796,-4097.412807378064,-957.4125667778783,0.5971665994030779,1.0,1.0,1.0,1.0,-280.121723676162,2518.6377845339384,-758.6543005675943,1269.5424426487796,-4097.412807378064,-194.46868778273398,-9935.678779149393
-236.93808808417432,2614.4601907590754,-557.346669590533,-220.10562822050085,2568.073742264836,-557.2305481738334,-208.5718501126627,2531.052481274297,-572.0531267850516,-196.82716862879013,2497.7544763485635,-573.6030248698272,0.016385492628836647,0.013986964388656382,0.01696306206997819,644.7649511038695,182.8619673496205,-837.0671757742524,952.2439210359515,-2620.538982209395,-2328.552091080386,0.8776644809125295,1.0,1.0,1.0,1.0,-236.06067585438598,2606.860525893305,-557.9417230888752,952.2439210359515,-2620.538982209395,-167.73248348717124,-9663.287339379147
-12.544298525905528,2487.379137040332,-878.850951040894,-16.34639527740003,2432.102382287891,-938.0334782552618,-4.302378317878299,2376.3058231881796,-991.6829899182835,8.951983583103594,2334.999713802244,-1039.7347602410625,0.012849966968340093,0.018065917052105484,0.014038195016515653,316.6046208528709,-137.19463161892745,-811.0120615149275,432.22933405601617,-3383.156306211074,-3044.4874783649375,0.7300459209630393,1.0,1.0,1.0,1.0,-18.37311304054151,2484.7515056946627,-878.7057235836371,432.22933405601617,-3383.156306211074,-3260.969508769011,-10081.516697313948
44.608711965600016,2506.2622809399027,-479.6504969607215,32.469068700639,2461.873040855821,-501.0882669074036,38.61770018465514,2426.6845420780296,-544.4863812658465,36.13436752160103,2379.686712840777,-583.7746081323638,0.012584526539785952,0.015480683501771203,0.016883457192686493,-110.18914868606541,-240.74404828231184,-814.9396919739219,-155.2251014097891,-2830.312709829587,-3365.8283285486846,0.9250513327657571,1.0,1.0,1.0,1.0,40.37919968143001,2504.659280252388,-477.47613146654055,-155.2251014097891,-2830.312709829587,-2134.855088036059,-10033.018201731156
-263.4780250660299,2444.3554719847566,-923.3032226687988,-264.41685567814153,2397.824257782596,-965.8742766202187,-263.2986815488713,2354.1467755400604,-1013.5466536321793,-269.7885342107009,2308.210837112976,-1058.0858882239672,0.01576864868649917,0.01372977779978007,0.013225887204376674,-406.6277948683929,-6.558302025047773,-876.2099440790056,-203.11328202836296,-3406.031414936457,-2771.2884961092263,0.6772756863093446,1.0,1.0,1.0,1.0,-260.3862318079756,2445.7843167292094,-930.0665366391679,-203.11328202836296,-3406.031414936457,-2955.3218240936017,-9778.734688011407
-112.14757596591731,2628.789633458787,-551.3139382895088,-121.84747721853678,2603.395830958635,-553.4716645072491,-128.0662359451358,2550.336036154399,-579.2369572773185,-134.60133592705552,2500.9052582499144,-601.1244672106307,0.014985798593465627,0.017335026387499772,0.018313156265973192,-440.82540407133325,81.18396493535849,-911.6082726913327,-349.7333670880408,-2791.727192193714,-2798.242916919537,0.8643660187530621,1.0,1.0,1.0,1.0,-120.81937318577843,2635.6143457926055,-546.3270621863695,-349.7333670880408,-2791.727192193714,-670.121259985788,-10103.812320018329
690.6890461904653,2554.2036172038893,-802.0636918523534,680.8660673273744,2481.827120343471,-831.8154202592544,669.5233649664049,2428.752578306974,-862.2180877155225,665.2289986025299,2370.1750718615617,-880.5071878617131,0.020634519505049652,0.013306274807362801,0.01788117643911826,324.2853682911416,-39.50552446999849,-927.6997324256332,-525.3927952118246,-3649.7735599373027,-2178.560991788645,0.6581780292484698,1.0,1.0,1.0,1.0,697.3142528915341,2551.833703085486,-800.1851097347549,-525.3927952118246,-3649.7735599373027,-1540.988938931218,-9298.85990234713
307.8725034714396,2594.2360724774553,-521.4822273211566,301.34269231188387,2547.537182923268,-540.4667641493312,302.7668087008505,2494.9590514719885,-579.2617385485545,304.98469799741304,2444.9615690677456,-597.3392285688682,0.01433746657303421,0.01751872134166274,0.013554983211769456,134.51879464441117,-246.16183467506676,-802.1678677979675,-194.60693946073192,-3157.4609629211564,-2816.0597213308,0.8545888288735343,1.0,1.0,1.0,1.0,309.66504015907003,2595.5530319539675,-520.3972440089229,-194.60693946073192,-3157.4609629211564,-1507.3118645451584,-10040.688550156474
273.8129176633381,2561.7302061732144,-633.9074950691894,273.5664224449596,2509.036549999484,-649.5960510616803,270.6051221784811,2470.2952294675906,-666.5612682549507,270.6617394866184,2402.9605654345214,-687.4271026378158,0.012625286280181891,0.017268835082718745,0.019798505640510288,87.28281910148397,68.67309716092386,-966.2328419982656,-216.8599190923577,-2874.4278833463586,-2714.986308676411,0.8153073729965897,1.0,1.0,1.0,1.0,274.8666491163749,2555.0532162555346,-633.3382013345055,-216.8599190923577,-2874.4278833463586,-966.8471042462146,-9668.112589403547
306.40099650175176,2472.197931847026,-798.1026837211152,303.8674807710096,2407.5514505018436,-843.5038046525547,296.05027262872005,2352.571372180637,-878.2410164702953,275.241718412811,2291.6285683853494,-921.0875390531949,0.012351299541932122,0.015356175729265625,0.014459553205444849,-212.0136667389956,-440.4913245163761,-808.8984666692363,-708.7397581206409,-3934.31714000721,-2605.7241563795797,0.697832971523358,1.0,1.0,1.0,1.0,312.45375427027875,2470.9033590889576,-800.2076731276825,-708.7397581206409,-3934.31714000721,-2572.169732429379,-10029.57009761702
334.6792580008222,2432.231303271397,-728.0720995308518,331.78623659807505,2384.5955180330666,-744.3713359723362,338.8446371666292,2323.009233087289,-760.3244962160046,332.6818713150481,2293.3723426724796,-768.8104167395442,0.01801735427896641,0.015787566508588882,0.014190434155811532,508.56473331020777,115.78386839594275,-1001.8677483935471,231.65450967379556,-3005.7045939683767,-2383.4131079522376,0.7220046450566338,1.0,1.0,1.0,1.0,330.1907608613842,2430.1764057515907,-733.6916841750287,231.65450967379556,-3005.7045939683767,-551.4238128770565,-10025.298155011566
-61.45082718842862,2520.7041504010494,-937.7134920055131,-39.30428202510226,2467.812980818113,-990.793851003029,-32.12258319173584,2415.0231879490375,-1042.772787711209,-22.794182480901974,2365.58534219922,-1088.1255854266988,0.016613533255669753,0.013981675140119179,0.016187264813421587,580.8004483033798,121.85299101578529,-856.6210978902124,857.2970875585823,-3219.9372717413753,-2885.0786207898445,0.6982175267907901,1.0,1.0,1.0,1.0,-57.88588192776399,2520.706258463108,-933.9111905140908,857.2970875585823,-3219.9372717413753,-3134.8987803253635,-9725.336055798241
-364.0001579603371,2445.6329476485926,-1076.1490991941348,-355.3154889450959,2376.9894422069165,-1118.142549164924,-338.1771562564043,2322.815115996435,-1156.6276838186018,-334.24296973220765,2257.0437069113377,-1110.8939591131984,0.015004210599037924,0.018720852087029685,0.01599545833124627,5.5002227101024985,277.75582625075606,-1011.9308607273882,691.046107613729,-4060.640730251514,-2189.2215441488743,0.4852794789826865,1.0,1.0,1.0,1.0,-364.20944486324186,2450.1986169353154,-1073.6521611281437,691.046107613729,-4060.640730251514,-2448.8200436551483,-9752.728717650794
725.7040694687836,2556.928899580081,-761.191857326469,695.8258303608287,2522.001385310462,-759.8066694220722,677.469795822951,2482.9589581544506,-740.2133295030443,643.2492702577197,2415.959658888745,-753.2968596071473,0.01077672464492718,0.015164310459985147,0.016449850078630823,-611.6963625550915,225.67103233278448,-804.6263759437425,-1889.1049589047486,-3298.351146944713,-1059.045633076317,0.6676091148164573,1.0,1.0,1.0,1.0,729.5681582672808,2567.500346663524,-758.8841482579628,-1889.1049589047486,-3298.351146944713,439.4238679891779,-10151.709593316487
-9.05311004116825,2570.5784879558805,-736.110067876936,-16.374757943393853,2512.9982566925214,-742.2550805984692,-11.026010252225802,2464.227885523985,-770.470067768645,-13.280373374027793,2424.6447823279195,-785.6438603949691,0.015973018673165515,0.017170240995201477,0.012140459625281819,-114.16428050034675,220.88091312691304,-1012.0305221435158,-143.55028156919866,-3064.4072215942797,-2434.1905532712017,0.7197162807063517,1.0,1.0,1.0,1.0,-4.3483150999095415,2565.1524376465404,-740.8373248571992,-143.55028156919866,-3064.4072215942797,-740.5695977971451,-9914.432916286381
637.9728584777545,2631.9884392366594,-488.9999344039482,628.9404780871733,2588.7278729725426,-482.6895899003514,637.1359883490484,2547.3302935955858,-474.7951537288443,627.1598398212537,2505.9846182200513,-473.7803175979567,0.011915316407925286,0.015519393652254415,0.015453516488578574,369.86590241981855,-369.2804600233339,-809.1002630934911,-255.07268174670529,-2839.5992367980193,-2567.769628198586,1.0121117734512413,1.0,1.0,1.0,1.0,638.96758166259,2626.496734798587,-487.21590297240175,-255.07268174670529,-2839.5992367980193,511.655715548796,-9836.190061054138
-105.52827778111467,2566.051602091699,-458.9726443155934,-98.83219170951864,2527.4553464047285,-465.7858525988531,-95.52329584399678,2478.3688122034105,-467.6529852054088,-94.5792833215155,2440.205754771507,-470.27024149188856,0.018220845538342117,0.015105400479465288,0.015342069913098874,228.29464708174194,-152.61312795115109,-812.4157149480566,330.4806136708993,-2686.8661878926664,-2644.101468865582,0.9613316840690942,1.0,1.0,1.0,1.0,-105.49077272586612,2561.121721820443,-459.6343941772044,330.4806136708993,-2686.8661878926664,-39.44961484187538,-9906.863548923367
168.45854095928973,2459.855123341886,-782.9225024983404,175.44081154970937,2408.699976419558,-831.8308019295212,174.8171649842163,2369.1848834482253,-895.3145879979513,179.38351649685353,2311.6736528369624,-954.5552415580551,0.01821633977483114,0.013780414838060348,0.01892007367606715,411.59355791188483,91.0567617879085,-943.512436396191,278.44046261753243,-2668.7400578184893,-3529.718764177676,0.8340831717110421,1.0,1.0,1.0,1.0,165.17374849537123,2452.8917129572606,-785.1296043161594,278.44046261753243,-2668.7400578184893,-3063.7781331426895,-9700.433508888133
267.1367289057027,2616.012720552853,-613.851603241536,268.7004200482032,2587.0814281730172,-647.599536226509,258.6156928152548,2540.4108846123413,-687.4235533307448,255.21099180182856,2499.771251088401,-730.1466783943256,0.013744767846530797,0.017177511447284882,0.014974992215641202,85.43835209799995,451.3486751265626,-1014.6317051295895,-199.57681020810872,-2351.5835625139403,-3561.1528950601205,0.8741027284905438,1.0,1.0,1.0,1.0,269.0490174894619,2614.8055526393973,-614.3204239885133,-199.57681020810872,-2351.5835625139403,-2148.947974434431,-10072.631194273381
-0.1647181562727389,2585.998008075389,-842.333956685418,2.1304312818527613,2536.347858214379,-853.8865851661369,18.513492784557368,2485.2461881387985,-868.924627538799,29.296088830480162,2424.1148634659735,-898.9209644699466,0.012559640558038192,0.014076722613563129,0.01654131106271603,420.3527569041739,230.13650486080286,-1014.0863015450166,635.7335761858675,-3534.597137219185,-2071.6381104558923,0.6218223257656831,1.0,1.0,1.0,1.0,-2.4100712594267293,2580.6436011115643,-839.8337089813112,635.7335761858675,-3534.597137219185,-984.9436523834113,-9532.509096287062
6.075264697976581,2582.1002371440563,-546.5906190956392,11.08322359863094,2547.5560537111514,-604.8213984398421,12.007543335613315,2517.6868863781215,-668.5206168183909,23.267320601811793,2470.8191129297197,-733.5526179549074,0.016884823324553558,0.013205928911558515,0.016945414426973893,42.36096885976067,23.468241939930735,-902.9323220381592,29.416209530531603,-2345.961096115584,-4389.992030372536,1.0429638333369127,1.0,1.0,1.0,1.0,10.297300471481321,2580.56583670591,-554.153684605912,29.416209530531603,-2345.961096115584,-3525.8993264417454,-9806.430769520166
356.18712312466886,2454.67408249504,-542.3058247375749,365.8241197858384,2411.333722298689,-571.6020389043014,373.014731270025,2369.169231317737,-594.825359685024,374.0520168630779,2318.384250939635,-612.9901024476078,0.01564968357248596,0.01625152267277653,0.016818144885057257,634.1321245536424,-1.3443970907561322,-828.5145446550742,307.1996656279746,-2730.714375315216,-2591.434218631746,0.8512806488696809,1.0,1.0,1.0,1.0,357.6524254884655,2456.2985406929406,-548.2048322901537,307.1996656279746,-2730.714375315216,-1164.926469719325,-9558.987806710813
-17.58115264899497,2615.75823541881,-702.0270673790703,-18.07007407334842,2578.148946627824,-732.2916882948217,-11.718952217760503,2526.030377997992,-780.5999076874308,-5.233297109977323,2471.6170451744915,-828.6359635622349,0.011646545675038773,0.01777616298617908,0.0181740339770902,188.07849324776294,0.8365316925173403,-874.2479734542678,226.2022904946274,-2936.2990118810644,-3173.4153221742463,0.8424032573616926,1.0,1.0,1.0,1.0,-13.24154529245493,2614.142652266659,-694.7407712742787,226.2022904946274,-2936.2990118810644,-2584.108533130205,-9451.194903032769
207.56331696626805,2440.8094097602643,-983.5539728606407,213.72600734585694,2398.072156513546,-1020.6585553867812,218.82490286117596,2342.972760432069,-1066.5418160144786,218.29026956658353,2296.6902770527354,-1126.8675554861848,0.013637383754435826,0.015292302760243728,0.015182846062395887,521.212677535283,311.65468585839426,-1011.0097441560321,454.934991805158,-3058.2442642286865,-3019.4690814175647,0.650887467422925,1.0,1.0,1.0,1.0,205.03285823069848,2437.1344494973323,-980.8719797868964,454.934991805158,-3058.2442642286865,-2917.1228073153493,-10089.632957817437
4.843379155180232,2448.1148231251414,-660.2519654317554,15.543393000798407,2399.930731082528,-673.3023614006651,27.709531781397025,2360.855211592606,-689.5823398574444,38.16246660073395,2319.1440470909333,-708.7400915720438,0.015052276065690358,0.01563392878917771,0.015238377490917936,594.3635139474013,212.32140752723797,-946.3861066319199,709.26087244678,-2685.9061971564884,-2539.7720551540233,0.7840754176542146,1.0,1.0,1.0,1.0,5.676989816573837,2441.623551167134,-656.5364589496344,709.26087244678,-2685.9061971564884,-881.0636512547402,-9788.327878444
-315.56573137518126,2454.295896425252,-1041.1049491489716,-297.19230027452386,2393.7296646140585,-1082.5932301839825,-270.0471961036644,2317.0017529774545,-1131.899230239306,-254.4480689085864,2255.567372810776,-1124.932528144049,0.017776093011823698,0.011610611853549314,0.01791527074703396,334.2165897209147,59.45481129662824,-853.7962963218334,1159.1242264209238,-4287.692221479766,-1973.3055622660008,0.5126980243875934,1.0,1.0,1.0,1.0,-314.8929770748025,2460.5624553252933,-1037.8169891801022,1159.1242264209238,-4287.692221479766,-2735.7456919240153,-9754.045198505431
-125.25870517601888,2516.695900797023,-630.1711304398036,-129.30050687449244,2466.680415162698,-652.0782528936411,-124.37610922910741,2426.004663974814,-682.5411652495926,-129.8885323016388,2382.308717872897,-705.2824166328243,0.014524689398053525,0.016987928199420587,0.01682225432934946,-75.33701653364484,70.09861874881352,-961.1904826484429,62.581184118696534,-2811.0994951203284,-2887.1791341389953,0.821665128073177,1.0,1.0,1.0,1.0,-129.78264671691034,2515.755179503496,-630.8629449331677,62.581184118696534,-2811.0994951203284,-1392.227776072975,-9684.124322689682
743.850236514393,2500.018469320638,-771.9919690421864,737.2116235560233,2434.6554955729134,-806.4698166665125,735.8052464728612,2371.039498562998,-834.9413627403276,717.4970577590825,2306.276103309356,-868.7579970400881,0.016531464523584304,0.015123433121686954,0.0186960073221377,318.67039705431193,-415.26342262745567,-804.7993910683455,-601.3969117106653,-4081.9764512803986,-2190.012965978155,0.6646490950325916,1.0,1.0,1.0,1.0,748.6691889274357,2503.3497400380247,-766.0135651382598,-601.3969117106653,-4081.9764512803986,-2009.9475903995108,-9756.881156695596
518.4610680217068,2437.4064942107857,-605.7078682204001,510.66469896953606,2401.1280167203067,-645.0135845767023,494.6480034659082,2349.073912001702,-696.7446267480518,494.4684566670737,2304.3931542390114,-736.8698399790142,0.01391323496242566,0.017553526278037516,0.01643279574772588,-55.7032348064878,-429.8709311955096,-808.3873993812454,-607.4360587273256,-3040.724110315856,-3370.718576298375,0.8971004430118117,1.0,1.0,1.0,1.0,518.3238406908367,2443.6133530529687,-602.2653991750109,-607.4360587273256,-3040.724110315856,-2716.0864591396185,-9667.08829697041
537.822684698546,2463.7671520528097,-988.9595778901025,522.8053851630641,2413.1911614161345,-1028.609922236351,499.0023806315608,2357.7108785226415,-1064.3566367049004,487.6406876303491,2306.6660356618227,-1105.7342441648514,0.013289571546849947,0.016081332019427422,0.013018951348755824,115.43680223802244,352.8979889541638,-1018.1575122929713,-647.9743666227755,-3313.558347663378,-2510.4347905694676,0.5926101450849672,1.0,1.0,1.0,1.0,526.900525043483,2457.007539720405,-986.4518483801592,-647.9743666227755,-3313.558347663378,-2386.7710480148608,-9557.379275695712
-438.5891433043911,2474.881822239358,-1066.2515554201862,-418.58616990117724,2434.981695415376,-1116.8044313138312,-410.4555013360716,2383.6052369109257,-1137.1503051861816,-388.11778186085087,2331.364285109509,-1086.2279625834221,0.012628575405187827,0.01758029271477096,0.01380451996718015,233.23328112393895,143.0672358401113,-986.3663925848575,997.6429328875175,-3476.145170579076,-2952.917627784255,0.6309866119128615,1.0,1.0,1.0,1.0,-440.1756985751347,2489.465225980993,-1064.0554119882806,997.6429328875175,-3476.145170579076,-3202.3993434912145,-9880.696641890234
109.57597598609526,2567.4119910304753,-598.5365831119213,115.41641803883168,2508.5289986656962,-634.8827705546369,119.7753983591961,2462.43671641737,-666.6710529157025,111.71691505053725,2409.739934563063,-707.6758500853227,0.018299529576801105,0.014588609613332821,0.01574016564178156,207.8068350789629,-171.96905663130212,-804.0254030581234,116.38388416754789,-3217.995422536912,-2775.52621867201,0.8013716951680852,1.0,1.0,1.0,1.0,108.88053353654595,2563.3270525250823,-600.7970274672564,116.38388416754789,-3217.995422536912,-1904.0374305643238,-10034.94789947804
31.837477260993012,2680.886508609288,-503.12732137628166,50.42196566633753,2645.583639496057,-509.83712358374953,51.041388648341865,2605.5801615168843,-519.926154226244,56.91280460583184,2577.979144696444,-541.5309091721792,0.013795156607546107,0.016577963258688766,0.01561112660280014,500.9160951516547,251.56331125771146,-1010.5490695898975,456.4920243787803,-2404.223883787587,-3216.1457490952876,0.9640157535309655,1.0,1.0,1.0,1.0,39.85915052908592,2679.8294338831765,-499.1492634306376,456.4920243787803,-2404.223883787587,-661.4198202513062,-9685.374313611941
670.8039186677909,2443.1945452446844,-714.5687729947351,657.2235067781754,2379.235214500399,-742.3200944710114,636.9485175318657,2329.578812311788,-757.5681312021561,621.0513561555837,2273.718684595339,-778.7520129641706,0.016445803129093096,0.017127621803853958,0.01661997758836411,-162.57764190174197,34.75374859672206,-880.3871245334791,-1135.0727044665803,-3269.867342044939,-1960.0494721535106,0.6848065974786894,1.0,1.0,1.0,1.0,671.7007958811926,2438.1062449997485,-719.9724494932532,-1135.0727044665803,-3269.867342044939,-852.1597806412881,-9712.95831549243
-364.3726575237003,2510.4198853530065,-865.518332467664,-357.60896254378457,2450.23164571199,-888.6969094656126,-338.9930293422981,2393.713235211414,-898.8076066627043,-332.19620513315175,2320.8515769922483,-930.5812641215925,0.017469282277132108,0.010905116378904272,0.015395072990220238,130.36187674179274,43.97254318431948,-936.127791388189,844.5818361882883,-4188.184636125026,-1568.905531797236,0.5462305283537437,1.0,1.0,1.0,1.0,-367.9414066092967,2515.001478498085,-864.6351033132644,844.5818361882883,-4188.184636125026,-1045.1715249175736,-9578.286723669822
-357.3792955765563,2503.3804828454763,-657.917715142528,-346.9733450171889,2454.9439588860123,-680.4502111441873,-339.77245473899336,2424.8228237418707,-711.6296800684651,-341.1550412076269,2378.587164817925,-738.3643312220717,0.014543932454129736,0.01090995372011272,0.01665177383165791,-224.448876615647,152.4615773226372,-1011.4124142792306,143.451390163757,-2664.475471854358,-3083.4881556277146,0.8378943399941003,1.0,1.0,1.0,1.0,-350.6860999597559,2497.199992554465,-657.5732888955237,143.451390163757,-2664.475471854358,-1659.0641055023516,-9546.574118279927
721.6211873018344,2478.027485860652,-731.3616996691972,690.9063230512584,2425.118810272357,-742.8930910725259,663.8495952197844,2356.2264151551462,-761.4905718253968,631.3561990811022,2300.9084061917797,-789.0153733583463,0.010791853436002856,0.01784707468223951,0.0174489288201095,-609.023374144071,-116.79918588360368,-807.2110828480871,-1961.7467653092535,-3816.550262209306,-1633.3334403378276,0.6339121430616487,1.0,1.0,1.0,1.0,724.9644262662198,2478.4549924187218,-727.8102478605593,-1961.7467653092535,-3816.550262209306,-1044.919768421151,-9924.020309819858
329.8791901493863,2480.817979543592,-556.3885892093034,325.2849057017676,2455.547883410073,-574.1927568926502,314.19136774824807,2415.6359340758313,-591.8241357466369,316.7692063571905,2373.9319612822696,-614.2025925865265,0.017655959014242238,0.013590801730124641,0.01577118783453602,-53.484081990801606,372.39121134778225,-1006.0096005625537,-408.38313835690917,-2266.6081404403085,-3057.789805304737,0.8829820514210979,1.0,1.0,1.0,1.0,326.3122366811234,2480.3367819572727,-565.9471393606417,-408.38313835690917,-2266.6081404403085,-702.6579564277386,-10063.275004053336
64.77928406073346,2445.2907298656023,-815.1242528413102,62.00362472735112,2372.307161460657,-828.4470905638914,60.41522836114843,2306.817754828132,-843.2086718579928,62.94102849440144,2228.337750589825,-863.0908745267519,0.013009385835106834,0.016091663941638683,0.013533496990002242,-23.672858033801344,-4.842679233810891,-803.5998682058032,-169.59211087447756,-4952.685218696354,-277.3163871918219,0.45236545323325256,1.0,1.0,1.0,1.0,60.27523684906498,2446.736504020886,-820.6270776315864,-169.59211087447756,-4952.685218696354,-644.3648199418801,-9922.122654543897
-300.36991763067255,2462.081730789394,-945.7030234041921,-292.23428854401504,2409.1294779586437,-1005.1041465775338,-297.7397622027386,2340.7712768349134,-1051.8615889284374,-281.01223093023606,2278.5084307814304,-1100.3336821082173,0.018433740575451094,0.014096401793865024,0.014107213769200842,-0.16039693536749766,-428.77773683387085,-805.805663848841,425.6138088123565,-4072.1169375225745,-2746.9232295922448,0.6633626438614836,1.0,1.0,1.0,1.0,-302.3462011921407,2462.4252888071574,-942.5383545163312,425.6138088123565,-4072.1169375225745,-3209.4397073687887,-10073.032929430754
466.38185822592476,2516.017294107423,-851.3387000316462,464.67568684624047,2473.6437628459717,-891.077336323534,475.0230472445657,2417.2177750529268,-925.6238399535771,457.71517061348914,2354.321364302335,-955.5762397566863,0.015576102282609684,0.015101306944465627,0.013953835539804425,545.64499048051,270.23826467721256,-1005.608853499357,110.69887316868181,-3057.3232063264472,-2914.0361028715865,0.6903687552331208,1.0,1.0,1.0,1.0,464.281318701528,2517.370821327152,-848.9451364745798,110.69887316868181,-3057.3232063264472,-2314.8735587318342,-10000.355020519051
-65.2784429545854,2491.6303458316115,-552.4117714381952,-73.47048938609991,2429.3805351800775,-560.1421497529883,-62.70588062795143,2385.485246350413,-579.6104859312819,-66.3342015465144,2334.0432433814603,-594.3104156790015,0.012678399114589374,0.01601449840794503,0.01639225670224239,-54.05320227326748,-446.70562308512996,-809.4200101392976,13.042023447988896,-3292.8063580496387,-2336.8610393166327,0.8449148457752239,1.0,1.0,1.0,1.0,-65.66060314197728,2483.8920355790415,-551.1766167048324,13.042023447988896,-3292.8063580496387,-691.3907533768423,-9648.745167153771
612.7239556636805,2572.9078351708395,-708.7679408100024,592.797027049313,2543.022120113675,-739.3888596627241,576.9851531196855,2501.9391000703426,-777.2370558763245,552.5671189112093,2450.490427058145,-810.483453038112,0.011607804562963672,0.014147584546860836,0.016399995159872678,-383.0171105556699,219.36960691648866,-953.1645926196165,-1185.507488910738,-2823.342996893363,-3043.0609339473976,0.7928446157303034,1.0,1.0,1.0,1.0,606.8816426847964,2576.861009322452,-709.440280866995,-1185.507488910738,-2823.342996893363,-2119.2790775665608,-9784.289105270485
-419.89128713181583,2544.7017900109277,-900.1445193712572,-411.3646202613292,2489.63286597198,-944.7741954934581,-398.71503763668954,2434.1312841590575,-984.3321001206411,-375.1324500269223,2386.1199440587934,-1010.8295207695609,0.018636519671364336,0.015872087800684467,0.014878715584902474,154.42151465360251,101.80132666766121,-992.1495033385725,865.0071826190884,-3687.6473143806825,-2456.567423464981,0.6156126769430492,1.0,1.0,1.0,1.0,-420.8082617880919,2554.0867907308157,-903.8658941869786,865.0071826190884,-3687.6473143806825,-2082.0296227659182,-9630.428765554838
609.7754201696866,2541.771425975662,-581.8687689678029,593.1080977966624,2491.8887233962237,-599.0229172061097,567.0300159305089,2448.7406043194574,-607.0135941245424,542.3580783770725,2399.872698666312,-634.1916559775259,0.016390161565047166,0.012443043438888704,0.01668222100874279,-669.9321139985317,-118.96179159314461,-804.7954401190109,-1494.1147119803838,-3092.4943638820387,-2219.926050667204,0.814484573987322,1.0,1.0,1.0,1.0,615.0065383045999,2540.5833613454042,-580.2913617175819,-1494.1147119803838,-3092.4943638820387,-800.8102694592517,-9548.383743441073
23.328673847086353,2528.0171392571124,-788.1741258740603,23.621541296896236,2464.091752845193,-788.7502228108633,26.160800715593687,2420.3181339638045,-803.1392074919792,27.11463595992124,2371.7533465140345,-809.9629345177367,0.016791730357295635,0.013760580492305167,0.012785897301748502,53.158376101323114,117.88807790096507,-1015.8356950611914,40.52235809830418,-3292.280836500595,-2118.5181766872756,0.6866617918486513,1.0,1.0,1.0,1.0,23.577054689560782,2521.2530885463993,-791.4904440339835,40.52235809830418,-3292.280836500595,-336.67277780618286,-9750.864636974822
412.7516219051233,2508.3685545511385,-594.7080301892179,416.3932386418521,2470.217003230688,-612.2420882099267,419.08611069402804,2437.8759746038813,-636.9616993441888,414.78493363125295,2391.9186291847427,-660.615487514721,0.017304705645707224,0.014695292959334694,0.014411440304411466,549.7733175254514,157.98294164955325,-1014.1177755089394,152.0405714757539,-2587.9256487732887,-3074.597053854442,0.8635885610905473,1.0,1.0,1.0,1.0,411.41639748251487,2512.9952820332555,-595.935869490972,152.0405714757539,-2587.9256487732887,-1120.2147280383087,-9802.745337402914
707.7179602464325,2686.3668392817717,-767.235293779489,700.2391246216761,2657.1423086427276,-824.1611817031579,689.1911755557411,2605.947392533675,-879.6035777821029,684.4221777761882,2570.3376404970927,-941.5320218996028,0.01861295603688973,0.010522821535575405,0.017643357665458978,233.6633520686785,400.9221668466953,-1013.6769058587321,-532.5308100238275,-2573.5734826899225,-3901.6182045819487,0.8432208647620766,1.0,1.0,1.0,1.0,707.6157729898885,2691.402566440718,-771.3850370804095,-532.5308100238275,-2573.5734826899225,-3195.520813736865,-10342.694413599012
696.8649517085096,2482.457918083723,-812.9229782786498,681.5505194257893,2438.785982175238,-855.6714160727528,666.2386299889206,2382.2498594473986,-900.4175579676098,652.1738641770588,2337.639950116839,-935.3109012670425,0.01431257304809248,0.011883638044305443,0.015769715589626237,-225.0083664958692,74.31606551524294,-870.0532223955367,-1212.494321185042,-3148.9312742935235,-2829.197188689101,0.7230340733179764,1.0,1.0,1.0,1.0,702.5497892106896,2483.2484903497925,-814.671306677428,-1212.494321185042,-3148.9312742935235,-2628.6283273595704,-9887.561341363196
98.79683527118317,2509.2289155793023,-622.149402110458,102.28980993608556,2465.2488234852162,-655.6127701678791,110.1346421404253,2422.219414100006,-710.7711238335238,115.94534161307803,2392.508208404542,-743.3408002850646,0.013592901561678732,0.018879455450142375,0.011278379947960854,480.40337668264004,157.5098941635449,-957.0009346263847,406.93493230122886,-2484.4471828317132,-3559.0390962557863,0.9012492630402188,1.0,1.0,1.0,1.0,95.84986565798113,2505.3124819395184,-621.6786988537463,406.93493230122886,-2484.4471828317132,-2479.3590251111023,-9722.14142600509
399.41665251843045,2499.385113184682,-1042.7930669836219,375.1186098555082,2447.950570442527,-1083.5922171060095,352.7033626739054,2387.56085247341,-1127.4804381746974,335.24990104895187,2336.0540759431515,-1140.6897460341586,0.013781771403286907,0.015219860722453203,0.010547166855645024,-546.0238197121819,272.49234318260477,-966.395639870639,-1607.5524026051448,-3784.5527411591174,-2319.8770267706313,0.5504512010186153,1.0,1.0,1.0,1.0,402.4320978248527,2505.378460466489,-1039.2071502142796,-1607.5524026051448,-3784.5527411591174,-2605.273982849675,-9652.059369925648
246.95693726016592,2465.259060920651,-865.9271512381198,257.07139886966,2405.9433817176346,-887.6065035315028,255.88692647452262,2339.0492092466843,-898.9931082144196,269.7575035111556,2264.4768229235065,-918.4713711786294,0.0125691040276561,0.013580256466142401,0.016591424244289145,572.8845321396783,89.2296268575744,-904.8993634900306,620.4652183098214,-4477.138607857474,-1113.6413511913781,0.48725921526191274,1.0,1.0,1.0,1.0,244.03796643547196,2462.1130890220334,-872.4956961391504,620.4652183098214,-4477.138607857474,-768.8241990421116,-10022.539442978888
-344.9704116743044,2627.350636882797,-443.0408763191645,-331.1368506982386,2588.803168266128,-452.6676254193621,-317.38720682516714,2543.781395990288,-457.3669526873327,-309.41982634934914,2497.453044959293,-469.6586863089096,0.014984392029039017,0.01791550427542179,0.018097900946419082,367.1974709309388,-26.3797985987906,-800.8886504960054,724.8653235914875,-2706.0069462640295,-2748.4787633451792,0.9290022027491208,1.0,1.0,1.0,1.0,-343.17054618871896,2625.5070087399613,-439.3750716961117,724.8653235914875,-2706.0069462640295,-531.9076962077261,-10057.447391693062
-299.1917794604733,2670.817632019395,-487.06512983205,-291.21400524465355,2638.8198956013366,-532.7960804864084,-289.17208830778316,2603.442214653815,-588.3266897198313,-290.92840566898826,2564.7662410199714,-633.7790572464049,0.016637666678332642,0.015936655998198355,0.014567259920974514,-249.1458555112283,134.59603368518967,-984.3564051999145,37.72200375070322,-2340.3896399382756,-4483.797268015818,1.0378584174024934,1.0,1.0,1.0,1.0,-290.0742295807446,2673.9187930182075,-487.1538981043342,37.72200375070322,-2340.3896399382756,-3164.3567077660173,-10148.368233497486
-442.99769204001035,2444.215630582226,-690.0738916329497,-420.82374732803476,2409.031471099465,-718.2412311144376,-410.81767458313817,2357.146615533092,-760.7167672800912,-388.527798846152,2314.0945937246197,-797.3605199253235,0.011819574582891412,0.016698190831604204,0.018841287349660917,511.2435779113285,-40.33789278708742,-804.302742333775,1166.6373401363917,-3062.1980453069327,-2653.7591676648494,0.7676409472358441,1.0,1.0,1.0,1.0,-439.56585429982977,2455.3535141380567,-691.0127338769157,1166.6373401363917,-3062.1980453069327,-2204.052628023639,-9642.67871349163
192.39781303946796,2596.438577501908,-694.2220503775596,188.45551938567252,2550.6646173831164,-738.6247659242297,180.79157549101777,2500.62108708865,-768.9757638044767,186.52427176700974,2451.5831950744778,-827.5643548381573,0.013455572376421985,0.01813777911097808,0.017211880173546898,40.91917825341707,-3.3012597628049605,-894.2960435498853,-167.61464337055034,-2906.342634492839,-3286.907805504016,0.8461947683390537,1.0,1.0,1.0,1.0,190.93428407006013,2597.87539810828,-689.8475199480654,-167.61464337055034,-2906.342634492839,-2622.2360579557535,-9605.55178775742
-323.440408239693,2515.4640912487553,-606.5361148762424,-319.4555919788202,2471.211726601785,-654.9545813855036,-307.17491911486104,2432.5920200033956,-707.8973781526179,-292.21981867578734,2378.1706356857526,-759.0798405693195,0.01455237746029911,0.016147803782411662,0.014800702586325085,343.046662494278,-374.24190530683416,-801.736865327127,708.5371748946056,-3042.957366539161,-3583.5809560235443,0.9044991161709649,1.0,1.0,1.0,1.0,-330.06365365559657,2516.5675929053655,-609.1542065588369,708.5371748946056,-3042.957366539161,-2999.3485186268895,-9985.677362490946
369.30036930245666,2680.3036311758297,-534.5268999283167,366.04815831674847,2644.685082997188,-550.57213764241,347.0256126821087,2609.652136795244,-598.0119304816888,338.5762040480039,2555.3875523346383,-628.7517344410838,0.013963269973300376,0.016316228518449074,0.018114828044715352,-271.6176154104396,229.01593936765494,-1014.2335258636483,-655.4349801155769,-2490.5391869155237,-3611.480954909677,0.936605673463536,1.0,1.0,1.0,1.0,373.98584000340395,2682.197038479443,-529.9990611286077,-655.4349801155769,-2490.5391869155237,-1883.6221930262889,-9804.504190717917
412.9364078826637,2701.618131021999,-433.41565928308523,403.9816986248193,2662.5627462478683,-478.06306171367925,387.9972064683897,2632.447847307642,-511.2548143874821,379.3685441506264,2594.7891773383635,-554.0443338731496,0.016975199388943027,0.01330997116536278,0.01618978559493411,-425.4949056827512,348.0566559100926,-1005.8506070389603,-784.2327781513226,-2185.9586334656906,-4038.0331184726647,1.0285250438507592,1.0,1.0,1.0,1.0,417.55533082991883,2697.962186885712,-439.7268151619329,-784.2327781513226,-2185.9586334656906,-2291.835055169638,-9762.64957413143
667.0588289213449,2583.4921758896317,-657.6998646647112,637.608698080906,2537.0798489218005,-679.4188207726266,629.4882142579579,2501.0839694945507,-725.211028373462,603.5476612382708,2457.5777117953066,-768.2597668529738,0.01606451988623689,0.012397667344125441,0.01658483421013246,-522.1724134071783,74.39103428021156,-811.066043840127,-1371.1316340645792,-2882.8850038562587,-3044.1204173790957,0.8249529785595059,1.0,1.0,1.0,1.0,670.7121082290043,2582.5009876351505,-649.7659713078699,-1371.1316340645792,-2882.8850038562587,-2467.959409021738,-9844.59332898858
-96.56343175881736,2568.1328584513985,-613.1608763120204,-102.16737925209638,2518.7345031597697,-668.2098194075184,-109.54260439335715,2470.3002061571474,-713.0691820687185,-115.50997708306002,2428.9381417713466,-764.928574455838,0.014844130324849068,0.01513292328473365,0.014947826090757711,-393.3897032993939,-378.6465218211337,-816.9572879152464,-300.60061639973765,-2976.6379337541903,-3702.3676768772298,0.9450751202996603,1.0,1.0,1.0,1.0,-95.79509306365168,2568.225032595517,-607.717381018016,-300.60061639973765,-2976.6379337541903,-3108.1558648667246,-9671.820738883582
-225.75549562410498,2485.571256882264,-713.8200581963533,-231.93126201988773,2439.5282069161817,-768.8007173845428,-233.17789859450477,2407.1215107106354,-807.4695226589904,-249.25870895362144,2370.968050908755,-868.0763211521286,0.01579005265067676,0.01855143596895209,0.016233488148527805,-642.6273539216774,133.19766945978319,-904.1039396365657,-463.4233434823416,-2628.119261880682,-3453.783775571673,0.849425023231844,1.0,1.0,1.0,1.0,-225.54634478756896,2498.505005152405,-716.7544085074455,-463.4233434823416,-2628.119261880682,-2878.1295204240205,-9728.292199734624
-422.04807303959484,2465.744035669006,-1005.5182201386518,-386.0970010046956,2401.8378710415473,-1042.9748410777045,-351.911324233417,2317.5590527007585,-1089.1143340803033,-331.248394209194,2253.526138279862,-1125.2247947524297,0.01709798439708695,0.018935783893798033,0.013558835262959035,515.8229103937955,176.48192527481496,-833.9837851129736,1847.8000777471564,-4542.942259105361,-1534.3693155181022,0.4554073964461563,1.0,1.0,1.0,1.0,-417.3161288685192,2470.667766123019,-1003.8006404784537,1847.8000777471564,-4542.942259105361,-2394.4932240788876,-9949.768469666875
187.48219559014177,2617.0169062083346,-699.2239729438461,190.80026653412511,2569.0789884235505,-724.2907273302176,192.78442109167455,2507.651712204765,-745.4733369400892,182.32429675749017,2461.8294653693765,-775.994740813164,0.016587952240859016,0.012995229209411908,0.01441254803672598,88.78441078484929,30.93356301191782,-946.1070667427324,-127.43537497627854,-3286.9105739771057,-2637.2234856934947,0.7410042705130037,1.0,1.0,1.0,1.0,188.82118014122761,2611.158363583941,-700.3497551191417,-127.43537497627854,-3286.9105739771057,-1425.9820899118974,-10013.339732222752
428.7418708612281,2684.3074271219325,-535.9261827818362,421.9938296061216,2654.130080753403,-533.6972533992897,408.86069319028536,2617.0440527260057,-520.8297783510911,385.5627707160594,2582.7439501717754,-519.7442230553851,0.015537641861057366,0.014532620574737327,0.015317362112899281,-413.35281534351,207.7375975551906,-950.6353043669972,-801.6976316423923,-2353.9772765117214,-2982.8149909086683,1.0046123754513057,1.0,1.0,1.0,1.0,428.4296978810015,2679.4137378924875,-536.6061867644275,-801.6976316423923,-2353.9772765117214,610.5895680965737,-10294.536802033357
736.5068964216732,2573.488280128245,-516.0681557148085,722.367776676086,2546.308995635659,-517.6651334432307,702.2589540111921,2501.200767231873,-506.86809659135287,689.9873953803738,2465.3635314880826,-506.29465826520857,0.015774042809391816,0.01674742520038733,0.01487857694413331,-387.74559409973955,222.88328267465616,-938.7258991607389,-1067.2416070614738,-2228.5609746380865,-2945.538864202345,1.007599955046087,1.0,1.0,1.0,1.0,738.1943013501145,2574.015110917844,-514.0533342541773,-1067.2416070614738,-2228.5609746380865,422.1362219355708,-10005.95116317924
-439.9605559578303,2623.2777416995946,-525.5751754301136,-422.8902714893953,2575.7357961620673,-525.5073017866379,-408.00425210064515,2529.1598236818336,-537.2262454049824,-395.1293419079784,2481.594235989733,-557.2007118992854,0.013704697300807618,0.016996798788912117,0.017326586204788233,476.2370973700919,73.62686272744645,-805.4040453696423,991.0806282588113,-2749.413508891972,-2380.3963069273673,0.8769719177054928,1.0,1.0,1.0,1.0,-440.51248376931085,2616.834358452517,-523.2077224242846,991.0806282588113,-2749.413508891972,-400.0053193721623,-9756.123942632443
-51.82699772234428,2494.102184447971,-437.8289941337878,-54.45124157728846,2451.8612056591487,-455.172178950725,-61.53338213033777,2408.1955560968768,-484.7856335350323,-66.09386468175818,2360.3611358071694,-515.8661571635704,0.01564807341265628,0.016320332991298443,0.014946513895719264,-146.89903613392585,-78.78769186763361,-825.2600664975265,-91.62044743115689,-2593.5934235309333,-3138.5400006259265,0.9430850797003267,1.0,1.0,1.0,1.0,-56.19479317708101,2488.8697974279776,-432.6239818314126,-91.62044743115689,-2593.5934235309333,-1455.770201473203,-9845.896616523078
270.3241498782491,2571.794282876333,-432.04201849396486,257.8054019161989,2532.6427542837555,-432.71513070815377,252.42531817308546,2490.691242244029,-433.42372467275266,240.13679807144106,2448.069025053902,-440.51020916735877,0.014896248921560256,0.013250496199685425,0.01596990428097092,-458.3542643837187,-200.94250180396185,-810.2518822575544,-708.7748468331625,-2692.177712978825,-2738.315561994432,0.9858833505977834,1.0,1.0,1.0,1.0,271.6838278544368,2572.0005425642207,-430.7371971436289,-708.7748468331625,-2692.177712978825,-123.41094006579837,-9858.913911794845
-302.450142002196,2431.228178373604,-531.3595725605877,-310.83779200267594,2354.4371791645185,-525.0187493265446,-294.4149892344838,2280.6494347689845,-531.2951564994825,-281.8001452727379,2202.6807289779035,-536.0652956834258,0.017233019065584783,0.013944172843059374,0.016710603383713198,-125.14994247723283,74.6688345993518,-805.9928045454249,364.6056775582764,-4773.157586561345,2309.568487983548,0.44711220470764296,1.0,1.0,1.0,1.0,-305.629752868581,2437.3818399472193,-532.0707831308083,364.6056775582764,-4773.157586561345,171.51549692977198,-9683.304416095712
687.8993855317739,2531.7560955885415,-461.9533469776981,678.8094862921785,2493.7295445777763,-495.2561629282052,672.6364172063427,2449.8010561499686,-540.018357671362,663.9875168648156,2411.9169899192907,-567.8072900912202,0.01862928425820326,0.016307289790639636,0.014462825931216686,124.5835027127975,-76.86876242664859,-869.6031808784184,-544.6484534804894,-2519.1436335718918,-3652.5321082474975,0.9856006000199403,1.0,1.0,1.0,1.0,688.2946520651062,2530.44489832027,-454.0241346361613,-544.6484534804894,-2519.1436335718918,-2301.0162698794816,-9680.852842571667
-257.6518686514305,2539.677307518076,-632.3759509927135,-255.61734212378093,2510.9708994087464,-655.4388839689071,-256.631334567613,2465.289724430395,-683.4279047929953,-258.593505166781,2429.289291500535,-708.8207577593938,0.014450720781129972,0.015309876533494863,0.01616632371103122,-218.52367868513463,410.75468452112057,-1018.0487518637684,45.09286511777347,-2408.92594410363,-3161.094226749404,0.8390730789743446,1.0,1.0,1.0,1.0,-258.4308643143628,2542.654145052823,-629.5394867809794,45.09286511777347,-2408.92594410363,-1522.2678759390892,-9878.031096106646
496.03461679145653,2553.157730135791,-724.61097138946,478.12784034304616,2509.411483447872,-775.6566575752064,459.3573589543204,2463.367879612537,-828.8626650779318,443.0736947200749,2427.33955830049,-878.1656876469332,0.013300207448863816,0.019731183269705486,0.012180905232907366,-526.7577013715822,111.83204172451602,-819.8252589449946,-1146.3156802905569,-2743.892209997214,-3365.894238984893,0.844787704048524,1.0,1.0,1.0,1.0,493.46325408701443,2553.8961086220256,-723.4520407689033,-1146.3156802905569,-2743.892209997214,-3072.031797271759,-9818.367152860497
-154.32661298618405,2437.7719629247354,-669.6592792035468,-167.34647232549912,2362.701391651333,-669.2238704349485,-154.05402078757422,2273.4750763030515,-665.7633848826574,-143.01491334828714,2208.440515348195,-660.6517349469611,0.01381382480172479,0.019471008069830008,0.01533464417686891,-9.831494783731955,34.82416186469948,-823.0483885372718,312.79867230563525,-4856.123945179274,1733.4817254397155,0.4463805229515766,1.0,1.0,1.0,1.0,-164.66683757502108,2438.605514728447,-670.2854901775618,312.79867230563525,-4856.123945179274,344.88846143710407,-9447.872341321598
676.5330509221831,2585.906996029494,-870.3734646721273,658.9230771084437,2539.6350384919037,-882.0796134918197,652.5950125461853,2480.4626401857463,-894.0628743960762,641.3466126326948,2429.447202009486,-926.7991681831736,0.013079034114863462,0.01829989188247878,0.015332271498835405,201.49042278738355,414.6198050749422,-1016.5588530900592,-746.5895894244723,-3451.6651104215307,-2043.7307532792665,0.5832888025038228,1.0,1.0,1.0,1.0,671.8418641248013,2589.168824640504,-864.6826522552649,-746.5895894244723,-3451.6651104215307,-1098.4109212825797,-9779.669408476242
584.4389808698922,2499.4976612380933,-648.490405888953,571.9054826013065,2456.7396896412192,-664.9369718663899,553.6253682002713,2419.5126550593363,-680.5684990514656,537.5986617947057,2362.4054591378926,-715.548312246168,0.013373292572724429,0.01518533439237814,0.016000571732426458,-361.4031514736463,7.6594320808592045,-804.6560892915168,-1225.6241477174399,-3220.8448254133555,-2072.495304082575,0.7304408013024716,1.0,1.0,1.0,1.0,588.4555630073696,2503.8141717762064,-651.0777186546693,-1225.6241477174399,-3220.8448254133555,-1133.621361399681,-9801.312955684263
-250.8833588171791,2537.0167044459886,-540.1261188611751,-244.72654578938375,2500.8069024471392,-578.8557348441327,-245.14165823585262,2469.817320652261,-626.1221981491509,-242.2979175764497,2443.419217257327,-677.6343763504751,0.014565100929846305,0.01736282514906217,0.01519720765550979,51.779863880122164,320.04718854740105,-1013.3466503690814,290.2249865283126,-2114.180775413265,-4150.950267267119,1.0028748662655813,1.0,1.0,1.0,1.0,-252.95637197460593,2539.937002731332,-537.0731375353932,290.2249865283126,-2114.180775413265,-2814.4943330807355,-9773.250794098225
7.82952984095294,2574.4487492485664,-719.8989454608617,9.392972299018297,2508.995490080819,-733.5808324820521,18.7426062206178,2463.526182719892,-759.6029470093976,46.92688352080276,2403.420721493797,-781.7700705280524,0.01560606626286643,0.0168383419633268,0.01887837914002037,492.3541452331298,119.00776545851025,-923.3442052320083,648.6268075567326,-3261.670295460266,-2213.5076465694665,0.6986772126337869,1.0,1.0,1.0,1.0,5.884039565580963,2565.2604870537066,-721.2772969845979,648.6268075567326,-3261.670295460266,-963.0141130772909,-9830.258899121669
616.0617981284894,2430.0,-698.4991003544262,603.8406017476599,2385.3941404667494,-713.5932110567841,593.9842098425896,2354.5102933768417,-722.9801662018504,571.3125450525113,2305.6788773641315,-738.6327492395383,0.014156662589234172,0.013524052848574742,0.018774077531531503,-79.98620573374245,245.9544322455251,-1015.9884277234938,-862.1747301098561,-2716.2312761674157,-2575.8307006282125,0.7585452070306602,1.0,1.0,1.0,1.0,614.0644520046928,2432.520609560288,-702.5051990158329,-862.1747301098561,-2716.2312761674157,-480.92765427527627,-10214.661154803664
-149.18057266945294,2491.9422093755397,-868.5758041429027,-147.49810019824076,2413.331159967812,-882.9563666566031,-163.6739710085889,2336.3085671614376,-907.2557299067017,-169.27338834281375,2262.7657991229335,-930.5147074792098,0.012679923979698363,0.015444509660706254,0.01859978303872622,-266.97973938812237,-2.6837967608445297,-880.0823466992031,-212.5104316535798,-4651.319444341294,-1106.5196891041765,0.4882757833208695,1.0,1.0,1.0,1.0,-153.28665845345768,2485.7721059617493,-870.9237266815205,-212.5104316535798,-4651.319444341294,-1023.8515370234194,-9645.436858841787
571.4314187012415,2430.0,-747.2349687672737,566.9933559755733,2382.9621553579254,-775.1319635812841,555.0225378614844,2365.5348633391204,-851.5073400577883,548.4538267763556,2335.529210094307,-911.0947913240758,0.015489288942961203,0.014272455508341846,0.014993225918658069,17.55224084429325,268.12658214220164,-1008.5400296536649,-564.2351708730283,-2208.3045257717017,-4060.060366792534,0.9352450296300396,1.0,1.0,1.0,1.0,570.5027082998624,2432.2650173984757,-753.8506889534901,-564.2351708730283,-2208.3045257717017,-3403.8555330840413,-9616.429938776226
530.2241215354821,2669.619090146275,-531.9388942998112,518.8803737987299,2636.5201062047477,-546.551228455274,504.4980745991168,2602.8316168135793,-552.5360869615133,491.16302655792197,2565.7316132500555,-576.7908462885695,0.011724111431842748,0.013923229338237662,0.018152537172808646,-259.4498657768921,328.1265604629251,-1007.7633262312484,-802.0505026963543,-2380.0033380380382,-3071.903931376924,0.9412001220571117,1.0,1.0,1.0,1.0,530.5698793790154,2672.4298484303836,-534.932976433633,-802.0505026963543,-2380.0033380380382,-612.9178112302463,-9581.681991644557
566.7488265708353,2648.4543062058547,-709.7137492005239,554.6053787718513,2607.2417585706307,-748.9972926829485,550.0995780299158,2567.430224022558,-777.1839294681521,537.0990006419577,2523.6184888795297,-815.2825754222793,0.018029798703115458,0.014056408849426483,0.015196165255342262,66.50051121246747,416.4504105051185,-1005.1755623161094,-609.7870428703349,-2683.9479065786936,-3102.1839099645467,0.7827176271921165,1.0,1.0,1.0,1.0,572.6237567948451,2644.1271729654363,-716.4531319136978,-609.7870428703349,-2683.9479065786936,-1981.298646866242,-9868.663567151472
487.35422277051356,2479.0606161742676,-783.9294341863483,487.90129872352753,2410.0687314688425,-801.7371323779753,485.3710011917242,2344.4674463026067,-806.8106169723111,485.7337422562737,2286.3511128572186,-829.2370046105285,0.017120688767940786,0.015628543376450345,0.01457029556739952,475.2160665105883,-15.898980076388522,-828.4250142972488,-25.402445189202567,-4020.718443046892,-1112.4173610658852,0.5726804722882097,1.0,1.0,1.0,1.0,490.96558252789623,2476.9464546126824,-787.029356152069,-25.402445189202567,-4020.718443046892,-675.9480053535154,-9428.987438857956
252.65525464183202,2525.7588592372754,-653.579090216184,243.22833328644114,2488.1986195993777,-655.4412589852682,248.51932140306977,2453.106789511397,-654.8997903007133,236.72911255997207,2407.8067924581323,-660.0797207267808,0.016042902946292754,0.01136552863738351,0.018134781742374897,57.88786399583398,209.0758953571435,-1016.9819819987938,-215.79963211131047,-2576.030686413024,-2728.566305354077,0.8544567866739495,1.0,1.0,1.0,1.0,252.10753289601325,2527.503513128858,-656.4057085879681,-215.79963211131047,-2576.030686413024,148.4898298685278,-10293.503218632659
523.9035480698727,2452.898501584812,-912.4094696409164,521.1272584196071,2383.4442670093526,-941.2333396440647,523.8229289410181,2317.7982777363645,-974.3691334882839,521.6505593856106,2259.0151415679893,-1013.43320599726,0.01804354259665654,0.018213273832256162,0.011171892651114977,491.73744107939524,-21.646690839933036,-877.8403910898836,-58.53476251219613,-4265.201928999245,-1866.9440463659364,0.5325712909199727,1.0,1.0,1.0,1.0,525.6876033364695,2452.1704279796313,-907.319600883937,-58.53476251219613,-4265.201928999245,-2019.865641338546,-10070.924956821562
179.95171155929802,2636.890254238951,-543.5174188100441,169.58033902125482,2592.6612728082564,-560.6414141939348,147.76328638449698,2539.7184520183814,-575.3079428663418,151.58318644170183,2494.9001044285496,-593.2114778494362,0.01292284137332202,0.015684296742306328,0.012637912133948062,-344.2399884223153,-49.62381878586644,-803.5142622599027,-584.5194661322425,-3031.880132289428,-2460.714984662803,0.8437549497504243,1.0,1.0,1.0,1.0,173.0597391047197,2633.5900982902813,-538.2765539181588,-584.5194661322425,-3031.880132289428,-900.9452523910242,-9885.522326467855
-297.193762068511,2509.9598895565505,-717.7849640354174,-294.1242629631504,2461.0735125513706,-751.7456195314853,-287.03360987377226,2415.1061719541894,-794.5924489180026,-270.1053651130444,2362.547963951257,-826.4446043220369,0.014988769588793386,0.01403825410529334,0.014844272720857622,121.79501610175899,-133.2265436874342,-807.0017210051398,527.6241813174371,-3325.371565190141,-2675.8397148495083,0.7511287035850562,1.0,1.0,1.0,1.0,-297.66620804560307,2510.4438506387255,-712.3643063115221,527.6241813174371,-3325.371565190141,-2300.640565873543,-9865.559213039118
427.8749802534221,2502.6559954382087,-681.6177170186904,411.8693268810601,2465.541098820429,-715.7400499133555,404.0832786393634,2422.454238174943,-759.2478243034599,395.807257284645,2390.6484136415047,-798.8491268841564,0.013809823295220635,0.014746239286297765,0.01908779658931713,-257.49376550520043,267.6069818551323,-1010.0831731482548,-754.7019315970333,-2472.3206630795025,-3500.029269292924,0.8573561408291651,1.0,1.0,1.0,1.0,425.5114825901153,2505.0571819420898,-674.0404960934573,-754.7019315970333,-2472.3206630795025,-2380.232245191238,-9798.307520908724
542.2840011530925,2514.3910048341827,-487.3101130920401,530.4773265021938,2471.125321256484,-520.4677321340106,514.572679118554,2438.5676128914665,-562.8769636236705,495.8279375697729,2398.7775978460545,-605.0583443832581,0.017086958858643055,0.013473378958361894,0.014815408337849237,-514.2125914758304,147.7813933144671,-840.0882403987046,-1034.1861193595882,-2301.2997460490515,-3708.870127959587,0.979624253845146,1.0,1.0,1.0,1.0,545.8281808677452,2506.613633014754,-476.66350266806023,-1034.1861193595882,-2301.2997460490515,-2575.9025400244486,-9797.062785608869
-135.8794141474779,2531.956846724418,-873.3562275361019,-122.16656239418901,2490.4777527350657,-905.2663044611462,-111.88996597374044,2447.0390726811866,-953.7542001665515,-97.71641226603245,2395.9727546854187,-998.6607962475304,0.012009885122137624,0.014238667168980822,0.015825444862485046,606.1876751276279,205.49005078050163,-918.5941759238981,1022.5802806060217,-3178.5900959692663,-2742.118551420639,0.687926002846397,1.0,1.0,1.0,1.0,-140.2959297147683,2525.860820838065,-878.1724958227944,1022.5802806060217,-3178.5900959692663,-2595.1827181583876,-9701.224919650545
-151.88487610871368,2549.2738588031025,-929.1754320300403,-166.25648549230718,2495.1453702035797,-962.506668555403,-170.85260049016406,2434.44400817338,-993.091088903067,-173.11312529816564,2374.2949506542914,-1035.5463639064524,0.018595203788195458,0.015274618230080982,0.013278376369102625,-323.55876611379534,175.01014829055748,-1008.6833159659303,-261.98838990674767,-3872.901438128884,-2356.4514419919,0.5678518016126214,1.0,1.0,1.0,1.0,-162.43590632114422,2556.844532739821,-924.9344224826079,-261.98838990674767,-3872.901438128884,-1966.5647987527782,-10066.472579795094
-406.53970109627403,2670.547843215041,-643.4776253560457,-399.45653632317226,2623.7942962136417,-678.519329134322,-392.5090285224229,2575.5586554712986,-712.3591420775064,-377.8796891763449,2537.8785919984193,-759.0830282808328,0.012773665596255947,0.01441608601268853,0.018790654017953705,85.40683202076397,98.01273212143572,-969.7128579339812,540.4322080412475,-2791.017399352975,-3228.0170289648727,0.8740195943731025,1.0,1.0,1.0,1.0,-411.79079937718484,2665.7487395261737,-646.972704012195,540.4322080412475,-2791.017399352975,-2102.6333512971373,-9294.659086847621
712.3235722993221,2440.140493804132,-965.1816889730997,680.2762746732607,2372.296977603143,-998.3791691023509,679.4219634272366,2304.9742030409316,-1035.275266503702,663.0237778806388,2241.8067232631706,-1080.3762071824176,0.015962090049576994,0.018043505228745864,0.013931744081494585,128.96702113160217,36.48744234585419,-1018.6158909849636,-998.8124539614817,-4150.898214773968,-2248.1250815868507,0.5320626606401829,1.0,1.0,1.0,1.0,708.2782444292598,2444.008406914751,-966.5611922309512,-998.8124539614817,-4150.898214773968,-2003.7733557667932,-9985.316909003432
599.7752451193626,2532.7182382846204,-798.8348073557084,581.3728427507201,2472.8848963442647,-823.5158127245862,554.4738371913165,2423.622915889108,-828.684140974087,526.1159124987503,2354.6285563188835,-844.892572321566,0.01955191033430413,0.01562158137025367,0.017671965332852514,-265.67969329897835,150.2497217435523,-983.7744201658663,-1261.141406674131,-3501.8674544774294,-2045.1422411423814,0.6271545429625902,1.0,1.0,1.0,1.0,591.8964632394311,2531.5195907882135,-801.3710056815537,-1261.141406674131,-3501.8674544774294,-732.2548668981624,-9996.615377312995
547.6259952924366,2454.4586994732026,-619.3232470631867,548.1396445911934,2421.9798346454854,-655.1554934340136,546.0840649386469,2377.651645520267,-702.3422847677181,543.7299006270362,2350.6102730502002,-742.942014363722,0.020034932948178905,0.013038432580734487,0.01721497642150021,498.41171281369907,178.3223912870413,-1014.9178502709211,-53.57476942367412,-2326.0372277364636,-3806.009595000011,0.9297116580495871,1.0,1.0,1.0,1.0,550.9149868489017,2457.83887446878,-614.6313915987118,-53.57476942367412,-2326.0372277364636,-2595.8245337688963,-9677.698326554086
410.08867391480265,2501.754610793139,-722.1727470325363,406.8213418888259,2458.456613767074,-750.418940604721,393.3318246510436,2404.8124675465265,-773.1970721551219,380.5255575836665,2352.3642446446024,-803.4519860573586,0.012990169144188601,0.01732817625663853,0.017100205047913927,-131.7199490759024,148.12080269354271,-1010.5347919033791,-675.8550268689465,-2917.594948318603,-2836.7863270916096,0.7575814495512595,1.0,1.0,1.0,1.0,412.34334755359885,2496.784736090009,-724.3524519126795,-675.8550268689465,-2917.594948318603,-1575.9686493615213,-9720.904583546406
396.33788608621916,2625.201546026291,-476.9524765610971,392.198529999971,2585.03869232524,-507.62942840808523,380.51535463438614,2545.6599719824467,-547.6707959204646,379.28875669282746,2508.671330480784,-587.0414682643378,0.014431036377082677,0.01376621351596023,0.017419480841838204,-144.66554496330852,-80.5942313874818,-830.0298344932627,-535.311154632672,-2656.834575843567,-3557.894068812157,0.9743832692651191,1.0,1.0,1.0,1.0,401.35183276201803,2629.377035972948,-469.2167913922493,-535.311154632672,-2656.834575843567,-2384.1545009712527,-9665.67062030301
271.84255161216646,2492.8543430447744,-972.1340204457547,276.0358991929431,2430.8384691405186,-1019.4637536364075,266.85115768429154,2370.8562564840463,-1061.404247031668,271.0581333567018,2304.1757517478627,-1103.6577933229037,0.0166995052517565,0.014640927391793433,0.01882478877517764,243.543072229467,22.80585903056539,-943.626116746255,-46.417406205696494,-3958.6401508446324,-2397.9604904222647,0.5748347785812729,1.0,1.0,1.0,1.0,272.5539511080258,2496.9559533084553,-974.1697227819178,-46.417406205696494,-3958.6401508446324,-2520.2293788872375,-9834.095880300081
355.46702852488517,2525.627545479101,-599.6060634262494,351.48268597394417,2486.8660002752936,-622.9086892859993,341.57425403079685,2446.3961135533027,-666.5035071850076,333.3992302871603,2411.227010194912,-700.9429763636537,0.015259443631480825,0.01691022292412896,0.013557623217408298,-128.71374792457763,371.7205066772065,-1005.2955846887822,-530.5147744850252,-2335.6058273393164,-3444.646087493258,0.8742727102269826,1.0,1.0,1.0,1.0,359.3598446016463,2520.4778678293815,-599.9616630526702,-530.5147744850252,-2335.6058273393164,-1941.0377028940045,-9989.487645561821
584.0750775202674,2440.5438105762905,-623.1731615247433,569.5682085247879,2400.407236094509,-638.915929933592,561.0952597856781,2382.389722492492,-653.9809506523652,542.6521560809226,2339.3333015603653,-672.6086272400568,0.017069206336556793,0.014124118476516248,0.013605328633332137,-21.29166026776,327.23043462613657,-1012.1336212272134,-675.1463395415398,-2366.709027667075,-2909.873007736227,0.8502013465535955,1.0,1.0,1.0,1.0,582.9643136219172,2445.4350143881784,-619.0311810656258,-675.1463395415398,-2366.709027667075,-926.9596161564497,-9677.377094859085
-346.6562273731958,2623.277905647539,-660.123552760656,-340.965434552459,2577.6258545404116,-700.6816894720347,-332.1783091545102,2558.5675805075794,-738.8612059395596,-332.5667500000255,2510.432465115983,-780.8924708754777,0.011707521891620692,0.01723450218509184,0.015543635514094208,-46.28441553687313,220.44653717510937,-1019.8761344300888,314.8688072906187,-2541.799374841639,-3814.2320694215687,0.900514340409194,1.0,1.0,1.0,1.0,-343.83543842650823,2622.4469464004487,-659.3702494927984,314.8688072906187,-2541.799374841639,-2719.3982691522715,-9921.89034692399
345.894041125413,2521.856628565598,-1020.5264862126874,351.5637087336224,2463.2247464053603,-1061.426461011555,353.69398701487063,2407.5873948824737,-1113.1750296869757,361.8798986454944,2332.0594722793835,-1136.44561994963,0.017445584840599167,0.015699775679914596,0.01706623793999693,533.3996131317591,-29.49916305131926,-800.7683114198951,302.44701777198156,-4196.769706506026,-2174.6585626663764,0.5597884015394897,1.0,1.0,1.0,1.0,348.90693229085275,2530.5303579173537,-1016.776990256274,302.44701777198156,-4196.769706506026,-2995.5939078722404,-9823.40597928827
-10.022030788064743,2542.8084742753626,-811.3436103099372,-1.748482793508137,2482.697999184473,-813.3794155749428,0.8079566071982871,2424.4693889785995,-841.5831490399014,3.6929949814074607,2369.671873881568,-866.1223781727042,0.013635249483270084,0.015272495428949187,0.014142859414796736,175.3961452542829,11.977467620236347,-888.4028798694968,288.3727173346874,-3945.803997312891,-1760.1757815236358,0.5969493956729844,1.0,1.0,1.0,1.0,-9.162393839916831,2537.292025900484,-802.041734517522,288.3727173346874,-3945.803997312891,-1177.5316996064525,-9913.066091559736
542.6824119398387,2586.6452572723415,-1024.0328224603988,540.3356789478368,2532.658214060655,-1077.9012350859484,552.063046476204,2479.3915205971316,-1127.1952753358341,551.4652406889568,2429.791227824452,-1123.862882840011,0.018568557602499293,0.015511916294349865,0.01710910600889303,504.45997033118647,273.20136661861983,-1012.3619204150312,-65.99046558972154,-3302.8125904061544,-3045.9768351266866,0.6488104200942584,1.0,1.0,1.0,1.0,550.653296243991,2585.1701799029274,-1021.2526463800741,-65.99046558972154,-3302.8125904061544,-3074.648798482832,-9859.179638894917
-115.22309193907303,2594.795361741429,-496.92284504613457,-109.35871507467347,2545.2322024188766,-505.9769017309648,-107.76314844635542,2489.482450673927,-513.4288392779246,-109.57523572009842,2445.9832995985844,-531.9087185734463,0.01238770387577453,0.016185334353816833,0.016256148593738095,64.84917066534727,-342.1635134134083,-806.9782321587734,192.45430750941006,-3085.614919090544,-2459.020066081248,0.9051708131766713,1.0,1.0,1.0,1.0,-117.98242146859263,2589.1706597226134,-502.89893613747654,192.45430750941006,-3085.614919090544,-314.4086561373259,-9781.123789061576
598.8680233959848,2497.5620456360225,-808.6475249166416,594.9399443847997,2458.0313785769044,-819.9253784406304,581.8067096419614,2400.2966673230994,-830.9397571500118,584.2356259648154,2364.2150250131085,-835.5130350669782,0.017036585628520617,0.013599823703534589,0.014997711036582477,240.68788037024422,147.97568683610743,-1019.3989742875995,-516.6425332759645,-3381.8543188933822,-2097.540813094318,0.6493658796313628,1.0,1.0,1.0,1.0,599.7544409970415,2498.3644384670097,-809.0472680638098,-516.6425332759645,-3381.8543188933822,-374.1032611873886,-10125.744307502568
-115.30232384300098,2469.321689139013,-1044.2078827318987,-104.55616560441399,2417.6875458452105,-1084.8794710270317,-88.24772813661943,2353.0555852073753,-1132.5612127726254,-67.8667379038213,2286.816063584715,-1123.9356670536752,0.012771777536694727,0.017161204308715802,0.015754186838210303,367.7108885727837,85.15801091050737,-911.263641226086,785.2080712390268,-3936.9334166271215,-2396.033360333087,0.5593128313163795,1.0,1.0,1.0,1.0,-107.33999452682724,2467.0027279699116,-1043.0856450545884,785.2080712390268,-3936.9334166271215,-2889.1113315647276,-9884.231548186315
-160.1121238864594,2530.5163144474423,-985.3796640602225,-164.46662017502965,2480.6838438594637,-1026.8201052081931,-172.47889872399645,2447.0201706343482,-1076.4349516984125,-183.37987077522345,2405.501574838389,-1123.393483143271,0.012260863497341956,0.015596680029339997,0.016812118391822634,-453.70961461981017,157.81090503040403,-1004.377120897589,-380.343032840324,-3124.1320078255803,-3287.4349408090116,0.7153303380814959,1.0,1.0,1.0,1.0,-164.6489096611641,2532.1512309778414,-976.6792773342801,-380.343032840324,-3124.1320078255803,-3203.4229326270515,-9847.30939885257
-3.6966688914473282,2581.8925351254966,-589.1277430502362,-5.0496010779253915,2541.6641320893723,-639.6237315412139,-7.743256029048901,2505.52196684713,-671.5407209387284,-5.0382263242176855,2468.131457804364,-710.9953088263858,0.016178167378362675,0.017318578005795286,0.010036755389345675,5.593247745392696,97.76661877844117,-964.3943543183932,8.930319191482909,-2568.0306339399976,-3828.9233780525947,0.9264664992264972,1.0,1.0,1.0,1.0,-3.069161870345738,2588.756333700239,-588.098010852353,8.930319191482909,-2568.0306339399976,-2664.762230832063,-10045.641680207245
13.499620370509787,2580.8010773347396,-589.9035956296935,21.8395781510479,2524.888262896941,-605.6638780039854,21.73286792211744,2485.3281206078073,-633.6700928725035,21.81158056865962,2426.531782472707,-662.0660398623814,0.01634101760746172,0.015021365554135205,0.013793665132320537,125.3862654053536,-163.12074568900871,-807.8589254432582,130.79720360781172,-3244.6706087829034,-2428.886995047819,0.7998439517060831,1.0,1.0,1.0,1.0,14.862628356752339,2578.6259187325427,-591.8312570514599,130.79720360781172,-3244.6706087829034,-1303.538078980574,-9722.157809235772
-70.28330542897052,2432.65809061425,-1030.5346294900394,-51.092275640298396,2376.4875773890467,-1060.9108588766876,-35.408104631060496,2294.270193721327,-1097.3346575090777,-13.736836718457392,2226.6775684170475,-1131.7947362463592,0.014869716675563862,0.01685440714317296,0.01656111482331802,564.9363306460682,176.58985368238336,-934.4959768506541,1259.364587105321,-4469.564521404018,-1775.6486171225617,0.4567147613579455,1.0,1.0,1.0,1.0,-71.04278584212,2433.719936991416,-1024.81834197577,1259.364587105321,-4469.564521404018,-2223.6604189437785,-9916.644384750105
-339.10892905785573,2656.8785142255415,-454.7668164819175,-330.04766779053693,2618.8661816351414,-493.64181950445123,-312.4787341959638,2569.2580502007268,-539.3934608340589,-301.5409278282726,2534.5526831730776,-590.1234729740579,0.016047426287213108,0.01506286867960386,0.017005874112043476,538.6725320396002,-84.02585137335377,-814.6964440537449,841.218733396537,-2627.8059232671526,-3695.100306789503,0.9968838309211393,1.0,1.0,1.0,1.0,-340.40104435978026,2662.03133844083,-451.8622627502655,841.218733396537,-2627.8059232671526,-2577.741726280677,-9659.493095642494
106.49757675003535,2554.28026432031,-895.9293729616854,89.14401128177533,2499.010440548745,-927.4238130968511,83.22957122356479,2441.962955752916,-976.1295424540915,73.21355835692476,2393.563812506843,-1013.2804688696795,0.017285557472713042,0.015758778138118972,0.015134029469588368,-247.40766388108486,217.56841229828822,-1016.8864926903947,-508.4767722280103,-3431.8407339570317,-2632.7124679625504,0.6318216349195801,1.0,1.0,1.0,1.0,98.35654123396228,2551.220111389078,-897.322936023649,-508.4767722280103,-3431.8407339570317,-2141.113451946301,-9816.406650039919
-49.31568869040955,2662.5724520439694,-811.4775987376667,-52.74318506930536,2623.4417834599085,-869.6229470363267,-45.219604326879484,2582.1995366448796,-932.2251535669576,-59.68327279011386,2549.8894411382275,-979.9178351934784,0.017500093905182056,0.016531232511718317,0.014473969194190889,-116.4996839101475,136.7658285655345,-989.1068185618037,-67.3476503057598,-2589.491736972563,-4062.5840830571037,0.9264947043889095,1.0,1.0,1.0,1.0,-50.8357248620315,2661.52027211378,-810.9048699552968,-67.3476503057598,-2589.491736972563,-3620.456806145549,-9531.59403683397
-49.295768585810904,2528.251952451866,-521.730965514305,-56.710889051963555,2486.5120806944688,-583.7918946635021,-53.93188757486621,2450.63763088471,-644.5127555210174,-59.591423267103046,2412.3113413696715,-710.7212762728817,0.016452819034713583,0.014472472198380722,0.015345310450744325,-33.23488269277625,-292.8557920642558,-817.9654183095474,21.141045654085502,-2501.175380212856,-4372.233414512146,1.0787293983161594,1.0,1.0,1.0,1.0,-57.01855905362311,2520.966510675212,-528.5411646418058,21.141045654085502,-2501.175380212856,-3683.216852458163,-9589.57882438785
451.3448120476726,2656.979595710631,-513.9943103623806,457.18657558863896,2607.4269715599357,-535.0089799872876,450.7836339759257,2567.2367135627105,-546.0073112474704,459.02724420315616,2529.4088676881624,-565.0963961342683,0.014277014842943619,0.01696797505424593,0.01395778537839517,535.423808731606,143.86154314675318,-991.0730072895435,84.37552477346136,-2582.51255497947,-3182.974327244244,0.9247972247244161,1.0,1.0,1.0,1.0,453.5795497013464,2648.8987214768363,-515.6406982215518,84.37552477346136,-2582.51255497947,-801.085203690648,-9980.150168134629
178.6650254101467,2430.0,-656.6469161345904,185.88844910546715,2387.822425261514,-666.0199583999631,198.99599242275102,2343.4831194173794,-657.2008149178921,206.1320378681161,2307.0549611843044,-657.7475348630954,0.018768149531606094,0.01204475207815199,0.013836778050182068,689.1280511429889,-75.60215848383251,-806.3363433928928,622.7880830540319,-3083.6450067813767,-1738.8886338988411,0.7703503203400605,1.0,1.0,1.0,1.0,181.55576345395366,2437.568522042993,-649.8615574654373,622.7880830540319,-3083.6450067813767,-107.50625656711252,-9626.727761747863
-48.61969026226135,2585.465447418775,-487.76704856460884,-44.93824504749486,2554.3135657064104,-528.2014544376076,-40.5252878779009,2516.1422656864374,-564.9675440757736,-45.18544036781647,2479.6046736381213,-593.7208688805807,0.01528162912967002,0.015608976611107614,0.014012663068042254,-3.362306925315904,182.12127719855235,-1005.0910551054333,39.652597960303154,-2350.628027831871,-3796.5724214269953,0.9800967311911802,1.0,1.0,1.0,1.0,-44.00621983462656,2591.515005726213,-493.93818628717827,39.652597960303154,-2350.628027831871,-2108.0988775624296,-9752.449020245673
-471.8351472649055,2606.329939573592,-680.519043123411,-467.6935430728262,2556.663153966823,-719.2074141665298,-463.2983574559495,2522.889973297271,-759.3042771590059,-472.0026068003497,2477.6382549594214,-808.3313496616498,0.01546083925442774,0.012460316328118143,0.018314788793946192,-353.8278383827826,34.28969431247414,-926.4654110269255,123.89362336137286,-2780.6881928255243,-3612.9326242641296,0.8787640556235087,1.0,1.0,1.0,1.0,-468.4294399920485,2606.426272676087,-674.8899235638659,123.89362336137286,-2780.6881928255243,-2843.6790208159864,-9871.751481111029
521.6534486033524,2456.0187852215486,-963.574575023226,509.6049545030935,2395.253979127519,-1024.200002889991,494.83553100535676,2345.4128139735717,-1072.6909542555525,483.2280486681547,2286.533180462064,-1124.5468934092607,0.016470810512900926,0.01642412225675657,0.014688011619179844,-204.53864402074868,-17.94315574510505,-804.8730359808607,-1052.9545286771122,-3532.7652695563747,-2656.1623190232217,0.6524170556111631,1.0,1.0,1.0,1.0,532.5295260532305,2454.9925329443527,-969.7426155644905,-1052.9545286771122,-3532.7652695563747,-3209.8856874665485,-9848.907417155433
-129.62238147097653,2525.9689978817432,-929.1636971767385,-132.30554510266836,2462.726704384685,-956.4771050072958,-134.316003936188,2399.3389577059393,-993.9569118126722,-130.6139954894168,2351.318361515728,-1028.4989474485324,0.012623312185671804,0.017771949724601416,0.013839916594822053,-254.20100713656254,36.45663587464344,-937.1931661911894,-207.70169716042332,-3980.5918125316502,-2202.179280799686,0.5807648214949052,1.0,1.0,1.0,1.0,-124.38744641129858,2524.326518706928,-919.6229119204202,-207.70169716042332,-3980.5918125316502,-2123.1596367472525,-9728.98009184019
256.7503250039754,2527.6523365956573,-958.2605973982959,249.47660126189479,2464.711943845063,-989.421871049977,254.0597739036609,2409.3081383093436,-1036.6193849920987,266.6349506545029,2348.0023678283355,-1076.0232008441776,0.015619420869434394,0.012270910435100053,0.01702239186381052,356.5313164164452,-21.184619614211726,-848.6783065140107,174.26975719185745,-4185.75217341533,-2174.790628340784,0.5650872768316555,1.0,1.0,1.0,1.0,250.22676452941073,2532.1242061691346,-961.0976681246372,174.26975719185745,-4185.75217341533,-2641.404660183033,-9993.450457993245
599.5230476814603,2563.9707901437787,-617.4559180452048,579.1121896885948,2522.3369165895706,-622.1858474659886,561.8339503789258,2473.521779086607,-630.78222064205,537.9106367784319,2425.118240587637,-616.3384424856764,0.01478409970307579,0.01721180230915852,0.015538179530128624,-524.8009650968196,14.29491432942723,-808.8659403144275,-1259.847452626446,-2842.2421341322543,-1939.8593037719338,0.8474659184576377,1.0,1.0,1.0,1.0,602.7625050038491,2558.101624377799,-623.356152232332,-1259.847452626446,-2842.2421341322543,359.11102101533567,-9796.380104521873
69.38944968094016,2459.0347160547003,-1057.7343927814145,59.88095540241475,2392.111924234934,-1100.9916070291822,52.92309583085554,2305.6510329700577,-1138.1558532211789,47.74429635533952,2237.1637587545033,-1095.0050679719798,0.012885736252851913,0.01711832974279688,0.015734471025586616,-234.0824934292901,-168.7663108573203,-800.3884507655895,-512.894282597084,-4454.588898890449,-2155.7660818740164,0.544261462978765,1.0,1.0,1.0,1.0,68.52513330298984,2459.441139488043,-1056.8837340497846,-512.894282597084,-4454.588898890449,-3119.2784966430618,-9906.83951555928
-186.73191301037429,2630.5583705961335,-736.3023118276159,-187.27580659654805,2583.9715570081776,-767.1244404101319,-192.35270312707334,2545.78986893806,-791.0320388348653,-197.20579031121196,2502.1175653349333,-831.9251336966549,0.012729538105515439,0.015684034138589903,0.014879720655962256,-354.3069403892398,270.12031491777725,-1006.4312221816881,-209.4706243176616,-2915.494237812409,-2931.1806218668416,0.766706707099933,1.0,1.0,1.0,1.0,-184.63573469193534,2631.6706475458286,-736.2884004937016,-209.4706243176616,-2915.494237812409,-1832.2750817405554,-9689.14831981897
-325.9515773693247,2542.005110998031,-788.1389420098665,-323.3190511985067,2491.774158807344,-825.6433842134076,-327.34640521546737,2453.7023309154597,-886.8436062426405,-336.3547276684467,2388.4731792287116,-941.4393940053997,0.01714130839676705,0.010686343919932704,0.016496055494496103,-442.18304195384616,-305.65819356753013,-810.2065406331992,-142.20597679323316,-3485.824957880506,-3089.354364587515,0.7756762921888047,1.0,1.0,1.0,1.0,-325.5741409833978,2552.7182718944837,-787.5212746710251,-142.20597679323316,-3485.824957880506,-3015.567663508282,-9941.664749817328
483.744544313115,2582.2631058417364,-508.54177407300523,473.51925371043,2545.7324174886985,-547.7824462947227,463.35487136893323,2501.8646164600977,-571.633520131142,457.59348131506755,2468.683377362622,-600.5026616727615,0.01924855557719555,0.015481472061727522,0.01267971226140447,-151.8017303599423,362.5674756941253,-1008.7723823359706,-650.901495550565,-2247.1811067982953,-3507.514106803043,0.9375902600996733,1.0,1.0,1.0,1.0,489.33624275736577,2576.0408658904475,-513.3128065984001,-650.901495550565,-2247.1811067982953,-1603.7061336777745,-9820.558491546295
-165.6338479426993,2586.086428004468,-717.6606973257263,-178.13589298480264,2542.5469081946535,-758.9698374029025,-177.82879954037855,2491.0439060426097,-818.235306568802,-176.038697240516,2435.3764453981294,-864.9514533878001,0.015371666937027293,0.0177051085129842,0.014682987893608154,-212.87787489699699,-143.22646655166125,-810.5367980800966,-44.41309056649741,-3121.25109659454,-3340.2395933503717,0.827240236656381,1.0,1.0,1.0,1.0,-174.01642065131273,2587.8682429685687,-713.1251696521219,-44.41309056649741,-3121.25109659454,-3033.158880381797,-10046.502457109162
-70.17601445642008,2435.842508968169,-774.6894374407533,-66.56582748374602,2379.6840555824697,-770.6417958982966,-56.38908784849399,2315.718286635966,-764.0933539698252,-40.79750632773407,2252.596782325009,-756.4660576776682,0.015748010024023457,0.01586702977583341,0.015227471005810705,356.5334713386611,331.9283399930705,-802.9719837326473,792.3107188176959,-3823.3184436377674,1035.930659704906,0.5031574891943328,1.0,1.0,1.0,1.0,-79.23742401107131,2434.7534839938435,-778.0853151246706,792.3107188176959,-3823.3184436377674,769.5972958434097,-9671.659697568855
-301.67613007325855,2684.6933697619997,-490.2599508235499,-310.44579088296575,2641.877165872901,-539.3478547697431,-290.8917324058744,2609.4391071129185,-586.3647274528583,-286.46199309878074,2566.5065070466876,-633.6390294121213,0.014714602058849436,0.016316785243148044,0.01760235077423994,-155.38244189602477,94.0837583403701,-960.988063980559,141.35587396157104,-2452.016682935018,-4211.360920953539,1.006366261923762,1.0,1.0,1.0,1.0,-304.5128889254836,2680.961358836822,-494.2416537532695,141.35587396157104,-2452.016682935018,-2889.8674267254364,-10053.131153034758
450.63940794612347,2549.7076276188127,-608.5850073250924,449.9293200421819,2512.154766463093,-633.1670455904989,439.51542204255645,2469.6795869091857,-667.0786300628733,435.5628082552805,2418.758757811109,-701.7175659216811,0.015214766988355348,0.013912150256002828,0.01717545940034961,46.67686755791584,180.52811943601034,-1006.0503316216548,-454.8068495541977,-2649.146571701941,-3155.6504531360174,0.8486976233552929,1.0,1.0,1.0,1.0,453.72899790892416,2551.51430110924,-617.0572474829622,-454.8068495541977,-2649.146571701941,-1522.9621908521854,-9818.967756068852
602.2387755127598,2687.2487540538073,-534.3255040791759,595.5180531461548,2670.66207474817,-566.5184235267637,579.5221945163423,2625.964919082019,-613.9100795857568,577.857437013202,2590.3865785078438,-651.6453979412414,0.014702433586802543,0.01099416800329352,0.018379861462203138,-45.68330563607635,455.5422681615743,-1013.0572072893891,-659.2679893831773,-2263.5185951790922,-3927.3749072192704,0.9459235369477016,1.0,1.0,1.0,1.0,606.9920038532696,2696.4256773888683,-537.978215580097,-659.2679893831773,-2263.5185951790922,-2401.2104543548066,-10165.627882192914
245.298705307855,2532.6241984715457,-910.5986093837241,221.40641201470612,2485.1635309335206,-958.1055229004153,211.9302056588274,2436.1131605464266,-998.8436420821508,199.49254752213503,2374.965184095238,-1041.5577512013158,0.014868247482287,0.014806952453933753,0.01587848555729691,-538.0365237996174,180.23581297533096,-910.0640295157859,-1096.0431486633988,-3287.717431267066,-2618.409109046413,0.6694463145064828,1.0,1.0,1.0,1.0,245.63432749471235,2530.9537763312896,-916.6010363924655,-1096.0431486633988,-3287.717431267066,-2641.8865369944797,-9404.54861894797
-404.2025169835037,2485.5614691828823,-742.2127115019575,-397.48364197732616,2428.930732292515,-770.788510825805,-394.7225384326625,2355.7619876607328,-804.5526654601797,-396.48611488381334,2294.452586625261,-840.9775214999718,0.013758026018973276,0.017127049140501747,0.015141123574151285,-303.4532608394422,-365.14042975518356,-802.3590886249665,130.96661628529745,-3819.005509895772,-2294.0031441619244,0.6989738012663742,1.0,1.0,1.0,1.0,-401.023389971989,2480.0186751171636,-736.2299321033672,130.96661628529745,-3819.005509895772,-1994.5749415035891,-9713.238072438835
-127.375211312385,2597.590184597596,-718.3639015910248,-124.8164027254124,2546.8266028018234,-761.4332392236076,-123.63636764473384,2491.1365960037574,-805.6383847962938,-132.69579219336467,2442.7455167427233,-849.4919822100627,0.015681578917219233,0.012098309323027863,0.015132692879973118,-138.03462160472714,-184.39939487508013,-801.2507932265379,-12.412961810652362,-3263.5265346862093,-3077.694914085258,0.8070874188797804,1.0,1.0,1.0,1.0,-127.48360406567383,2589.598159608196,-713.8665881799894,-12.412961810652362,-3263.5265346862093,-2783.6409668600504,-9865.279083968066
-274.70971951483523,2574.7311963873267,-584.9851306667191,-256.41103528499235,2524.874080848917,-608.8118398061114,-251.52816235511102,2503.1269004830274,-649.1948117300817,-247.86030532053525,2438.128243759087,-667.4597215256948,0.016303907972789848,0.013873794942595748,0.018725385240589202,373.38194055333804,86.90633712550304,-883.9033693792364,724.1714590631983,-2794.94385730114,-2948.48943455335,0.8410969118440259,1.0,1.0,1.0,1.0,-271.1306580129092,2574.4063701235123,-583.7657317593345,724.1714590631983,-2794.94385730114,-1672.5779477595356,-9822.457976058251
376.6759651521333,2499.0780331279575,-698.214325981652,382.48150131004394,2454.264938408743,-706.3690147591118,386.0384513419518,2411.929022296178,-702.3028873412889,389.2910257207907,2365.682051039682,-707.1543448957874,0.016727671246592843,0.01470485403870522,0.017969599239153616,688.2055230325382,119.56818999423558,-947.8669252922535,374.6979309155708,-2851.2530438518183,-2196.816208289942,0.7855978754755489,1.0,1.0,1.0,1.0,375.33275071803905,2500.3644816105116,-698.0454127299158,374.6979309155708,-2851.2530438518183,-48.77146142539817,-9654.993027426526
197.14224951278916,2471.4480671474776,-658.2585279648658,198.50524435662675,2428.256030213371,-716.339548320371,189.10941596524427,2386.3926102923283,-758.436155975574,190.6233242848853,2335.358320654146,-819.288682086708,0.012395598625398642,0.013975610499967633,0.01812635684069002,27.770588405438456,-353.56235913693445,-804.5217644271336,-181.67248364754346,-3024.9933633738083,-3727.453156005487,0.8905024340339445,1.0,1.0,1.0,1.0,197.63436061589118,2474.8064356175764,-661.3663739702538,-181.67248364754346,-3024.9933633738083,-3310.742220468127,-10245.192108773515
8.52102634567736,2468.0613893532936,-1014.4724740942005,20.88228612173604,2403.547669178604,-1042.22067928906,30.276143061764966,2321.9455035439078,-1082.3810937614749,29.376022837934393,2262.1248270207484,-1106.4990784054394,0.015226599863446797,0.01757670969413653,0.014902612366047459,236.44419889345133,245.6984295063735,-1017.629992042179,447.0741504815617,-4495.045506726148,-1862.1400504620808,0.44729407807636956,1.0,1.0,1.0,1.0,15.142494405077969,2470.7459553358162,-1018.326026480336,447.0741504815617,-4495.045506726148,-1865.9782891970426,-9994.411123702494
727.2687030505797,2438.6365363008545,-616.9802215135107,710.4136681668073,2405.3450724009317,-668.777634398595,700.1139948145591,2368.3530684453945,-730.8815440492905,684.8682029859528,2336.6492700929944,-774.4067535487337,0.0122434638913556,0.019528987372829702,0.012931979029341886,-300.61644899798006,191.69668165463275,-920.4681397128637,-1032.6378396492305,-2243.295904760603,-4053.7355747672937,0.9552955697064734,1.0,1.0,1.0,1.0,732.0213906512508,2434.992586415236,-622.2397969627638,-1032.6378396492305,-2243.295904760603,-3236.411118459955,-9989.78421355419
678.7815341724693,2474.725763220311,-788.245807111116,671.3373444472578,2419.9873994170675,-806.8920445200737,663.6521415143228,2369.9628374938497,-822.5141893899298,668.6006137295601,2315.4520859830936,-850.1190941577028,0.016231549523929033,0.01570569711792453,0.01188280940092104,500.1285515916743,184.09404328490928,-1018.0193793842868,-252.00460982013817,-3225.851095232972,-2348.1772228119853,0.6661799439572259,1.0,1.0,1.0,1.0,679.0518245639751,2474.448320900321,-789.1282248878592,-252.00460982013817,-3225.851095232972,-969.9171676315116,-9990.80349285082
719.7895444841889,2486.619975852199,-745.3091986953544,705.5956734914031,2445.8088133498018,-744.0761800460944,697.46145112253,2388.718414644795,-762.2911696439733,687.902554609614,2351.481792893987,-784.6234266834124,0.017797434132568297,0.01108998393869914,0.020610333654628322,83.11723698009703,237.68781628451774,-1014.9602297789075,-818.6778558080804,-2896.258133873658,-2379.1732720509926,0.7255022482741048,1.0,1.0,1.0,1.0,717.5925752313585,2482.2878700365986,-743.4610513159269,-818.6778558080804,-2896.258133873658,-637.6249013986095,-9676.664004352846
-13.63021459240397,2466.162902488265,-669.8764091774643,-24.296547607361504,2419.5722648050737,-695.5040574399645,-27.64826927227987,2365.610206969149,-707.808284924377,-46.115733667598555,2303.300796327768,-722.1908482792395,0.013861481818803987,0.015622318139853245,0.015697366739074386,-403.18669731519185,-300.0554811903494,-800.4312926440517,-522.04031559374,-3771.3519769298105,-1737.3201205427868,0.6898188333022689,1.0,1.0,1.0,1.0,-19.487065353791877,2471.888221853061,-680.9415814123904,-522.04031559374,-3771.3519769298105,-822.9080198074676,-9798.60110126791
-79.10040075913349,2453.721195845192,-526.0602742410783,-93.00316481507554,2389.376561608541,-526.3392814215005,-91.94448066238606,2327.4608660214353,-525.6886788765876,-106.71953397620919,2253.9440011710917,-519.0795836894049,0.013637514924690829,0.014445558676663472,0.014885439698608335,-312.50426902117243,228.32692209266543,-800.308014771773,-459.31156401216646,-4454.060770178987,2381.9725536422397,0.4570314867000377,1.0,1.0,1.0,1.0,-82.84848701508918,2455.357307182153,-525.864481354735,-459.31156401216646,-4454.060770178987,309.24345556685967,-10163.850640423138
103.70988693702922,2451.7465165463245,-869.8969841894681,94.64930755434025,2386.6739997790887,-906.0499495351974,90.10141033122628,2329.9710300696856,-935.5467202748349,79.57794112406006,2282.3305510988025,-953.4191251289053,0.015863597539759293,0.017122296449843245,0.01211346196402601,-328.19222452602935,90.65708990194662,-965.0317993172974,-675.4396317531804,-3630.5978511479693,-2199.385043477078,0.6049006440463719,1.0,1.0,1.0,1.0,110.84353611353833,2450.545693148131,-871.1158651329027,-675.4396317531804,-3630.5978511479693,-1740.1992896128252,-9632.062995339458
483.67083397467866,2443.0965794242875,-1013.191603534706,472.3238369476903,2362.5065612668463,-1037.891099710849,479.157899823512,2288.790863488936,-1066.1354053829189,472.1990462709813,2218.750845333981,-1096.13703073896,0.015309122230388628,0.01545991671455166,0.012365006992826718,474.55129766957515,21.05736240392254,-995.7774019053908,-2.6115274674226043,-4882.608888210583,-1677.326769928981,0.45186595406223334,1.0,1.0,1.0,1.0,475.8440037659493,2437.9487620681643,-1005.9054234005174,-2.6115274674226043,-4882.608888210583,-1734.3773023775093,-9607.907841543247
-392.11716373769366,2512.1413475389063,-677.4412747233775,-384.373406794716,2461.48325902435,-735.4514553144503,-379.40991640915,2419.07732496685,-772.3469212097781,-368.06525541555936,2376.7497187745857,-820.279458338986,0.01641894516434206,0.01132503473183484,0.013076359842838343,218.26965417497038,-156.80055860518365,-811.9584255260552,682.9526893811155,-2942.849677929901,-3308.316817304511,0.8641796602609855,1.0,1.0,1.0,1.0,-399.80252971493826,2506.4783999213837,-679.4975916442379,682.9526893811155,-2942.849677929901,-2893.6685709818494,-9709.269499921907
321.4027111117877,2566.062840001212,-677.9456097796734,327.9150174367144,2518.3730184751457,-728.4400982434246,333.082175226062,2453.10454200285,-766.7915995394663,348.5784108698971,2411.431827253896,-798.2105963473937,0.016243031638293035,0.015591438274435213,0.012896518076206329,674.1701345973073,-100.88256137137112,-807.2073786897028,425.1970755859602,-3248.5001486091496,-2755.3712547413434,0.775269012011066,1.0,1.0,1.0,1.0,325.50853261681664,2562.887560488122,-681.6644910529774,425.1970755859602,-3248.5001486091496,-2262.9997694978565,-9840.919837965746
-89.03278397342987,2540.8588867187564,-603.6052556778279,-91.07024417656149,2498.831046825545,-645.1101285167256,-84.70126402924434,2452.2531859173096,-698.6191161685296,-88.58382171537193,2415.8757940779387,-771.4029276047071,0.012851332559678746,0.017661627663976925,0.01564568042938778,-23.09200241043392,-407.8769958156698,-802.5923208241944,64.24695286509557,-2854.292971836359,-3781.4656924342703,0.9888413593469565,1.0,1.0,1.0,1.0,-89.5875986258078,2546.316230034967,-598.2076388384571,64.24695286509557,-2854.292971836359,-3237.6789112927295,-9338.778192867238
450.8723606110818,2602.883039588946,-618.226024616117,446.5619943375757,2544.8226608734767,-629.372499912163,456.3009823643058,2495.382285975221,-640.3791268123239,449.46268175774685,2463.625440791035,-646.0064669388203,0.016815105426782898,0.018679022258931387,0.014211733859017799,430.381007156638,-65.52960030490391,-806.0110125849236,-25.744090497047914,-3319.50344073027,-1989.8240353118535,0.7552941384552685,1.0,1.0,1.0,1.0,451.10500000676393,2606.6706694829622,-619.9617556882174,-25.744090497047914,-3319.50344073027,-390.8479075230746,-10231.440007887537
682.2889144392749,2460.6186108097713,-811.1368700366949,664.9408872685276,2395.8739177869984,-827.635427488127,637.4676794439881,2341.666321962938,-853.0524713966315,636.515258090475,2276.998800494349,-881.2762435381499,0.014501139010405104,0.013106640559909209,0.017431299269747572,-100.81582724145692,16.147612655355776,-878.7620141774777,-1206.8320358712149,-3744.337113183993,-1845.9612978015446,0.6049609211599386,1.0,1.0,1.0,1.0,683.6249960748323,2449.9667362249447,-805.0820994272867,-1206.8320358712149,-3744.337113183993,-1403.0855752521747,-9767.831654054906
134.43429019042014,2603.5466796338874,-590.9289591848012,129.84769517300006,2565.802679222205,-607.8164344203052,127.13156335568235,2528.375747692649,-632.0984523658539,123.39537989810233,2482.92775651343,-657.10005106784,0.016780086125112854,0.013853445955930837,0.01643223199555628,-308.32484416527694,152.4160337282467,-975.3427476950158,-501.6183964504515,-2726.354482699568,-2983.720051083547,0.8529342359234007,1.0,1.0,1.0,1.0,143.13171264013,2606.1350681578606,-589.1775179241204,-501.6183964504515,-2726.354482699568,-1129.9784506854196,-9874.375244888686
-139.43831007361445,2481.4982528415153,-827.9441871219741,-129.37411724156976,2417.31298592765,-837.9922918353464,-115.17848728309345,2350.0429775975635,-865.6793183123358,-100.42050204004258,2288.0971523433136,-883.2756116864016,0.01611014756146196,0.016193479521493706,0.016922501801862153,332.9645538001848,69.8221304907022,-892.9280467740482,785.2887222713778,-4021.1514667141714,-1461.5324370447222,0.5507738711151826,1.0,1.0,1.0,1.0,-138.2086795626418,2482.513010519201,-829.8427980276853,785.2887222713778,-4021.1514667141714,-949.6825691007738,-9786.22176954668
-412.58849122579454,2481.0194567718545,-750.3712098390957,-405.61107479680794,2435.2384433621637,-751.4034726223031,-394.305482718365,2366.446489303986,-767.0026709099968,-388.9545828398101,2300.2653812836566,-788.548709475337,0.014601476909501874,0.018442582214983294,0.014644577125392685,2.561216140837717,-251.18486798264374,-800.1127529536759,644.3403305071022,-4217.58496029292,-1239.538967993044,0.6023113637501226,1.0,1.0,1.0,1.0,-416.25999868877784,2490.245356207752,-746.3110316669336,644.3403305071022,-4217.58496029292,-700.1853880958026,-9723.790265970698
248.33829779601479,2525.842459173504,-891.0727137367035,235.2447658882367,2496.7203958047635,-947.3166501573907,219.56421632820621,2443.7162171642904,-1020.7007203784837,202.96944955424482,2404.1886013669523,-1061.3364459733134,0.01425838115518555,0.01483302391264105,0.013344830976665875,-627.8306501263204,222.55544486996754,-1018.6356631710258,-1018.030190330716,-2669.0897171706474,-3839.511800460244,0.8225637639555082,1.0,1.0,1.0,1.0,252.7654645097483,2531.318050222586,-896.0362954005382,-1018.030190330716,-2669.0897171706474,-3504.7321262273713,-10029.426682482055
58.26345250843104,2556.861315864238,-831.548348635948,53.18366496307203,2498.544753423521,-857.5341611493742,39.835797822498726,2439.858285760635,-912.7402579071854,21.12240054644356,2385.0416140764482,-952.8021405774073,0.013548989084229622,0.02049322891677319,0.01558888502478567,-502.9855742985175,-156.32579055467042,-811.4391579153586,-784.4380673619725,-3737.6369019886506,-2434.664868441424,0.6753688969742121,1.0,1.0,1.0,1.0,65.73202453891383,2553.4609633871046,-820.7632001786817,-784.4380673619725,-3737.6369019886506,-2471.5821239435477,-9708.415311445313
549.1492898691246,2575.7535526415318,-795.3423157991717,534.0527600267758,2525.61604049339,-812.0069906353875,527.6203469462044,2472.368556571438,-838.4196365849656,516.6808334743106,2419.820055099566,-877.4344243545409,0.011256917364389957,0.01645475332288948,0.01644972529280834,3.073358593094753,102.08173398618646,-1011.0239992974963,-738.7473513043051,-3347.3358505665387,-2674.127939486224,0.6908386040199128,1.0,1.0,1.0,1.0,546.0526618017575,2562.373584152602,-787.3553603356945,-738.7473513043051,-3347.3358505665387,-1637.8833637519415,-9989.901178926557
-385.0778461747197,2581.936368280509,-845.3958354456743,-371.482255916686,2513.4152872577797,-851.6019408605739,-357.54496027280766,2457.2122592581472,-860.4676192560275,-352.3759452312366,2413.5487807038885,-862.364947236012,0.017129562394250977,0.015724726171904242,0.01251281412328685,148.43341048474088,156.36635190960328,-1018.5482349017568,793.4188656514877,-3605.82422830399,-1823.1126193861,0.6246328973105584,1.0,1.0,1.0,1.0,-383.1572295017557,2572.268584873279,-856.1808842083273,793.4188656514877,-3605.82422830399,104.92408939741753,-10202.416059706275
140.941383511819,2542.450624511914,-632.7128112907116,130.88759237368546,2494.565920807125,-692.0447235381728,127.13900591281777,2449.5336820789776,-738.1872403264326,113.01385095838816,2398.934645080604,-796.3659915013606,0.017495846008329916,0.014347460603188169,0.017993395719037707,-412.75901589367385,-333.33332707197343,-811.6361354901487,-592.1437453194576,-3065.162304489955,-3550.5775254775076,0.8901632976694449,1.0,1.0,1.0,1.0,143.85610470661686,2547.919239148589,-635.1474772217678,-592.1437453194576,-3065.162304489955,-3017.3257399852437,-9923.355399956543
709.9202827173767,2648.3152133323715,-817.1904042947085,704.1194191826269,2599.408667979985,-867.8823212615098,686.4146309777391,2558.6857484930147,-915.772045184857,668.2276980820614,2510.1820506896506,-973.0213931929194,0.020075382125639845,0.015045479775722789,0.01737464308176038,-68.20847230961913,115.72273171637362,-989.1040897818693,-894.7426354444046,-2897.1664296350323,-3470.791492150232,0.8225044950168776,1.0,1.0,1.0,1.0,714.6913337042356,2650.7433576470294,-817.143656917423,-894.7426354444046,-2897.1664296350323,-2965.3114612347676,-9461.128103516521
290.4531556097247,2505.1229494561753,-486.05315659053997,284.713464507506,2470.65599962693,-502.03392361730687,284.61104493998585,2431.575238768027,-523.520885144082,276.736758696115,2406.1526819868404,-556.8822643008414,0.01660800130383472,0.015117077130162101,0.016854943811903306,-55.44820676299664,405.15154166098097,-1012.9791635608099,-335.6942558692094,-2046.289300760925,-3422.098788389638,0.9764199777541,1.0,1.0,1.0,1.0,288.6384055029429,2502.5980749409327,-480.57153429943,-335.6942558692094,-2046.289300760925,-1269.182522366246,-9485.236688938556
-65.05006492484267,2594.580483515374,-556.6436054777492,-67.52752574492584,2561.059231579027,-586.7122565059502,-58.8617623154543,2524.5525592007125,-605.6101744120613,-62.71038431381357,2485.073110897916,-641.5708592125062,0.016423008955867277,0.011482168719110234,0.016455854635949764,70.07698130832941,162.66552807561607,-1015.3967816704289,141.33650337231703,-2548.407557197974,-3425.6140706761134,0.9106389676890735,1.0,1.0,1.0,1.0,-64.8993794122332,2596.394745199678,-557.3619161922635,141.33650337231703,-2548.407557197974,-1664.2883719043323,-9787.000074622305
-388.1985185256507,2434.116611598117,-1074.2950528911438,-386.4571287835573,2366.3893848937028,-1129.6021920736364,-381.4881788617016,2290.1975695313026,-1129.8644689473317,-381.21333908490817,2250.7016407903043,-1082.7669291724587,0.015543495113672546,0.01415172198425221,0.013110413224111998,-287.66323271103147,-79.49215605046264,-801.8869387262114,174.64469017730394,-4330.796477245024,-2081.2617204870407,0.5371943696779636,1.0,1.0,1.0,1.0,-388.9571530138703,2432.3698007516505,-1074.8787920015807,174.64469017730394,-4330.796477245024,-3105.899665600732,-9733.759813737248
411.6739746237553,2553.861979621957,-782.5905725003784,412.2346312752357,2497.77603271406,-820.9903391387764,405.3122935716555,2455.599560396037,-873.892440825585,400.5457549524344,2407.638472551969,-919.4312185561739,0.013700840870436567,0.016724834601958758,0.015991440993789546,192.24455386926218,29.458606470531166,-940.924546580553,-267.47922751560435,-2996.732632741682,-3323.626548690076,0.7935828835338158,1.0,1.0,1.0,1.0,416.92710498237045,2546.7140179735457,-777.5124610973268,-267.47922751560435,-2996.732632741682,-2793.9968070601835,-9915.402521242333
-138.33096914374858,2597.014935402867,-454.91913005708767,-143.05264960247553,2553.7255394575454,-470.25602220034233,-150.66977987661235,2527.710474714939,-481.55290851979356,-154.530077545793,2480.981553186571,-498.4630463861355,0.013177114369680687,0.01641358250680245,0.008639724752193108,-627.2126355156687,-83.68269505483056,-801.1488841685479,-510.5292086620105,-2766.916253883148,-2682.6507092616175,0.9317695783713245,1.0,1.0,1.0,1.0,-131.9993031135192,2600.2260712118223,-456.54684540767073,-510.5292086620105,-2766.916253883148,-649.8675363125603,-9829.451137532427
81.09209840409201,2442.3475664957964,-1083.83233777626,96.88040224062382,2378.182849875348,-1117.8829039606117,97.21418941890218,2315.359176498122,-1146.3230301276183,113.60988760947822,2238.132423071684,-1107.9865942391057,0.013077835581782486,0.014243303303056431,0.01274916902896342,434.1731775379972,67.54714545391732,-907.9453682076413,740.2505122651185,-5007.90462688512,-1626.9713596970082,0.43492969208619797,1.0,1.0,1.0,1.0,82.55418421206627,2446.301843224345,-1082.365765932164,740.2505122651185,-5007.90462688512,-2453.630609275327,-9668.540235433924
67.77959142346552,2448.012012918599,-792.8665861136549,65.6876347084993,2402.041240130028,-810.5271961475852,61.44273177123238,2345.8409279533835,-827.9096929586499,49.26971281839248,2287.7880068831055,-851.1704951128213,0.010953472809877797,0.014087052637709803,0.01866178143239405,-57.469987778391996,35.09790026473408,-958.2101646769154,-177.07782182670402,-3524.41305623872,-2120.552823897776,0.6412976931200188,1.0,1.0,1.0,1.0,63.82832017290025,2449.32084378825,-791.9821403501345,-177.07782182670402,-3524.41305623872,-1095.6831296923858,-9915.196029388972
387.32438321856,2632.8736494848245,-517.9868064719383,370.52496076583606,2602.744852473656,-572.598549565367,368.7575960888255,2556.4541639193585,-617.0951593103852,361.19573180102645,2523.6276352644627,-673.6121809718289,0.019110843818369715,0.013573968554081085,0.015916887451400734,-18.05091948869713,-20.391608005511813,-899.5797356862447,-363.58611777827593,-2452.751941261683,-4116.100371415542,1.0313983001761475,1.0,1.0,1.0,1.0,374.6220877118419,2628.5804885571188,-525.0933490659021,-363.58611777827593,-2452.751941261683,-3129.102794427621,-9548.058926721176
-422.7465625033186,2577.6863774881626,-774.9842235660133,-398.2316175967726,2536.590496975253,-818.5593784970883,-390.8355310439132,2483.4522382477335,-864.2816428505633,-392.55123423298346,2434.1999350564884,-916.625600313918,0.015396969661846019,0.01772858697754658,0.0175368287399396,92.6635005815751,152.24750749791264,-1016.0090818580645,601.156530481691,-2889.360239092336,-3485.351833416498,0.7893376146206684,1.0,1.0,1.0,1.0,-412.30798502304566,2579.310108335476,-773.1969171085195,601.156530481691,-2889.360239092336,-2688.3431553803684,-10132.64367929677
586.178782332237,2650.079871464664,-833.9353211447535,580.9186194418525,2620.4939384157,-880.3814852539409,557.8916729759844,2575.5030036120115,-935.4734717858287,549.468694128853,2521.5883096921466,-1001.9257780880121,0.012237027310993118,0.01644358600537818,0.016082376496184787,-270.52630600453176,252.12354014200488,-1017.6172854182207,-963.7428370361042,-2677.5308272482253,-3843.930755064926,0.8502370101874446,1.0,1.0,1.0,1.0,592.0235331427805,2648.513630529159,-829.47913257686,-963.7428370361042,-2677.5308272482253,-3323.9642637498573,-9905.914813163332
-35.12449594000947,2686.5270467294504,-464.5156406699232,-49.187021721616325,2651.362366018599,-473.23123407034484,-44.52332730466798,2618.7982064899697,-487.62531515086897,-41.088642950405145,2576.97146537701,-510.8931396921091,0.016865610260329438,0.013486542041649455,0.013612761443839314,29.324756784739954,413.8890424995152,-1018.4304045091997,70.90603960375387,-2190.0634812602184,-3375.646813380122,0.9910350862541817,1.0,1.0,1.0,1.0,-44.06299420514529,2680.604745603845,-462.5318618378335,70.90603960375387,-2190.0634812602184,-678.1869222947154,-9835.920005643677
-13.202210918287788,2442.50307842738,-643.2101177913572,-0.3848049207828428,2392.9859169652123,-683.4916564267995,-5.545367370283551,2345.2842851640075,-730.2529461824721,9.043944414080084,2306.549772351905,-777.1359126264109,0.01456155011363061,0.016577431083176723,0.016281323837230827,272.1162605826999,-142.08683270299994,-813.9153814194552,321.4715937167956,-2886.741685546844,-3087.528839520409,0.8475796949659625,1.0,1.0,1.0,1.0,-15.600815793832794,2441.546975861423,-643.4967481081494,321.4715937167956,-2886.741685546844,-2502.929722703228,-9589.76816807133
186.92849878433367,2673.1475797283565,-651.9364315043667,179.99901782724538,2634.7710681237336,-652.010610739392,170.75416211613089,2598.557680754195,-682.7450975586466,162.1005507281218,2543.2432270904656,-695.6398985949796,0.01628310254494724,0.014523061003994378,0.014876893973769165,-142.4568115056063,438.76510419800854,-1010.9122642921399,-380.4408437310807,-2636.8007008433888,-2859.697112845321,0.7993169424772899,1.0,1.0,1.0,1.0,179.01570144715697,2666.861696410663,-646.4656560033916,-380.4408437310807,-2636.8007008433888,-835.7242596230492,-10262.25834859589
207.8172092458551,2543.296149119333,-608.8944995790614,200.3242802835455,2495.48312062954,-627.7359655295502,196.41744521153015,2443.174329827794,-667.8453499135915,196.17925832298317,2389.368450628708,-696.7537273357772,0.012570078352472126,0.017821688569540237,0.015074236414469047,-45.06591794101587,-338.9072216279204,-809.8788264791774,-292.0863285450901,-3352.993676462857,-2632.2454790570164,0.8145339966635192,1.0,1.0,1.0,1.0,206.12832460776121,2544.6673401301314,-605.2311814449969,-292.0863285450901,-3352.993676462857,-1735.1616076682067,-9573.701592439971
-98.28143891475148,2476.3637324674983,-776.3663545166654,-101.28434002163768,2408.6505532937276,-811.0738338335209,-100.23683708226065,2349.9194095348125,-852.122225168972,-108.8689371877732,2292.0572430597917,-888.7416333242368,0.016138861565133434,0.016487045082648016,0.01941886887528755,-170.6144922583112,-43.736013861740524,-830.7063787468365,-99.86157872797546,-3568.56253244742,-2301.296035080646,0.6529552244769316,1.0,1.0,1.0,1.0,-100.2120792550893,2472.100571513687,-773.7288729810928,-99.86157872797546,-3568.56253244742,-2035.8855715335105,-10107.078117551646
591.3462069575619,2507.8552913948647,-652.6223752499967,564.7700376731566,2458.113702699404,-671.9975291073537,553.5752815562244,2410.93727664991,-693.7935294348333,532.8760458485824,2367.932316767115,-714.3386182043245,0.018056887069630132,0.014069463199779354,0.01584259218636776,-494.5751499364526,105.19757089619918,-809.2417686103779,-1339.9022466288143,-2955.175998411584,-2170.5595770685923,0.7620310575442234,1.0,1.0,1.0,1.0,590.745669832886,2498.8901296095864,-645.2428179613279,-1339.9022466288143,-2955.175998411584,-1288.6581029090275,-9301.94830743435
-427.61315153342116,2652.1181430797646,-565.3717739130759,-402.42769995921543,2606.5438496008583,-571.136986419555,-391.22746992446577,2572.3156586309474,-597.136686637689,-377.04776044551176,2533.689541611344,-624.4176952638965,0.01230589985112897,0.014030195594509815,0.015980719570216455,565.9647738571389,153.3900786139746,-841.0355737147736,1064.9333920943704,-2702.3579675683,-3088.845430909087,0.8826831849841454,1.0,1.0,1.0,1.0,-419.0986138301548,2653.0711986146557,-539.4578930870977,1064.9333920943704,-2702.3579675683,-1900.0098186488135,-9833.881964040213
547.8255490485343,2579.146141545032,-890.2534381342894,526.9867647039154,2530.7841736711766,-919.1564992621245,511.0244030985844,2469.340256113273,-946.1525030252493,483.8478786979013,2413.989073777293,-973.5019848957382,0.015400624732979068,0.013741399964413457,0.01749530264853952,-249.3881353940319,324.0841834046109,-1017.7388613173431,-1250.7084762305697,-3559.153477000443,-2325.928372629059,0.5883626726540684,1.0,1.0,1.0,1.0,544.8117470123796,2584.146641299893,-889.5165918020107,-1250.7084762305697,-3559.153477000443,-1691.7079634001145,-9936.741621906842
-231.50076425468654,2544.7365584723743,-798.6043632939632,-222.10355486958056,2482.070203160206,-807.62375124366,-220.05265474069344,2425.2582261424,-826.9936591345343,-211.20203886401632,2364.6704147539494,-844.7578088754015,0.015353608233467339,0.014851435583693513,0.016068856102680273,23.489537115213125,-6.157954347236206,-893.320163141521,391.98695063898776,-3925.9135658510636,-1606.8380755540538,0.6037261000801594,1.0,1.0,1.0,1.0,-231.3019808001293,2545.68586345596,-796.1310674434595,391.98695063898776,-3925.9135658510636,-844.2933099616604,-9618.748719569106
-269.8350900623887,2431.4319620670276,-902.611208104799,-243.32231593540322,2379.6639162803035,-950.5668405621033,-223.8087435092843,2323.398034919827,-993.763096990901,-206.7033276955529,2271.53951993355,-1055.2662953893985,0.0157439517614833,0.018700464300016633,0.012367233310186763,564.9123725555678,95.78506637510327,-805.5071846005837,1189.4646289646062,-3340.6594012409796,-2566.1792316822366,0.6531883506283138,1.0,1.0,1.0,1.0,-267.7128677196565,2434.246647243788,-900.1872905392798,1189.4646289646062,-3340.6594012409796,-2911.9236644274247,-9999.969072361542
380.1863673403013,2505.567057116367,-609.2251284333723,370.33151095586106,2460.0400184745454,-658.7042296982428,354.5117737801762,2421.250560851424,-701.9518141421881,338.49345794068057,2374.9506303937496,-743.4784317796378,0.014111157285114721,0.018142195485965684,0.01520050815806527,-301.13980535018743,-58.94017465000161,-800.1639868082439,-742.7565373569518,-2787.9930248294963,-3175.8809051668645,0.872546139070855,1.0,1.0,1.0,1.0,382.1962090182087,2506.0134081931305,-612.440248629586,-742.7565373569518,-2787.9930248294963,-2546.1152795374755,-9599.38692655412
-23.20573760832594,2579.130305947291,-696.0670660544531,-29.108402346382643,2534.8393124213076,-714.8684985948427,-43.22980622425332,2470.388093173215,-730.3220373073192,-48.66643992530307,2409.176187196664,-756.3247399932445,0.01626486396388605,0.016566110755132344,0.016560819881677416,-465.61747075006747,52.15633863875893,-832.6009404218441,-587.7885129043636,-3397.4547280397996,-1863.9558608798093,0.6956082053993048,1.0,1.0,1.0,1.0,-27.71502863631582,2583.260111028406,-694.5061900633182,-587.7885129043636,-3397.4547280397996,-909.1580441017501,-9588.790220462764
-217.16827265281566,2620.789317300214,-451.0345389759503,-212.21273957265254,2596.3585176211654,-449.924874858031,-211.53081656607623,2549.5523660670196,-454.0365396055899,-203.0788296697619,2512.326752557289,-460.5704767431279,0.012594080737117052,0.01789181685731698,0.013647165595777014,63.15493486682159,-31.850207394323952,-860.689912076814,263.4010363849445,-2494.164531084456,-2776.066456068218,1.0208669368097882,1.0,1.0,1.0,1.0,-217.3671688831439,2624.435018210619,-448.82490763912335,263.4010363849445,-2494.164531084456,-64.73905412037936,-9350.860510042607
-327.15901631746914,2663.1123643108317,-697.9591787330888,-310.6679044392448,2616.6647654801104,-731.2990181766867,-300.75412622708416,2571.197341309941,-759.8139760555549,-280.9303260832269,2535.872454658713,-799.7466393389542,0.01683658043230085,0.012397082563833331,0.01571992796798557,477.7100045180094,249.3743508323593,-993.3294620650018,939.6669049910361,-2835.409042403796,-3188.960278191502,0.8050464090358809,1.0,1.0,1.0,1.0,-321.0068647243703,2659.4720368755907,-695.9918206720556,939.6669049910361,-2835.409042403796,-2070.684680651412,-9891.25565406808
621.1601419123301,2511.7894388957197,-501.0061275182242,623.3804041097654,2472.715538231556,-542.2256059368013,618.1437329641865,2434.5943983193733,-553.965650318304,596.3656501780666,2394.755383747226,-604.3702057705148,0.017957953926121893,0.013571425067271749,0.015299862181896301,-198.06370240543183,74.73210398172662,-897.2238526655417,-872.0177436968244,-2558.098547109109,-3148.039521880883,0.9081707588247108,1.0,1.0,1.0,1.0,634.7132428250354,2517.7162164709293,-517.4687524573707,-872.0177436968244,-2558.098547109109,-1598.3948756929763,-9685.021671528313
154.37564213476347,2580.3374437710722,-627.2420558701338,145.99728780533948,2520.562367646708,-647.63600576865,134.92197365635081,2460.004733895202,-674.9157793244381,118.71625780479232,2405.5229617043915,-703.6653244139985,0.017280856777849442,0.016232140327487973,0.0155976744441019,-293.71143912964965,-417.2869249145202,-807.5823511019684,-541.5701286484943,-3650.333878332014,-2398.9369451562534,0.7708893284505614,1.0,1.0,1.0,1.0,150.37606636211513,2575.9868553177253,-623.5412282909604,-541.5701286484943,-3650.333878332014,-1474.8827500885168,-9725.960851877722
432.24983406941345,2475.688004029051,-831.0849731242901,435.8123778355472,2424.8540795251856,-869.1230527039226,422.4849151393363,2390.526425806585,-882.9922941901102,410.96583933700174,2341.43024106479,-911.4324561564123,0.01634109193729267,0.01205812380649254,0.01594466600703144,36.82409320879508,197.7221044688398,-1009.9033711912409,-559.809239930918,-3212.0600648185077,-2549.3399248299634,0.6656561182491839,1.0,1.0,1.0,1.0,434.28865355974597,2478.2847504899864,-826.2058610071188,-559.809239930918,-3212.0600648185077,-1708.0831593790913,-9750.036488206857
526.522660925178,2493.0132826435834,-759.4728382071428,517.5992163519312,2432.7405049534664,-775.3241068236708,525.8855847241234,2376.48834066208,-797.4212692924665,507.7599834747869,2331.3346472373164,-822.850696598675,0.015376724526803554,0.013016232086272853,0.016405896121445666,191.04557738756603,-38.254340263555164,-879.7823965137018,-490.4591080364293,-3583.104538027697,-1881.4418570833673,0.6602011472654784,1.0,1.0,1.0,1.0,536.819248553249,2487.834359045968,-753.5610965086141,-490.4591080364293,-3583.104538027697,-1065.7027854782316,-9525.570482612922
560.1415132146052,2587.823689749346,-818.8958580715653,558.6929076192686,2544.2705852494023,-807.1300472899131,570.090950593306,2494.0588259062065,-808.8958446743719,559.2965428164779,2453.581051980599,-804.447999293824,0.019194443424680394,0.01626733721673724,0.0124313855339983,587.2192577609591,219.57581763980897,-1014.4460318495829,37.46304143026154,-3106.011619389735,-1985.367860915569,0.7171068338245846,1.0,1.0,1.0,1.0,558.5600310668101,2595.674706472966,-813.3952517632897,37.46304143026154,-3106.011619389735,260.21925378478727,-9635.700631112399
230.60713083278688,2430.311876911723,-519.8785347769424,208.8351613284571,2352.373880059992,-533.9328951790125,201.47025596466588,2265.191735970699,-546.925174901331,194.2944264705032,2189.007711975612,-557.8685978206549,0.01588693276352272,0.014502791057709907,0.015474286209428735,-68.2376006912267,318.3394516324835,-801.8809237894434,-696.860467677908,-5033.391894949614,2443.5920375229634,0.3741359899693389,1.0,1.0,1.0,1.0,224.44379573349465,2432.3640475113275,-518.4978030514512,-696.860467677908,-5033.391894949614,-554.8000746118128,-9992.762415295032
456.3117967214118,2525.0046280525034,-884.5191115748183,454.5969565393643,2473.6546159482887,-893.1742664032014,438.50966279062794,2407.530918962324,-920.7620250582781,431.3017148425683,2365.3169205129493,-938.5064298782167,0.017226669539585404,0.014711257846337093,0.01642362182601516,150.26825265800923,445.21818819907753,-1010.4430077527535,-517.0052063834808,-3489.063496014765,-1901.7834089348642,0.5466384507880627,1.0,1.0,1.0,1.0,457.88635045617866,2521.210968327858,-881.2919711246063,-517.0052063834808,-3489.063496014765,-1015.8180249292702,-10009.462333073332
324.25646158112335,2559.3352510477657,-870.9888769276548,327.109872393127,2484.593899556338,-909.0703351939588,334.0007266791425,2412.278999215949,-939.1501171652251,335.59661036973046,2349.593262348235,-972.4958836110293,0.015973416241551467,0.015942272897786706,0.014107753438095262,448.4307360138305,-1.334514807799728,-845.6669447472439,200.50131370894874,-4150.843872558596,-1850.8615149871014,0.568976557422567,1.0,1.0,1.0,1.0,325.1224280828285,2551.434466815734,-871.871910135821,200.50131370894874,-4150.843872558596,-1983.9841256919915,-9736.107818823633
-324.79050808758615,2685.3478290519683,-506.66366173057247,-332.1376290650197,2647.2996797013725,-543.7230668355651,-319.6908271101747,2611.576406499181,-575.2822393322514,-324.26790274295405,2571.159954312399,-614.7445056488301,0.016885275578836286,0.018923994463355263,0.013296220329425061,-263.4320818190482,395.6035355285947,-1016.8154591968718,61.273537432335274,-2226.205765780622,-3626.487868031228,0.9808945096283834,1.0,1.0,1.0,1.0,-326.54382537435765,2688.595474282637,-507.1402001481248,61.273537432335274,-2226.205765780622,-1900.2025159044033,-9359.6313401662
287.5514131799521,2543.6468183007787,-893.6908990596175,277.0788466700788,2487.196859153568,-945.2754097860756,265.4292058493622,2441.718539953472,-998.9575067711892,248.05196695176483,2386.0405768289893,-1049.6816813084615,0.0162603182709923,0.01438076105151333,0.015492635992952995,-360.2296456220497,-111.85773448176826,-807.7417101729612,-816.827681825396,-3343.0060936901928,-2950.498091802186,0.748866284684542,1.0,1.0,1.0,1.0,289.14836142914,2545.8321100019393,-896.8938565282795,-816.827681825396,-3343.0060936901928,-3223.852546452389,-9463.37609821912
-389.15046039896964,2430.0,-762.9875206509474,-380.0420587077394,2385.3579330192474,-776.4190065651569,-373.8595189291981,2346.28299279262,-786.7775151425271,-372.37325633177113,2289.8856481894336,-810.0286301048029,0.013876912967300965,0.01711751318463737,0.0177271896843166,-91.65917613229124,244.01279642151297,-1015.8506949270829,392.9698253379005,-2942.174264736913,-2315.3310526498353,0.6962783841637457,1.0,1.0,1.0,1.0,-384.42169600902685,2435.9326236505135,-764.4587009884558,392.9698253379005,-2942.174264736913,-638.1976868378788,-9853.270997086975
477.05723342921306,2515.6181085567296,-724.6181376461819,469.886738041837,2473.940053339148,-721.6473121614208,470.13307944652115,2433.26059508508,-730.1913988778767,467.51364066031647,2383.750696931376,-743.1505184459637,0.015077482043198276,0.017567127206475644,0.014211425387759366,389.6864239600317,322.24735409476784,-1016.6420416465281,-96.66562333519599,-2641.1512147277363,-2390.1240919324982,0.7831439653625674,1.0,1.0,1.0,1.0,469.91889132824394,2514.4028623187946,-719.9537755035913,-96.66562333519599,-2641.1512147277363,-217.72584760110283,-9548.368665032585
649.1977168033312,2543.2646035200783,-614.3427325001484,637.8705588342658,2517.78531231403,-642.04541541771,629.2177035276833,2476.7534420623065,-674.9351061365624,615.5066274850984,2437.294553355505,-697.748128952665,0.015422337528234723,0.013699960558861591,0.013191971778770392,-44.56581990261469,452.9477618563823,-1014.1220812504497,-767.9840503862054,-2322.3086589232335,-3265.023400123977,0.857685730134134,1.0,1.0,1.0,1.0,646.6198254449703,2543.0255548872997,-618.5773755823326,-767.9840503862054,-2322.3086589232335,-1687.969909989137,-9874.311962665428
-340.6079217012562,2442.797554511511,-943.3080482563511,-331.1191105408857,2395.6128149852734,-937.2247978930442,-316.9776179214875,2338.6566839200495,-935.2296275190199,-305.34540779354984,2275.3751879528827,-925.3922390429949,0.014161763969794496,0.014272894370860139,0.01778943366635115,151.595171552076,53.264141076492876,-982.8269548618629,767.0636773870608,-3739.387048710466,-1155.3641924896078,0.5937759079929946,1.0,1.0,1.0,1.0,-339.32558197564276,2446.4718522511894,-946.329950533103,767.0636773870608,-3739.387048710466,789.7958845371897,-9747.840999664362
254.85983819849594,2466.1293827187183,-452.3029690291396,244.66410289285372,2432.791346755181,-475.40129857132047,226.03148228735228,2382.266005498952,-508.38892998710793,209.6259425723333,2346.8762299725095,-548.6853072733812,0.01404860050275897,0.017148714511596906,0.016365760330525555,-711.9339702716389,17.770697854791372,-810.8837071527623,-978.3476957746852,-2472.1080614800917,-3235.191636165436,0.9424369246551193,1.0,1.0,1.0,1.0,256.6302485453007,2465.1576787200765,-449.9246769100628,-978.3476957746852,-2472.1080614800917,-1851.4895699749413,-9750.119475911997
738.6064874101739,2655.5665110078344,-689.3619080241715,724.5570724286445,2619.9940945410017,-738.4783948276056,700.2984356521455,2583.9460645452314,-792.4243589801152,683.4809147212688,2533.8623593064144,-853.0557509191658,0.014336582563059625,0.013420124149321517,0.0191598126743115,-434.5703872712706,211.85867195714684,-914.8347960901015,-1173.9766674755679,-2467.1988040132,-4079.2752981104286,0.9430834806133082,1.0,1.0,1.0,1.0,727.6665135295391,2654.3854879302226,-684.3651155791188,-1173.9766674755679,-2467.1988040132,-3472.3451732493645,-9943.687428501784
-356.80604814058483,2581.4408917994747,-616.6232396757514,-335.6460222943672,2531.4672715667843,-667.5422724020048,-318.28701367568783,2478.429215911791,-701.7700703178886,-298.5675971993254,2430.892366912055,-740.7103543627105,0.01573860812080146,0.02000844531135829,0.01598088079695304,603.9611066503533,126.05134062643852,-801.5579055727832,1113.1380665504057,-2844.1924643217967,-2812.3377780025007,0.8132720657708878,1.0,1.0,1.0,1.0,-358.90332091574777,2586.277822264798,-619.141819357216,1113.1380665504057,-2844.1924643217967,-2091.321468564943,-9691.644031178457
756.417645283502,2556.91134449433,-713.3770068188685,733.0854154707465,2509.1220036868094,-724.1072607813522,716.3893130753479,2468.218662194281,-727.6594320006976,686.3289521995424,2429.2335897157072,-739.4508785222922,0.0157850513391129,0.012636186135242783,0.01680986021247421,-387.00806269609166,247.89857664339902,-967.7742022187771,-1421.7025187759443,-2869.8403487714304,-2264.2725436060805,0.7597689023131707,1.0,1.0,1.0,1.0,757.4624649185421,2558.120057404393,-710.2356542735095,-1421.7025187759443,-2869.8403487714304,-487.40643795169046,-9493.584402468507
-260.3842799262465,2483.493661809597,-553.6795829685966,-244.45291987209237,2441.2378300824375,-567.8507129792469,-240.28339012795308,2398.8664998218464,-565.2080268059468,-221.51748212821877,2358.1423328467667,-579.6475414754503,0.014139561723561858,0.0159254532984609,0.014487186408750838,338.10324447936995,48.52931537594978,-872.4718512682276,653.6333981791042,-2672.3937803205304,-2519.044619064302,0.865447798569227,1.0,1.0,1.0,1.0,-256.7031478636137,2480.4076554676385,-561.0219637828393,653.6333981791042,-2672.3937803205304,-265.1232388678038,-10075.27183370766
-83.14208826484936,2566.0146183636743,-915.1259215864301,-83.32409242201801,2514.3585117805774,-944.9415419725844,-74.23216955190752,2464.2237655271715,-1010.2489845752053,-64.18639433406022,2408.015762572431,-1059.5632283615341,0.010537630182198561,0.017082135335288504,0.015360948477361393,254.83683944819452,-39.59017044399586,-814.6079269654258,455.5688127588279,-3465.4365055884377,-2935.0199636635716,0.7070192860051521,1.0,1.0,1.0,1.0,-86.839770120926,2559.487208747327,-915.4915733251414,455.5688127588279,-3465.4365055884377,-3261.059359225101,-10011.157118406552
780.0,2499.06269417398,-891.6732677878261,753.3152032967203,2434.746095527572,-917.8370761701873,748.3156203088677,2366.5357481022756,-934.6968611148213,731.9355605905771,2290.119636423153,-964.5948750155965,0.01751380961971016,0.01268842162558639,0.018180267221586076,289.0422498071999,-14.53149016102779,-994.2996576432076,-851.9509168662953,-4361.65853817019,-1766.056843368201,0.5266175015331178,1.0,1.0,1.0,1.0,778.9140270053213,2493.422169286834,-897.9930162266952,-851.9509168662953,-4361.65853817019,-1110.8857620741796,-9787.039547861412
1.080230788852861,2547.6014291958622,-587.8921744743667,-2.3039731182451675,2512.5557218681774,-607.8322934118258,2.300433693524816,2473.9326112952417,-631.5135570608891,-9.969031457195056,2432.46875596411,-641.4225100266808,0.013438961820605971,0.01922154305118294,0.013658643636750366,-34.48020604400863,94.6035378609302,-981.4469189737033,-38.063148842016005,-2750.7106741457264,-2911.011954591457,0.8486808514914614,1.0,1.0,1.0,1.0,-0.41368783040439894,2556.4895912213606,-594.7535686895606,-38.063148842016005,-2750.7106741457264,-875.91021765972,-9965.768239675384
441.4518751878306,2534.5846682537276,-654.1840900948638,428.42143843854933,2489.222613470989,-647.8163517021669,414.3491005294448,2435.7027026467736,-647.0464403872433,403.49814215835625,2408.0281433940804,-649.4053723182493,0.013477433028368926,0.015110205013639003,0.013971301904053757,-361.8380083686383,-95.06755426173277,-806.2106340712082,-915.7502768607285,-2980.2457645219974,-1725.1110042993253,0.837441060053939,1.0,1.0,1.0,1.0,444.0222352688029,2527.5487185176185,-650.2716837108944,-915.7502768607285,-2980.2457645219974,301.26194332555303,-9252.844040827082
284.9839070190938,2502.8711457454237,-464.3707706091402,279.4633808863044,2457.684965210141,-477.77249162493365,265.2577975631751,2410.1037886525937,-485.3458476125102,265.8831591712087,2367.73318290539,-502.88397379076866,0.015793610575698714,0.018671431608287388,0.016214745958117595,-122.42843352136346,-151.0118642456531,-800.418446163275,-414.98585054431226,-2706.539428329529,-2520.0567649683753,0.929320211857897,1.0,1.0,1.0,1.0,284.2577000120634,2501.3967755172735,-475.7493401687609,-414.98585054431226,-2706.539428329529,-472.9103544655427,-9436.521135730098
323.4469827899148,2487.2740683962547,-531.8710584663434,308.7338581167615,2453.337261830442,-548.790699009593,300.3763468338885,2420.895140271449,-566.5270636213985,285.13181954861585,2374.968158951586,-578.0534606121824,0.014929547491301017,0.017667788507784193,0.01457491046046687,-502.84361766192916,240.62517292406994,-945.6207584079422,-877.3387843661063,-2379.2296262858677,-2993.70244059627,0.8978277535404486,1.0,1.0,1.0,1.0,326.2415335640428,2488.9971697642172,-528.5080131183521,-877.3387843661063,-2379.2296262858677,-812.8678012915501,-9951.702530224138
333.26710835257506,2566.194112594276,-878.546218533554,306.69734443269266,2505.6449864689534,-910.1826168795462,292.8965163886819,2451.426131811069,-930.970414852455,270.31409678300025,2403.3090206413244,-963.2947689860721,0.019089157552506914,0.012096893384464544,0.016127979218802373,-444.36796114534206,170.21249447218588,-969.300994628759,-1234.502234682313,-3838.377751526072,-2132.833901345764,0.5776859698442266,1.0,1.0,1.0,1.0,327.1959355311046,2569.198589175977,-876.8156305073439,-1234.502234682313,-3838.377751526072,-1648.3184682973188,-9907.369250098578
230.52701544234915,2468.744592052066,-791.5930339858174,225.6977944281995,2409.468189151632,-825.9092458151945,212.19826536932635,2357.2604844890407,-865.6147528144485,218.8372937138557,2305.027127293147,-893.1890318481569,0.01636188675665831,0.01873116318312677,0.011882190185702995,-40.26507315015722,56.17862466225838,-970.9688899371865,-365.565572826371,-3260.641762663245,-2644.726016338767,0.6930247598745125,1.0,1.0,1.0,1.0,230.2534507413567,2469.053529033058,-791.1157223448716,-365.565572826371,-3260.641762663245,-1859.7836425017715,-9830.616972309408
-329.3002297399551,2437.347750262927,-776.439821087157,-319.799727685093,2393.0260722412904,-771.3716771713332,-306.1649308896036,2352.079787692509,-780.6067472339852,-282.33275111670997,2302.8936207884444,-784.3499382203513,0.016418095021689765,0.01715862359771404,0.014117972896452807,296.53562674075295,192.27936298943814,-1015.0162547099148,812.0016119374859,-2924.28689760836,-2208.4026954962137,0.722305308484144,1.0,1.0,1.0,1.0,-328.7056144511112,2443.9802741478775,-768.4625718954078,812.0016119374859,-2924.28689760836,-107.38188569442372,-9868.271946284498
-274.3395877155525,2604.109158408695,-492.09093994980935,-268.8322870107129,2568.3914741611625,-546.6299040892831,-258.43348252660934,2527.700609040111,-583.2263717494372,-233.64272832008209,2498.0757814321214,-627.1245631794986,0.017460670035480737,0.01303078119915978,0.01406944610903402,585.6884889152972,23.490968625593116,-811.8662079847736,824.0632696265058,-2474.517656750796,-3917.8574556402723,0.9954391026563253,1.0,1.0,1.0,1.0,-271.33731149626755,2596.98933164641,-491.17064375328073,824.0632696265058,-2474.517656750796,-2997.9849011697315,-9919.358847614385
723.0044374614262,2478.4327312071405,-1035.065625615822,702.2139687166477,2421.4130194890176,-1086.1356152071744,671.4130639346662,2367.5935227154105,-1128.171761165667,650.5515602982297,2309.8860341540226,-1137.897646786695,0.016075477825433546,0.015932226812116607,0.01592883469903915,-55.00825835189825,412.7631603433575,-1018.2955268145714,-1403.8695351548563,-3770.608184282963,-2288.234143318292,0.5020634606634111,1.0,1.0,1.0,1.0,717.1199859832718,2486.597661698987,-1045.090345291006,-1403.8695351548563,-3770.608184282963,-2402.5720396588513,-10003.679618643484
-115.66567681066587,2585.8398121426303,-689.6980677928649,-115.04559385566348,2547.3810143902792,-730.1245458363813,-89.81737596907075,2492.7197614603865,-763.8740676933841,-69.84328139669022,2436.238958395962,-806.0597891538774,0.014957566433846353,0.01426574564614117,0.014960522813173206,590.3716947157781,-80.79325453558012,-810.1668534256106,858.992503883625,-3255.497382364006,-2837.7580880548194,0.7758161651068399,1.0,1.0,1.0,1.0,-114.00215846879433,2588.7145990029085,-694.1821190497551,858.992503883625,-3255.497382364006,-2398.2306855261368,-9922.859926184372
102.59483316718595,2560.535204952138,-764.2508549318569,100.99442101988141,2505.2186841230714,-806.0657468027788,105.75244030710631,2462.1450425754797,-853.7040232445578,102.34881318552517,2394.3125148307167,-891.2019896125067,0.020090350058207113,0.015925271572625667,0.015982222746583306,81.55015188085645,234.3383726262777,-1018.6055479819544,-24.836328657796543,-2869.001235850832,-3112.191843831029,0.7580021556225846,1.0,1.0,1.0,1.0,101.66757809367084,2558.2293736654487,-767.2246990500666,-24.836328657796543,-2869.001235850832,-2181.4383183798673,-9800.076755349211
516.8584390630058,2537.157445146671,-600.6272354572893,509.138921034821,2500.1403534737788,-655.6331033586785,485.6572062890437,2470.049762703154,-718.4075343308604,486.2567856094356,2426.1956875482592,-780.6971320097481,0.012144732241139959,0.02072952084881309,0.015685260439507964,-323.13564386704667,9.85034919134742,-830.2430113069922,-830.6404317302279,-2476.580823100508,-3967.94316280102,0.9714404864705393,1.0,1.0,1.0,1.0,524.1175964977858,2535.962788753867,-603.7867922492467,-830.6404317302279,-2476.580823100508,-3362.8306317405218,-9794.965590941243
411.25938031458367,2568.8304104729427,-757.3328480805447,407.94814955141715,2525.392295724477,-809.0178180440492,408.94011091764867,2479.9749934448764,-862.3636648876355,411.76604134643696,2437.7833139919753,-904.4452209569721,0.015605273467065112,0.014460685740605314,0.015103212869874112,527.8982264333393,47.1417976500054,-921.6747661045642,133.93964274332225,-2833.02813881398,-3521.389095314081,0.8448308279224561,1.0,1.0,1.0,1.0,408.69194439177943,2568.536841194446,-754.2330721818464,133.93964274332225,-2833.02813881398,-3019.797678171798,-9798.775022163596
277.0252755693118,2517.9371087714153,-797.9254154524783,273.2011154982033,2482.068120431598,-828.5116171650145,262.5729446490003,2440.027528183602,-872.2587163508646,258.109271089115,2392.7208263596,-902.258885008739,0.014131524043038713,0.01378992242533277,0.01884285794697295,111.9006240712049,441.8874565348069,-1014.2223948305618,-212.9725348976309,-2693.4845892438484,-2940.6650700599184,0.7232356955846562,1.0,1.0,1.0,1.0,275.8894759423806,2515.8705902525653,-798.8590824767253,-212.9725348976309,-2693.4845892438484,-2100.3977025629074,-9835.240823799442
-93.31085260622721,2473.701738896878,-718.3852504610662,-85.97052443980265,2424.761421768187,-709.8078728078438,-81.75840208552908,2389.7416521876976,-713.6671876831451,-74.57775129580601,2351.6580387768204,-703.2593969807878,0.016798222544718043,0.014419981461529351,0.013381205275022352,156.07694782632635,222.01281595280003,-1012.0649039092893,281.7724821412286,-2525.1650328841197,-2470.276504233148,0.845400590718731,1.0,1.0,1.0,1.0,-94.70056127936755,2469.40969521967,-721.1629572212837,281.7724821412286,-2525.1650328841197,507.98988359052424,-10046.066028286716
-129.98658678059965,2611.440774674001,-502.2518319083834,-130.08720957550386,2577.7145819423354,-554.9766078096214,-142.65749193405273,2542.952791874939,-599.973695054283,-143.23805274561593,2503.6306796177405,-646.0655811868262,0.013931732063943434,0.015844264617086393,0.011688639980102514,-462.1867148779838,-44.033510768896804,-838.0889213821508,-329.61652655848656,-2595.3106914694795,-3954.599163708839,0.9835353633388678,1.0,1.0,1.0,1.0,-124.32977515553762,2616.159947987324,-505.88831379887733,-329.61652655848656,-2595.3106914694795,-2990.271986187121,-10080.856534332328
-496.109871935152,2554.977005487424,-594.5854599255861,-475.9822650574748,2524.508956739122,-602.3076197494333,-472.68026528633624,2488.6528334727145,-627.7702981837833,-468.9807726570087,2458.8654873700007,-652.3447132884903,0.015547825336069706,0.017131291877353787,0.017158150671411194,-91.90126608805154,361.54266801433306,-1015.360815439604,429.13675608732905,-2369.230060079159,-3135.3674786560546,0.880162732115166,1.0,1.0,1.0,1.0,-490.9984492492662,2564.9266238879527,-582.6411012103392,429.13675608732905,-2369.230060079159,-1216.4942774988385,-9649.295706301442
-281.824537262981,2576.2029840599357,-861.9159788552118,-283.6504790728809,2501.143065213894,-852.4385269485733,-284.5436370714566,2451.986647673582,-858.5884284295752,-282.08196406741547,2391.6070898111307,-876.7416832369139,0.01943117401684084,0.014884719786445445,0.014334812394410645,-456.1627377942492,67.78307558542974,-1000.9027250172692,-268.25697771223804,-3856.675330077109,-1727.3926479803047,0.6013492938023035,1.0,1.0,1.0,1.0,-281.7957022812962,2574.622040135542,-851.0548318341272,-268.25697771223804,-3856.675330077109,-311.993455114724,-9632.684921793518
-85.1613397040241,2488.465526423246,-505.0994446988225,-80.78283685216634,2441.161824225054,-520.8101095468826,-75.03012687547725,2389.4342817453885,-532.7847226501183,-76.55232693872453,2341.5993377438103,-552.5453076337304,0.01748994659916878,0.01756626821306702,0.01678592932436499,116.92809415941015,-79.31111399025205,-806.1402528660036,212.42253495494572,-2773.62930175561,-2488.01553359475,0.8731578558633999,1.0,1.0,1.0,1.0,-79.56275067391448,2486.295990133678,-507.77622597916945,212.42253495494572,-2773.62930175561,-476.3313686615332,-9993.94564450364
323.5316975888464,2586.4126874850836,-861.3448812936086,318.60949040843445,2534.0178253553627,-914.4348755652597,296.86073527428147,2488.095510269563,-967.7892012218642,290.76879485975786,2457.5617251898816,-1013.7239486248152,0.0156559808718598,0.01681545981881401,0.014017898285163165,-381.534847098114,239.89977090164314,-1014.9982965173073,-889.1437053708407,-2930.6145134685185,-3430.0159565599974,0.7535106610241636,1.0,1.0,1.0,1.0,329.7801171985577,2584.3913816764557,-858.8745086317326,-889.1437053708407,-2930.6145134685185,-2931.995290281822,-10148.892310856336
-79.62571725538564,2439.9880080887033,-476.2027181131383,-77.83793935969886,2405.9075507351695,-508.0865732025422,-79.11922966998078,2372.0297939739567,-552.3066858784704,-87.90973680099444,2338.647943240531,-588.093386242076,0.018542968880034566,0.015687356711732492,0.014574781726716363,-194.86234978587188,179.64772427297814,-997.8007227338921,-110.60712356656578,-2192.2859833564153,-3788.471562618369,0.9811948926815166,1.0,1.0,1.0,1.0,-80.93701251230993,2437.702287130075,-482.58713618098125,-110.60712356656578,-2192.2859833564153,-2075.883185034428,-9746.981285020083
368.84395149190243,2586.4653919841016,-439.1852443099349,353.6632826758018,2544.5325081697097,-455.18265117678214,347.0125228390636,2504.398409763916,-492.5106956546099,338.03941507553327,2467.110430123579,-522.2139115372518,0.017492715651735734,0.01354836387943463,0.01445420480243391,-127.84979920391352,29.33723845257032,-911.896122565054,-489.51997406737587,-2542.8326003873285,-3377.544914040264,0.9595047156663963,1.0,1.0,1.0,1.0,364.1177747337997,2584.8840018418446,-437.165687989287,-489.51997406737587,-2542.8326003873285,-1389.509731599548,-9982.03038276611
347.9365446416047,2452.3558535071393,-989.751217872407,342.43947624741077,2404.971034084437,-1047.1276508622216,337.04023627238985,2353.525481861735,-1111.885982140125,332.9197100573655,2307.349092544412,-1135.9650225024973,0.017394311729659936,0.013715341791982312,0.015699911484801633,176.72205316298192,19.674199632225545,-921.241825187273,-210.27915444440458,-3042.8347802947724,-3403.1094167961714,0.7531904349935568,1.0,1.0,1.0,1.0,344.9453767185055,2453.9420238680445,-982.353805611001,-210.27915444440458,-3042.8347802947724,-3574.998804267603,-9811.546426278828
669.3820952799399,2559.119875647604,-692.974444791861,638.7514756277914,2510.7822769062095,-709.7382349217183,626.6716158986023,2462.638817134058,-722.6404714361582,614.873002121107,2417.850357338669,-748.7448913838014,0.015686145568451087,0.014036396570855175,0.01662991432265249,-235.8468960382148,89.21088292466402,-900.6244017352994,-1160.4943113081194,-3184.343546337458,-2319.312127066445,0.7286475435380418,1.0,1.0,1.0,1.0,663.5361952255771,2557.0771313361947,-693.0163080445502,-1160.4943113081194,-3184.343546337458,-1147.7097287608456,-9783.116994512202
396.04386000097105,2554.427370909107,-715.2184112082197,386.72137289936495,2506.498470196536,-748.8532986281156,378.3774229058478,2474.1534957953354,-787.1573594591902,364.8533312042009,2432.8594061227955,-835.2072895207066,0.01391020430811886,0.015184037897524146,0.01625090675013122,-277.26794513111105,344.6899921242076,-1016.2619179184744,-782.4780737999283,-2550.0063955911237,-3365.228857307348,0.8196548510442264,1.0,1.0,1.0,1.0,399.5755887058265,2550.445524310525,-713.3303244494481,-782.4780737999283,-2550.0063955911237,-2313.2259371190153,-9860.227855184463
-112.10181370437803,2674.0060544685275,-455.79570175288734,-104.88652118361111,2644.357519965869,-496.20128909437267,-86.60366489229303,2616.1331085584507,-542.2548471081469,-74.82851436094506,2567.769470304007,-582.175328489421,0.01607292915773595,0.01256454895777398,0.01662783714766378,640.9184726425077,213.18957995634634,-976.4590080669828,681.9492722865951,-2239.916184739635,-4069.778800866104,1.0547346847368249,1.0,1.0,1.0,1.0,-109.22572687274652,2677.097383169954,-454.68492429435264,681.9492722865951,-2239.916184739635,-2589.295370520568,-9447.773003443164
81.22729149827708,2519.1868193761316,-1014.7806966935171,58.634868830927275,2461.3214654002936,-1049.3758690313714,55.602535416688816,2402.493619395937,-1102.1240192462192,44.7964455326063,2348.5228911159847,-1137.7759798319432,0.01542284716788923,0.01584751214974276,0.014716823823546492,-284.821178475091,365.46232638866854,-1010.9981196900694,-615.3306437100928,-3710.7141768187307,-2302.519069415942,0.534012816858822,1.0,1.0,1.0,1.0,72.07059487676258,2517.67654894353,-1017.239941121653,-615.3306437100928,-3710.7141768187307,-2328.830793257954,-9718.680950000837
112.79844785926711,2522.1685349060112,-744.906860118545,106.21769272808513,2481.0976622934922,-755.7782574076252,93.2431830825585,2428.724039869115,-754.0750256774099,92.09857401416835,2382.0068005094404,-757.82882339863,0.0136544874505059,0.012439430094176845,0.018350403180381725,-288.87965866509086,33.46338319347532,-865.1252231268328,-552.652166571454,-3435.138666417941,-1495.8810132207423,0.6805556792749361,1.0,1.0,1.0,1.0,111.7931620992133,2523.938916346482,-753.1809115903297,-552.652166571454,-3435.138666417941,93.24712952088898,-9958.375092781711
-447.9003562866187,2649.6076906348276,-529.7640164544179,-431.82074505400294,2615.5172779117574,-561.6876089678852,-421.15935226585344,2571.0682108795945,-591.8054770233041,-414.5503200479148,2530.4708313038677,-632.5319769736517,0.014316711262095298,0.017263261545514587,0.013030693681706215,300.15915890795674,78.466625768987,-895.3358885483368,785.5058235951294,-2700.021125270807,-3226.082600611678,0.9103893335106846,1.0,1.0,1.0,1.0,-449.99890262539253,2656.986800402613,-530.5986586459873,785.5058235951294,-2700.021125270807,-1832.9628936841627,-9661.936629360562
116.5769853853887,2686.309875198392,-441.73319905492275,106.86915466114338,2633.8782435531225,-450.39353842476754,95.71567872377504,2611.027780980933,-454.17058495790235,96.43727257487934,2565.6832989164086,-457.56214717079706,0.01996400748837852,0.013460682108212472,0.014154407130105698,-419.06328716096476,149.40923158449507,-943.9016484785138,-510.4785613727331,-2403.1553449759,-3169.997720329755,1.0074209032733028,1.0,1.0,1.0,1.0,119.49159508727018,2684.7381205340607,-436.8649696252678,-510.4785613727331,-2403.1553449759,-355.71830704787686,-9785.235064921373
267.83926834654716,2641.036402296891,-439.1976474414816,258.89421434380347,2598.7217012431324,-479.6813282978888,255.68134577876552,2572.4073471133934,-520.1144158045686,254.99239973864417,2540.7384227582397,-566.1510748041029,0.01903670935695047,0.014524410255947928,0.015938300607659474,-121.34399087038874,410.0766049527292,-1011.0390488526425,-357.4732581338237,-2045.0839393461015,-4088.2010442051546,1.0405005797794409,1.0,1.0,1.0,1.0,268.30186049547933,2639.2180988399864,-438.44429528921,-357.4732581338237,-2045.0839393461015,-2379.133258847652,-9651.789399708185
-25.5077603753909,2471.6415804251346,-656.5362872575552,-27.92646288581653,2439.040632338748,-681.522546952549,-28.586898791954493,2390.9701908791085,-732.8334061385332,-19.674553027850163,2383.8953392902554,-780.2325353239472,0.018347620432110995,0.013774750351571555,0.01641948791883872,-7.586700913551198,128.0435149962987,-986.2685331035523,21.32664449696057,-2638.019007320001,-3386.8564573465023,0.8414581412974794,1.0,1.0,1.0,1.0,-26.567414515846053,2475.8804315110974,-656.6007189302062,21.32664449696057,-2638.019007320001,-2217.2510900314037,-9942.08171473161
452.0510535772889,2479.7708712232848,-948.9967955817158,455.2477953929292,2435.9120547313023,-996.4775146548787,449.91327655693897,2401.477059236746,-1047.2241282923706,444.3892455855103,2357.0162268556064,-1109.0660438553782,0.015948903943119007,0.012110732290052325,0.017536790189089827,375.5344741586369,262.9895865927624,-1011.2591893114296,-92.20756973596397,-2771.8243401273257,-3491.890030869223,0.7544035735777395,1.0,1.0,1.0,1.0,449.3005299474107,2480.449058694623,-949.1161416514817,-92.20756973596397,-2771.8243401273257,-3311.2162992277963,-9893.153775543655
185.0150707656699,2471.6994452027957,-837.035782284289,164.54847046319563,2429.9133753842357,-892.8257753037573,149.11306515273677,2388.7197883830763,-950.2522958480016,138.0092575770094,2347.385186043316,-994.5261633094319,0.017358994595841865,0.013586981360144686,0.014424345988360676,-581.76582461042,185.4174803924663,-901.8568693263195,-910.1749620095056,-2737.434080391171,-3309.576710724624,0.7896296780556534,1.0,1.0,1.0,1.0,178.2302686675157,2471.1749375190984,-844.1904555293675,-910.1749620095056,-2737.434080391171,-3135.5703807045647,-9727.794402318283
79.86329477067596,2630.7887811706983,-781.2661522866446,68.71903001072799,2566.269113223918,-800.8277430589998,62.143446218539026,2525.1092090523985,-822.1311511525374,57.36376355701271,2488.3005960883625,-849.4580886457276,0.018223058407815042,0.014453808104958492,0.014513724803072375,-268.67750816063335,311.18919673041546,-1007.1303775911374,-480.7404210420263,-3175.059967121158,-2564.018892461486,0.6828094086841546,1.0,1.0,1.0,1.0,82.26299920004567,2628.9829727288625,-776.6375902885181,-480.7404210420263,-3175.059967121158,-1398.5456296424638,-10019.586035478078
668.8729557021034,2438.10982782832,-674.4642925073884,655.8054110615736,2384.784784284603,-706.8921854240787,627.071509456668,2329.4537927019346,-743.6376488348847,596.3305995285035,2279.015386911317,-779.4960691257482,0.014337043860970873,0.015147193884777966,0.019332855967633386,-498.37214386671405,-165.42615412418058,-803.9983175296196,-1477.6353668967245,-3277.6793956158003,-2524.391246086534,0.7461829062866183,1.0,1.0,1.0,1.0,676.3479728161803,2440.3289653903857,-675.3503409456089,-1477.6353668967245,-3277.6793956158003,-1958.9097752120047,-9853.339702088842
153.7278165219218,2609.390628029483,-800.1846230333088,158.53787268817905,2557.0248799308183,-843.3647354627273,153.74989422771546,2509.1646973830807,-876.5828788969934,154.05150458501114,2463.1614269374786,-921.2837639261153,0.018957458204370798,0.014386108919147954,0.011578111164011404,225.2896843186058,49.8969619634353,-932.0651575782315,87.74654664501688,-3099.789054383578,-3035.979331970983,0.7800783217124705,1.0,1.0,1.0,1.0,152.89878333646516,2607.222931829881,-797.1829947149417,87.74654664501688,-3099.789054383578,-2585.1206218089246,-9396.364081384849
227.71492706907324,2476.8930443601025,-948.5185628901116,215.12486776838094,2430.15334261624,-989.7792201980639,206.28935671793474,2387.7218820305784,-1029.721537563495,206.04188482996818,2339.5044906075423,-1083.1948061498717,0.015511354987651715,0.011744041904104403,0.017409372358962446,-113.85973063054881,371.8337154691933,-1019.4763121420297,-479.2226564710751,-2971.9233119857117,-2909.5202130272037,0.6653352307492819,1.0,1.0,1.0,1.0,226.3883554639142,2481.8992669790546,-943.7191263401148,-479.2226564710751,-2971.9233119857117,-2644.2854655073565,-9723.852106198496
-133.00715852706477,2538.7675141522545,-697.9308335771489,-130.89803144922882,2484.2929454011214,-731.2873140075937,-130.41820940394814,2434.909122381592,-761.2743526960994,-126.78295968666697,2386.715160413682,-812.9327743061575,0.016769139775040177,0.015492939043082249,0.018263476504912383,-12.462958504781524,-74.82947183082037,-816.9864514556123,151.636716375513,-3313.6650978465927,-2601.220891778492,0.7394744446769658,1.0,1.0,1.0,1.0,-132.2559644414365,2542.965955467991,-702.11116978775,151.636716375513,-3313.6650978465927,-2121.8716558735637,-9854.934851862216
73.61489808275229,2500.205900631278,-577.7678857745528,72.20239852365465,2437.547646457411,-605.9004314175171,75.00379377171433,2389.114638490761,-634.3924329439537,78.92629243662734,2347.1118165756784,-653.7659784972396,0.013708920758641068,0.018499994251302068,0.012016391216306418,286.950945371187,-358.4006239119201,-801.52554962001,247.29160419865073,-3325.1915834386537,-2586.3895482394487,0.8157746937737511,1.0,1.0,1.0,1.0,74.28016576034838,2501.2641378453277,-575.7075237657566,247.29160419865073,-3325.1915834386537,-1501.327915052445,-9822.056706529072
-426.18746332926617,2557.933154319829,-462.4226171727424,-420.2154743588239,2522.0338804638345,-482.94162573633207,-415.7443618598586,2488.863047488873,-498.5145471985366,-411.8819980999286,2454.1395797784394,-518.0959414236756,0.015623975422586641,0.011537579916532464,0.014185339031799644,-11.06269667733544,142.02563622135392,-1006.2917193113473,403.71166550914546,-2357.5343746390663,-3368.730108281288,0.9836531056290814,1.0,1.0,1.0,1.0,-424.86715382421085,2558.498370226393,-465.5749727808685,403.71166550914546,-2357.5343746390663,-887.5497830866121,-9765.54063774974
9.567966977752803,2504.26666610081,-867.230784426951,14.68390063092952,2466.0018516012206,-887.0865055758194,9.007375044031303,2413.4515746506554,-906.371279956844,9.79923757942258,2352.8244495504123,-918.0501878392761,0.016028565864814767,0.012694151536394215,0.01529852591763822,0.07137401654666435,230.34395414366077,-1016.3786191247628,-19.35912153240288,-3630.260694991533,-2015.3299742046736,0.5859787566811533,1.0,1.0,1.0,1.0,12.2676205819605,2517.408191988324,-866.0539711349543,-19.35912153240288,-3630.260694991533,-1070.8452002474137,-9696.27918955841
298.0799517037155,2470.9322152921,-915.4448167645313,298.86903670998447,2424.4230838976746,-970.5613230487602,308.77540745725383,2365.094949534339,-1021.6814340731261,312.53425348869774,2304.854311637897,-1083.2685595883304,0.015947498308831964,0.014088891282253706,0.01999966261863467,645.0607851662318,64.0081617909733,-854.4076823427808,503.17235318265585,-3413.7785042832043,-2699.0473793115493,0.6549639477902802,1.0,1.0,1.0,1.0,290.32427617245946,2470.7220073106305,-930.0190899902606,503.17235318265585,-3413.7785042832043,-2963.950933401061,-9916.24596522014
251.3739508506664,2430.0,-869.9732152285327,247.55660045249172,2386.5166411070404,-905.7784333280837,236.86208181151142,2348.6828376254025,-951.5016812504177,239.80952632762748,2309.650699327861,-990.3724994682574,0.015325586076588914,0.017408594634118965,0.01425188110508134,37.071352950868345,380.60685931786463,-1006.8151271926398,-295.5880996604121,-2758.517754160594,-2982.6217811347738,0.6980139381842113,1.0,1.0,1.0,1.0,257.2844871978742,2435.7025861675006,-867.1767890818847,-295.5880996604121,-2758.517754160594,-2477.574696726118,-9875.734130462735
-36.197669680844534,2488.235318869568,-820.6656627455498,-43.5118474178742,2429.4035327290767,-839.0982486831614,-43.212358106438764,2356.9768195292313,-871.0951555880413,-53.101577968248215,2285.917912056043,-901.4058722890853,0.015283550358826134,0.014916421763563982,0.01828168386080603,-248.6683840753849,-140.60058528478743,-806.8958075486953,-361.86786355269646,-4452.702387570857,-1415.2390691723335,0.5415183440168043,1.0,1.0,1.0,1.0,-35.16634457929342,2486.493823382015,-822.4390156129958,-361.86786355269646,-4452.702387570857,-1519.9854693406971,-9874.665559815447
682.0713912351773,2686.894983012288,-595.0571165658409,662.0266128967726,2656.713151094181,-596.8690504466373,647.6062537849817,2623.962150453431,-599.3330241551805,631.89665836251,2577.9604647279816,-599.947954080392,0.013943656037051172,0.015459632499246864,0.01621960173180904,-479.45583068249397,339.4392401496064,-993.6642288524251,-1197.0303327674094,-2421.6636242199156,-2832.9864441264863,0.9243771097318937,1.0,1.0,1.0,1.0,681.6635921018933,2688.452955642927,-592.999890867769,-1197.0303327674094,-2421.6636242199156,167.19903648794104,-9981.387492475622
-317.79622194203006,2548.2488682593284,-527.8914787748715,-308.6790130390171,2499.577033350836,-557.828375094623,-306.4758755552868,2449.669657363847,-585.3942477397559,-287.62083914757335,2405.595342014978,-626.32056889199,0.01690063245926099,0.012748928899022145,0.018173607239915485,286.5090155124009,-225.7495697211344,-811.7617894877259,656.8134540385631,-2994.1902738769745,-2925.29688777519,0.8771768314018021,1.0,1.0,1.0,1.0,-321.04342947326995,2543.8764336150657,-528.1047008397766,656.8134540385631,-2994.1902738769745,-1751.8019760025236,-9675.175597556083
155.05362797954098,2436.9347010258143,-980.9339209577536,158.77210573298498,2371.5098412367024,-1006.7398925206717,162.4368334485587,2300.759726554401,-1041.1764700203032,170.21024695046316,2247.6785339314865,-1068.8150426330276,0.019439660583348114,0.01474817793665164,0.011372936259855013,260.3360696018471,343.74962642171477,-1016.8988192993439,208.21917299305792,-4060.094813804201,-1759.9384760642233,0.4694392252201456,1.0,1.0,1.0,1.0,153.10319551042255,2434.6984555308813,-980.8586749826902,208.21917299305792,-4060.094813804201,-1549.495082655897,-9668.526727946537
249.70819247506694,2447.699532882706,-834.215855819208,245.16686935887142,2398.5930697999697,-885.2472591955643,232.7727081453285,2353.9893452940332,-918.235866867126,223.7149572367246,2314.899906679056,-948.153636284153,0.014812755917327504,0.017535659273925967,0.014455233805391494,-109.11771204071401,359.272926327289,-1015.45901911688,-476.0749839721354,-2801.5563825507043,-2950.50039542539,0.6981963510033555,1.0,1.0,1.0,1.0,245.55815101852704,2446.4324313275633,-836.3782689786917,-476.0749839721354,-2801.5563825507043,-2264.6664644935386,-9987.802134239613
485.90826508450436,2519.816197581801,-528.3677450848114,481.17533041158845,2479.042785466858,-545.7615188907797,467.30064731251974,2452.3157924081497,-566.9287145725895,459.0270562980347,2409.4157401927623,-594.0193093711227,0.015945663828077425,0.01605713304859663,0.015003902199413222,-79.44198864315354,100.12377197818087,-973.970476443245,-593.5129985795936,-2538.2501254234207,-3093.0916141826574,0.9079933009239135,1.0,1.0,1.0,1.0,487.36292500035756,2524.152641757545,-530.4117837406415,-593.5129985795936,-2538.2501254234207,-910.0928065378201,-9851.269350549459
-274.39431137409764,2585.6847536934747,-534.4890228438336,-275.21895031091486,2550.330036539263,-576.6876965545681,-252.7387249482624,2511.0415176766805,-641.2584322727864,-242.25425222258735,2484.6139861753463,-699.0805965151292,0.016182798710081565,0.012404426253114446,0.016874173789320473,552.4895289312818,90.20053815553683,-847.1096878240469,770.8493730174063,-2322.2548152218233,-4195.987390568471,1.0295386012474825,1.0,1.0,1.0,1.0,-276.1735470624285,2586.624464518996,-530.8636192007517,770.8493730174063,-2322.2548152218233,-3378.621981601867,-9789.021580798188
573.7736979468053,2580.0229767242986,-673.2393006937115,581.418819585572,2538.9287769222346,-700.8164352286128,584.8205745229163,2486.2204970290677,-748.4289563769058,587.6903503674472,2442.748322055814,-787.8091049367388,0.015337918086601966,0.018079264709444393,0.012760622574710445,713.5712520727805,-25.06549839822788,-834.4975217738083,154.38349024454538,-3034.390598873643,-2987.371678933895,0.8138221946292439,1.0,1.0,1.0,1.0,580.8014504624678,2584.5104166331125,-663.0518821515258,154.38349024454538,-3034.390598873643,-2361.4648459421774,-9764.865544843986
-4.217520559699736,2483.179319447569,-743.2088486829489,0.8896474870040567,2416.6165537823,-755.3244736303809,-10.113304057537501,2346.9920055260877,-768.126868040043,-13.652808023834263,2282.884522159568,-792.9178037954117,0.01770391697796591,0.01772544925363516,0.010662934806654874,-140.15125162525186,-129.847611040726,-802.5863608109408,-219.89167117831394,-4004.2112416605746,-1391.9931076918779,0.6039076989617446,1.0,1.0,1.0,1.0,2.778334640652133,2472.8896960386546,-740.7670658130103,-219.89167117831394,-4004.2112416605746,-832.9775525643911,-10061.958115200698
139.2385122645983,2550.299521163415,-491.8451439292139,132.35677069262476,2514.664244554405,-499.8173668831747,133.99768344477346,2488.5814618941936,-505.7633178413236,127.87686066349859,2464.8855231607886,-511.72764275338346,0.017414411216455608,0.014606077939973202,0.016737405053545797,-10.695423452084366,465.18689535117664,-1012.482105121422,-142.18978396188132,-2030.6634639984118,-3229.8566541484342,0.9812421057900255,1.0,1.0,1.0,1.0,135.7600540286536,2556.7702632695346,-488.6530867021198,-142.18978396188132,-2030.6634639984118,-342.22003734629703,-9846.101239042999
710.0566131009834,2432.511117087076,-970.8787110343644,701.8259743456938,2387.1004629771223,-1007.192837128044,689.5469465571107,2346.3453652286516,-1062.8042160934942,679.2507898805549,2288.5458536579886,-1125.3856281708042,0.014632320180441794,0.017697497116310683,0.01607513216868038,234.17144560941927,42.164740305271735,-998.5503062330196,-617.8539351489932,-3083.784926547842,-3289.439619505549,0.7265950505345677,1.0,1.0,1.0,1.0,713.0082453498878,2432.0980583798437,-961.5831476205376,-617.8539351489932,-3083.784926547842,-3178.299351791659,-9723.102647155274
374.6135136072461,2497.6487501017436,-814.4149716970782,365.51566487088286,2458.858282235108,-827.5859983062862,352.62726798222644,2399.285844694775,-862.9630228356788,332.7966507835903,2352.764478205764,-904.5040015430833,0.012383231848608397,0.016444107110479885,0.015316545461776448,-202.80125637009354,109.75695810657592,-987.2507979088371,-795.5445673236994,-3326.302633389966,-2624.6165478902153,0.6758561155791358,1.0,1.0,1.0,1.0,369.9908321029711,2504.6948541473535,-805.4781957168174,-795.5445673236994,-3326.302633389966,-1804.7303166884215,-9990.8228239678
454.2025744128109,2455.4838723773,-759.9489059547064,446.039828364554,2413.0514025090833,-797.0883708413521,440.0360134551594,2370.6634270918125,-842.1487798596518,438.8066421303281,2337.2911228659123,-876.9798882041597,0.014743014537663527,0.016191083677648346,0.01144554360086314,275.05917879485463,402.08205985430726,-1004.5308485796838,-220.6497233505504,-2502.366931545437,-3182.031356646429,0.7776203581838256,1.0,1.0,1.0,1.0,455.99195194230583,2454.0229437215676,-762.7762291905755,-220.6497233505504,-2502.366931545437,-2315.5432180064636,-9852.91756660582
616.3654014872645,2526.829094217557,-652.6645478030383,604.5328204631272,2463.7539285892913,-666.3453198935431,599.8290311250988,2398.5831150693853,-683.7697241226524,596.0689814288257,2355.3341315517855,-703.6891661455816,0.018168838549707786,0.014650938168635289,0.012438215163918506,304.1074751150412,-323.63826519642606,-800.142217665133,-403.1777093008046,-3676.8877584991474,-2003.9787858577872,0.729742008117739,1.0,1.0,1.0,1.0,616.5701998231636,2525.94974764041,-647.0666220564099,-403.1777093008046,-3676.8877584991474,-1007.9102409225758,-9800.632236023213
-374.98195362834826,2435.935675398428,-774.7636603720283,-384.0361099319355,2378.6185113949105,-809.6770678384089,-372.6078843424059,2316.030794830511,-821.8300376447049,-381.18741965104005,2254.1147366934356,-851.1687481361761,0.01896411474214129,0.01300493746561426,0.014546574681898107,-378.2210072061665,-7.110754890993633,-865.4384320385808,3.4917362140319455,-3699.5646084375903,-1764.6669651290163,0.6134843731103468,1.0,1.0,1.0,1.0,-380.5255531074248,2434.6018866778186,-779.938661174371,3.4917362140319455,-3699.5646084375903,-1199.758737566337,-9795.887425641655
129.77302534264734,2474.424993440161,-511.92396901745,116.75396148075102,2412.4616146552394,-498.2705512868287,96.75774049938306,2353.6393069824653,-489.1056070947206,83.83093728921074,2284.296844906942,-488.4812340889079,0.011823024891596708,0.019526021187524886,0.015455622176952191,-406.821746344343,371.76029268232094,-804.5912137638371,-971.2088701903988,-3823.5523393914787,2455.8191890996386,0.5031953317439266,1.0,1.0,1.0,1.0,127.34313226037682,2474.714079347636,-508.7763510170728,-971.2088701903988,-3823.5523393914787,605.6254555205006,-9574.094056107568
71.76601337679826,2578.790811091134,-679.6247608965383,74.4991615540582,2534.2210396044666,-683.8922016952511,86.0527177646526,2499.7423903190665,-678.832003483684,93.73799808574685,2456.7158574744003,-674.1282336519452,0.017580971643547865,0.014356653150493486,0.01573805820823936,206.53789026924053,116.60745207144545,-1015.4965431236818,134.91896616534746,-2663.604698338222,-2569.0833238078035,0.87732431699772,1.0,1.0,1.0,1.0,81.737846566293,2580.4417980343032,-690.6453521009676,134.91896616534746,-2663.604698338222,451.04767429054675,-9845.699691670536
-99.90275586061175,2558.3367245869654,-597.1744892624614,-94.69741322299791,2508.9403109288446,-611.6490875442355,-91.59989478710324,2452.7417964960996,-637.03044849967,-96.97354747207413,2417.881263071108,-646.0463623754802,0.01471020149388951,0.017239473589501203,0.00912280697116443,187.9465114477652,-153.52851103360356,-800.2217372434649,359.2141829361716,-3303.3762191088504,-2156.250447927375,0.7789275179454455,1.0,1.0,1.0,1.0,-106.60911855989525,2555.2399886356534,-600.2698830743795,359.2141829361716,-3303.3762191088504,-820.5553151748845,-9943.011693232256
122.59832724725443,2512.0677222590057,-533.3404887446113,121.2277394811117,2471.1774407715234,-562.8322640509986,130.21198480979905,2427.169778844003,-597.4183395160658,132.73410575599462,2388.9262547031235,-620.2912354244355,0.013979043322898677,0.016191665028814455,0.013359023107790115,384.7153019812162,-26.4829632774723,-845.164426240197,285.0915598764158,-2738.7209660085464,-2986.4598757976382,0.8814702685404975,1.0,1.0,1.0,1.0,121.00560909553269,2506.8339302804266,-539.0822439399964,285.0915598764158,-2738.7209660085464,-1728.5243688591697,-9689.332529241421
484.9506809326375,2462.59435674199,-538.261241565086,504.6001226339459,2430.306005790649,-612.8602977256099,514.3350745892615,2391.9060999806757,-664.3517465112407,502.85011884408004,2353.0662667216984,-715.5355563514615,0.018213192871099137,0.013875027842934498,0.020161814859013638,374.22369475665005,-16.867688126090638,-901.7026757034514,-129.92706354306947,-2404.2329786988994,-3985.527802943515,0.9827499644269526,1.0,1.0,1.0,1.0,508.6982055237306,2471.5134448272693,-554.8539405984594,-129.92706354306947,-2404.2329786988994,-3022.657050951201,-9728.396780264202
702.3636587040112,2591.282657015712,-553.2586317323619,698.8062802312152,2539.1340306946367,-557.5168914788354,687.198687852413,2506.3031206283385,-570.5504201940656,689.3157693093023,2453.8925640400494,-576.0541496514747,0.014775645808873479,0.014877681056734952,0.014627588319543562,359.17427964273475,-86.85258541033738,-837.8651739014183,-382.5833503871098,-2975.9889352426785,-2396.5394602361807,0.8557190848148487,1.0,1.0,1.0,1.0,703.499294991132,2591.5374563080695,-555.7476694989309,-382.5833503871098,-2975.9889352426785,-384.69697114644896,-9916.994767853
138.6124762072879,2561.84569519961,-473.8311426181884,133.95043416999712,2511.1089525802763,-492.7637845546188,133.0157417447037,2474.20069789728,-490.1554890006077,132.4144983441584,2427.38524699019,-510.85327965216595,0.016514351661693516,0.012113796812733755,0.015947418660277088,6.33825011577477,-255.47308154840252,-804.2046806464692,-134.55703954890484,-2930.356924006524,-2574.1137143447036,0.9154244328652964,1.0,1.0,1.0,1.0,135.51300808272413,2557.6695654978657,-478.2317547880301,-134.55703954890484,-2930.356924006524,-431.9637689936428,-9878.223897790134
11.897588916806926,2577.170017578704,-437.7521815876615,-8.742668205102243,2542.3754044374205,-436.22866228306356,-16.541372697068738,2502.950053499666,-434.08661802560437,-28.13603762252823,2458.0853991873814,-440.58914803595906,0.014223446221314464,0.016977181196147408,0.01708087141960625,-692.1939720647011,27.617974000466504,-807.465316660558,-654.1689334441149,-2378.2939957617286,-2649.286742146344,1.021718501162931,1.0,1.0,1.0,1.0,7.766786720500136,2572.3925494655186,-438.0385994096962,-654.1689334441149,-2378.2939957617286,134.64036515543265,-9475.695517583765
649.5022477805772,2474.9176624832853,-568.1778168056039,624.7382168703197,2438.9467589742626,-584.3579682192834,595.4620979223002,2394.0444076726158,-602.8381573450439,586.4952210677757,2340.4452954964872,-625.8598452861391,0.01365319118912142,0.016957080940151206,0.017574313120928216,-534.5688810355884,110.01923633669583,-806.2590922859375,-1372.3767385197837,-2747.907166866581,-2370.2364068392976,0.8118154147497998,1.0,1.0,1.0,1.0,645.6751140914234,2473.219399841949,-567.1921057236237,-1372.3767385197837,-2747.907166866581,-959.2909190852749,-9825.752027015647
-60.37045285442671,2622.689318616809,-688.2007081348397,-64.21274746229032,2589.2321692627634,-742.3897725870216,-67.64695471142235,2548.7347771599398,-784.6413307251406,-74.43761502214474,2505.4966836919143,-835.6389150156945,0.016616736076847563,0.012854144582041132,0.016209031577314844,-330.42755794341315,95.60616505131688,-952.4485892640079,-280.7817518077326,-2662.7961752209712,-3822.8629034731057,0.9043200877637972,1.0,1.0,1.0,1.0,-63.68489372606774,2625.262531511232,-689.5912936862782,-280.7817518077326,-2662.7961752209712,-3071.7356212809927,-9850.869188356924
771.1495482298373,2536.508374265798,-530.5775589868136,760.3022534384357,2495.647301164265,-574.7388042195342,751.074891658509,2467.573345642453,-608.0671825238281,746.7896408677451,2423.682007479491,-651.2246787038288,0.0160142583083651,0.01452543967764696,0.016397051184783427,230.48041827770544,390.83862274913884,-1018.5501033683477,-548.2646091824646,-2153.9130883906487,-3698.9741662040183,0.9480632508292053,1.0,1.0,1.0,1.0,776.003704414255,2533.982145697833,-531.5688816384502,-548.2646091824646,-2153.9130883906487,-2040.5024040795142,-9773.657000872165
-254.7845911408616,2437.0329495721594,-1000.3947196082256,-234.2830028026441,2351.3824333584434,-996.4397263656156,-202.1748869877953,2284.693328702983,-995.4018321198713,-186.47032379706874,2202.936855818923,-990.2132673414769,0.0165627140521845,0.01341331250192112,0.017281369116842752,463.2162814913633,153.88230674696348,-1007.3540236214365,1572.3907470523595,-4965.9216171322305,-557.2988943420972,0.4127426043290519,1.0,1.0,1.0,1.0,-260.0834621527225,2438.2062506277925,-1001.4453889332328,1572.3907470523595,-4965.9216171322305,440.69498836009643,-9877.9779072083
34.621994149240194,2593.7231000273114,-651.7931984673426,42.59090803569731,2546.6150844042336,-674.8313982868764,33.47483640610989,2503.9566618612175,-708.3030330425087,41.02194879089241,2462.352329837346,-746.1692728567455,0.018872108463141864,0.013463754834774348,0.015357609320931682,73.30802245185735,3.573523716619107,-889.8970118924059,35.14351520530535,-3019.379421131143,-2844.7785282288028,0.8123065273811527,1.0,1.0,1.0,1.0,43.08459937529449,2600.2398258894045,-646.675629348256,35.14351520530535,-3019.379421131143,-1855.2158939475667,-9561.735308877971
202.56333871706255,2508.9591096474123,-786.744995514397,206.16647179080147,2446.240618664634,-811.2138585272957,223.2943144238013,2403.3919606597474,-838.9322177840357,227.93465063956145,2341.648968823879,-858.411601842271,0.01667031113309769,0.016151577045627606,0.014004802016679946,607.8872578733733,151.96529385604606,-963.8187614043483,581.5963076538726,-3364.3933850747226,-2330.3067521841162,0.6531733098045953,1.0,1.0,1.0,1.0,200.76984251566034,2507.040663408347,-781.8973057594592,581.5963076538726,-3364.3933850747226,-1323.9745309362613,-10108.0722551676
-58.721796769770165,2444.2194924053983,-798.0762270125153,-64.29995132969772,2402.5824818141145,-849.3194743734433,-66.6320061985711,2374.4998959392506,-900.0714966528778,-70.61591442059971,2338.771062730769,-949.2094083440979,0.013541225248222578,0.0166148559421797,0.013478714790935636,-293.6846520533328,261.2209311418237,-1019.1002717413926,-272.66192790859577,-2520.58565773396,-3574.9135570584945,0.8213652040186628,1.0,1.0,1.0,1.0,-57.83208441239623,2441.5275250816944,-806.3155255689753,-272.66192790859577,-2520.58565773396,-2934.010047087202,-9802.89266923261
200.98544510970856,2452.9560336086674,-702.1696733611901,196.5955432294124,2383.2590264294477,-722.0467503681649,192.64379485684938,2326.660835336422,-727.8778102113863,190.0597688419613,2268.447303571292,-747.3788496248497,0.015876585992729137,0.016153787594616997,0.01629726814174856,-109.79651798959951,-140.36058266799003,-800.4640206722512,-446.1355373993477,-3675.3737884017946,-1531.3968309913002,0.6566723582709059,1.0,1.0,1.0,1.0,204.72903587694054,2450.7779381552746,-702.2893012584666,-446.1355373993477,-3675.3737884017946,-628.5640098129884,-9934.010975987965
-374.1621695938721,2529.5553651841947,-692.9472309746312,-370.5835876454771,2480.525975295119,-725.0258392935606,-374.35964508231115,2437.6456589266672,-766.2808762945958,-372.85365998651844,2391.211410528127,-791.8934636740372,0.017147331187414402,0.013733020700408508,0.01617035406973614,-241.0808113216306,137.10899918934567,-1016.1526203068989,158.33380195094145,-2729.7753211944305,-3245.8254471560635,0.8279492940424417,1.0,1.0,1.0,1.0,-379.622888028701,2525.6624052344705,-688.4654772332242,158.33380195094145,-2729.7753211944305,-2052.7804669948346,-9646.464374204113
221.85600338637943,2509.254501390519,-971.8851763674661,209.72883693574096,2449.6450894496347,-1018.8634716823839,204.07705455721822,2394.2961641655493,-1076.1474680921071,193.32524415412917,2330.3610753374805,-1142.175389197774,0.01611980430482059,0.014389733731442783,0.016335277426121377,-111.81033292402576,-19.659937633683548,-872.553504722507,-459.64256089011036,-3581.1617555596526,-2828.266002800333,0.6581551845376158,1.0,1.0,1.0,1.0,212.23767250350193,2505.0591000358763,-974.1928290963393,-459.64256089011036,-3581.1617555596526,-3166.1059835936417,-9959.748956767215
153.0524074760578,2670.1763690492453,-556.8186226953403,153.89402489438143,2626.326900618831,-570.0062411082811,156.4595092529459,2582.553874631314,-582.1224343191093,160.83939842135823,2542.3788943645477,-603.8093257496865,0.012410580729534928,0.015415445940823549,0.01873703677679614,338.9890335546765,145.6755631885853,-995.9537535462624,193.05554098805544,-2598.9811997257934,-2932.1338627728305,0.9234369365528461,1.0,1.0,1.0,1.0,151.72515879626542,2666.6873269226057,-559.0747000907834,193.05554098805544,-2598.9811997257934,-687.3412922416818,-9299.054778481925
-396.9761698872823,2606.323529519888,-660.7152335609971,-385.8084791315178,2565.074114756753,-714.4250983229738,-368.0099469734821,2531.407169111144,-766.5472302320715,-360.4860014415186,2486.5637269548556,-835.5463568592844,0.016252422595122374,0.015079953593605465,0.01638227138221489,619.1450607075834,11.779295910538835,-816.8458957552964,1025.7580508140522,-2594.479193495479,-3901.7264153115752,0.952285352429058,1.0,1.0,1.0,1.0,-406.61299010647053,2606.2584894060287,-660.4643461476319,1025.7580508140522,-2594.479193495479,-3489.8882606265174,-9733.510182121416
67.00354894231981,2461.783944789603,-1085.0190443991196,71.93661818025349,2387.811129686637,-1119.527110031845,70.5412893484221,2320.9682398107907,-1143.5821267511528,66.57521951740625,2243.2289258299984,-1100.4200111571113,0.01931636506885365,0.015312408953554197,0.012866406905547148,-19.993339613123155,193.07139079516503,-1011.5012911672386,-203.1379957045831,-4739.7256766101345,-1849.8189205326576,0.4325048190720453,1.0,1.0,1.0,1.0,77.51289832507666,2468.139715568025,-1086.495781237414,-203.1379957045831,-4739.7256766101345,-2202.8938933137856,-9536.321226537035
697.1197753235557,2451.5189056059767,-517.0289923061611,691.0649498087727,2406.5396811801033,-556.8736031289221,688.2407113868766,2355.271000918533,-606.1466519456251,675.970158860787,2342.0676486856296,-655.5568698848174,0.017601619178257324,0.017082958148599635,0.014479152603772596,280.2787164127766,-106.4352642406081,-848.9017928035047,-423.30838196402794,-2577.6263056389525,-3577.857758719471,0.9408362700693712,1.0,1.0,1.0,1.0,699.3540145571642,2445.414778341945,-513.4876934420002,-423.30838196402794,-2577.6263056389525,-2489.295413338677,-9846.106071236445
-306.28770285185794,2516.1623337328538,-557.3646440205803,-308.79178014812175,2480.7897407560067,-583.4996670414664,-288.9908329973382,2448.229047023662,-627.3226917428799,-282.2218382676998,2410.6423908737156,-664.7222850462972,0.013776002431991747,0.01582060884558418,0.015821054868410317,192.21023492874716,188.58143696128406,-1001.660147230381,498.5316445602967,-2340.3434423065783,-3687.5449376098504,0.9495823338540146,1.0,1.0,1.0,1.0,-303.8287514087476,2517.2231620563343,-554.240698198114,498.5316445602967,-2340.3434423065783,-2234.4569666931984,-9616.659693202457
56.448325514691355,2596.260096943209,-535.7586694611946,81.11558050228498,2557.1336676832775,-560.4939110853838,57.70982480272866,2506.3706957382337,-589.5618837032939,58.619879535725524,2457.8376119260147,-630.1396948354802,0.012162265569262339,0.01826776396579059,0.012867540433695621,295.9996987703686,-310.23202541542946,-801.005741346174,264.5217372049191,-3142.741828743331,-2962.9252626985112,0.8817024300312521,1.0,1.0,1.0,1.0,51.317091855817694,2596.8041661721495,-532.4075303024911,264.5217372049191,-3142.741828743331,-1891.0841916939355,-9685.996653946797
346.1574733122963,2515.6593151575817,-807.9879860844113,349.77554654436017,2479.3168269442153,-838.5595054289162,345.58323285256927,2427.032824388916,-858.1757274868944,349.2842768438654,2372.052127572983,-891.3771025267839,0.01683742666281877,0.01439606025838346,0.015269120338182493,467.01014145706955,141.8305399352007,-1011.395832784779,160.99086805528154,-3176.856336651266,-2586.386832633358,0.7034973927406158,1.0,1.0,1.0,1.0,346.26699041560596,2524.4727924236495,-805.1890661677517,160.99086805528154,-3176.856336651266,-1686.0643038040844,-9327.840906942847
291.8689641071595,2527.454905844028,-741.1150228268356,289.77828932220723,2463.971621428699,-738.4297658637893,294.99219821570085,2403.5165069732416,-741.5047417763878,304.498695758925,2342.3603864366737,-742.3991007450838,0.016692713781397236,0.01516874584930717,0.013437577840284064,465.86514161236425,-278.67640430425075,-801.02048168097,258.8453371256602,-4125.151470704871,-1094.1833571374157,0.634700962529012,1.0,1.0,1.0,1.0,289.8503123669151,2526.42659577506,-741.1889971150744,258.8453371256602,-4125.151470704871,-16.327130121625515,-10004.728921138516
-218.80923372429677,2512.204239662711,-927.5591289678131,-218.58435991677345,2442.419306155106,-960.2471627526546,-220.58916612521912,2403.7296456105046,-996.0794330702383,-222.53973511837916,2334.1081063759434,-1040.0201109287564,0.01824320895789777,0.01619261396761435,0.014932653801106519,-355.7976759166708,351.04978852595184,-1018.7922205940681,-217.1862633308798,-3393.2480761570414,-2471.3769701280257,0.5856315232733819,1.0,1.0,1.0,1.0,-217.88439870156083,2505.7623168856685,-923.0616820345407,-217.1862633308798,-3393.2480761570414,-2048.873566919603,-9977.011379285503
-355.1940472765675,2546.454795772053,-861.567139901616,-365.03693612311343,2498.027280099881,-887.2896300315533,-362.55561734315995,2435.917624008876,-917.4884779454684,-366.90492603873173,2397.62848653673,-948.1848545949313,0.016312456367888566,0.01658182209811736,0.012813107350742495,-388.02149449315016,332.1182927502848,-1016.9603608385929,-36.530343925914636,-3254.611298744305,-2394.413695121211,0.6342926141832521,1.0,1.0,1.0,1.0,-363.1808606235279,2545.253975896406,-855.6509371093191,-36.530343925914636,-3254.611298744305,-1622.642293249294,-9610.790178811309
527.0511159593015,2453.9075485076523,-795.6679004827369,533.2566750103224,2398.3941277220656,-812.4161287673296,513.5475691960833,2319.833897190053,-842.3109579348162,507.46026024351994,2269.430901102928,-872.01472184172,0.014974517521694486,0.015605286822967378,0.018310870913153726,137.47675625469094,-58.27929524811996,-823.5628223702741,-594.911222743058,-3776.393475139507,-1777.2623858804832,0.6161093247421849,1.0,1.0,1.0,1.0,533.0927193788225,2453.0223657196498,-785.1263974428515,-594.911222743058,-3776.393475139507,-1557.0506569211977,-9558.570997720053
333.82270653187305,2484.998823626821,-517.694899910665,323.5442807595334,2449.3759052998907,-555.1350746758949,331.26844676086074,2406.3341923640946,-589.855871475686,319.2692702734778,2364.3697950280193,-628.3440087712825,0.011889405271846403,0.015034363608951634,0.015078533611070814,318.51829428942597,-199.47070063803,-802.2661086286527,-8.824101582658681,-2863.514123197686,-3265.8944823978622,0.8979976975081319,1.0,1.0,1.0,1.0,326.8129497771274,2492.2325751677995,-523.4409274368562,-8.824101582658681,-2863.514123197686,-2254.402175174399,-10013.476234655938
-166.99080256864397,2538.0029296850144,-838.7112968306842,-151.4764494122542,2485.867781790183,-864.9172947067044,-141.09990678289122,2436.8998561882763,-918.9817378440474,-116.14772921039541,2386.0911728748792,-966.9653146160139,0.01737517770436185,0.01593252995525237,0.014707104501206096,581.8061089915176,272.9471033113436,-1016.1926225711904,959.2197113752829,-2873.8205561051086,-3148.807397587652,0.7369851878391802,1.0,1.0,1.0,1.0,-171.18136443807884,2528.896239853857,-833.1591985120363,959.2197113752829,-2873.8205561051086,-2512.4815785258857,-9841.066998904327
-477.09227664539054,2607.243656580302,-566.0350108258386,-476.43060611122127,2560.4890697157266,-561.3992494334161,-465.13381148355325,2517.1907302218438,-552.1683473239021,-450.40504403219353,2470.4070270618163,-548.5367680306025,0.013678866081370193,0.014394307967764666,0.01835984267885629,-8.61792565307774,-235.42546451255464,-807.2133595019641,475.8413869027516,-2901.740052633777,-2280.756384014095,0.9335669832720096,1.0,1.0,1.0,1.0,-474.9424848177753,2608.2797870685554,-570.9336940950839,475.8413869027516,-2901.740052633777,653.040041896589,-10105.887797937829
45.97132443770341,2510.485644287374,-872.9320517658499,36.704594502535514,2453.773107301471,-911.6563625881976,32.446017097209946,2383.910189130785,-965.0848118924415,22.405897244595216,2316.6465109362343,-1016.1843934571499,0.017089252410178512,0.015424122249580278,0.019364992145767757,-384.3079463894617,-132.5050275701799,-804.710216899414,-604.4321921446021,-3698.4202403019804,-2569.667487987481,0.6631216331944739,1.0,1.0,1.0,1.0,47.861070993928024,2511.8654442457346,-868.5478719153566,-604.4321921446021,-3698.4202403019804,-2805.8806139326684,-9940.621320459057
477.27349563712323,2498.0508021022742,-668.7991368093747,476.0281940456087,2466.557225550701,-687.9822865930946,462.89484170579135,2419.466562198017,-708.3306105408768,447.6540001778132,2367.6915637145094,-726.6440754943703,0.011348723832926842,0.016727125486486354,0.01421147577843342,-100.71369850156508,67.90616440408492,-936.0688108335232,-700.723412235527,-2924.540179936954,-2663.415099810088,0.787712674902154,1.0,1.0,1.0,1.0,480.8867336539224,2495.274513751759,-663.0843702848528,-700.723412235527,-2924.540179936954,-1348.36937013982,-9664.036839389757
-358.9315671273416,2520.7489912566284,-640.7727346802288,-333.7977602076285,2471.4741601503542,-664.6941943172242,-315.8880885098601,2432.856222151903,-683.5089914423853,-301.91208818294416,2375.6937806677697,-715.1348434956755,0.015247083884692095,0.011383915664367753,0.019217261939577176,554.1079772750577,169.28045806976786,-846.1283181475612,1123.79235372466,-2914.0996222203867,-2404.9849716084377,0.7591517385113635,1.0,1.0,1.0,1.0,-350.54486747329435,2515.1306539571815,-640.9050877946448,1123.79235372466,-2914.0996222203867,-1312.2723002186835,-9896.623486824836
226.2322271709011,2505.871543854486,-775.4904534500342,213.3052729754336,2446.3358093316247,-823.8898390399156,201.6655130467677,2396.837377965775,-875.1518751618661,188.39576755299717,2343.2778070348763,-924.7475652665865,0.016489185600166274,0.015022948280056202,0.01805709334694388,-496.58165645117754,-118.58978908362474,-805.388884175884,-913.8137974755074,-3298.8614218482135,-2974.869256659935,0.7454307727728342,1.0,1.0,1.0,1.0,229.90031254185044,2504.0050412857127,-772.7324227175895,-913.8137974755074,-3298.8614218482135,-2861.1413878877693,-10165.315712004072
-21.233673468458356,2611.1707516720166,-443.76301751431066,-19.70147209586043,2581.3773353795013,-455.7890173064493,-21.9190850685355,2541.319164139371,-486.3963946689135,-29.440558789688374,2505.5360568804886,-516.1317316102874,0.01203113089020441,0.01471361144345701,0.015373021879366938,-91.81371090025641,-38.5963106669346,-876.6980568121209,-67.19589558472188,-2630.5280768115636,-3290.690257724802,0.9678822357869721,1.0,1.0,1.0,1.0,-23.945856359686957,2618.237046912752,-442.7357602289155,-67.19589558472188,-2630.5280768115636,-1563.0652522192165,-9662.002489487244
133.0622659039095,2552.5267605978506,-474.4864285573704,143.41490386768677,2514.946166367517,-474.21435336609125,152.94162096532077,2478.3594903684448,-474.5696363079353,147.03679346262854,2449.8546977240953,-486.7362044959216,0.01635221443480769,0.013266089865803975,0.015697641554973375,463.25067764428354,101.98176041897278,-933.5662099781257,314.33782781094,-2356.178606969399,-3010.07782828324,0.9946840541444147,1.0,1.0,1.0,1.0,136.33933672090723,2552.4075116671384,-475.4396379556647,314.33782781094,-2356.178606969399,-35.807078741148985,-9887.737479240152
92.36888915757409,2567.6248422648937,-575.8770626725517,96.85341190890198,2517.2012934076024,-602.667759696099,97.76487095436072,2463.4683096680615,-624.9297647051288,96.24338307732528,2418.5434838160954,-644.8722953677325,0.012838326509122065,0.011776294556471367,0.014566239980063973,101.93155055328555,-461.0130771636327,-803.0279292238919,7.649975779269539,-3522.8914247428015,-2676.8631432985403,0.8208191389543432,1.0,1.0,1.0,1.0,95.35257138311306,2568.673548115177,-574.0962484537492,7.649975779269539,-3522.8914247428015,-1612.7704340118073,-9969.426595973397
-138.1274646293454,2597.6477044186745,-502.34529896631307,-141.17653209122253,2557.8774452549856,-538.5156245410391,-130.03847037418933,2500.052988604952,-580.5755983692446,-135.01239332065322,2444.35973467107,-625.8321659890861,0.01710941809924168,0.018951052147796455,0.012466487944298464,198.85587144357962,-280.7892639002145,-805.830304891534,353.2224028939147,-2984.358410084741,-3379.479677390093,0.9164730418086642,1.0,1.0,1.0,1.0,-142.00374734904756,2599.116601831561,-495.70604006448457,353.2224028939147,-2984.358410084741,-2283.363672551333,-10007.805180460438
-258.1818799021891,2596.7621976404316,-592.9812811363911,-263.09837461634453,2549.868541997411,-599.7177886862088,-264.0482662055504,2493.709880998044,-625.2859994479581,-255.22233351892888,2445.695485602547,-643.705565218969,0.01912005378017003,0.012226149431115,0.01413432140880454,-184.80066953931632,-274.1391926023815,-810.0270472744379,92.63062489338043,-3416.710541414215,-2238.766973489939,0.7945194753799111,1.0,1.0,1.0,1.0,-262.61039444975734,2595.89766218556,-591.1845627304524,92.63062489338043,-3416.710541414215,-854.2236461802069,-9785.462985623639
-486.01701835549807,2509.9859248178195,-647.9073285320724,-485.08956613990483,2482.7491306708175,-686.4065673187725,-480.2489923040842,2434.983197098423,-734.2198890671917,-486.0901668675219,2406.574195161545,-782.5580134422469,0.015715580291251818,0.01742865477861559,0.014217614043701525,-466.07687725279624,166.30336060546063,-1005.448914061867,12.815987194432992,-2518.07856892054,-3799.196771137379,0.8876381508864318,1.0,1.0,1.0,1.0,-478.05982527959543,2520.706822546173,-649.2115014891904,12.815987194432992,-2518.07856892054,-2690.3431980046366,-10100.608230112563
745.3392710205811,2595.3405942879717,-600.2310393536804,715.0886865779516,2535.928034722732,-625.4516378136628,694.3273544891201,2474.5451164641872,-659.4785543778822,673.4032961145922,2422.8846011507576,-695.9949636314876,0.01719906234610287,0.01728289907219942,0.01752178383728569,-426.72285675648726,-262.61396531565975,-809.2445816949964,-1400.0910984804484,-3424.425477694878,-2522.6728767868594,0.7829962547444127,1.0,1.0,1.0,1.0,742.3532104746866,2596.781308559562,-601.3715919743622,-1400.0910984804484,-3424.425477694878,-1498.6960706054576,-9905.104161939882
346.45192795895684,2434.3832330973173,-716.9445312549752,327.6808141450229,2380.558770620452,-749.8169306749126,309.8079085535126,2330.848020359602,-779.5185005181754,282.6464753783389,2281.961695045278,-795.3415569716005,0.017166605884469797,0.018119955334940024,0.011347998493244152,-516.3693599834914,143.11848069554603,-819.8624140865277,-1222.6097493363454,-3255.323532247592,-1930.2359498438266,0.6583654402873466,1.0,1.0,1.0,1.0,345.570513298632,2438.1215709300973,-724.6813735672756,-1222.6097493363454,-3255.323532247592,-1356.2666718391663,-9912.19312134232
-25.91250339988003,2472.6354008362946,-665.6749035065677,-31.288983707666766,2433.357545767989,-689.9257678475252,-33.66092300687983,2385.8288117652305,-726.105083300315,-41.22827253204804,2337.50049566719,-781.3727282762776,0.015744023925575445,0.015875737316400292,0.0174814175642148,-358.73176978919366,62.86688955777633,-922.8755854190189,-394.6575976025995,-2829.271360083603,-2924.201816748455,0.8058988211938101,1.0,1.0,1.0,1.0,-21.299523838970913,2481.8939024292563,-664.5841245676496,-394.6575976025995,-2829.271360083603,-1892.7176263520273,-9619.251928483345
-216.47401760760576,2499.0499120183467,-737.2987905564785,-207.42833402759823,2443.8510762305655,-765.3635580924508,-193.036871563251,2394.609498968283,-783.0578138286714,-183.49484285666944,2336.3982497456655,-816.4447734554427,0.019101816728968393,0.012173473943832627,0.01837389215676224,367.63968126970195,86.82076250392561,-889.0242363017645,821.3849167043203,-3367.586156621701,-2256.04183566137,0.6653508171704373,1.0,1.0,1.0,1.0,-219.65053417388702,2494.6448644884363,-739.6275059474299,821.3849167043203,-3367.586156621701,-1430.9174323431437,-10183.417979585076
80.3166169157304,2522.288970427995,-976.7167538803551,87.96614299352363,2465.3118445616283,-1012.8972456266841,99.12192411837826,2410.1098855785785,-1065.5787376062003,102.10405196240859,2372.6886775776666,-1118.28608072507,0.013891435905457678,0.015064487550883913,0.013431550739910453,427.499364208745,62.31069410568682,-892.493095134049,463.567218407442,-3276.5706283586833,-2972.4238605508335,0.7076125258037486,1.0,1.0,1.0,1.0,79.82395040316305,2519.738665374703,-965.0059584335442,463.567218407442,-3276.5706283586833,-3198.2032947573484,-9603.56777772257
775.5373873071144,2618.7271205988222,-547.6846992871856,776.0800476329208,2577.0971505579228,-558.3999442681529,753.6795449324513,2516.74470640128,-575.863017085786,752.6580897607222,2478.477951864116,-596.344445472044,0.014580795090809458,0.018060638393454814,0.015567260718310473,324.59966742004985,-5.796013420907155,-937.803579414322,-490.5000590166483,-2843.28486188052,-2930.815810142292,0.8717913057974259,1.0,1.0,1.0,1.0,775.8597217153713,2610.026059509165,-544.179684520314,-490.5000590166483,-2843.28486188052,-765.343812651723,-10167.725719770518
-436.3447230371889,2546.5375739263795,-755.3028077329831,-424.3929205515011,2492.9774743074377,-804.2049705624879,-409.5130711919573,2460.575260476016,-862.6195304406168,-403.3127603038615,2420.618550752133,-916.3480028202766,0.01501830047885064,0.013421119504091472,0.019364151870273415,105.83216915084371,-54.625341530191015,-826.9260806235325,595.8689979265287,-2872.4508828644734,-3463.9845816175603,0.8571964281467852,1.0,1.0,1.0,1.0,-433.4292739726638,2544.9427074621613,-749.2837272689269,595.8689979265287,-2872.4508828644734,-3239.4479110261514,-9696.464362768013
-101.82704323923419,2482.2340898300513,-658.2550161436122,-110.10847750466733,2437.4987174288112,-660.1812971896261,-112.17378088206905,2384.188826213711,-662.6755114568535,-121.90735555186387,2324.4018229658514,-672.7359471677718,0.017234727306025967,0.012466810453800922,0.016307533262497315,-469.75750552528166,-174.2688591401626,-808.5051168461113,-469.54663255876665,-3392.506497146019,-1783.790756486201,0.7389909289776764,1.0,1.0,1.0,1.0,-101.16339896665096,2488.848741119472,-653.3503979043396,-469.54663255876665,-3392.506497146019,-183.35170799310725,-10146.480682101175
674.5765962854533,2438.3516906950017,-1056.686719454135,672.8252876108456,2369.2057348421595,-1094.4691974096365,660.1509303820071,2287.2542211784466,-1143.5397824118704,657.2460798455958,2212.130489198339,-1106.7586256551804,0.011188156751286642,0.019033559998369625,0.01509272795086887,415.838599035753,-70.6663959916196,-848.1389120886965,-503.6412628916769,-4773.551402174297,-1830.1801250056337,0.4796855552994752,1.0,1.0,1.0,1.0,680.2502620538869,2435.4480901498855,-1055.551361128832,-503.6412628916769,-4773.551402174297,-2733.4830351201913,-9936.156988723844
342.0722120611223,2437.8679734708085,-1019.8973573106961,351.11777501788225,2398.058685451494,-1069.9913645205943,345.1104197927626,2359.0979810790595,-1104.4984312584288,352.35059089363193,2316.270376399613,-1145.2169540140476,0.018850832685262078,0.014945344639422129,0.013196944958376332,406.1417351559467,343.3751661822555,-1014.0584234952196,87.28474182161776,-2974.165003227306,-3066.7932341831006,0.65800687771694,1.0,1.0,1.0,1.0,344.60599217170295,2440.1614934575055,-1018.6501384591493,87.28474182161776,-2974.165003227306,-3081.5198118766725,-9845.87412594052
757.2255336083429,2546.280559067217,-472.4660909276134,755.5038238296303,2509.7835393607006,-492.58466060023466,754.2041271868251,2455.004767184065,-506.1158903439751,757.620096891943,2410.475761620299,-531.3548339596589,0.016147790572627076,0.015804284465213574,0.016796986506855273,509.6082067841977,-100.04253916446794,-846.6835207636462,-259.990950692485,-2740.878799112693,-2893.598454103976,0.9162509384553048,1.0,1.0,1.0,1.0,760.4994742024467,2544.9055019792686,-471.0845875057905,-259.990950692485,-2740.878799112693,-1003.6711320339253,-9805.6734429905
444.24580168109327,2639.820232915549,-480.38930897128637,444.9991849438072,2610.4009962705236,-480.5114287282043,437.25784170389755,2574.0651399273065,-471.47969836069683,446.93224592115433,2535.103537433659,-486.2265838219305,0.015177103682930711,0.013550617637688204,0.01539351335657373,219.57136995440038,43.17544964102383,-951.6550837541654,-208.10041263945408,-2418.13553173014,-3061.6250511232506,1.0308787653228064,1.0,1.0,1.0,1.0,443.2793135418126,2642.6711462509325,-477.26741351569103,-208.10041263945408,-2418.13553173014,216.17339803640772,-9831.003189830633
3.745286228502298,2549.5167553417623,-494.79250921834176,-1.460748921644747,2501.763981629501,-530.0327075039855,-2.4039820512758965,2449.7123646230184,-560.1648087394029,-12.748684623338459,2410.9892038286657,-596.1789050237888,0.01700766906196505,0.015508828559361264,0.01582764875631623,-322.11927497915553,-316.63008596400044,-812.147277389648,-335.73258488740754,-2973.9307808795224,-3042.2996932310516,0.9166558536223582,1.0,1.0,1.0,1.0,1.8626694371938584,2553.2131175847426,-494.63579777404357,-335.73258488740754,-2973.9307808795224,-1795.0308454396902,-9502.014050832588
-400.2540820079329,2517.454759486715,-703.5575507079449,-385.3524785954354,2452.3003764176833,-732.1492783326707,-366.2052442765505,2406.989756242961,-760.9749024665757,-346.6540148239381,2364.775767690291,-795.4732587306954,0.017539056654621122,0.014442517296662464,0.015605097995946025,460.66496579192824,1.0205242864052408,-802.6995086293412,1123.5370890688896,-3292.0311436248458,-2309.9504273254483,0.7174133280527709,1.0,1.0,1.0,1.0,-398.8409073457707,2519.4243491594107,-700.7696777915139,1123.5370890688896,-3292.0311436248458,-1831.538167736547,-9720.237684271886
639.206666550652,2505.767147086787,-694.5346695675418,614.5136710895927,2467.418189101682,-712.8531279214706,582.1802512392105,2411.30002161139,-744.8129949419459,568.4068190694541,2373.8550042647603,-754.0842159165916,0.01698255033940956,0.015061508200115266,0.015619190809307133,-537.2233052920986,304.775884317648,-913.7655154020666,-1524.780613467949,-2860.8746133008963,-2401.9994518878257,0.7223367506511686,1.0,1.0,1.0,1.0,636.8577670782227,2507.649336559336,-693.2316370862943,-1524.780613467949,-2860.8746133008963,-1157.4440778910089,-10045.042819650858
398.6268490386125,2536.3604798559372,-439.3225091812432,400.5330253071366,2494.894839832089,-452.50185574018946,393.24034175627924,2458.356789714261,-479.02009378879495,389.4364565725071,2411.0268255925253,-495.0457149743435,0.01236930035114222,0.01846498430153212,0.01404869945221425,259.2518383971646,-34.4411275626832,-892.4626388589788,-136.23752790320734,-2568.182958049073,-3164.6646204972835,0.9551170158951121,1.0,1.0,1.0,1.0,395.4893663003753,2533.7418304863813,-440.4021527559271,-136.23752790320734,-2568.182958049073,-1019.3212041892024,-9928.30270037223
551.2468829847418,2575.512611378387,-549.8755964141064,540.6836631882869,2548.7031382772607,-577.0354023678298,551.1336148543461,2510.8381550725185,-604.9775176976744,546.7209035467798,2477.2881595282147,-649.5241635705628,0.015583705422605008,0.014263024392396777,0.012899563874648436,465.05758930227773,353.92625288680966,-1010.9452356957519,-80.0793026843682,-2191.984683986613,-3709.512684139023,0.9672537063103502,1.0,1.0,1.0,1.0,545.9376850134902,2567.830783713299,-543.0576926006704,-80.0793026843682,-2191.984683986613,-2203.81745957341,-9515.060819840117
-229.07575479452095,2491.0552202033277,-561.1611672169566,-210.27836251687418,2451.2580986912303,-579.2414026941815,-238.77304908435136,2406.7539658587375,-603.263607307908,-191.92894707329734,2376.6874778450588,-629.398518943697,0.012488988960997252,0.01765688676010984,0.016262922804430587,334.4427585681445,311.59006828677485,-1011.6768869786622,609.709085467381,-2364.497936809434,-3203.6134939853655,0.873591201474463,1.0,1.0,1.0,1.0,-226.48960006184666,2486.928170151453,-564.6486776666273,609.709085467381,-2364.497936809434,-1080.4667109897246,-10173.834486166788
241.26452118145974,2629.4042641380347,-474.17171446687627,236.34270402606862,2583.0809580901596,-508.8432132195936,221.07446818080513,2531.0869521403242,-551.7904960298495,208.4918011964608,2495.7280041791587,-586.3637812150434,0.01682822753335322,0.01503725949436581,0.021015247753575713,-495.190632419515,4.952865743220997,-813.1398918702013,-768.6843380338403,-2714.4908339775666,-3308.3323453794414,0.912119265218706,1.0,1.0,1.0,1.0,246.58975378314017,2624.436520531568,-475.33026396237483,-768.6843380338403,-2714.4908339775666,-2040.2816395823754,-10039.309376243204
691.0371232702522,2566.4273644211394,-533.5847577522436,681.5812043629247,2526.375122187289,-544.0088101270646,677.2066566598372,2479.024229088095,-584.9868861817275,665.6231638675367,2435.071763275423,-607.025184933303,0.013889813503047455,0.018071280679996374,0.01474022019285895,-14.725618639583162,12.255551086061173,-910.2841242900345,-749.7857005789206,-2699.079791339196,-3162.2763751294765,0.898298685624098,1.0,1.0,1.0,1.0,693.8218684074984,2562.8859539016034,-531.560547155077,-749.7857005789206,-2699.079791339196,-1618.6388542009113,-9744.024311017363
386.3894453465167,2631.2432275870606,-493.7265114781754,371.58268205963697,2596.0199609736505,-500.0147721721481,370.87286816426825,2545.169017223099,-512.1392185960506,356.05524298398205,2505.7727123421528,-529.1169634445147,0.0165409003050856,0.019543615950736094,0.01741255989828506,-86.10053940333327,87.62185174817873,-949.0987025722304,-482.8268045985228,-2593.8216102979886,-3153.871609378349,0.926502923845894,1.0,1.0,1.0,1.0,387.0697291032204,2629.567029840203,-484.35431775261554,-482.8268045985228,-2593.8216102979886,-756.4293883403371,-10086.376497129699
541.9830056461243,2463.531133130623,-733.7136816294858,527.6655502238395,2408.387081522444,-747.6680227208952,505.57388166420367,2357.881935304526,-750.2861426213847,485.7388428965759,2305.977954768545,-777.5020961933144,0.01426282602710724,0.014059762449104798,0.016652946110198866,-349.9127782947121,146.51427526714303,-920.69434278109,-1199.7570092697638,-3104.507004153373,-1971.1358035143303,0.7000244654135896,1.0,1.0,1.0,1.0,543.9061936112616,2459.3719933614057,-735.6123158105265,-1199.7570092697638,-3104.507004153373,-569.2184898746151,-9621.599003729187
-121.54027031451132,2508.0316972940914,-475.3827068154203,-129.86560240354248,2481.025770636395,-483.18553108281816,-129.6575008748972,2440.977769970771,-496.81734324005265,-132.40114753455927,2412.3974791278742,-516.02390462893,0.015796591892929337,0.008436177327836,0.01688036662012981,-322.7040185597441,208.55130356123468,-1019.336407746797,-192.21863501494647,-2221.572502686585,-3399.263254654583,0.9938868641591048,1.0,1.0,1.0,1.0,-123.75773131927644,2507.878843841852,-467.61465145000307,-192.21863501494647,-2221.572502686585,-999.7746070782981,-9566.427905536228
387.03544467046794,2625.3654480632326,-745.1048352945954,374.1158589463012,2572.8379071525032,-744.6036503114409,352.3399374620429,2528.600186410168,-740.2221265210599,337.7896495384299,2476.9006008493166,-742.2915929125124,0.014490989389600821,0.01743132402707882,0.013787826437130297,-545.8981866235019,172.79030519319576,-836.1438249847184,-1254.9203583313056,-3278.590238563541,-1356.065495620379,0.6992898601461907,1.0,1.0,1.0,1.0,389.01748033332194,2615.3400329230317,-741.5452873942972,-1254.9203583313056,-3278.590238563541,167.4943613618771,-9572.20829356199
476.9046704253072,2457.8558021056665,-1080.6060191060712,454.4923219325129,2385.8684849715005,-1129.7171045505208,431.1442555493632,2327.5918540954076,-1124.0421817718143,398.70580986475863,2254.091804567622,-1078.6665792858466,0.017203650206678144,0.01533852682835514,0.018524718089426677,-342.8755186790685,167.70246017612757,-972.3145808002242,-1531.194281194482,-4297.117294047262,-2163.6785395565685,0.4839331048755404,1.0,1.0,1.0,1.0,476.3134217599803,2466.66021249141,-1083.8517034182382,-1531.194281194482,-4297.117294047262,-2622.515491133985,-9843.454446420832
356.49267509567284,2590.768584372571,-781.1066920932582,357.12264107444645,2538.603573461112,-784.9530656612551,346.7712859414509,2482.846711415117,-797.9877898271102,335.66151713163885,2421.475961355758,-829.4550668294681,0.014470025494257677,0.014096004503355592,0.0172866170890517,139.31244744885072,18.036707726814623,-936.6686627533518,-317.6585249560142,-3708.509284822876,-1961.265807464223,0.6491473529133356,1.0,1.0,1.0,1.0,360.085122293282,2595.4506606787086,-776.1176395302698,-317.6585249560142,-3708.509284822876,-844.747646478634,-9758.322526749782
-160.18456688380604,2687.462921042671,-632.3367737072333,-125.99185623905983,2633.5684137434814,-685.2640855213822,-150.68056755969081,2595.2152833316104,-740.3345637879097,-149.36076346186215,2544.3516352349693,-805.1490758982853,0.017575527935297684,0.016418335615531163,0.01646342746577801,25.84269744059882,42.59410299396481,-915.726914342356,179.6405427278072,-2640.60532078036,-3925.311500722086,0.9495427089833938,1.0,1.0,1.0,1.0,-153.7978452872082,2683.1994237743343,-629.7004026053703,179.6405427278072,-2640.60532078036,-3137.4959940552976,-9727.690068752976
-143.72651224058455,2448.741169791646,-538.0848357432776,-127.62890602675499,2377.30321420724,-523.9294208382945,-110.51775702428932,2291.8181877063744,-511.14860876408943,-107.04038477634576,2204.0071896541267,-512.7196011721146,0.016042491238042418,0.017375357989548364,0.015437782257025558,267.56896038244537,28.52681293037064,-939.9251430709011,820.5378616196783,-4840.53484886923,2902.0243862103825,0.451144368515384,1.0,1.0,1.0,1.0,-142.6999704273942,2448.7942373649853,-536.048383766288,820.5378616196783,-4840.53484886923,713.9782179822977,-9795.272238108442
124.44521612864918,2490.2126312030887,-1068.5975827034679,136.86107957264116,2416.7869040358573,-1113.5237870345493,148.15756870243663,2339.8714073413025,-1139.6713399783537,162.30289226906737,2271.3615298780396,-1101.8985038069675,0.016308329960701043,0.01598165038809991,0.018990815839211986,442.83316389726645,114.71101711660754,-997.9167718997994,578.215986752002,-4353.589823635821,-2183.7291147189544,0.4937192038119874,1.0,1.0,1.0,1.0,127.70545111742524,2487.4174709981253,-1069.7830514763534,578.215986752002,-4353.589823635821,-2481.1076841227864,-9649.280819915446
-446.0734518283248,2450.616303449207,-946.5202977745901,-433.70901840832033,2400.088508247941,-977.2845137541755,-405.0791364807317,2345.0356980819643,-1029.6801594775695,-393.9803764332807,2286.9049201379266,-1079.3117686076573,0.018116025287289804,0.011682782111198272,0.018436138492976598,314.97967031925356,134.71340170615247,-933.9228590297301,1169.2273006065864,-3577.743752000211,-2499.9979209956064,0.6017650541085358,1.0,1.0,1.0,1.0,-445.01807507502815,2460.2468405062896,-940.3502756442142,1169.2273006065864,-3577.743752000211,-2525.6074620156073,-9964.618796721265
-288.9847763886366,2522.0082166863604,-734.5190144584967,-289.7904292376457,2457.6355645632407,-781.6464031243986,-284.046965523235,2412.230258779347,-826.9252149871942,-287.29082697553963,2357.526507224724,-861.2238949050161,0.013984386870544568,0.01656697340947627,0.011717776035920086,-271.6574492628503,-265.07986424048005,-810.6984191020736,25.82020760678327,-3432.7460358053822,-2877.4622310241066,0.7677308636840596,1.0,1.0,1.0,1.0,-292.5718174243458,2515.444424761883,-736.9098057694234,25.82020760678327,-3432.7460358053822,-2611.5681845886343,-9893.879107764036
-190.0668400484021,2536.082828880121,-668.9477500998187,-177.61309799428625,2478.089821313322,-680.7334230376279,-152.78745513511873,2431.5420815815924,-677.7806578238814,-132.59447690186295,2381.058702313401,-699.9012551601248,0.015620746465732123,0.014546285090441514,0.01445471383533374,660.1153278660637,65.87507222172604,-803.3215304192873,1111.9943098770095,-3230.1763566626473,-1674.3489972677432,0.7203782546084931,1.0,1.0,1.0,1.0,-190.56031918984985,2536.9599850686536,-668.6326342835224,1111.9943098770095,-3230.1763566626473,-443.2866929060728,-9679.683249704869
-313.44013739596164,2433.3739157391437,-589.9667664771146,-306.65971753578674,2392.964836298329,-605.0456951045641,-298.8095120453509,2350.7226574469755,-633.3931488300517,-283.6989126530121,2312.565449922484,-652.9147389370722,0.015520648715558673,0.01446209673159385,0.012801979707771631,458.8881360660507,121.33414505551022,-866.3757956431965,884.1905391032242,-2642.2089445839392,-2659.630774937456,0.8322152748450765,1.0,1.0,1.0,1.0,-314.77858564927044,2433.2669715664615,-585.8551841343631,884.1905391032242,-2642.2089445839392,-1281.3458635360198,-9682.296905199391
516.2414973736944,2578.864024738447,-1067.6310371664324,513.9254870264679,2537.317894350849,-1110.5804595165064,520.4083821842167,2483.2561819722164,-1127.4688998106856,524.66514354041,2442.9542100194085,-1080.5884909198348,0.016775915425391263,0.01350330551397606,0.013488530061425127,697.3982929031023,105.83365525689575,-968.2345349710279,252.3155339765985,-3441.414381649594,-3149.0696324557625,0.6762322489992081,1.0,1.0,1.0,1.0,515.7311084399548,2583.6520100446096,-1063.9001299591137,252.3155339765985,-3441.414381649594,-3434.191070465373,-9809.096502941526
638.961594100807,2640.3745821129955,-584.937338530925,636.334879675212,2601.065374390561,-636.9207885048195,626.8932936038227,2551.464245973378,-683.002028769583,634.4991611099176,2509.9794162124704,-732.0572973080922,0.01565898626545799,0.015894376436433225,0.015457412470847781,499.52006348173745,-139.21601319668437,-821.6072105927412,-139.63626393079306,-2866.8635926121456,-3619.7624401186386,0.9229892248272618,1.0,1.0,1.0,1.0,634.9672394946019,2641.641671637097,-583.9295818706463,-139.63626393079306,-2866.8635926121456,-2900.1818482279455,-9870.005044054325
193.92392864543552,2551.446587171398,-981.7764114373134,188.1756955954373,2496.7844710071513,-997.3731458872309,188.13364140659093,2445.917908218254,-1035.7540094792191,179.95497090063455,2388.1865167487044,-1058.51035801047,0.012976773386351096,0.013030408210056773,0.013358637646751818,59.90264058615273,379.2729093745107,-1011.0188725747718,-246.9640915999791,-3988.4235237221783,-1982.6889145555945,0.5056341807568406,1.0,1.0,1.0,1.0,194.49807050814127,2552.9637298030975,-983.0104739004496,-246.9640915999791,-3988.4235237221783,-1840.3100346186607,-9723.263634393426
276.38964608237575,2548.794468181223,-646.7193246391283,261.0038230837021,2508.573904064506,-667.8387404359133,246.29779082821366,2453.046168511347,-701.331123000097,230.030956394285,2407.532606835359,-723.9343329452118,0.017037435869325077,0.015108953978904782,0.017306632541786278,-485.4777504530041,81.5224124014012,-821.0302015250152,-956.5967304651663,-3107.3844534494697,-2258.521778895535,0.7455469776099845,1.0,1.0,1.0,1.0,275.01665026680234,2551.8930528937294,-650.5504124977846,-956.5967304651663,-3107.3844534494697,-1342.3617994019862,-9677.002643299436
388.91985446439446,2515.5725456692603,-695.3999721499456,383.3343225348128,2483.7745853293623,-724.0535237056357,371.0107041372703,2444.2111528044734,-765.6993372992775,365.6112100901353,2407.5162697576156,-791.1475634332318,0.017037605801760402,0.012176573150373663,0.01730058686952663,-81.24240478245473,426.6143425844407,-1019.3722968501173,-554.8113217196386,-2463.5085338974063,-3068.8283382563077,0.80348523417834,1.0,1.0,1.0,1.0,390.34721867923736,2520.5965963972326,-699.7452261644423,-554.8113217196386,-2463.5085338974063,-1809.004505531441,-9613.793009806153
724.6979938533516,2522.131967985844,-779.5417981215053,696.0995242801558,2463.1037216733,-832.7384314189834,676.1411119941548,2414.830718986391,-871.9721170529768,662.1583564018745,2356.4276780911387,-936.1670580707477,0.014048707095547239,0.016697278648628758,0.013445758694329752,-214.63791382902886,-279.13730092109176,-802.994427692312,-1123.699865127382,-3369.3448173109823,-3050.727327634277,0.7858082555614949,1.0,1.0,1.0,1.0,718.0329742266968,2517.4188974470258,-784.2568852284166,-1123.699865127382,-3369.3448173109823,-2990.3622098090973,-9734.508894198756
-203.05709402898935,2498.316654862099,-559.4522122714806,-207.57300556453941,2463.0102285107505,-599.2154892432388,-197.95399789327865,2435.705301021861,-637.03297641057,-201.05226328779665,2401.0683563492275,-685.5451886984532,0.015146907761838888,0.015778559761794674,0.014473977114919413,-221.97690743273196,319.0600201343568,-1013.3540213998971,-20.225573809163876,-2160.251036037307,-4023.845531184342,0.9596005553614476,1.0,1.0,1.0,1.0,-201.65020575452104,2490.112311351849,-557.4455870899094,-20.225573809163876,-2160.251036037307,-2655.5782141230106,-10023.433926047199
-2.106280229650197,2435.5339924623113,-888.4213991901646,-6.884184239655509,2370.686341474922,-899.6430694032163,1.4854862574698953,2299.133326630542,-907.7640932208063,-0.23386247086499062,2240.218258076733,-919.37708681667,0.012101728863434627,0.01676475235186653,0.016481890594923006,30.102028111069554,23.86735117576175,-951.5779908751116,61.07741608858302,-4437.678967597825,-1194.5343053583806,0.4996516281897762,1.0,1.0,1.0,1.0,-3.18516365720825,2442.402388516575,-889.1829351444273,61.07741608858302,-4437.678967597825,-440.0884043197831,-9883.209427418356
320.6327428541832,2483.016968204103,-787.3774995144581,328.3653931119783,2413.2377188610076,-781.1411645083647,332.8700163332018,2339.243018905084,-770.7306345275083,353.3811821705905,2252.725179513231,-772.7909071524482,0.015930491662812508,0.01559448321602968,0.0166968114576204,649.7709331109587,100.80642566137809,-815.3890898290932,648.3138731771046,-4714.417384582007,959.7591893420317,0.45677821366353777,1.0,1.0,1.0,1.0,322.3724271565193,2481.587204875291,-782.8484471603498,648.3138731771046,-4714.417384582007,513.5011135481277,-10104.923246105047
686.1977113984685,2573.5632552428965,-608.1405550025116,674.1328457242624,2518.952146556358,-650.1376612749257,670.722164483318,2460.256338878019,-670.1632148205629,664.8799915240257,2420.4064163143566,-700.0295715071985,0.015935875614712797,0.016426848317178916,0.013359110397344984,272.30590607231557,-335.53570777856226,-805.5350892587413,-476.41554272776904,-3360.236300790264,-2711.0333411051893,0.819278165670764,1.0,1.0,1.0,1.0,684.4053505318391,2571.068692405012,-606.7040846174777,-476.41554272776904,-3360.236300790264,-1878.6278756716556,-9608.43803996239
183.2191051229161,2434.8582402619086,-752.1818670750528,170.40472391684756,2363.695042862425,-755.4929484584633,156.23067859362396,2301.524975527512,-738.5523687619202,150.29376952904636,2247.24599881112,-743.0465080627298,0.020250134383568978,0.011246511366886557,0.018824225184006216,-135.8083417968009,397.55810552891546,-805.2844822504281,-602.8278226682712,-3963.136039052535,1086.8624238820503,0.4646791290655386,1.0,1.0,1.0,1.0,174.64798687735868,2438.573165640976,-754.828157346793,-602.8278226682712,-3963.136039052535,455.3697622564829,-9656.758707801751
58.24126321067697,2504.182765578742,-679.4499439976053,60.949403036922405,2431.9210763935534,-684.6554718704944,59.29399930014991,2371.0479829970104,-678.5329525736059,68.57076746593701,2315.0118731942425,-679.9806886343675,0.01565644290583006,0.017398174382321406,0.013482149000714039,68.92259250234491,455.8170972739749,-807.2846381884066,17.419762969592483,-4180.116088191585,1589.6588136429873,0.44346323371113483,1.0,1.0,1.0,1.0,60.38690864724458,2504.0739804878594,-681.3714714340842,17.419762969592483,-4180.116088191585,283.97085392253985,-9716.437023398288
-282.3273017675139,2624.99356465312,-539.2206799706214,-279.07383676585624,2579.364242561567,-539.2854355466252,-271.3174364586677,2533.9815502663546,-558.7381351943242,-263.30789603328196,2486.5913602073265,-559.9879645760473,0.014785123609409541,0.014026976888518894,0.017299464388994684,165.5909836827168,-8.23491822114023,-856.2487103000134,476.8765087760493,-2774.9006334825463,-2478.8232642497806,0.8988884351130776,1.0,1.0,1.0,1.0,-285.05731711064914,2614.0461804198585,-540.1085762501939,476.8765087760493,-2774.9006334825463,-282.200460731674,-9592.887494688413
747.2949129381203,2602.4336214526916,-592.7329465453948,719.271433463815,2552.045832981135,-606.3907987565999,693.1234097680774,2504.8216579728137,-625.8776315572617,668.0424083261285,2456.647202605341,-643.6287976193921,0.018999059454112874,0.014961782465486417,0.012338348744499163,-588.2931048547582,-94.84702582850711,-810.1068930341521,-1601.1851532225007,-3231.8282014704073,-2250.9830685629377,0.7887008093359021,1.0,1.0,1.0,1.0,748.6964980860289,2603.7295223992774,-589.297901865754,-1601.1851532225007,-3231.8282014704073,-816.4280704459457,-9965.335546472892
-363.2370748026577,2430.0,-693.7660916125734,-346.69029754907564,2384.233590749191,-693.0126823629813,-334.32215053551914,2349.571293372528,-705.4843556110433,-318.3337463695998,2298.390545524013,-714.2681554034477,0.015925006504295066,0.01622566485392813,0.014444412772021284,396.272929445628,197.49896571223644,-961.1080515726444,917.6892912155722,-2706.402084809543,-2321.4092520111817,0.7784049158697561,1.0,1.0,1.0,1.0,-360.8207358072191,2430.280685680109,-689.1931079301309,917.6892912155722,-2706.402084809543,-387.1799480740398,-9634.599301965733
191.60627385711086,2538.845351826699,-798.0301695146154,195.09286236761477,2476.054979007801,-794.1022663988201,197.1631175268362,2420.132285194107,-784.072614983306,206.84146484719565,2368.217324702915,-788.2129103790038,0.016753002486454567,0.014232243403780286,0.014856320031600704,230.38249210832635,-16.029704177765257,-807.8321262688257,53.55292408184982,-3936.6393654963354,-647.6790227506237,0.6041584340781649,1.0,1.0,1.0,1.0,195.57309145512352,2542.785883394856,-797.8090483883249,53.55292408184982,-3936.6393654963354,467.850665653281,-10027.660573485527
-24.066278659079448,2479.7960530087776,-650.5967267589854,-18.778649100793025,2440.841309183424,-646.2034349895544,-16.245005169219432,2406.1369476397954,-626.3310913973837,-20.653188533199437,2371.198091657549,-643.3941758334419,0.012382325495096784,0.01740677311748515,0.020027830650764626,76.82522140056567,300.2259112417644,-1016.1788399477408,102.75006263658929,-2229.0637836919886,-2684.9395094835418,0.9301830707366542,1.0,1.0,1.0,1.0,-23.869839983291968,2484.7084192599073,-641.1754433102471,102.75006263658929,-2229.0637836919886,338.6979324430146,-9459.296985478679
-384.4482918467526,2456.4202642085124,-863.8945418532421,-365.58530333345567,2394.0906406668046,-900.1206686368645,-345.8841934904374,2325.6373226510036,-947.7035607527017,-334.6793650051799,2276.9803281497047,-975.2963493305641,0.017129842207358914,0.0181970774554217,0.014831833305249953,406.45853830722183,69.48181105056787,-801.8634820392239,1224.6551140997026,-3673.121552675498,-1927.0493434642078,0.59984124703197,1.0,1.0,1.0,1.0,-389.5672858575841,2457.010820289639,-862.0902349189969,1224.6551140997026,-3673.121552675498,-2202.9557755417086,-9455.976180498035
513.4409135476527,2677.5718789050434,-587.9061319838386,507.57835597286925,2637.664929905443,-628.6571893644104,502.3920785019752,2594.907875642433,-643.1916831617717,492.91840661109114,2543.5219421349216,-672.4548197799859,0.016073344967608337,0.01774529282008579,0.015317337185295606,143.35532007279585,132.08326775962712,-1012.7963920944944,-401.17628428064427,-2752.7677549344135,-3189.949255468256,0.875864025027011,1.0,1.0,1.0,1.0,514.443383032391,2678.393441073949,-593.5096705541196,-401.17628428064427,-2752.7677549344135,-1450.8029497054058,-9625.178773119658
-185.6298265212219,2440.029579772219,-673.4836181997921,-189.10930704612375,2392.9518508157503,-723.4826385091767,-191.25923870894198,2336.0048295877423,-770.0812608773088,-191.6479493145079,2295.4948448100677,-808.4496918458049,0.0162895894790317,0.016582349114145946,0.017092016631857436,-367.4788286714334,-175.7186031609947,-811.9240521619099,-205.28526041759142,-3018.5681957699194,-2980.5235743171943,0.8150360447749656,1.0,1.0,1.0,1.0,-189.90707841021776,2435.3428861799816,-679.7515706729869,-205.28526041759142,-3018.5681957699194,-2518.922168775532,-9604.781793359005
202.9211760232194,2575.662655321286,-864.3898207515249,203.86067757387133,2526.6529587416794,-913.597560367858,198.0557485905002,2457.518155896971,-964.626605223714,193.3629619761227,2411.006097607414,-1017.2928238070034,0.014565765952742653,0.01607125818932989,0.01560519080205812,-99.9829642559588,-401.0490247715964,-809.0367589951575,-381.51527099495587,-3722.533549131428,-3028.8115666672015,0.75375778505587,1.0,1.0,1.0,1.0,205.22925254000643,2576.9778145335467,-865.7460560826835,-381.51527099495587,-3722.533549131428,-3205.7118654236383,-9721.703233175882
-321.2888876085945,2551.8578829559838,-849.2700152458241,-303.44783424526014,2494.6394776625975,-898.595747496656,-294.9579073033112,2436.3195454543234,-946.9026954918854,-287.0388425564928,2384.7821812699503,-1003.2991773998538,0.017987413155729114,0.014677130312431837,0.017902037004466333,331.0867741806768,-216.60233214647047,-813.3784222888759,857.1398204855768,-3642.8862139714624,-2860.7701986832326,0.7094334195273733,1.0,1.0,1.0,1.0,-320.3394893883616,2551.9911904718347,-850.5776172251966,857.1398204855768,-3642.8862139714624,-2988.097079864486,-10001.477757416395
407.3088409575311,2483.8510214643075,-633.9940803865829,377.7220215013341,2429.880053977892,-646.5999343234346,374.9725130784544,2381.8169771099506,-654.9910916689655,351.99184742508766,2330.628953290743,-668.8999777299463,0.013608960695899716,0.017934848654110977,0.014767329337506511,-453.28309597941677,-244.3758045732384,-806.3651518504009,-1061.9026308912835,-3396.163462955942,-1921.1557195002993,0.7586888613124834,1.0,1.0,1.0,1.0,401.54852188806535,2489.535783106296,-634.2828902206502,-1061.9026308912835,-3396.163462955942,-630.4753351394484,-9569.99353381046
405.87385530320086,2496.3086801720465,-803.0226609137337,390.0543798711827,2431.4038370438925,-817.8583625982866,359.94013080093544,2378.1161814616803,-845.4611384215975,348.23099481449793,2326.7526178725852,-873.8622717183623,0.011519391500923919,0.014577783437991656,0.011504754462280595,-484.58890558105253,-6.744435467794581,-806.4336438896709,-1443.3744306338783,-4035.889077111006,-1408.8009817273144,0.5823980705988043,1.0,1.0,1.0,1.0,410.30324141195194,2495.506792341029,-801.240135074421,-1443.3744306338783,-4035.889077111006,-1373.6758922450426,-9461.38812764547
499.29815315005436,2527.032181800752,-590.3735803688909,493.8791102585613,2482.2847190836437,-630.9235593616073,497.6127813224262,2435.740088197679,-668.3556215904454,480.66336848022814,2400.3165210295597,-715.2215086701458,0.014844109443336568,0.015245957800302093,0.016052308390226835,104.5664069383142,-52.715572123597354,-880.3832698225481,-415.96933623842153,-2713.54136067636,-3446.4498288628565,0.9038576243661353,1.0,1.0,1.0,1.0,499.73727636481567,2525.1487205189455,-591.8025415519858,-415.96933623842153,-2713.54136067636,-2505.7787284259757,-9702.008027065196
-160.14716201537445,2577.8162943335715,-961.4498714795949,-136.41818381884215,2529.4443501036767,-1012.5809360013594,-126.57070000677643,2473.147358985093,-1069.7655750270694,-107.70240573385107,2406.471724783455,-1127.7215191784642,0.015074776848181303,0.015941241168951584,0.016968432803133676,647.276108435222,114.71513192837142,-806.7740866260656,1126.2815059051268,-3430.265458599342,-2817.0604594850656,0.6670155491797339,1.0,1.0,1.0,1.0,-158.01516828694344,2567.3549348268944,-962.3935778849695,1126.2815059051268,-3430.265458599342,-3327.284679734681,-10070.590258905246
616.411786052362,2524.3228430835143,-851.7934462899977,606.1804737215627,2474.930477291296,-862.870578062105,604.0177475621108,2403.816630735349,-882.0575674462222,594.5216741516192,2349.905794423282,-888.5208214034067,0.017375003086655186,0.019341340283790753,0.014160662810542561,297.6370425063942,303.93097478288155,-1013.5305581900124,-502.53526329779976,-3472.7301237666484,-1804.4257414538986,0.5891229938190119,1.0,1.0,1.0,1.0,619.2596110169834,2526.4782539935304,-856.5296163561013,-502.53526329779976,-3472.7301237666484,-453.486391087061,-9715.651016887168
-308.784980577737,2442.518628806376,-745.5474091193811,-288.1228978826248,2376.2659265958364,-751.0060817858973,-272.706814211733,2306.2666183169736,-764.4651360038266,-265.4793565593965,2242.3303480544128,-779.3065850091114,0.017476696598176102,0.014850576083483252,0.01608867309922654,391.23854816920783,-313.5531773034473,-802.6744989335289,1055.0548213405143,-4145.320088302229,-1286.0721664203434,0.6165840542191146,1.0,1.0,1.0,1.0,-310.3729080222338,2443.084681417534,-739.2081776554138,1055.0548213405143,-4145.320088302229,-655.4272805324247,-9650.363287763383
528.3776706140362,2541.09120430871,-637.4699794532829,516.3382799954063,2504.309559715469,-690.1657557990492,503.08642172547235,2458.4896616387437,-732.1855099097222,488.7554448648484,2414.5869331815616,-776.4035187874978,0.017390608849411744,0.011959151799494205,0.017306767128310346,-266.02765732357136,-236.83201283448656,-808.1558638355791,-860.7177533840792,-3011.3666721743966,-3336.0335307121627,0.8783434722227844,1.0,1.0,1.0,1.0,530.1362645567006,2548.682158926831,-635.2787140147013,-860.7177533840792,-3011.3666721743966,-2787.894113202817,-9710.204258855776
-60.25433320715591,2456.499833034123,-888.2309362480664,-40.10490490149771,2398.593918887016,-929.9776814451319,-24.465151013536964,2355.0179750028433,-960.1391427168177,-4.110209191531771,2301.747470607782,-1001.4069491594971,0.019558002359894876,0.012507951073807845,0.014666401711064512,659.1054566067546,186.73073258686523,-957.9482911748812,1061.7755464949844,-3390.6070156138376,-2409.4862228123066,0.6232676448552332,1.0,1.0,1.0,1.0,-52.284159544884005,2458.4374330481387,-887.0500736641427,1061.7755464949844,-3390.6070156138376,-2105.921435383471,-9670.311468139857
-440.8398947871957,2436.976490198415,-793.9923637156243,-423.66881131859697,2373.662971879795,-841.9959281171659,-400.8819084749759,2321.172304438612,-871.3124406626583,-379.7623762535331,2255.094106695486,-922.5015321418599,0.01778781798348763,0.01145891517696919,0.01753878486828124,393.4675804845032,-304.59343530773197,-803.2311888169249,1171.4351476010402,-3828.9853314752518,-2248.319666460178,0.6682144819712624,1.0,1.0,1.0,1.0,-444.10855005024007,2433.1310766970782,-798.6859537397659,1171.4351476010402,-3828.9853314752518,-2228.854582059495,-9608.66847971511
576.1000807045255,2550.5162283653967,-882.4041174572812,576.5436304169591,2483.206405114552,-904.2060537550296,578.5962513938492,2429.755664343215,-936.6924054537499,571.006504443771,2372.187089613752,-976.0139174323757,0.015683883567411714,0.015882444221839855,0.016424787355825348,488.8115515491561,21.368176792582204,-961.2761443045833,-134.1404849051697,-3825.808826602855,-2303.3959361513234,0.6120088848549236,1.0,1.0,1.0,1.0,577.344271586571,2546.40200235047,-873.207293616764,-134.1404849051697,-3825.808826602855,-1896.8879424605818,-9696.717501863506
-190.44694212143904,2505.4712522048417,-969.0389310567816,-200.68321332226586,2435.480086111604,-1007.8296961324677,-201.5437039322916,2383.9920494493754,-1050.7453657813383,-202.37688359045814,2323.778967460846,-1103.443862558489,0.015872319155747588,0.014705732158106569,0.018251388524150692,-444.51068513848446,60.450783128740056,-931.9874954521429,-383.0510732467527,-3724.551731066347,-2577.435424853541,0.6061705601619957,1.0,1.0,1.0,1.0,-193.61223216186403,2500.0321669772047,-967.6763106201264,-383.0510732467527,-3724.551731066347,-2711.2932466892667,-9913.75001041456
-120.09904108842407,2569.5469836385537,-575.2802896356687,-117.06534169976827,2529.373756107381,-624.4339306635328,-126.16879732105865,2473.732732636608,-686.7969923625359,-114.08764517362671,2428.763131943253,-737.0937903979814,0.013317280243629924,0.01628691460790837,0.01681206703988683,-167.45526119302028,-449.6001134634809,-801.4712585424153,-45.98145656425774,-2930.425417141746,-3907.7396787782127,0.9835837381085749,1.0,1.0,1.0,1.0,-120.09436093183268,2568.7380661925235,-568.5297271315843,-45.98145656425774,-2930.425417141746,-3276.491031764709,-9735.101689326093
-260.88292946751477,2569.667505958977,-606.0208888496788,-262.6277217972243,2516.3613998336655,-640.5574117472913,-264.6757752520819,2474.9514661272806,-675.7923347607287,-254.3030128729847,2426.9911797322247,-711.4044992772114,0.016374843854701962,0.015978541842570027,0.012420067943026268,-321.8007849970141,-78.93050487471083,-807.5923889426705,-70.74888525367412,-3025.2175280725924,-2944.975623918185,0.8302265463597024,1.0,1.0,1.0,1.0,-259.89551040005296,2568.1348321888145,-603.8412761522756,-70.74888525367412,-3025.2175280725924,-2154.6532688967773,-9890.714424522876
49.851524374775536,2675.92667199726,-553.079705604015,42.812019122069046,2637.089705828855,-583.8832293480563,50.98320113737178,2604.1696664781675,-632.2894497306262,55.262897855320524,2570.7159164081713,-681.1632933087157,0.015739455757382576,0.012321176170638704,0.018356700929709684,59.29503706104553,382.83397087366166,-1011.0515778300697,9.417101288658166,-2245.2381776726725,-3792.4541164264656,0.9735826671422693,1.0,1.0,1.0,1.0,49.68959374661472,2672.9769120997876,-553.2814743937907,9.417101288658166,-2245.2381776726725,-2391.2147260602446,-9464.68386117825
-413.4181776535132,2532.1919811577195,-962.2561809263339,-406.44998960757925,2465.9209606160216,-1000.6279813447923,-397.8195553847932,2414.7479718929712,-1036.908962586474,-384.8929150229497,2352.877696084433,-1090.4861509710013,0.015284937974659227,0.01497384986999642,0.01532702855562039,0.9099296466078011,142.3922107461858,-1007.9970619776446,676.1487143161823,-3854.6041090493436,-2506.520804029266,0.5744141835997244,1.0,1.0,1.0,1.0,-418.3022732294261,2532.2467583567777,-966.8400614193167,676.1487143161823,-3854.6041090493436,-2336.1289247444893,-10030.543884212357
277.4527478638565,2599.8531321455107,-891.6438629565602,265.3353010119795,2535.0890867707876,-924.6346690866324,252.23886995570362,2473.4863265239774,-987.9479494182624,245.33765428049932,2421.0168713058993,-1027.2256354934314,0.013819390372010777,0.018511442428850874,0.015559063801478618,-192.50254167017957,-2.3760712893663296,-834.3290758850859,-650.1441942589853,-3612.1536771246406,-2473.9192280557927,0.6721101033976603,1.0,1.0,1.0,1.0,275.6012781962896,2598.3745762403832,-886.730858396564,-650.1441942589853,-3612.1536771246406,-2665.2554683194953,-9378.988036816323
-323.0231279765519,2543.5833216230044,-891.1461809075187,-290.8545981986719,2466.6323801177236,-911.8887489158407,-267.2553800869316,2399.366169738933,-940.7440156027247,-244.6487871791114,2323.145390291718,-979.5815876580436,0.01437031438731548,0.014200377277465048,0.016472990424883965,682.3383797792973,148.11734660402425,-984.7657800783721,1750.7264939340328,-4157.263273397478,-1727.193023609614,0.5299563179103359,1.0,1.0,1.0,1.0,-324.3293542327706,2538.5437288075714,-895.6551022177018,1750.7264939340328,-4157.263273397478,-1117.8774076348216,-9729.46887475859
538.8146287314232,2569.205863811272,-568.7628897341134,516.9407004372838,2521.4579188038188,-591.8093779406478,505.6010409853178,2480.53459428297,-610.9700127763462,496.20911884717196,2440.9085019186596,-636.4772233498948,0.016188805936181397,0.01677193439882631,0.015028112240806614,-211.29421076770547,33.5351256523173,-858.808594447656,-847.4056441416716,-2877.1250883339217,-2585.99720814605,0.8370111474241864,1.0,1.0,1.0,1.0,538.659784297673,2579.7908288278395,-569.5511088452125,-847.4056441416716,-2877.1250883339217,-1041.6613772557603,-9684.128853615806
-144.37006413847547,2472.2900873250755,-785.4700059241179,-123.90576459867606,2419.3377003384235,-809.8486943530163,-107.97740342317293,2363.0246174017448,-841.6614911792877,-101.71435886167525,2306.081117975973,-866.4492749163005,0.012667151519679343,0.015361298158814384,0.01486424083104786,527.1614879801333,-20.138981816143865,-802.0107118653345,1044.39895985371,-3899.1051268627793,-1583.116327752547,0.5971073094904589,1.0,1.0,1.0,1.0,-141.2538463262406,2475.2882993760336,-793.9102449913994,1044.39895985371,-3899.1051268627793,-1533.72184989299,-9532.422506730012
-446.38068218372786,2518.0684817237748,-919.6779198209011,-423.5796710942113,2455.917961626739,-961.8037180209042,-405.1000977401975,2399.633656280992,-1009.8964767487349,-379.3522994487585,2348.927935155646,-1047.3877517274984,0.017086076340689916,0.01260828004596232,0.016676130494178664,520.9054075951593,188.3544499620433,-872.2979922096819,1558.2331907150751,-3727.702389812628,-2159.926795275166,0.5786295131191695,1.0,1.0,1.0,1.0,-452.9903366017636,2518.1684435949355,-921.2372966017481,1558.2331907150751,-3727.702389812628,-2372.888694683491,-9856.189432292276
-415.99361121290275,2605.7804791696776,-689.4164599414368,-421.53067343394815,2554.262262358364,-703.9446876546741,-419.8788374695218,2512.8722881924887,-726.4223356933585,-410.04184852848704,2451.5043940047526,-744.129184153434,0.017712357516682844,0.015531588374014003,0.01486336617123385,-300.3261497188937,64.5257785520755,-991.6936032316128,143.44143998662472,-3138.3017615213844,-2617.7947654740256,0.7618926879380699,1.0,1.0,1.0,1.0,-416.51371610805813,2606.550205384399,-690.6142174942697,143.44143998662472,-3138.3017615213844,-960.9363775534111,-9847.892469518265
-173.6862250065106,2485.36954904669,-732.2360161172043,-171.7235495139552,2437.9657554995256,-752.7901811509058,-164.04296163677176,2374.9426628231395,-779.7461788177494,-167.72502868300893,2327.4363930947966,-797.0082406045487,0.014345078940072522,0.01731552657258401,0.01439012214782387,-126.21756940783206,22.59846619164851,-920.3879216192842,63.221542379246394,-3312.742771581802,-2302.1284854739915,0.6989492723395202,1.0,1.0,1.0,1.0,-173.31761848036933,2490.591831020096,-728.7145392407253,63.221542379246394,-3312.742771581802,-1233.8800745340504,-9855.06592871344
-112.89228396679383,2547.3349126869434,-794.088494460499,-123.7580828256087,2500.7971367377713,-845.1602374444035,-122.71453130552439,2456.8799985235287,-885.3035201401432,-139.06130126238588,2422.3652855849878,-925.7612813838109,0.01795444184931074,0.014228614031928457,0.011022851958049848,-588.9509835327215,226.59226601896574,-998.949106871406,-570.1458962346193,-2761.0464390033367,-3321.622892919789,0.7967940921607116,1.0,1.0,1.0,1.0,-110.02843069564051,2545.871274781773,-794.9909154975685,-570.1458962346193,-2761.0464390033367,-2661.260743842671,-9686.52334820412
-55.42738998772124,2442.320486568521,-763.0374516906096,-48.62319024874463,2385.366034100815,-792.0321507885561,-43.363758519810595,2328.3300834958827,-827.7231232320053,-45.82233170022273,2266.877229224586,-875.0098201927893,0.01806755207627488,0.012381485209599398,0.018104799329977966,73.65549442321341,-409.114881901007,-808.995301111603,168.43850465730853,-3811.005586298131,-2442.602871031778,0.7014461633841483,1.0,1.0,1.0,1.0,-52.673384069767906,2449.139307822597,-762.8592027011708,168.43850465730853,-3811.005586298131,-2251.5248864234336,-9725.634179213272
129.3328487526905,2490.556297755611,-773.6428447329681,110.93686652665407,2421.0945938858654,-788.8600163481661,94.92744986947496,2372.9338759739744,-808.3653159773677,87.08527300552359,2319.0898206556626,-823.4355804462405,0.018058872887885043,0.0161949173312995,0.013361068783300324,-528.9485245384557,151.86209096752197,-889.4798216346888,-983.6676797183461,-3478.270104818088,-1692.6033760260732,0.6223851409975156,1.0,1.0,1.0,1.0,130.108820872837,2482.3030611956406,-773.156598022495,-983.6676797183461,-3478.270104818088,-758.8063979389428,-9840.31144272862
-49.13913837027386,2431.82605582702,-705.2900112784712,-49.92022286396973,2381.6227327459214,-711.9723489391824,-58.0574636588401,2324.544756218193,-724.9495490373466,-56.91342800398095,2279.4344728178585,-739.8285363519841,0.013640208170506955,0.015034413219894478,0.014670392553803622,-262.27076903914315,-6.841942532672249,-841.7956304127802,-296.07218547170515,-3366.874336215858,-1722.5953899877732,0.6816549860557954,1.0,1.0,1.0,1.0,-47.61843457215616,2434.1419512238263,-707.0858171419494,-296.07218547170515,-3366.874336215858,-524.1692661466551,-9994.181536690796
-150.12065991377582,2444.9522986858237,-828.7072964876314,-156.664469802776,2398.2947329432204,-833.7104607191052,-167.15715991279245,2345.528413215713,-845.6089001699892,-173.03735664632782,2305.842623565556,-862.0332610209435,0.0150321252153885,0.01443692809698742,0.014967756382644217,-522.4484361703779,287.04459857452287,-1017.8454100255591,-548.6491513778263,-3179.8435574617743,-1956.8814620152057,0.6355631903049803,1.0,1.0,1.0,1.0,-149.3670132334579,2449.338217648521,-829.2097695653224,-548.6491513778263,-3179.8435574617743,-341.02249570753764,-9843.409713481235
-298.4299168055001,2536.198223786897,-540.0320712009129,-295.50542972215203,2489.841608883456,-609.5443185022974,-286.7740725710665,2454.269087996776,-663.2616343183031,-285.87073390737817,2419.4156581810907,-719.402135536366,0.02158682138331241,0.012706298354663706,0.018119904270768802,-112.33361193008238,73.818005964915,-931.4845204443644,169.4542947048888,-2214.04531361442,-4409.880167152523,1.0575869759912535,1.0,1.0,1.0,1.0,-300.4278790525103,2531.4083040769137,-538.6362285807121,169.4542947048888,-2214.04531361442,-3446.432900226739,-9634.404782501117
-34.18201481245607,2557.7010664119944,-887.862602210033,-42.64058174825278,2504.968025706544,-921.502832138332,-45.77304535601883,2453.961619823693,-947.8662990114352,-43.2328321605748,2400.7118336643885,-986.7927929381648,0.013124141921491524,0.015497611342130608,0.018190450827285504,-266.09926669095336,286.73461194811387,-1012.3260886678689,-352.479429440119,-3390.9993429124065,-2516.608537050084,0.6231877959090928,1.0,1.0,1.0,1.0,-29.93804896607287,2558.7041716994268,-881.8118431084355,-352.479429440119,-3390.9993429124065,-1940.1094048460136,-9844.792669407549
19.773955727906625,2551.4889183899613,-543.6027409461258,18.707364536612737,2523.748399368602,-575.3474276135405,6.430356352459494,2483.218293207054,-606.2407446626762,8.9256597611958,2446.1920485506744,-637.7764355615017,0.020588996982925812,0.01246630308195569,0.01678126625046518,-421.13482571710273,181.95571343019603,-969.2267466187159,-453.68495776952153,-2424.27364927275,-3416.8065418418905,0.930163433684654,1.0,1.0,1.0,1.0,23.476432897027053,2557.7438897174857,-540.2439327592614,-453.68495776952153,-2424.27364927275,-1874.8387287032508,-9510.951368553518
-351.0379229671307,2439.482785345446,-706.9354027651823,-344.69517099607333,2396.1937726821216,-710.3326600332533,-345.20330624907035,2353.144365809191,-723.8384101769789,-332.8293675026429,2302.445937734408,-729.1602763317103,0.01453233575221746,0.015714339619686397,0.0169973684952424,-79.57419451611804,88.98938064749943,-1003.5302161564684,320.7722018296758,-2795.977996378926,-2382.183406923118,0.7927559561328543,1.0,1.0,1.0,1.0,-349.022844053045,2437.6108976057944,-709.1768729757875,320.7722018296758,-2795.977996378926,-146.83777398976596,-9603.677683560663
-368.6739899084367,2515.9263570595267,-899.9470980990338,-362.1127789433614,2454.4895484727185,-903.7894118120777,-353.6772198857412,2404.55617814099,-914.8326427181939,-340.0396935020708,2351.7302485676278,-916.3837387522636,0.01581452428740486,0.01487481454089739,0.017306241665110907,8.987650141153269,442.10053094987006,-1019.3425587834944,641.6297542436189,-3511.170458903261,-1493.9307192353785,0.5420044195065873,1.0,1.0,1.0,1.0,-369.5739048625816,2513.691101702795,-904.9364698824229,641.6297542436189,-3511.170458903261,-198.2833852145733,-9584.415630118405
-51.93626439018396,2502.1955013653546,-910.9852949513634,-82.61650643948644,2440.5259751748185,-892.8282901800661,-88.32719091830633,2374.0588711011637,-892.6715331482229,-98.41039091075761,2311.538741707586,-886.9007962965393,0.017849389667685074,0.01565505893031825,0.01509074166259524,-420.8789340485617,85.05381741948196,-974.3622103824528,-526.1477543358272,-3656.0766334681325,-1257.2386975330649,0.6114048097394019,1.0,1.0,1.0,1.0,-73.62141618691442,2498.064395508447,-906.6617033850468,-526.1477543358272,-3656.0766334681325,548.6355303068732,-9454.928112582782
30.18767442114276,2597.877109938911,-634.8646218476582,36.1538813912105,2549.436743266365,-619.0234758186856,43.861492103292306,2509.204343209602,-625.6953076330274,52.910869879885716,2451.3128968585106,-612.8504801064612,0.013109526142437752,0.016831125589332085,0.016399780084658613,355.60413252664426,-211.19345914096078,-800.3613048362462,345.37283550943766,-3001.7448385735206,-1952.5642601068757,0.8886595681835723,1.0,1.0,1.0,1.0,32.680531325319066,2595.4379649252905,-631.0636433006948,345.37283550943766,-3001.7448385735206,696.1069575959388,-9830.11548924689
650.5037524584191,2434.4165324757405,-526.2326390788347,644.1405766241649,2393.581039200198,-511.9678607867152,630.0571190071065,2364.567784900899,-515.7182226541992,613.4285086619254,2324.6025513366335,-525.7742510684551,0.017974157089848907,0.015935552245161418,0.01439056390173657,-151.9987561267966,171.06841364430352,-989.5823475059256,-765.312981331672,-2141.961584511538,-3050.410220143691,1.0066997267632527,1.0,1.0,1.0,1.0,655.4064391781178,2430.837885303975,-526.0404606176567,-765.312981331672,-2141.961584511538,337.77069892542727,-9914.106008669844
-113.89121453200289,2500.421548136297,-667.5922565429129,-107.9427987385805,2460.759788357887,-710.029125012632,-103.17654180996864,2419.8569715316416,-759.0577220682605,-91.3972893383341,2378.1216668489756,-806.3878027331863,0.013801049890267893,0.017465855800116656,0.014758508284738438,216.3851853820366,85.8765027231193,-946.6073498199123,367.48944957916797,-2666.535072964917,-3539.937393282316,0.8589745860248778,1.0,1.0,1.0,1.0,-116.19276648711082,2499.0907437563756,-669.7730088019506,367.48944957916797,-2666.535072964917,-2645.246161166182,-9995.899172031179
399.4258490881266,2440.4704476468364,-749.6837307024239,399.6633674748298,2392.4535501738924,-782.8796418337262,395.80097249309574,2344.3841404349705,-815.1299370269701,400.60503867416844,2308.9032174839053,-847.0636876394291,0.016557806589826175,0.014874702222855963,0.017557375390102936,209.5861056551139,299.3879482490463,-1011.9157985857499,-245.7412165983887,-2690.0741182887537,-2861.4139763940398,0.7460101157972155,1.0,1.0,1.0,1.0,404.9503728508337,2437.996872288608,-749.303632973634,-245.7412165983887,-2690.0741182887537,-1761.9281472180676,-9679.209082338635
253.90453062356443,2647.546690921232,-577.9181161403087,256.9586903406128,2598.098001343411,-637.2653797901778,260.53615090403645,2560.030404500309,-686.6363488606012,274.00489903758654,2517.7258826651932,-739.8111267063763,0.014851817685956548,0.014571226688257218,0.015008374987615827,625.3066465447441,145.6501514087457,-946.7523575452216,382.23406630760473,-2547.0573899017204,-3951.0295749298157,0.9355685806381712,1.0,1.0,1.0,1.0,250.7172615632894,2641.766393512431,-583.0942386944537,382.23406630760473,-2547.0573899017204,-2864.5339757843376,-10181.57606867495
362.4421662177076,2493.7892679473875,-882.5409198587769,353.14413109257583,2436.2821466383516,-892.0027160466295,344.4389977398097,2381.4809689146114,-899.1423557280085,343.78342128032017,2319.7887847466795,-923.6772299944695,0.014998143178150727,0.016720182434678543,0.012732800204982436,119.71914166572503,250.31897990056973,-1011.1687948775644,-394.6559829401437,-3709.710291915802,-1849.1026936892583,0.5605488741821887,1.0,1.0,1.0,1.0,358.48601134451144,2494.6937065096217,-874.1099465150467,-394.6559829401437,-3709.710291915802,-843.8739265541612,-9877.130747386644
356.44946947703346,2496.508541351252,-883.571194250426,361.0036804755253,2419.0589929977664,-896.8801059053146,375.5469926029667,2354.7435737683554,-909.6781681098817,380.6845486575889,2281.14277373216,-927.5060566125636,0.016852480672088978,0.015437371366067945,0.01573855119156837,532.2292263595795,54.12703868457748,-926.6630439321275,320.5900410559418,-4423.679227356224,-1298.4619556194768,0.5019715967702751,1.0,1.0,1.0,1.0,355.90470377881365,2487.1506137304955,-879.2594242074085,320.5900410559418,-4423.679227356224,-875.721808356478,-9700.578428328896
731.9501996090083,2443.7629832263046,-869.273898258257,705.7772917100579,2398.9252125873927,-924.6718145172975,694.6637746718411,2354.732039937117,-977.6580381299815,673.2908713769806,2308.7967229883784,-1041.7784634058974,0.01917029638130975,0.012483977530410167,0.016208008574135367,-371.27311631485526,123.74502764874387,-859.8201898570295,-1301.148743191056,-2728.206424529572,-3349.489191776564,0.8021377175141453,1.0,1.0,1.0,1.0,734.7033153975442,2442.720488498886,-866.4309307116284,-1301.148743191056,-2728.206424529572,-3368.497283517825,-9627.832856938507
638.9200875549795,2553.1810652469394,-749.5967211782814,655.0430037841278,2492.7235711021112,-760.136067905353,648.6135289305416,2441.6228936811945,-763.1471638276964,641.7915635312511,2400.098846086788,-770.972932469538,0.014991138090007239,0.014121945788592223,0.015594845048995117,595.721616881319,44.711275164920224,-979.3254630796582,-68.3519831607172,-3382.120800607523,-2160.8261384494135,0.695292071072406,1.0,1.0,1.0,1.0,646.3020844202445,2547.480667614483,-755.733421929127,-68.3519831607172,-3382.120800607523,-317.9406767338961,-10216.34929398066
-288.16594392901027,2521.157238539513,-863.4813664328381,-285.80733972894035,2463.2161924863967,-908.7207711747384,-282.0393869965566,2412.5720723788695,-942.1076898310481,-275.01861170337065,2345.5962933966825,-987.1366339622264,0.013389222296160753,0.014292531399940859,0.018180353647425734,14.379439576975631,-96.07872634702449,-807.9286365741928,462.673437035307,-4000.1483151374855,-2154.8262196692117,0.6091378926564731,1.0,1.0,1.0,1.0,-288.67166168115045,2524.0184200680274,-865.1309399522252,462.673437035307,-4000.1483151374855,-2404.8513799896755,-9960.588159392288
464.11346670988524,2571.650403947022,-744.7165126326689,462.79215152512114,2503.380909528101,-759.2441482551847,465.45361257206326,2443.9925162017885,-768.9025621623693,465.09661600334266,2377.0232183269186,-800.379820403117,0.01504667998288812,0.016095864662558964,0.01477999800714469,620.7149738943924,21.680266465800205,-873.6621847348121,232.62508739199,-3633.778457133737,-1749.093163764217,0.6540774573474087,1.0,1.0,1.0,1.0,457.87741272000017,2565.3251864594245,-746.2912958956742,232.62508739199,-3633.778457133737,-766.8988146841267,-9701.342285265619
583.4660452017323,2587.970978340945,-708.6893696217958,573.3684567475881,2535.5568552071445,-699.6286678989212,562.1876434530317,2477.856793549087,-702.8082315679225,551.2029508555934,2428.1671642410015,-712.6360142114155,0.01472561089837081,0.014681673660714593,0.018684758323520734,61.84209133441562,-52.998538066965054,-828.9216846520351,-667.6597433398674,-3361.645374803791,-1606.791414427311,0.7369079571173944,1.0,1.0,1.0,1.0,585.9549898562123,2585.8930811540195,-703.797704517108,-667.6597433398674,-3361.645374803791,262.01545465603726,-10043.536347816602
-108.35701226686784,2460.3878588953644,-856.6337086601987,-114.19903505952121,2409.99640501424,-866.2415057090732,-111.04222952499632,2358.5909254822914,-886.8758765842908,-136.95454978094767,2287.8607132203306,-901.6297908371363,0.013996147638084565,0.01598894376879703,0.015797044745602666,-399.30101612859994,96.90362567190456,-998.9108338210062,-465.3677421988896,-3731.9789291214024,-1987.339715966681,0.5892178638475162,1.0,1.0,1.0,1.0,-103.79249983230636,2466.710245663992,-849.5285581456336,-465.3677421988896,-3731.9789291214024,-1004.215635855636,-9844.9208620849
30.910460421060222,2529.8132922106533,-806.3883341817166,19.042658966976084,2472.9986398747765,-819.8334729436416,16.619331403918984,2427.822117514418,-825.6664273914854,9.535303378490076,2377.0368575184443,-845.0660800161593,0.013750274682717781,0.018709857295103813,0.0213307156935979,-88.54276720567296,384.7639505709117,-1019.1010807964597,-157.48035673961095,-3089.2472473942735,-2060.4198116229804,0.641209152328581,1.0,1.0,1.0,1.0,20.906080728356642,2531.7907875099286,-813.2286981439358,-157.48035673961095,-3089.2472473942735,-387.9872095227407,-9945.610422090103
-337.70508495947996,2532.043152715218,-668.4519159837697,-334.9764328272922,2487.5125951612586,-682.3796680625443,-333.2252868701814,2415.669418778595,-692.7336434075363,-338.25846247500687,2355.9415500889486,-705.5802833025754,0.015732460200776666,0.01707357228423145,0.018799254045886643,-473.7411798043111,-148.37973863451217,-800.0887540223424,-192.46115348448032,-3521.0310240318618,-1632.3904940894477,0.7083947134691058,1.0,1.0,1.0,1.0,-327.47070315610955,2527.603839629703,-672.1134434079784,-192.46115348448032,-3521.0310240318618,-443.42109725159554,-9645.050803232742
-186.26887073133224,2477.2673263758825,-963.619641300398,-191.0608698017489,2419.583777147179,-1019.6367405794701,-184.9045762351253,2367.088504551816,-1068.9204182818526,-186.64068481674946,2320.4235253105253,-1122.4383151541924,0.017331036935669227,0.016004564723401518,0.015509998425436093,-141.06379466759446,33.20663890471204,-949.7121906527874,57.84722581012471,-3322.0600331824553,-3036.7723786545985,0.6861543999154937,1.0,1.0,1.0,1.0,-183.58150563803792,2474.9207632938164,-969.4113858071621,57.84722581012471,-3322.0600331824553,-3099.656643054615,-9784.052539982395
356.3386258125344,2495.3413926279172,-890.6834245992872,324.0265859159673,2438.2300894680448,-906.2434168526858,308.4944377768472,2385.5965821260006,-922.7264046041014,287.39630343058684,2316.882993708247,-954.9645355226077,0.0151193158491561,0.015409335862418704,0.015717503904142224,-457.8984781077419,215.18631697725868,-1016.8346034591069,-1358.2491739918726,-3835.766855861448,-1851.801371073941,0.5487538443842834,1.0,1.0,1.0,1.0,350.2597804174228,2497.4675962148253,-896.1291006758618,-1358.2491739918726,-3835.766855861448,-1059.160302857259,-9558.161635612214
413.4649948837051,2510.8662239391574,-984.1268100659644,395.8130029265961,2449.8065543853827,-1019.7050832761537,370.6674573427991,2379.309237108039,-1059.971021315878,349.4747008550676,2318.0183787020487,-1110.3950410653988,0.011985679174734577,0.015208559592159304,0.01865695914177593,-395.1866005567376,116.74725183643798,-852.1384269734311,-1435.5341659950484,-4274.077012863614,-1833.085078523201,0.5141488020913306,1.0,1.0,1.0,1.0,408.7125324004894,2510.230379040064,-981.3827974984657,-1435.5341659950484,-4274.077012863614,-2426.1957931524257,-9770.826194088055
-184.69845623740437,2637.983742942765,-474.9573468557021,-191.55877118514417,2580.289282866496,-507.77736773216884,-203.65249026485208,2551.1889097864528,-535.2534867690084,-202.6411954098057,2498.315401880412,-584.3977441340323,0.016326003904632444,0.015100254312565786,0.015074328243328463,-650.0456404431994,-137.2272368814535,-814.6623519963081,-466.57098715434535,-2782.7291463539923,-3374.0377766611746,0.9484994135394741,1.0,1.0,1.0,1.0,-185.80750822462892,2631.5882637407713,-470.5338202799986,-466.57098715434535,-2782.7291463539923,-2166.3683689925206,-9722.48547568092
321.4520691308586,2488.994143354216,-1015.3963649272107,298.48113978698274,2422.584583781812,-1069.6273476980414,289.5243483396659,2345.0520076824578,-1114.7369516825536,282.494375008726,2269.160852773175,-1136.9325237273172,0.016259207944158614,0.014264273206188493,0.017307384124157915,-220.276161624641,-326.847052523734,-801.2808173487141,-883.6450225978821,-4647.736488407558,-2242.66545856051,0.5571691347254955,1.0,1.0,1.0,1.0,314.3290770470775,2485.0335229628367,-1017.7776331072457,-883.6450225978821,-4647.736488407558,-3069.333674203383,-10141.008341904899
630.6410806421384,2478.518398754321,-898.3196845331166,631.836303167794,2421.388727802493,-914.27327611717,629.284911799882,2357.1749712985356,-935.9779525799079,636.3635856933662,2283.407166328821,-968.0706644506215,0.013474606417391488,0.016834659255239002,0.014759892063634202,689.0097277788332,39.04355512600695,-969.2854545662182,102.67533332482309,-4288.032270464269,-1747.8501307377176,0.5249308422637357,1.0,1.0,1.0,1.0,630.4847877836812,2483.221949290644,-894.3559378286631,102.67533332482309,-4288.032270464269,-1252.4656913365707,-9921.063544720857
-475.4804579467175,2505.2391101391913,-753.1829140748871,-458.2691623727435,2449.9030470744055,-774.3535850134098,-455.3637344519246,2397.810175395935,-796.0161586652159,-448.70032876062777,2369.3563802748063,-813.6603528513791,0.016981088131052945,0.01348824168926975,0.016006048674002488,-20.983502099600834,100.96560786213908,-1015.7780227793621,589.3684952212099,-3097.057237726308,-2691.0375235575075,0.7285246215056754,1.0,1.0,1.0,1.0,-477.7440858960378,2501.184967100031,-748.4304142685841,589.3684952212099,-3097.057237726308,-1426.3008332205843,-9739.686804853542
307.5270743471553,2483.918603098752,-1034.6440704068084,291.1177971119386,2416.415389706545,-1072.8387570446503,269.6328075278584,2350.4931439710144,-1117.1340521988172,257.4449289281894,2278.257662057128,-1134.7414886293323,0.016478184550905894,0.015843302973428088,0.0132974744178361,-297.4727258478748,49.62088717036846,-817.6443405065659,-1125.6184037115386,-4555.147076711953,-1783.1137407922552,0.4893810380578303,1.0,1.0,1.0,1.0,304.7331201377981,2486.62457321126,-1030.4580021750976,-1125.6184037115386,-4555.147076711953,-2723.1120578438467,-9951.018890058138
380.99499630987066,2458.9453738086977,-815.8161602075486,354.1673911772779,2403.3802450301573,-845.1954473467993,329.96736219982637,2333.342467660208,-876.9881057075974,303.90052598756984,2271.444492099827,-919.6148440041966,0.014812924959328136,0.016709326473495836,0.018723775218579125,-531.7005605613037,46.634546781965604,-805.2914491382323,-1438.2305237492887,-3835.550809129434,-1722.0306636656842,0.5797539733485974,1.0,1.0,1.0,1.0,374.3846694007492,2463.0315565335104,-820.9387278205791,-1438.2305237492887,-3835.550809129434,-1808.5730302283637,-9751.096579445892
775.6280575981823,2569.5855653602102,-692.4191573611922,765.6701527356574,2510.1828099689787,-690.1359687762239,756.5096722379028,2443.526288196935,-716.4001397683737,742.4420871672371,2390.8728978831955,-742.8406373318558,0.013455466581386423,0.014408417948495485,0.01759003273345271,109.90323807460042,-149.4806353914945,-803.7012717688765,-901.313315119538,-3658.393267905123,-1987.7373364023076,0.694546082736666,1.0,1.0,1.0,1.0,776.8750912630603,2557.730382858289,-676.3575840724411,-901.313315119538,-3658.393267905123,-1184.4381867939603,-10007.300306967938
176.4530326766096,2516.6866431516446,-664.6520113827193,156.81283183027546,2461.1487775623496,-667.123715043925,140.0461832612957,2418.43804698479,-675.2471213699339,125.26840863343084,2364.5308623437536,-695.6163526231231,0.0170264168718867,0.017419194953218472,0.013566369313519656,-656.4845718096274,62.587081197797026,-806.6027355667604,-1058.6839002254703,-3127.445825730844,-1708.970399303629,0.7369880188613758,1.0,1.0,1.0,1.0,174.58228986736617,2517.632054396519,-661.6346549720956,-1058.6839002254703,-3127.445825730844,-416.5701465239466,-9475.154317267223
-276.6278657132986,2480.868415648613,-1027.74871682657,-260.67300851207824,2412.728695864346,-1047.1981790875357,-246.5919664578415,2342.08196318444,-1084.491310010746,-228.69726362378998,2275.574622834137,-1116.9975978542316,0.013765940194269839,0.01679570134808234,0.013957903262911422,323.21265148179486,130.8037513787541,-985.2354204782612,1164.5492056817054,-4560.439244915968,-1818.6204317556164,0.47048045519473675,1.0,1.0,1.0,1.0,-276.530189444283,2479.4299625104745,-1018.4833184461393,1164.5492056817054,-4560.439244915968,-1985.733322284369,-9553.36040637028
-367.5658773979073,2611.423653677384,-802.2975932363075,-374.5134314286035,2568.16297963672,-788.3582899871838,-371.3526453001052,2530.443013614968,-785.571075657223,-367.8202272774637,2483.567658179969,-782.1379290884863,0.01683999232643736,0.01283539344379725,0.016719731608706337,-391.77024597447394,316.99495394466504,-1019.5073939466857,-24.833645720459838,-2749.086497733502,-2164.694770932442,0.7886048826210597,1.0,1.0,1.0,1.0,-371.0341517978921,2612.4821795521448,-799.74756273813,-24.833645720459838,-2749.086497733502,620.4026656716185,-9786.788642690046
-17.43475125547839,2460.6704134126617,-915.7737073227684,-7.342846019494457,2391.875346139094,-918.764485588684,-8.730087989639635,2316.1151237918984,-934.8551188051596,1.3608601740621635,2234.1738226615653,-935.8608312802661,0.0169456364871551,0.01592399611976203,0.017121566916767528,208.51813627232784,29.841295923153893,-954.2875311187032,460.4447838140642,-4870.391629755715,-999.7795886149655,0.4500088004763157,1.0,1.0,1.0,1.0,-21.704255634703884,2465.037110801007,-914.7910258228228,460.4447838140642,-4870.391629755715,-464.9990699050536,-9922.150343657273
554.2546459984616,2513.4099471925965,-487.3450106397089,545.6301465886216,2467.354845162616,-533.8662052245312,541.0902026964833,2423.6900888885007,-587.3548391950213,526.4622512246781,2373.9438873812774,-647.7318713155702,0.013358212914074845,0.01993870712975075,0.016090310933298053,-127.30776896484667,-368.2759176445912,-813.2930182499765,-654.8698618541791,-2753.4726147962283,-3889.1136320320193,0.9956127690228761,1.0,1.0,1.0,1.0,557.0312366727712,2509.102964817466,-491.19937976232086,-654.8698618541791,-2753.4726147962283,-2968.006835009028,-9805.734400792622
540.2911401567823,2462.7423512259347,-435.28411845442145,547.5219276337228,2422.921532723578,-477.94419980801973,541.380155344735,2388.3277588924593,-512.5851118675621,547.2898266725059,2362.142873954239,-537.9368250861069,0.01896862955857416,0.014982774389377961,0.011311955228525301,676.0034429916251,-46.108914870138854,-830.6186766230645,135.04158958275747,-2426.159770054797,-3544.3630704080733,0.9897366408235225,1.0,1.0,1.0,1.0,536.2353977734676,2464.9664471365795,-430.1396834400782,135.04158958275747,-2426.159770054797,-2194.351598877639,-9672.99807996674
209.21252221393462,2450.9521524436673,-807.4622039190384,226.36973422573362,2387.002788006547,-844.1660769842248,237.24762202468173,2327.967441982424,-871.2101981485454,243.56171546067003,2286.2406608518513,-900.1807915202787,0.01971150175208949,0.015789475855684174,0.012875583547317326,666.3417316972389,75.30980071703493,-816.8005722744557,675.8033358037596,-3542.2442122971693,-1920.0137738943392,0.6216234388449094,1.0,1.0,1.0,1.0,213.55349670872,2448.613422956147,-806.886106203778,675.8033358037596,-3542.2442122971693,-1870.2149819769004,-9541.902898214492
514.6625846997041,2492.6935356201557,-753.550252775438,487.7480269121808,2453.839564065454,-742.2711396710927,476.72814750479165,2413.9146274764094,-730.1810855827489,449.196442658903,2374.6455126451915,-718.5881352384814,0.016485452343645263,0.013011052612024272,0.015976157371400262,-678.2534909715262,156.75613067710879,-946.605765884982,-1313.2022565249313,-2582.244082152997,-2118.864368336701,0.8595273376729309,1.0,1.0,1.0,1.0,510.1945511835354,2493.6870250255774,-754.3071096080657,-1313.2022565249313,-2582.244082152997,865.776609339968,-9725.955745583376
30.25740694428314,2430.0,-974.1364275726056,18.950107801945695,2370.739566495337,-997.8854493727097,6.379943715490754,2314.3236110472412,-1027.5489654274415,7.866717173669516,2241.9424840389306,-1068.166459886154,0.015323417286751314,0.014598924059868207,0.016700731770278157,-183.95438699935323,83.00839616445295,-1007.1714835824935,-361.7889108365808,-4091.577613603849,-2126.9598566933378,0.5283769268831027,1.0,1.0,1.0,1.0,24.074236731680912,2435.6655239866623,-967.7341142495891,-361.7889108365808,-4091.577613603849,-1938.0908512593578,-9739.39733631686
166.49432987001072,2658.7090835568156,-538.2776747080786,157.79384675724452,2620.5942151003496,-547.5417414966834,159.32854495323738,2589.347307580831,-573.4724260316895,156.72593214604908,2556.8915118531845,-593.0525087384036,0.013177692800402924,0.014409365937866831,0.016237135703946703,-88.7105063361829,450.14868853482324,-1005.4084091771115,-263.0340026046246,-2295.6398510681643,-3231.588119615281,0.9161758055577843,1.0,1.0,1.0,1.0,163.8021361642568,2653.9629455602512,-539.2131112198936,-263.0340026046246,-2295.6398510681643,-1166.2740671837419,-9741.902893035121
463.22595972575436,2562.5416292940745,-873.7807964210344,441.1483928549588,2491.395062642166,-911.8537960232982,434.1851327919372,2440.9747093815827,-952.7543951642879,422.72669506777004,2374.488274990792,-993.5782429444133,0.01488446409474933,0.015751594052475375,0.016897964229854963,-249.17486434821353,75.494494321115,-905.6862956063172,-1107.6579188844335,-3860.238402130303,-2247.5623278436206,0.5974659776229208,1.0,1.0,1.0,1.0,465.26449333224605,2565.348263695156,-876.1949644938878,-1107.6579188844335,-3860.238402130303,-2112.5044305731185,-9988.990646164037
-400.4190670980721,2473.2512413207337,-995.4181496367241,-394.48790032979787,2394.1898607304906,-1039.8774360662676,-398.1690993491607,2326.157087931172,-1076.734154725172,-404.54784160450754,2247.9022411169717,-1125.9077175383666,0.016572266360568785,0.014509604481000447,0.01671143893890924,-492.7934215322665,-59.76990106891732,-800.1795618741794,-193.87114317805188,-4865.779017232251,-1593.5588761685456,0.4722066902195219,1.0,1.0,1.0,1.0,-391.9804270796766,2470.4351878918537,-994.985223851598,-193.87114317805188,-4865.779017232251,-2544.625245263153,-10101.362897592135
121.70364297983168,2647.2028140756565,-768.4129982559087,106.50156013516823,2599.61929768272,-815.0824326629663,92.13283286426092,2553.7814968073235,-863.9951598250871,82.93696215575343,2519.53002718751,-913.8346525915113,0.015261342446151537,0.016733583163209803,0.01689093186838906,-606.4744778339461,250.9470586311263,-955.3195897382791,-795.0480076981602,-2632.7994494903937,-3607.173767600687,0.8611141425222503,1.0,1.0,1.0,1.0,117.01920917138136,2646.794557667382,-757.5099667179478,-795.0480076981602,-2632.7994494903937,-3033.312532810936,-9632.629837106002
749.9381149220769,2603.3926505175236,-859.9747740103109,728.8333545481632,2555.4700603612964,-883.5861746662603,702.4522558506808,2505.9950188223947,-900.1085200172665,677.3679610217498,2452.3256075220174,-940.9604471853237,0.016617618041896442,0.015286657811484625,0.01619284863941004,-201.15232912344084,405.4906800716188,-1016.9270356756939,-1447.4624197682724,-3339.2291954114244,-2218.6436994460355,0.6069028755072093,1.0,1.0,1.0,1.0,746.9355558247771,2592.685803066104,-862.2417033282413,-1447.4624197682724,-3339.2291954114244,-1395.5062149276605,-9616.673089553664
402.18076183557304,2632.307989242805,-641.3713344137687,388.86962801445776,2590.903939928489,-695.6181200752472,377.3624836355712,2542.2225385056354,-755.6175993958416,369.61708387085616,2509.8750461007626,-815.698886813954,0.013969486243741516,0.016797845054660067,0.016913981846396947,-157.20636278957937,2.1369578749807694,-873.268613720964,-556.0198267792574,-2617.006632932946,-3984.092023838012,0.957318686855202,1.0,1.0,1.0,1.0,401.5935631235742,2632.228623972597,-642.4886047735936,-556.0198267792574,-2617.006632932946,-3369.1097416852244,-9798.692139007515
165.81641275072738,2492.125175286934,-967.4572890958632,148.73805026164194,2427.364098223484,-984.5460460438231,135.19473878720632,2339.4900104735184,-1028.820118875117,116.04312935570707,2273.747460603143,-1056.2961237704806,0.017200415303966547,0.01746484003806451,0.016510904840364785,-384.3650244454415,152.07482962663852,-1012.2290918048153,-1017.9404865841028,-4282.8891573076,-1882.1657207189849,0.4938238398176045,1.0,1.0,1.0,1.0,170.41254074289418,2486.2494203592805,-961.5393452084444,-1017.9404865841028,-4282.8891573076,-1600.8980060256224,-9669.179730682252
213.20004436506284,2468.3731881992594,-852.1867346951108,212.44741798038666,2419.295407848577,-901.7841777014785,197.83057597839178,2384.9957172498057,-949.2716803183572,195.52194283689218,2331.887194936003,-1012.0308581825,0.015556468638955538,0.014744235360221573,0.015860257828582608,-170.11733014779125,88.75579867145616,-939.1807018083441,-461.94383598423724,-2836.8662175826576,-3494.857509265753,0.7938390381722409,1.0,1.0,1.0,1.0,217.91549207896833,2471.7234214408936,-850.7584226664173,-461.94383598423724,-2836.8662175826576,-3233.087934319185,-9962.358630328154
-111.39395155659085,2456.014694733171,-866.0539719879426,-90.95665083923969,2378.7843290192627,-921.3826009721014,-78.05653670666013,2315.571165898678,-971.0029166207148,-74.9804726747515,2265.948937851204,-1016.1803443620262,0.018634547961209762,0.017041017327593354,0.01585212904118767,315.1522320319457,-83.94220647420343,-811.7386022133555,612.8508543302189,-3696.017405614485,-2465.114519600646,0.6334723056700097,1.0,1.0,1.0,1.0,-104.65060318425373,2447.829716371714,-866.7998049550868,612.8508543302189,-3696.017405614485,-2683.466663054388,-10207.339752925946
257.64186438111034,2612.69611857481,-637.8375045488178,258.2355776997753,2581.23306373772,-677.1507731384739,259.3675730165356,2537.62249856238,-720.4067358896307,255.0950759297981,2491.096777744419,-757.6410319661187,0.016255273128080876,0.016923006727937614,0.01622499960297289,291.4299283254092,373.4086389606223,-1018.1961369021307,31.758330529265052,-2394.481667006952,-3556.643007477147,0.8855967205410094,1.0,1.0,1.0,1.0,261.73588928055096,2612.248997612119,-638.7954221242717,31.758330529265052,-2394.481667006952,-2302.182355855929,-9685.92484121449
139.4243879064624,2507.4890108063178,-817.6038469970622,124.90448255688378,2465.335318789076,-864.6963154464987,118.26904347320902,2399.7608639164814,-920.3047425370187,97.56743278208313,2355.7471076653774,-963.9512894047785,0.013977156330907908,0.016026852052536233,0.01413757330229607,-518.1821262735343,-297.51492027388537,-810.106126612422,-805.4209874601922,-3441.2517523439697,-3092.315434651124,0.7708584183142604,1.0,1.0,1.0,1.0,138.23597850652277,2507.105257886451,-822.7800526635677,-805.4209874601922,-3441.2517523439697,-3132.5076035260404,-9849.992074576818
-340.4794433997715,2607.9068038042847,-589.1329424551107,-337.9454557771316,2566.7941404901344,-636.9040599698398,-343.0339549678452,2518.4432386127082,-679.7099370664388,-355.4917877238616,2483.9470930792336,-727.9085287122105,0.013646251680247969,0.016169493075206168,0.014325193817118182,-333.94285745034915,-61.81744376815902,-840.7420784899921,13.29876007898389,-2763.3779460181186,-3477.3935165732523,0.9208590614274285,1.0,1.0,1.0,1.0,-346.77616092657206,2604.8422741393338,-596.1126320201106,13.29876007898389,-2763.3779460181186,-2720.7857186434435,-9585.723165751911
721.4761952269872,2495.8199836107237,-675.5423580205639,694.6963192737595,2438.87062140493,-698.4886015759696,684.086443259236,2381.4027662022872,-745.1123391125038,665.7966051050045,2329.335739541192,-778.6105220543385,0.015694259742629262,0.015787477461497716,0.01658300021428652,-227.5898025079587,-385.70503420488916,-808.4345809758988,-1181.830529615996,-3598.3931866061575,-2584.2520343464134,0.7519352625815872,1.0,1.0,1.0,1.0,717.8746211848361,2493.009515080035,-672.0903581035188,-1181.830529615996,-3598.3931866061575,-1994.0270633294097,-9910.94034542852
668.8041475148,2507.803633508065,-927.661353893281,651.0002635825188,2436.9411265172143,-947.308263457456,651.8028216840397,2365.2015551822474,-974.6973773105993,642.0803187057178,2290.3051148979607,-1000.6320370464002,0.017005387213789594,0.016276830767532974,0.015975047574620073,421.5688182209752,3.652297284033942,-997.948685831339,-447.65831123655846,-4555.550338530746,-1784.2030409071021,0.5007427344440577,1.0,1.0,1.0,1.0,667.7808894010857,2509.2049834759405,-927.2368437054213,-447.65831123655846,-4555.550338530746,-1337.4396060663944,-9865.353791435859
319.9570700401478,2548.103124231727,-858.8463532351952,303.24964374234463,2503.807724763232,-914.0390550176245,284.2422838575081,2450.636095065205,-973.5351407843417,272.02096576314193,2399.0521271033153,-1032.8160632554582,0.01661467069773682,0.01799917985067543,0.013696197288843526,-604.5828175164002,84.99438753787422,-813.955724222896,-1154.2228337661563,-3077.2015951010635,-3152.427997139715,0.7516899521627448,1.0,1.0,1.0,1.0,318.79544949652404,2546.755663618722,-865.2945481383305,-1154.2228337661563,-3077.2015951010635,-3311.556877885755,-10011.821786709188
279.2651389428251,2487.5603473407373,-696.1322907604999,268.2980807959154,2421.4486764330572,-732.4748206106833,259.61127897508635,2354.702627613665,-762.136251348275,247.49798788768564,2299.072384518976,-785.717085783474,0.017894009966984273,0.014043355627202374,0.016158819662504226,-188.08936975808945,-425.77693005225217,-809.4409297886114,-642.6250161717312,-3963.8421254265663,-2073.284070122978,0.6869038147433096,1.0,1.0,1.0,1.0,284.24001712813265,2487.6470321362726,-704.0429546658215,-642.6250161717312,-3963.8421254265663,-1493.4686686840641,-9812.164439939574
424.31937990923467,2515.2782343105177,-934.3757528943174,402.69855826017726,2447.367314647232,-951.4064145960103,378.87579627497286,2389.326255743824,-988.9749228184508,367.3898541572244,2329.7954559202435,-1015.6610980621374,0.016008514164554975,0.015034358838383296,0.01585565953574967,-256.1366455932539,326.6540108876537,-1015.5122683299612,-1241.3018793173267,-4015.01875234845,-1861.745875012228,0.49810146746131245,1.0,1.0,1.0,1.0,420.37287863468873,2514.8392309175556,-935.7021437455655,-1241.3018793173267,-4015.01875234845,-1365.749006940232,-10032.456708807204
106.07271849479363,2532.0708675194883,-945.2489426623882,105.39098111316147,2482.5892522404283,-988.108121415695,102.56538738003215,2414.8706521360123,-1021.9644266926185,101.86107209916543,2364.7718198896537,-1057.7338892275277,0.019208900573059108,0.015236978483790513,0.012624096538379103,26.78372495871984,81.02050847519179,-1013.1325850273458,-124.93871371245481,-3767.2912263433113,-2554.235011470529,0.6029300244047717,1.0,1.0,1.0,1.0,107.99388887181567,2529.7598055983517,-947.0228186040172,-124.93871371245481,-3767.2912263433113,-2288.260488456168,-9745.05491842275
-157.82962419835363,2433.391146139625,-798.9546134405584,-164.71794247388513,2387.433975696503,-800.3240146692897,-180.62105110784012,2344.6674056580323,-810.8253719219491,-185.52347195812288,2297.503357791408,-823.3404528842212,0.014100222794769107,0.01684202797178607,0.014011565736915262,-592.2374524184046,181.14349218272878,-995.1097694696966,-619.864266671416,-3214.5157651455092,-2006.6369221369166,0.6550461834965301,1.0,1.0,1.0,1.0,-158.33246574841354,2431.3045277845886,-799.9138844170695,-619.864266671416,-3214.5157651455092,-359.2840152851179,-9984.931696233953
-96.9240090348744,2569.9051491805203,-729.7101750041567,-96.87326393893156,2525.8417467298545,-779.0517137545389,-82.22750265906872,2484.6012394859677,-828.0059706977746,-78.27746592909742,2429.833831082262,-884.9627639138087,0.018436309419000464,0.014533946572682609,0.01531570413719558,108.07314645232947,-56.24288671481047,-847.3058453540461,216.13322084420807,-2834.930640238489,-3399.791474788115,0.8767140398711221,1.0,1.0,1.0,1.0,-91.85008282856273,2566.0679555058014,-733.9689398918513,216.13322084420807,-2834.930640238489,-3073.2874936702588,-9324.621412537166
342.7556382938653,2598.7105331757944,-718.3577624530238,326.4688114808492,2554.1914245428234,-768.944969303296,310.4409365728456,2513.839728072319,-813.4719116646801,294.6079795243366,2467.554157398629,-856.3096967160973,0.012123295686046833,0.017001537959822725,0.013376229230211579,-508.49552336741345,83.75645498738191,-823.822656953809,-1003.7699254796953,-2961.2569248185605,-3187.3734804900087,0.8074989371239195,1.0,1.0,1.0,1.0,344.70891329032816,2600.824841083154,-721.682099325056,-1003.7699254796953,-2961.2569248185605,-2848.4408239147356,-10016.65994119817
517.0156285249843,2570.3835373032375,-462.9616192274016,509.9880280319248,2533.6835273400106,-507.05321478199124,494.14210685529684,2495.375061224027,-555.6795168254247,483.64745011515504,2467.416028253116,-602.4548389686277,0.017439911176336212,0.015180839230209828,0.01148123978743202,-345.15098643425523,158.90135406391644,-918.1132326002144,-795.1883715967374,-2210.7730123505544,-4128.8804520289705,1.0458980098060207,1.0,1.0,1.0,1.0,521.6043386061881,2568.6439375260134,-463.096434345739,-795.1883715967374,-2210.7730123505544,-2871.9105437912854,-9670.348493294787
-279.27196226491077,2563.4944030511397,-473.8432952938641,-275.91180918232885,2523.447641135642,-499.4946724840573,-270.4021645106701,2475.399129589742,-518.9707073688994,-274.1352047223675,2430.8411174198086,-542.1956396413151,0.015966265878536702,0.01325390602673069,0.01277008157583331,-16.724564890598142,-214.97364776843344,-806.4714715124696,285.57084981045836,-2969.341226585447,-2894.6605688344466,0.8930097465189,1.0,1.0,1.0,1.0,-283.73330946337774,2561.3603990889524,-473.92784882835315,285.57084981045836,-2969.341226585447,-1292.3362500239207,-10087.316965959
467.392255565596,2567.056586000525,-911.7241178575929,443.7168569640674,2517.98996788075,-948.6973745923809,437.29517775664436,2459.7708646807278,-990.8369397991198,408.0974335948706,2415.7908681756107,-1023.648816079489,0.014332735503321006,0.015582967622425399,0.013918011715279129,-496.56736680663874,265.1471715436965,-984.6593113672278,-1413.250763888479,-3360.047166835745,-2721.566216848665,0.641166285158975,1.0,1.0,1.0,1.0,471.50940645697074,2566.7794808261783,-913.0065367843112,-1413.250763888479,-3360.047166835745,-2445.421819322529,-9960.643823589831
-304.3820712762841,2431.282589082309,-1071.0996595795843,-283.85490825913985,2368.772404291594,-1106.1805472493331,-256.4496713110917,2300.7372623668684,-1150.3307753178774,-237.76331653763947,2249.838083107333,-1106.2547237265096,0.0158792102556534,0.01657317511931318,0.014484427079061626,472.1693159858813,226.39581401726173,-1015.4137422168204,1430.3667460588322,-4052.617567590911,-2368.3208078122907,0.4980631875459722,1.0,1.0,1.0,1.0,-307.38056061618295,2435.0723883543096,-1067.9956013174206,1430.3667460588322,-4052.617567590911,-2585.3525540186088,-10222.194803008211
40.88067977231218,2557.493448308852,-692.6234739869149,43.95441700301152,2516.4751314447144,-743.8991630318321,37.596814010572785,2460.8706747121187,-803.9224916820338,38.79086396474036,2412.699087506939,-864.7228816472181,0.01848957270541951,0.01460785662042757,0.017156792140223386,26.210695285890296,-244.41875513362265,-814.7618596144233,-13.698641830855436,-3119.470007212504,-3435.0592216513446,0.8497457785339302,1.0,1.0,1.0,1.0,38.53947293366002,2563.104251357631,-699.4628855698695,-13.698641830855436,-3119.470007212504,-3083.36447245515,-9944.178733892608
54.010451611495625,2452.2806316998062,-870.9243642276107,69.8341151925143,2401.9871090370298,-856.5981161902548,68.77857743806835,2327.042111595811,-863.271768576336,77.99126915054471,2270.1370514816954,-862.2165487163015,0.01787635230037599,0.016645984212054238,0.014500258728402826,344.77791533315013,34.21175673033383,-907.3134730945014,475.44924026309957,-4002.8033477803724,-955.806687054925,0.5559774047591673,1.0,1.0,1.0,1.0,57.1311249739756,2455.907782137454,-861.5213135286225,475.44924026309957,-4002.8033477803724,162.10829573293137,-9693.709656868092
320.8638321242065,2574.9998732797953,-920.204714156152,313.54386740479805,2522.968422772316,-943.3117440245989,306.85511835684343,2465.1586283866886,-981.6272854734511,299.0588290799778,2414.5449502175634,-1017.6215249561909,0.014712229481131807,0.014864388236458156,0.01697008196129308,85.13797535416933,403.1632150989076,-1015.9501617599001,-366.89377540091687,-3382.810941749898,-2428.3662847920045,0.5934533003211174,1.0,1.0,1.0,1.0,319.9499916107568,2568.162217818846,-920.1941229619641,-366.89377540091687,-3382.810941749898,-2005.584086598018,-9790.948544816058
-160.81074182262145,2576.3722911954246,-720.9302066110569,-142.324108689276,2529.080693516631,-776.7697944571769,-137.67478683944952,2496.4437822840077,-835.1780713065311,-124.35635964771888,2448.3169313037506,-890.0738473262032,0.019682431050703823,0.012386730417269596,0.015013112339823956,315.05231637290507,-98.50728580959883,-811.3003581046253,511.3253513838787,-2925.974057131535,-3568.3020216408295,0.8679177261922033,1.0,1.0,1.0,1.0,-152.81038014334467,2578.758976465753,-722.4343346287081,511.3253513838787,-2925.974057131535,-3311.968035855715,-9925.094975264612
-422.86005522362495,2457.88207242599,-894.4412855599593,-426.8909873250875,2394.90224401737,-903.5070648730125,-428.5300794388944,2307.828634169284,-924.8495719582703,-426.7021729916289,2236.203631662344,-941.2687382568922,0.013189814257112506,0.01606679403204155,0.015852975611774855,-523.6432543966778,30.194875011889096,-882.9630562381296,-212.79693565748335,-4851.189093948895,-873.3413851404239,0.45489041609907144,1.0,1.0,1.0,1.0,-417.24478656793804,2455.7894219863383,-889.344066104924,-212.79693565748335,-4851.189093948895,-940.7403350945242,-9572.260609854067
-246.30433028899097,2662.835994930528,-617.5099316031389,-234.4982621784902,2621.60628948825,-670.1348666165594,-220.30686438144593,2584.946643094606,-719.8841590887916,-218.74562146081024,2535.0685435634587,-772.2831900335991,0.01318153837889104,0.016139050993997487,0.017585049684304924,297.761860380438,89.8046834126053,-906.9350485480136,532.6305119153418,-2528.1899042088676,-3937.719532144375,0.9680943609428069,1.0,1.0,1.0,1.0,-242.8581092136335,2655.9174361846017,-618.195377166349,532.6305119153418,-2528.1899042088676,-3153.6608964845927,-9628.658604358405
-208.52765088243476,2509.3651157961485,-668.582086761963,-201.46111632700183,2462.747357536891,-690.2853048960103,-199.2414347933925,2404.961967615562,-715.8895948661188,-185.26752473668594,2345.0717769644825,-751.533206970446,0.015199932324994366,0.016104677630982746,0.016632922206285004,178.89676696891925,-122.7830730245246,-800.2006729277008,504.1709471669643,-3399.2453785232105,-2261.336539122291,0.7270624678377384,1.0,1.0,1.0,1.0,-211.83571708547845,2511.6320953309632,-664.6385924408701,504.1709471669643,-3399.2453785232105,-1563.539290701041,-9846.177066628807
641.1410185291983,2591.0893163781498,-858.6839311006378,634.4385293321818,2540.610744063408,-899.3453031590586,637.9560087598712,2490.705886657231,-943.0228146408643,644.2354668694711,2444.112196732627,-983.4059113216817,0.01671018238352163,0.013129717768177295,0.012888427515875656,688.4294633440458,56.334970262670666,-931.9627521517649,69.28222821525432,-3361.3613072315925,-2914.5693452412447,0.7122716723324259,1.0,1.0,1.0,1.0,636.1213810415304,2594.1627572225216,-860.2756215914251,69.28222821525432,-3361.3613072315925,-2662.593134204736,-9805.643453489398
-273.2705482500951,2460.1806448882076,-904.0570504108695,-251.32467659616546,2397.696520126583,-906.662189675159,-221.69998265852504,2341.2572988109923,-927.405744483915,-195.82659732509472,2281.7615287488406,-941.3857688113404,0.01565462982632588,0.017008378084634047,0.013486353422049464,596.7680526248756,260.4188175142145,-990.9406567712516,1573.4410299618871,-4000.760266169921,-1431.4340933342926,0.503850638666991,1.0,1.0,1.0,1.0,-268.62451385416193,2460.8369639076714,-903.8880028114459,1573.4410299618871,-4000.760266169921,-581.490355309247,-9830.11506540974
156.1524148745867,2611.2786780568626,-520.9187080342014,147.1900894920338,2561.1225520085086,-536.0656981451212,145.96245579622004,2520.1825898531883,-568.4418804381273,138.9922705856373,2471.1581764172,-597.6937798082485,0.01543256015175286,0.01619479905439892,0.013406395231688788,-242.6626718168327,-98.20040584264717,-809.4155367114108,-431.7216952494525,-2943.5971829143436,-2699.4418192496328,0.8749662455621602,1.0,1.0,1.0,1.0,154.5212878126631,2609.9090024385505,-517.4736807114598,-431.7216952494525,-2943.5971829143436,-1292.193155135774,-9621.438391280046
96.35449218799059,2534.1652974301264,-479.42506310851394,87.18737239167399,2488.1332996182123,-497.0424003682309,72.92077577204367,2440.0378575883756,-520.5180585168567,73.78371203025216,2401.0344907953818,-549.462807616248,0.012407490735133716,0.01847085863043536,0.01506296522798787,-277.396895878994,-50.67257868296679,-817.0141450581261,-387.82335273777716,-2759.7448443111157,-2949.6205338188656,0.8890586854064437,1.0,1.0,1.0,1.0,85.21793893082702,2529.688850747926,-475.3231918564784,-387.82335273777716,-2759.7448443111157,-1329.0303605058261,-10147.346327757423
-199.96430597504082,2467.169754435653,-584.2592647814757,-196.76657701416144,2404.3937886749795,-611.0372353223004,-186.18035710479558,2354.6226904379173,-648.7419608042453,-190.18277508562917,2301.4846646624865,-688.984398765474,0.016770779494089283,0.014236306014646923,0.018799321283149886,-96.77985838627072,-428.79250026170195,-806.9066974391591,116.89901991855436,-3421.9872217490138,-2700.8255142101957,0.7951935932081146,1.0,1.0,1.0,1.0,-195.55953021744915,2462.7867021162156,-587.060983415769,116.89901991855436,-3421.9872217490138,-1683.51437304976,-10145.208450673383
155.71394213330365,2487.118783213983,-897.1592484510237,141.57765640684184,2421.317929269728,-903.007508882435,142.06242153744216,2361.798510072906,-916.7413207807018,135.84538598448492,2311.153747039398,-917.6209351018123,0.01853042196192411,0.015338207265720844,0.015482298868445897,-26.152036766235064,264.08180815485287,-1017.3665716640163,-289.9455195679714,-3732.3422569702584,-1592.1663293551328,0.5456490719039095,1.0,1.0,1.0,1.0,146.3655473767078,2484.8254510521515,-892.5502624744312,-289.9455195679714,-3732.3422569702584,-241.040544611021,-9922.389211704725
711.229792613945,2562.615494408118,-463.6842346413778,698.9672892131795,2522.101925911654,-478.4187616489518,681.9246317022852,2484.029099165849,-489.19632339237126,665.5883180579712,2434.6566563925035,-520.8517562967265,0.01564128440377803,0.016210475847009242,0.016911902778747802,-311.4202749325817,-65.3342390605355,-812.9473098318275,-1058.9380137220066,-2713.369520107132,-2698.2708549876597,0.9212363369704657,1.0,1.0,1.0,1.0,715.7495983777649,2566.6341954433938,-467.6247622873393,-1058.9380137220066,-2713.369520107132,-806.8944702772696,-9599.956060905868
-86.13037527874457,2496.755179834781,-574.2299413180804,-85.62107204721619,2454.9399854626827,-561.6742828953908,-76.064117496526,2422.8879799462707,-553.7491643852733,-75.97101542442353,2381.3266260557994,-540.3680034773313,0.01666111123640303,0.01248744558700927,0.015915770857821535,150.95929782319965,27.41137168396243,-917.0674613103367,217.25757747158775,-2313.0548190729523,-2737.413024087477,1.0199356723187654,1.0,1.0,1.0,1.0,-80.42002218404161,2490.8147539966444,-570.4260845623159,217.25757747158775,-2313.0548190729523,809.4640056444905,-9863.659166445013
-372.8603136997596,2618.555689277702,-642.841531820597,-354.3270153024224,2558.1599701799255,-655.1440220604152,-338.03833147642405,2513.032792998816,-678.3283649535912,-315.5690359857629,2467.7141554023588,-696.2406421287831,0.014615112365360828,0.01721716691765676,0.012496422523278296,543.821166111296,42.19075792486352,-803.6563001652065,1173.6607020886424,-3304.1324184968107,-1968.2808096033887,0.7356712981937047,1.0,1.0,1.0,1.0,-371.6341815178433,2619.4140443523834,-643.46739945418,1173.6607020886424,-3304.1324184968107,-856.1281281274432,-9805.777644226573
361.3261063167716,2513.2480212940022,-681.7174988985403,373.63451585345496,2459.399079628639,-691.1572184156298,370.3757909672354,2423.11102830885,-700.1047485269611,385.9542927205309,2386.758216760664,-709.3249904810862,0.01718072135145927,0.015334857796213845,0.014004759398361447,564.2312266857076,179.2732079207484,-1007.7905824684599,229.52283189662447,-2758.1839453986886,-2531.9514554214984,0.7984796614539661,1.0,1.0,1.0,1.0,370.28443373305913,2509.9386417826377,-685.7891043412951,229.52283189662447,-2758.1839453986886,-338.9826568837916,-9776.581265321884
551.7165005831416,2614.681291423634,-540.4238016619109,539.1088855957313,2567.728499370503,-566.3092954316514,537.7551525071086,2531.3329457209593,-623.3645322702931,527.0440221144964,2486.8129890500463,-677.123558908684,0.016147396152610894,0.01479520663094528,0.013465723064064496,375.7414798656581,-265.5781295985802,-807.3301508685887,-167.20598818153877,-2883.7763770535616,-3585.357357456238,0.95559167415238,1.0,1.0,1.0,1.0,542.947468047194,2618.1982474549814,-530.4089151801026,-167.20598818153877,-2883.7763770535616,-2737.493181246618,-9680.414618259167
-166.058026608203,2658.860950605745,-503.9892827325536,-163.1086352361715,2606.5781818178357,-548.7807475670683,-162.23451889430365,2577.2883264950897,-584.693753518915,-150.17784064685938,2528.854697229035,-636.4580533321334,0.014757890078367633,0.015137046420524682,0.017483288918063618,6.916982345109464,-122.64909110450415,-800.6380111484283,174.7165105243028,-2801.603957379055,-3480.518748111204,0.9476217745830449,1.0,1.0,1.0,1.0,-166.92594562657177,2664.946846487657,-504.0010455111235,174.7165105243028,-2801.603957379055,-2521.309557567371,-9704.691783598897
19.53568043726542,2594.860885280789,-762.5697671847379,8.920561130306305,2538.791472450755,-797.5024626548992,27.42258713268023,2492.7401308049057,-831.0290453332998,35.60281111509518,2439.6677139106737,-879.3035694983611,0.016240652603623628,0.0157775396544118,0.01846931116934402,479.46979765020694,144.5529186075069,-957.0652330245352,584.0069399694163,-3055.816517170173,-2947.9053629392715,0.7495124965726212,1.0,1.0,1.0,1.0,12.264245674674726,2589.2061323436483,-764.5211117861579,584.0069399694163,-3055.816517170173,-2223.409839461627,-9729.961472851175
495.31305931486696,2437.8050412645384,-589.8052019372276,482.56574926346906,2403.475796311021,-613.8320290657617,472.8495060108398,2365.9289165253194,-636.4485652995855,465.6635930551493,2319.974439343834,-672.8912269012884,0.015326861042006966,0.015792025882229433,0.01498569232722309,-167.19205348384975,180.09521867548963,-998.0687237294447,-712.8843849816835,-2451.3096835236342,-3197.287231173347,0.8738954207485412,1.0,1.0,1.0,1.0,488.6615806992986,2435.300127517231,-586.4685093735707,-712.8843849816835,-2451.3096835236342,-1476.4507417503346,-9770.484730023923
131.5206351277311,2441.950091542948,-569.6358076295014,127.41266500299149,2393.841058326318,-607.9297391435557,118.45678842245906,2359.327407515926,-652.4670580377779,110.94328246530873,2309.5523103093087,-705.9308080527022,0.013029387780303688,0.0179406966830387,0.01480564893143519,-431.8526156225062,6.588157257275531,-817.6496517263907,-611.0767219950565,-2599.2940709311642,-3436.3186296302742,0.8892242666052231,1.0,1.0,1.0,1.0,139.50411944287282,2436.928113577916,-570.568706122051,-611.0767219950565,-2599.2940709311642,-2612.132683813129,-10089.16002554955
24.780532574209445,2578.3077716102675,-751.6230059502587,35.30861911431854,2519.9462603813963,-774.1343129358697,32.0467312425541,2469.47778093969,-798.1199763092889,44.18001182038754,2420.65590207543,-829.1265868594867,0.014216920275602401,0.015472924290979639,0.01336010630744576,227.67384848077947,54.33000139409614,-953.9314913930299,268.8336205637719,-3356.4175844036877,-2483.0107538442667,0.7069500491259728,1.0,1.0,1.0,1.0,26.04863305795095,2571.643189696868,-751.7810435178965,268.8336205637719,-3356.4175844036877,-1489.95365598169,-9759.743737903666
-490.0086306376187,2538.4733184230963,-624.3261549669204,-487.90992932664784,2507.7380362842073,-665.6815652210937,-494.1586981538146,2465.0031266245383,-725.6520931948227,-479.6003639826938,2430.091654159834,-779.4948598252577,0.015526792008847773,0.014349466958570247,0.016224027165507453,-189.3070548103526,83.46934895656827,-955.6146762020376,295.6287984446131,-2375.6433611343864,-3959.45299689984,0.9888997138670744,1.0,1.0,1.0,1.0,-495.2828612005276,2542.2602277306496,-625.3114583696806,295.6287984446131,-2375.6433611343864,-3083.3369088030713,-9340.658459677774
-362.6283520002721,2645.5812367094095,-643.7472520817829,-360.57217705844073,2581.0439032959157,-678.1913262357052,-375.13547059502747,2569.3221746557024,-712.504097938192,-380.5871378863634,2527.0000113045753,-753.196224644235,0.014572734701927836,0.01561399582906125,0.016475580740496508,-584.2153002612027,166.0809113713068,-982.1056685324265,-235.33894835650227,-2681.380089894774,-3455.040061933448,0.8783376887285151,1.0,1.0,1.0,1.0,-366.52677303143804,2646.3574945239757,-634.3930905115751,-235.33894835650227,-2681.380089894774,-2277.8548589767706,-9705.22291681476
243.91932135716928,2610.208678771676,-524.68008232284,253.19256617746177,2544.5470657465235,-560.336227028245,231.0359970196318,2521.340438497219,-633.8092527216137,220.93603354001263,2489.3901659412986,-697.722861854091,0.016754382875542612,0.016864867888016614,0.01612799985914625,-353.5150143545909,-78.8294836276915,-807.095967998137,-554.2598822732622,-2477.29239077324,-4253.819869323094,1.0352527493772934,1.0,1.0,1.0,1.0,247.85695791189846,2609.032760361282,-516.6402417859192,-554.2598822732622,-2477.29239077324,-3515.4850566418395,-9875.340470112804
75.354092143509,2452.511192533446,-614.8014235221233,74.15542163043332,2410.180793357259,-663.4586312078729,81.51208773332337,2359.933761056125,-716.76833918935,81.08210385685298,2307.5990369405877,-777.4131853191301,0.017627621823303675,0.014719414542906137,0.018182607310404775,326.87305122446713,-314.5189918567578,-803.8245092771232,256.49382015632244,-2832.8829031151813,-3635.6810240220457,0.9244703563233861,1.0,1.0,1.0,1.0,76.79157657205292,2447.5418386805404,-613.1815725388217,256.49382015632244,-2832.8829031151813,-3083.4261833089085,-9733.508744565734
311.6302604977473,2575.6663627657945,-925.1393064700374,296.36609026126183,2512.4621748765785,-971.729305415305,301.19946029077335,2450.8577112941794,-1009.7716457113032,294.34206545762527,2394.9415604931587,-1049.606213263205,0.016412990462638936,0.014593696033066678,0.01717458767131061,174.42667329605476,36.84273296714207,-971.5868178199664,-198.65759260914544,-3769.241979492677,-2603.1631667716565,0.6268187258329843,1.0,1.0,1.0,1.0,308.52054830722693,2581.0810691247016,-923.139546212197,-198.65759260914544,-3769.241979492677,-2414.375229511305,-9779.98655378741
667.147096397717,2461.462909000719,-929.0866499697354,639.0559449610936,2408.6620231043717,-919.067535355132,627.5156244926045,2357.6886839382146,-918.8037331373906,612.4875219958625,2286.7934390758337,-919.9106445019509,0.01696134040128002,0.011505228734954704,0.019198645763502966,108.69519517258072,332.93645207041607,-1019.1971857635339,-930.7065278986836,-3606.920011389376,-1450.8685619411683,0.5423347851002627,1.0,1.0,1.0,1.0,657.8120466328019,2461.0192587901474,-910.4367012141537,-930.7065278986836,-3606.920011389376,-61.4674507556127,-9662.383717677802
85.23006577840856,2594.256575889415,-459.6610937931342,89.44139135967127,2554.6185749152105,-486.9004191925533,92.01820982133962,2513.5273509046974,-542.1272757946541,91.325475494447,2464.5774038913733,-577.4117146609311,0.014557000459079813,0.018037703679070524,0.014277134309579241,234.4321552431116,-84.72908080403323,-831.2857756812982,147.7676945024739,-2627.887418215992,-3692.388473520613,0.9731281615522707,1.0,1.0,1.0,1.0,83.70910685059016,2595.7160857762756,-451.08355587513563,147.7676945024739,-2627.887418215992,-2458.637672494242,-9980.760635375873
-13.706442332629374,2505.3645779587905,-796.1218244648461,-22.627492859922928,2440.4288450193367,-789.3182256107677,-32.265788905106795,2394.0170570072128,-802.3678540193092,-33.13036904982748,2332.627306011086,-829.5106349414818,0.01396050889522604,0.016241118326987707,0.014163417625369684,-272.7513487143073,6.854324565033018,-829.2306602675142,-417.7112748495874,-4033.87816587122,-1136.4508253198383,0.575634955152417,1.0,1.0,1.0,1.0,-13.770358307563242,2507.85878740519,-781.7837120827072,-417.7112748495874,-4033.87816587122,-608.9045978585764,-9703.31529881149
206.43928465667443,2473.6884779140714,-762.4323868681113,202.17865540189877,2415.786769700005,-776.7034302011125,188.41976808898076,2368.6192858206364,-789.6909353083179,188.03539516531515,2309.7149984249068,-822.109655144536,0.016336420199478008,0.015553131274544597,0.017183521122786753,-138.6266211619307,96.4481053034603,-994.9508598824879,-458.6451592235818,-3188.1502000562587,-2304.50226347628,0.6959269274031912,1.0,1.0,1.0,1.0,203.06402245963727,2471.6200043453705,-763.779597463827,-458.6451592235818,-3188.1502000562587,-946.2813368829345,-9551.034723090794
-331.16869169856295,2504.8657212920953,-775.1530319484696,-313.8021722447314,2435.511254319839,-797.1014213464446,-298.74055154200636,2375.009053748012,-823.6731285625012,-289.1106817029689,2316.046225614706,-863.8767750147368,0.016566788261780173,0.015379217222435255,0.013922056812441769,227.69897480706007,-63.70830481380302,-806.0030533426208,872.8082859805297,-4043.7048080720087,-1554.149537124097,0.5891319377033433,1.0,1.0,1.0,1.0,-326.5342867905761,2504.044248311926,-781.0107721727929,872.8082859805297,-4043.7048080720087,-1387.831410714441,-9801.115490969776
-305.76164590085506,2438.408824650594,-646.743403625316,-298.99294833280743,2399.534438244317,-693.6546790794312,-284.0000277091191,2346.994281763417,-741.9594813851954,-281.1646692686115,2287.242341543129,-795.6185667912555,0.014079044023356312,0.014443364017905472,0.016490648550797328,95.87617016040622,-447.7444803148942,-801.8644541759484,431.9449030587983,-3121.385530320975,-3499.105175107964,0.8799869434079416,1.0,1.0,1.0,1.0,-303.6728651689816,2439.537135232006,-645.8343825038818,431.9449030587983,-3121.385530320975,-3020.7536092550104,-9995.769761436484
710.397186890554,2605.606164292267,-565.343866341281,710.3696205478483,2557.8906326681977,-571.3038082798396,703.8016546036301,2510.519312138514,-586.6564994452839,698.7776050612307,2458.9103969339544,-601.2726598752732,0.015193684588221837,0.016142391206952333,0.017411125711917316,416.3072623919992,-101.03168343207335,-840.1164891916842,-331.20677489496745,-3041.820575457139,-2376.020365419886,0.8412527984929092,1.0,1.0,1.0,1.0,711.0812920485164,2606.1886287247758,-566.9987441252947,-331.20677489496745,-3041.820575457139,-612.9846660814057,-9647.41916594449
-5.577914581046643,2522.4520463061194,-615.2004605321777,-2.584247172741784,2483.221647382157,-633.100802895921,-1.9130198221844938,2425.7823236702243,-645.7419632676902,0.9195909718958077,2381.9212367068535,-659.1187025859932,0.013534766164316266,0.015569079483002922,0.017739318042360758,203.04172726473058,13.819678588998158,-900.4654189852854,239.8036657907125,-2884.650348547595,-2385.6382910673688,0.8231568363103208,1.0,1.0,1.0,1.0,-5.587461973189534,2523.465481825404,-620.5218653691925,239.8036657907125,-2884.650348547595,-652.5687000522731,-9405.273532664945
193.05739486295644,2455.68456984275,-1013.6209236319406,202.7106003811423,2393.607145982572,-1059.002042910587,204.71793447210513,2329.6657210559033,-1106.708165693507,213.4027825184814,2257.0567342349404,-1140.0388536227429,0.015123397771575578,0.018207269041753536,0.016126305111658537,393.04008425882506,53.913045315670466,-952.484192756085,319.6522332984415,-3932.220996199506,-2425.1158258014243,0.5605430280750128,1.0,1.0,1.0,1.0,198.05222194677742,2452.567852997374,-1014.0769906850248,319.6522332984415,-3932.220996199506,-2664.118555335788,-9869.197974710425
320.8425320192187,2593.1548212344337,-553.3270068023081,328.8975171327681,2532.1870770023484,-598.3232563341293,324.36846370657054,2490.4745671579494,-632.7618886248607,328.5075594527546,2451.559453390734,-667.6285245829989,0.020300499812566004,0.014957206500981441,0.013137167653964922,322.0112087196814,-80.40103806369024,-811.2596522439492,-6.28774944795606,-2932.8499987718474,-3017.7010173573703,0.8616051260324883,1.0,1.0,1.0,1.0,327.73306071732566,2588.4924608186884,-553.7911085304548,-6.28774944795606,-2932.8499987718474,-2009.8930162121515,-9840.140145553956
-479.9634165434014,2606.0381720408473,-582.1215315299073,-474.83317514858214,2569.3807755916127,-627.476071551634,-468.3449242315086,2529.2523656529625,-687.1114668561638,-466.41756882418207,2488.9343064940754,-733.5571957536383,0.014005253664900687,0.016069984035943924,0.014144042799955119,-343.40631242006214,-92.10009085512344,-840.5975635221092,128.45633925144529,-2651.6746923062356,-3892.96778850391,0.9757807194992005,1.0,1.0,1.0,1.0,-474.43177845653383,2612.6080952972434,-578.4501193557094,128.45633925144529,-2651.6746923062356,-3170.439468861371,-9735.164118893044
-486.79555604245,2500.6933029549073,-1075.0132695812933,-470.79629379854657,2443.4490241343624,-1131.4032324907982,-463.64189154520466,2382.8337366262604,-1126.011604997849,-441.08696405519515,2320.6774103081048,-1075.3963810175514,0.018878767383533973,0.010471851809618307,0.017482053637391394,40.635717651213284,-10.716385838135665,-866.5480026547137,836.5299109479276,-4012.6391413482893,-2335.0232601844014,0.5781673271694567,1.0,1.0,1.0,1.0,-482.1954766912403,2497.183077504541,-1076.7412916617898,836.5299109479276,-4012.6391413482893,-3061.995390079725,-9331.881472265793
-83.08385215594106,2460.1155399160198,-675.5298774662425,-68.42405872125742,2415.3535986463585,-700.5193180011983,-61.83272077862042,2364.7808213390094,-731.0116659813946,-58.64713236672418,2306.433638112254,-756.9650589270951,0.014118192856263883,0.01665109480906804,0.015229665466758406,367.98980182381734,-14.438947149940766,-803.2690712424999,600.8807401950618,-3281.412861824442,-2153.5453125642966,0.7090010468679102,1.0,1.0,1.0,1.0,-85.67515702345474,2463.027763527516,-674.7111530038305,600.8807401950618,-3281.412861824442,-1442.8301804671537,-9943.166376984182
-457.96220360121885,2581.23542180539,-645.1167990381011,-449.56894642433883,2544.4676804300902,-664.2162264772866,-432.9401472734751,2490.1290203781723,-702.904712830945,-410.42604406852183,2462.7989769717697,-738.1817083983246,0.012400328629534541,0.015673352488856707,0.014514587374682156,439.55393768918856,213.93610961621323,-942.4859998496527,1017.5706457597689,-2676.7663756172215,-3134.3923690074303,0.8424117315069273,1.0,1.0,1.0,1.0,-460.9960838082076,2582.874352037459,-639.2988674433901,1017.5706457597689,-2676.7663756172215,-1982.903925851229,-9718.124212193716
232.36573015562806,2496.920027622059,-782.837941073019,223.92099907106794,2456.002572858359,-832.194064062644,237.64631182013292,2396.3894900553623,-894.6968146718377,221.2548966620361,2350.865631438161,-959.6535689586739,0.013716768002193193,0.01444228346743728,0.018474813099655374,-0.6626660817358832,-354.39186013173634,-810.6385295299542,-269.10088097436557,-3231.3186952024244,-3409.7794765878098,0.8383661354307148,1.0,1.0,1.0,1.0,237.49161358057813,2505.3251851224095,-786.2009573061201,-269.10088097436557,-3231.3186952024244,-3339.3422132940086,-9733.050125064665
408.2905446134675,2487.1066662004405,-946.8494725475782,409.6158172632131,2410.343217623148,-982.812701429083,395.3038239053019,2345.607572397926,-1019.6369407550002,398.63294146622894,2294.2666527249057,-1059.3027813084027,0.016602537434465364,0.0171094351086234,0.014972911722584553,239.8725590043344,-35.63420821942343,-856.1376846224122,-282.60327971615703,-4202.327464096103,-1979.7278362841746,0.5513151157343271,1.0,1.0,1.0,1.0,409.4345268340296,2485.76227023824,-942.4364848653014,-282.60327971615703,-4202.327464096103,-2365.355686711907,-9705.619032941408
-271.53881582544886,2498.205806491874,-883.4013850279028,-266.2983834426981,2450.695048706935,-924.2173038047862,-259.71022598473326,2405.89123959852,-981.1371544274742,-258.05044482142483,2363.7533772928678,-1035.3565337377556,0.012827427749408607,0.01622905072537104,0.012373779814619443,6.477088920523584,229.02149524889592,-1017.2378249294484,347.40604702504197,-2835.029041032032,-3508.958449321139,0.7585697417106015,1.0,1.0,1.0,1.0,-271.4477486995102,2497.044728074521,-881.2755015775513,347.40604702504197,-2835.029041032032,-3087.657473906642,-10222.727960011107
247.72458530686535,2565.4680763878746,-841.0781937853112,236.85769803813534,2515.3895523828137,-900.2052379089902,236.89812957709583,2465.45733891562,-959.641692145875,229.5254562524135,2414.3823396609155,-1020.3616942835773,0.010267740740210711,0.020099916214669424,0.016391437393065207,-68.35081527163588,-325.9695671377458,-809.2267239529268,-358.09759421408967,-3263.957622342777,-3417.413391574584,0.8382409056520553,1.0,1.0,1.0,1.0,248.5655556078343,2562.6329286356176,-841.5079218662196,-358.09759421408967,-3263.957622342777,-3506.3862917224305,-9538.891954067762
-205.33923524576215,2565.886522871054,-631.6930738918788,-204.71090269028167,2516.9981286308316,-644.2160503284211,-208.43909022484428,2485.7634623403405,-647.9721493221953,-197.77906886676092,2430.397480288712,-657.2336826232955,0.013432705885275628,0.013913520599011346,0.016675908983046595,-122.41971292135253,19.238648150930885,-934.8925729935615,98.84130027933762,-2921.3038899774433,-2426.2185855829402,0.8259778645326671,1.0,1.0,1.0,1.0,-208.41164416437653,2560.773032431309,-638.5149840615104,98.84130027933762,-2921.3038899774433,-232.63814418842338,-9839.590568269628
-190.4176995293644,2505.384744456859,-793.7569971799435,-185.1674218342677,2438.1521703559706,-817.0976955705733,-179.30323132329156,2378.1912877210784,-838.3769882741675,-170.22345711166923,2305.908135433228,-877.115234960728,0.017632890725232872,0.015716761848612683,0.011498300550203525,74.39185078796076,-141.9310528418804,-806.7186611852488,407.2895606220224,-4097.423809766474,-1788.2381824299405,0.6001520468759514,1.0,1.0,1.0,1.0,-188.30991581324383,2500.9073044575034,-784.3185877966318,407.2895606220224,-4097.423809766474,-1657.4588274630023,-10070.060194655973
12.063162827321554,2506.4674559384057,-452.61076423246675,1.0056311171173529,2484.819573642449,-474.1401386457043,-14.182017567121775,2438.366993895758,-512.8115084355553,-17.964913766991987,2398.9743008813657,-553.8602208792297,0.015576120897956505,0.019033910595428638,0.013652067598052209,-523.0038422432864,28.016392811126938,-844.4909801396946,-535.2867084877598,-2505.7798066357,-3365.439009202621,0.9467379009085635,1.0,1.0,1.0,1.0,9.606432702035477,2521.267300413641,-451.66568449367617,-535.2867084877598,-2505.7798066357,-1893.0432090817785,-9855.354901861992
284.23455396229815,2537.263620137328,-692.6164775025579,277.35555997911933,2501.3239628107126,-731.2030764870116,279.8643178663278,2467.920856491815,-768.6983087384876,279.4976201826412,2420.5393658417793,-817.0801591877621,0.014963125581554673,0.01569428348830296,0.016053431596266425,158.42869490987516,287.38851853113056,-1010.4678419930209,-141.65924669951698,-2529.024860033,-3467.615059659142,0.8432891593338766,1.0,1.0,1.0,1.0,284.50542447244504,2538.220643960505,-696.5220333626023,-141.65924669951698,-2529.024860033,-2421.150396513441,-9814.413298418227
147.85442344256305,2579.502244127699,-806.3856982473577,143.1219861824485,2529.6588810561416,-811.4200905443336,144.00931254335794,2488.9225977429815,-830.9215472543449,128.56191476811787,2444.9582729782596,-854.3461172689476,0.015789011831963136,0.016321827277162304,0.012088658600774231,-159.95881930464256,419.0323364468225,-1014.1792236228479,-438.27384358822707,-3045.5955905065466,-2245.2629449516135,0.6658005022901008,1.0,1.0,1.0,1.0,151.21560964299863,2581.405205706472,-800.7727880004973,-438.27384358822707,-3045.5955905065466,-975.148945583859,-9584.62548436014
228.45817165969387,2526.4356891508696,-857.378766763697,226.26735516405284,2484.2190501166074,-916.2750345477365,240.63842246618674,2431.548175151741,-975.9007170409864,239.67571074565865,2392.6804733088757,-1031.7635269685618,0.01801293193942469,0.01642140247955384,0.014547024949680347,447.96395750813247,258.3567383686782,-1011.2306856527031,272.83116677497964,-2769.764003568299,-3561.525440583615,0.7710186406313417,1.0,1.0,1.0,1.0,224.24240075264663,2529.56322129469,-866.5127866046444,272.83116677497964,-2769.764003568299,-3122.3544432862004,-10142.484169880365
261.60940661371575,2668.898620240599,-631.0729698902983,244.52552791518343,2623.111870894023,-648.249582809094,231.35873287299597,2581.71805302738,-676.1787002679341,219.89094459132914,2537.765228415651,-701.6084605860917,0.016161201480294696,0.014273784588713031,0.016055289732266997,-478.4079909063252,187.7067652213841,-952.1922361801123,-863.5943439820239,-2900.7838967862886,-2854.3023273869117,0.8085097241987259,1.0,1.0,1.0,1.0,259.96517319830673,2667.8769969736604,-629.1531543762683,-863.5943439820239,-2900.7838967862886,-1314.9756491799967,-9934.548809732927
67.15935989062986,2601.497426651453,-648.3139529641527,62.687416097894236,2532.563832696016,-682.1424643218463,52.83609801494461,2468.53979877325,-719.7963409124936,40.14817339895708,2417.2395574087677,-748.7994132837143,0.016068427663117717,0.014976100503789929,0.021227064958919503,-399.6954943567468,-248.9545091753907,-802.5582045443425,-580.9251780438206,-3534.1542825810384,-2404.520670481256,0.7527284068741734,1.0,1.0,1.0,1.0,67.94927396852938,2596.039688302346,-648.8845916136129,-580.9251780438206,-3534.1542825810384,-1672.9625995299527,-9707.277124787655
410.4643795176883,2646.1804459816594,-471.6749581571968,412.11232504621563,2603.9465954479333,-477.3981985203728,398.891948613257,2557.2113855766324,-495.2649977237206,400.67412508659885,2508.002479104829,-505.615097854916,0.014697029486260487,0.015638484283242764,0.013527122432565958,196.4814541973874,-322.73450321989594,-806.6529718545504,-217.26073577203826,-3048.411774196443,-2649.837989459128,0.9311373637979315,1.0,1.0,1.0,1.0,408.3106715751245,2649.466976621641,-464.8474651348696,-217.26073577203826,-3048.411774196443,-686.1187888407109,-9583.480806999141
595.2629091974482,2438.3561894594136,-1074.1372771087324,575.6204038686795,2377.4443768914757,-1108.9236597356198,546.526448417413,2288.615223702156,-1136.8033590549626,522.8847236320728,2216.3412591682218,-1094.080578217873,0.01496266263820917,0.012733014217699828,0.020406050798474806,-242.96293979623536,77.22423629862647,-843.1102136163211,-1681.5384844873026,-4721.665367647125,-1622.637551328461,0.4518982723456165,1.0,1.0,1.0,1.0,597.8063024474168,2438.05692012219,-1073.6534894757463,-1681.5384844873026,-4721.665367647125,-2659.373938840119,-9626.69323326294
451.6116500719544,2676.44307232386,-554.5031685977947,450.94616976414864,2636.7714499673834,-596.5142929903197,441.22546514291923,2601.855004704492,-648.5158325462988,430.57155920505926,2562.1239573437892,-712.2242247408651,0.012841859439022388,0.018100973374198123,0.013441850082608179,157.76774159009892,-11.504806882387854,-915.170416976676,-265.88107723105134,-2511.474118621282,-4292.277463950904,1.0256153171041704,1.0,1.0,1.0,1.0,442.2604942273242,2675.772500042394,-547.2810918252778,-265.88107723105134,-2511.474118621282,-3341.2954688472446,-9867.035623330807
352.56548109444196,2493.9194528608627,-616.0952208864613,360.30376824351015,2440.4368486877306,-637.3249784219116,354.51946115323517,2409.957822704552,-666.2359494747323,350.5175511773122,2360.281369180613,-709.080215711584,0.01829788311044653,0.015956723210857116,0.019335080761455833,519.0724883899908,138.11074368385414,-982.6676266257534,198.15655864161366,-2674.586809279676,-3021.575291086312,0.8264103129172412,1.0,1.0,1.0,1.0,344.6947167853755,2491.7471358499633,-621.1468919883621,198.15655864161366,-2674.586809279676,-1421.593402908603,-9832.57405229867
685.4411631898596,2494.2390803367966,-839.9330028064514,664.1306488906287,2440.0622750614484,-888.5407649475615,637.28646661399,2391.269470202165,-938.5173791479508,611.5879123740575,2339.9621189599034,-989.044857969943,0.016184417419916924,0.012896710881866853,0.017043657271248666,-455.97784247877644,92.39786573634828,-802.1493223776207,-1502.552830458523,-3148.2094667153156,-2887.9609494534757,0.7138752144269681,1.0,1.0,1.0,1.0,685.9623086697002,2485.0370604399873,-836.4025313811717,-1502.552830458523,-3148.2094667153156,-3006.3841937179245,-10185.021387027078
667.8594488185522,2438.104715394238,-1082.6464874589751,628.2381482802286,2377.098884826302,-1138.366343779659,608.3177993202505,2329.5336521954982,-1122.9249886135872,581.1177299331835,2277.3681534477782,-1084.2852343785808,0.015426161840224814,0.012568959647691197,0.014472085682710984,-431.46939427190483,293.625755256539,-989.5999482426109,-1804.7261969865947,-3535.6637721766347,-2627.318202805033,0.5625327928293734,1.0,1.0,1.0,1.0,660.3899549049859,2432.7023374234036,-1081.8439177005168,-1804.7261969865947,-3535.6637721766347,-2956.803099614822,-9969.555646663603
-106.51268058102312,2434.7260590587657,-570.644694645864,-106.25984319140326,2395.1379107995854,-598.3376483357763,-103.67660226068669,2345.858070156927,-640.1420618435139,-109.78031675574982,2304.1049158436886,-688.2210991373466,0.015955261645092287,0.015552401505037722,0.01892448165870814,-138.24974614193383,-71.3787093162503,-845.8584712430979,-34.668181491454824,-2708.7180416636575,-3143.0711975494182,0.8745678551911625,1.0,1.0,1.0,1.0,-106.18167826233741,2434.185479222637,-572.8967432895096,-34.668181491454824,-2708.7180416636575,-2145.375162318023,-9665.558808611931
-484.69474459497036,2552.3334522324963,-852.6061180366141,-480.5303479646662,2500.814263282501,-887.5625100462063,-471.00980981116606,2448.8144255400825,-918.3638655957931,-467.4402498455847,2399.5445320148756,-952.2123431889897,0.016196002964764207,0.015700257539566977,0.01630401468190433,-127.06773050419385,177.23323458894473,-1018.1286365009904,496.5446042774802,-3329.1051467610664,-2661.2150205721214,0.666799724813765,1.0,1.0,1.0,1.0,-482.0971225625941,2557.5434145231006,-853.4349102503253,496.5446042774802,-3329.1051467610664,-1976.512545857986,-9642.20762938328
263.4605778646129,2494.47029795853,-635.8843239621907,255.5888066276551,2449.570835402861,-642.3803685375984,261.5001618149653,2392.529269417581,-668.6085873009379,255.59227595937304,2345.541783690633,-684.7779883495003,0.017341571359303646,0.013709901628189875,0.015227629550043625,91.56268743892915,-203.0477587458401,-803.7268751340639,-220.39211719437523,-3390.568317875001,-2004.1685397098759,0.7487208974624635,1.0,1.0,1.0,1.0,266.7744206084582,2492.454053964794,-635.7695805029138,-220.39211719437523,-3390.568317875001,-881.6251359360306,-9645.29382898425
501.5169178182728,2457.7798901988326,-870.4261124903658,484.88471109437785,2371.7402950042065,-881.1006432991263,465.2640810336952,2306.3675136189045,-887.2761861922663,441.56897315129197,2241.0962223264396,-892.6564902152305,0.014880544315617828,0.013975626972796647,0.015421273865535351,-177.26347863970693,44.96418840886503,-876.190198316063,-1367.736481451602,-4815.500927266461,-348.36769854192465,0.4557225548460505,1.0,1.0,1.0,1.0,506.60476208609475,2452.7146520420993,-871.3610166638114,-1367.736481451602,-4815.500927266461,-168.0867910817268,-9693.619202805245
517.2222584056339,2546.9114976313913,-601.6479814520529,515.9402285407693,2511.832548321929,-614.8099851527663,520.3969714603791,2456.8248611054973,-665.439442580619,515.4656475901116,2400.526683201599,-704.1819723157395,0.011645138556810881,0.013326441111950547,0.019397110033499376,477.69406608688325,-257.14925909054324,-807.803898932919,-47.73266895900795,-3230.5337391343483,-2861.802954264265,0.8256313102977398,1.0,1.0,1.0,1.0,519.221488081219,2553.415093956343,-598.8357877214265,-47.73266895900795,-3230.5337391343483,-2017.345859267911,-9859.970590268691
498.2262639388194,2436.543149025757,-639.6548901934833,483.62995982473853,2371.2123581894666,-626.0136576786437,473.3837579245238,2306.1212250165772,-628.6842772486388,454.82786448039246,2245.312832786184,-625.128662446276,0.01731128299408906,0.016016366350012825,0.014032796993041434,0.3260611746289559,347.4634130628817,-801.5708071033214,-971.0943526783901,-4053.140433608695,1870.5541713938592,0.46763955366285703,1.0,1.0,1.0,1.0,500.4396528040006,2434.8307363713548,-640.4378364715412,-971.0943526783901,-4053.140433608695,535.7974235327401,-9968.371061763339
-378.12303948122155,2438.167383826708,-581.7294686306657,-352.37338173758485,2367.6361566979053,-580.7819326030799,-335.7049074113034,2298.619977099082,-590.8383133562816,-315.5845141891222,2225.805247732153,-600.2081583940535,0.01452444097966671,0.015357259600102148,0.01486477866762631,129.99239104327316,450.2669148192703,-803.1263494832793,1172.0713940336543,-4637.467197156147,2187.190984902202,0.3852535207526051,1.0,1.0,1.0,1.0,-373.998308391198,2444.377809596414,-574.1053652493517,1172.0713940336543,-4637.467197156147,-311.10711390869756,-10233.99095183696
-453.16370847164575,2569.089491482405,-878.2417277458052,-431.81218368846567,2520.1576715776655,-914.073277083306,-424.80763791990864,2476.4989442698607,-939.6764044419397,-396.475349197091,2410.0725555334607,-966.5999683024389,0.014023999589596867,0.015519492440861123,0.015406433473101097,294.23343389561506,197.42789562228563,-1012.6041235631646,1089.084817233523,-3493.0488800437392,-2501.4605986875276,0.6350500744964414,1.0,1.0,1.0,1.0,-446.344241823181,2572.7011340520316,-880.0226135294238,1089.084817233523,-3493.0488800437392,-1924.4117778829293,-9632.01991672441
629.702036097212,2498.801795676594,-672.8288762086429,633.7028319023979,2444.2610090629682,-710.4355228882958,638.6168154650496,2393.462167666631,-748.3412292048947,637.4475909392819,2344.9130010764197,-802.2263880883488,0.01674898835980195,0.014428870665788619,0.014489406304997308,439.8730853292205,-362.10787113581796,-812.4184353748103,-239.96744482031616,-3390.143631536347,-3018.7483535874753,0.7993327346694128,1.0,1.0,1.0,1.0,642.6455762023847,2502.5634975123953,-673.0126212213081,-239.96744482031616,-3390.143631536347,-2512.918528239986,-10037.897523224625
400.4612821772229,2681.2362567555033,-819.895383872678,390.0861216444568,2647.470588283341,-872.7151875726615,390.9500769866216,2601.617054802906,-942.7980309827399,384.71498281118636,2580.3156665968645,-985.987065029093,0.016429191372943953,0.016896397704634285,0.01635011981867951,-77.06498934956299,436.968760254026,-1002.5597419077237,-514.8049146915564,-2401.2295592023456,-3913.96940036732,0.885324291103743,1.0,1.0,1.0,1.0,404.27760588704314,2682.1183981082095,-817.5086989604504,-514.8049146915564,-2401.2295592023456,-3428.15887732378,-9638.950225522798
-408.160838038577,2495.8513669605927,-843.8382118891886,-404.286880719666,2424.149734633192,-888.9975115813111,-401.05963271283736,2367.796069465197,-924.1428678080151,-391.4096712761442,2288.2694268944433,-959.654902529126,0.015721437522785067,0.014993317375228597,0.015263178555566474,-217.46766032344766,-423.8986387058833,-806.7461224781131,294.27213396279734,-4474.855587466294,-2198.295998828903,0.6040220665464203,1.0,1.0,1.0,1.0,-408.7445473992645,2484.757493147211,-846.6922674494369,294.27213396279734,-4474.855587466294,-2379.25777669384,-10363.772563223336
747.6014141507848,2574.4313495883293,-697.5279815343457,729.4556777133387,2521.9029161681087,-697.9109424638427,699.8102908154079,2466.7532064117877,-688.3348178368144,673.1288181729501,2402.8364331287676,-699.6532854427062,0.016840969770309373,0.01454406926417157,0.02120488516572033,-622.9688758852335,-90.35338197717971,-806.4828862086832,-1738.3408001503897,-3368.0784574017466,-1504.982869855781,0.7374100757997993,1.0,1.0,1.0,1.0,750.3203562335757,2570.428599370198,-694.3426810867094,-1738.3408001503897,-3368.0784574017466,247.85584105173578,-9826.70417899899
-375.01474256965366,2485.002217164467,-870.3125756868518,-352.997270685128,2415.5548656118667,-889.4829362132275,-340.50631683550154,2356.718736655738,-907.0453873719227,-313.63625372202284,2295.2764872840403,-925.8692578126993,0.014264274286723925,0.01946410763831059,0.013034791243902749,333.65560379444145,116.70452204367052,-973.2305280089499,1219.230734249168,-4078.823861230774,-1625.1439151940347,0.5332368268310631,1.0,1.0,1.0,1.0,-373.4982220700755,2482.4223615575197,-875.2607714026949,1219.230734249168,-4078.823861230774,-834.8788986205094,-9923.878703109287
144.7168436945584,2642.301126280415,-675.3432998730334,141.03301559189308,2605.9569692157547,-680.3747973676298,140.82477500239034,2560.043945122436,-681.805763302258,135.68480503942942,2510.785744081087,-687.4342812616201,0.011920122848874308,0.017395821689607883,0.014581875290073758,50.190649914049864,186.66456982832125,-1019.9248246812472,-105.99931081197346,-2749.526170761197,-2584.6037629228986,0.8511021801714447,1.0,1.0,1.0,1.0,145.06003309076561,2647.4904926595977,-678.5302464997615,-105.99931081197346,-2749.526170761197,84.16283554030346,-9773.553671380583
716.7864697862207,2430.524843837543,-919.5123425781275,707.024354363715,2378.7090046894405,-964.4980070147408,695.9512055250983,2326.704936175291,-1015.117200507538,689.8768311899544,2269.482555922645,-1075.6790837492651,0.015496920114501952,0.015574668036590227,0.01664447772636627,231.06209239876688,-109.00973327426037,-812.6539836674725,-677.0326384924972,-3532.1710493366363,-2740.1624955237476,0.6722839341225421,1.0,1.0,1.0,1.0,718.5255921133664,2434.153422248121,-917.9922091075658,-677.0326384924972,-3532.1710493366363,-3100.6167549907545,-9990.262663900894
-362.15282704249745,2474.214726105,-724.9172396264669,-367.7509038634658,2422.198390532928,-732.322356248735,-358.8314993093468,2361.6448466476936,-747.4574754902739,-360.6497707453173,2304.7814433355893,-754.7446198274864,0.013749066074495084,0.01608380168606377,0.013963037249938911,-150.2946192455487,-92.42446651963004,-802.5512113518962,324.38173518011666,-3785.719521413223,-1270.4954705232112,0.6362040949895027,1.0,1.0,1.0,1.0,-370.8741991680263,2481.864808041362,-727.8385641488396,324.38173518011666,-3785.719521413223,-364.4077851215245,-9917.864921030472
-189.43040876482382,2574.4139177685906,-811.3908215964054,-195.23764409324448,2518.3962359431366,-862.2804375203099,-205.36098914966288,2460.8375533825633,-905.2978562955949,-208.5324103904302,2412.858636027132,-950.8433362513061,0.014475638480812443,0.012773655967750298,0.018267927640699184,-348.85562247972274,-273.6249354909928,-806.7900417599496,-195.8911667090805,-3586.360742131083,-2864.191421509582,0.7494827779107387,1.0,1.0,1.0,1.0,-193.12214494600437,2577.531854503223,-808.0576399456007,-195.8911667090805,-3586.360742131083,-2868.5762658725403,-9696.847794855783
349.5801382616721,2557.120829466318,-623.581042479369,355.88844286582344,2516.168722335777,-642.6999060599272,358.5726548694155,2471.914601544416,-664.8031225759632,354.3580757100963,2416.7555081907144,-712.8768971923981,0.012219965273291344,0.014195967529513026,0.01965021001607945,391.86821639016273,17.010852175112092,-918.601483553008,49.54588444699587,-2939.199590334198,-2992.623196112378,0.8189338571811169,1.0,1.0,1.0,1.0,349.0110263435156,2559.41849781419,-618.554591136012,49.54588444699587,-2939.199590334198,-1719.5306674768008,-9997.75221816301
326.52641115128296,2658.601298401578,-546.298219805725,324.59143030824026,2615.267573324986,-568.392717106213,332.49774168797836,2558.680108341896,-602.6930925212818,316.76382774309457,2534.2152242699703,-633.8498791329927,0.01555730843992497,0.018478096356460163,0.012085352764656235,94.74442526666351,88.1942130387566,-987.1835082172578,-243.5665630652626,-2647.666258529813,-3319.8319126160172,0.9238792424389594,1.0,1.0,1.0,1.0,331.00399143996754,2656.4304838126714,-542.8226444423962,-243.5665630652626,-2647.666258529813,-1598.3160426788947,-9527.39595123929
546.0754549120886,2534.3848660306726,-490.57358609725907,527.6109138864236,2495.3010222647113,-509.01021008411624,519.5166006418535,2455.1045650013275,-542.8874319948083,505.51443766864526,2430.7328370076075,-573.0149093441656,0.011375720295535045,0.01887248566873735,0.01289196202585352,-397.56613535431165,275.279323770688,-963.0628089550665,-944.5102023048537,-2260.655209910607,-3432.4470991513144,0.9568598320098748,1.0,1.0,1.0,1.0,546.944066950543,2535.9345336812903,-488.932339729585,-944.5102023048537,-2260.655209910607,-1617.4530446990766,-9666.08308237337
568.3938966686289,2437.0952512728995,-477.8454261787026,555.3475503995496,2400.2172866845235,-482.955144158919,539.6618705863903,2359.6724142995126,-485.28575051495886,527.5245736859068,2324.1112144333315,-485.90530438104946,0.01448698147864789,0.019354411916787845,0.01340391080682686,-340.7567344163184,24.53987180904862,-811.264762984059,-894.4238216063565,-2380.1000410186216,-2548.148564130169,0.9677546957977378,1.0,1.0,1.0,1.0,567.0834445141338,2440.341413442943,-480.5879138438273,-894.4238216063565,-2380.1000410186216,138.29170271166754,-9789.292079880857
456.75025962933705,2553.964721081658,-490.08510793965235,441.6116872143437,2514.6844874495637,-550.606987941562,422.92259448168716,2467.991174050551,-610.8100044154488,413.06805509072274,2436.8304330127303,-662.3663722575291,0.017746321641834876,0.014641321356171567,0.016026193273522976,-476.57916633190024,-227.7227228553471,-802.6974282213787,-851.6830960677867,-2553.8241275452506,-4244.641505611026,1.0415861637284693,1.0,1.0,1.0,1.0,451.7554083819889,2555.9455761689746,-494.9796641538045,-851.6830960677867,-2553.8241275452506,-3455.009952967884,-9879.231664767258
668.8308551735307,2593.3499500603925,-472.175849096427,653.2236958473301,2549.8778085361737,-517.1622310352024,639.0142895172996,2511.008074628911,-556.5610653863124,621.3423317490029,2477.6471514353243,-602.7702787234251,0.01647377945189808,0.014420653943205422,0.016240294071708065,-492.06846048432857,-1.9324740295763938,-800.1535039276578,-1161.1686716894883,-2583.043822714007,-3512.1384057264054,0.957865272533189,1.0,1.0,1.0,1.0,674.906054563605,2594.026567797992,-474.30903204126014,-1161.1686716894883,-2583.043822714007,-2441.1187447219363,-9784.720812148811
521.9701276756277,2500.487256196842,-594.8425458920954,487.6431718448902,2448.5142038105423,-632.4842248508146,467.2720797189846,2400.766546944098,-660.4294311447464,452.8201805648265,2350.5981130560954,-675.7998759866721,0.017590917111041666,0.015143816481991406,0.014710152527506216,-619.8398534194475,-148.8607434201187,-804.5544440698468,-1360.0539228911803,-3175.461555016626,-2504.6494168473114,0.7875551138794613,1.0,1.0,1.0,1.0,515.8051721946878,2502.649655018764,-604.2300307024464,-1360.0539228911803,-3175.461555016626,-1527.8684095778074,-9832.777590628279
-10.208419932110505,2485.5624777637663,-670.9181926428479,-3.8286122805106046,2434.37882199497,-688.8546105013515,-0.6090044642172782,2389.992506298305,-703.4151343756039,4.2560733605576315,2336.7941970746015,-726.8298277937935,0.015688387375593416,0.012607600497021122,0.015474216378867242,233.67775016927266,32.9923523192673,-902.1612893235736,304.24643286760863,-3085.995095529518,-2493.105870936782,0.7512297957485188,1.0,1.0,1.0,1.0,-8.19816396047645,2486.3584532652303,-661.9122242628482,304.24643286760863,-3085.995095529518,-1167.3053166530499,-10100.90892126585
89.16233967543346,2479.949626090067,-773.1829101247218,81.02278938164491,2421.6199138659854,-823.9803385287893,75.55472978478109,2381.532790173565,-855.1973614191212,66.45767517159061,2329.7935414950966,-900.3449112734301,0.016000190820905834,0.013208571983327526,0.016613507365861424,-460.2918546966154,-18.56708863904028,-813.0665814496366,-726.116895843429,-3244.9797649700927,-2713.931246055745,0.7241777298299058,1.0,1.0,1.0,1.0,98.81815510282411,2480.067330387926,-773.7399534209853,-726.116895843429,-3244.9797649700927,-2565.9508864184727,-9937.30724305277
620.1434161739437,2488.988738338161,-859.2193873480818,602.7785085018888,2423.1656486303273,-901.9324059963967,588.4764714305048,2366.8376722696503,-956.3308547767995,571.2857851961594,2295.5213605009703,-1016.0238083492459,0.013168758378314497,0.017700264573182724,0.015521642888800206,-199.15874436588416,-441.998843842358,-806.0987093954847,-1084.716789602247,-3869.556950355028,-2775.565859278403,0.7086093341597032,1.0,1.0,1.0,1.0,619.8024317838131,2479.516653675692,-861.3228303758192,-1084.716789602247,-3869.556950355028,-2964.726487786086,-9829.223335262299
-18.65997918896843,2481.0864154853734,-889.2028280536805,-26.752779495495826,2419.526100928821,-915.0725854491534,-34.85837769577287,2339.1302063864296,-931.7947667425033,-44.479283366073695,2274.6305984210253,-969.322222822904,0.015075947713853191,0.01708073820203182,0.01473528555190437,-303.6606460874244,43.068433255131595,-913.5927186714604,-511.3709739460786,-4347.989393290387,-1568.2057816723263,0.513108028532211,1.0,1.0,1.0,1.0,-17.292900677620935,2477.94249349775,-889.471584977786,-511.3709739460786,-4347.989393290387,-1409.5108185517158,-9806.85655127359
-266.5523979036882,2597.8110100113213,-575.577281429859,-263.5067351174823,2560.1811818885058,-590.8254321845798,-272.46188208814704,2516.5367043639108,-609.1327593237892,-270.3241667643351,2464.9998146476273,-646.0147372439187,0.013676671199191765,0.0136084527058318,0.02026293963024211,-327.2900140055852,133.40200474150282,-1012.8384278303334,-65.77779637265404,-2662.1174722329806,-3101.3979038406096,0.8774519364647351,1.0,1.0,1.0,1.0,-266.4455523608824,2595.8606665570032,-577.4505403646723,-65.77779637265404,-2662.1174722329806,-1027.2690787006302,-9834.897785306744
-420.68620348346417,2634.230539626946,-847.2272087976912,-405.3984483240942,2592.545636074231,-899.3077356733342,-404.69290383587645,2555.711260391522,-961.5066642465877,-407.32441946457624,2519.0879830787417,-1018.9814920632499,0.0160238842478639,0.016133916142225313,0.016506318134696364,-111.39695597680443,257.9420492239201,-1015.0290071771626,334.21132242938097,-2579.496603617807,-3856.5879332714576,0.8713358814752151,1.0,1.0,1.0,1.0,-418.87137261183625,2631.0789245523138,-844.0661288611747,334.21132242938097,-2579.496603617807,-3405.720735286906,-9577.109823795681
486.2766840079147,2547.142382126464,-520.4871984813559,490.5939619805729,2515.498802527791,-587.4841041955173,477.7270316908367,2468.3456413062213,-644.64188818803,478.6735213001333,2434.225144695568,-696.8807526172507,0.018640786953579257,0.015460523298242981,0.018119850447275952,169.7482779947696,-129.36737120046593,-843.3575505282809,-296.08909728902165,-2484.659098192563,-4308.111773843603,1.0277788393009009,1.0,1.0,1.0,1.0,489.52450306691117,2554.0644548475084,-527.241484071154,-296.08909728902165,-2484.659098192563,-3503.3971878629304,-9943.570424527152
703.2546883030296,2454.7193912640523,-930.2030437333981,696.3807150274346,2399.2858394166974,-939.1484407332814,680.5459474239391,2331.067095197456,-948.3084550910141,670.6713485127835,2255.682530621773,-952.442620686637,0.014624738975218153,0.015416523484751152,0.019874744464538383,337.1660522497076,280.92164329100933,-1014.5091945664138,-691.8924314048836,-4063.336387056913,-1257.7522639636352,0.48508399307549266,1.0,1.0,1.0,1.0,707.3285030513189,2454.806610366459,-934.6416152499487,-691.8924314048836,-4063.336387056913,-165.8803225906966,-9732.904575128301
625.5134260644273,2476.685289368952,-792.6270859683378,636.2889239590603,2420.3099456472705,-809.8365732185472,634.239240229911,2369.6643009958243,-824.7474857906114,637.5824349714268,2315.8350709247047,-843.9265315734204,0.018907894187371592,0.012895642204990409,0.0161851030726289,700.7260113923094,54.36213234166303,-968.2051467402929,104.45572624803013,-3532.860609978719,-2136.9744695155723,0.6370113605350096,1.0,1.0,1.0,1.0,629.1738389124062,2474.371650177082,-789.0398342069477,104.45572624803013,-3532.860609978719,-978.3056699283067,-10075.042795578858
528.595827611798,2646.774307974669,-642.3161155269701,522.444794254498,2604.5945228236756,-668.6789220918861,519.0514519758526,2554.026192054737,-708.2524687629033,506.21872658225504,2525.906525837874,-738.4688806381054,0.013047217348926068,0.016666915353746425,0.014273472025549704,150.45957663021917,309.0673406876042,-1011.1760414801731,-432.188892843903,-2656.064753636041,-3207.615010359452,0.8360123952717785,1.0,1.0,1.0,1.0,530.7858023328563,2646.4043238873073,-643.4842555576524,-432.188892843903,-2656.064753636041,-1739.3502966051205,-9877.351623283887
110.14298036633913,2444.8149574555905,-1034.1544994845392,88.97071994471277,2374.417548437315,-1083.7276338811328,72.36504287801372,2304.394997896629,-1126.0350936959808,57.6045099261805,2234.9792284035575,-1134.8518799667659,0.016867137936374028,0.013708528015163382,0.014445717710033695,-444.2506352755449,105.88279775669533,-883.0078863807015,-1050.7311335888667,-4456.341088723488,-1783.1131241479495,0.47997861633842925,1.0,1.0,1.0,1.0,107.38320985860969,2445.4618693365264,-1040.8113093314403,-1050.7311335888667,-4456.341088723488,-2495.0670817421073,-9649.808379378634
451.33611364078126,2636.636991198238,-478.86921714057195,442.5782808844645,2586.586515105304,-529.2405734863403,436.9836136696393,2539.8560733722907,-583.9015678046832,434.2027980238068,2496.024313307526,-644.9497562712531,0.016821637351077973,0.016196410503666017,0.01677711612062629,162.29440235627504,-248.23487039610265,-813.7853459239363,-279.06679718662934,-2784.808611590756,-3912.426723272465,0.9852048360246296,1.0,1.0,1.0,1.0,451.12853744443305,2634.0420426003266,-482.5975990505077,-279.06679718662934,-2784.808611590756,-2945.845387234384,-10008.135266967714
-325.7569947819752,2624.9447344303467,-692.9396018698747,-319.2696517513725,2589.763348354436,-727.59647749047,-314.56863275798884,2538.9567758629064,-768.7789799543052,-286.5950970931515,2508.667797616151,-793.4368980902232,0.014373526970283764,0.014742377375460807,0.015276564129354978,345.23600670452674,222.7733041001864,-1004.1449837466332,791.3364212666953,-2814.5183318093927,-3252.478714367317,0.8106075315249011,1.0,1.0,1.0,1.0,-331.3566334784977,2629.1864777972164,-694.8917226077572,791.3364212666953,-2814.5183318093927,-2106.1662194849446,-9932.46157333915
-438.0245704237268,2506.9835730281416,-461.94496533701124,-442.4477940944486,2475.269931529306,-516.3840001368158,-435.4145992381608,2436.4423879452725,-571.4516192579276,-428.86962147094636,2396.0827084369726,-635.6998755162293,0.016021442887792607,0.01520027678341794,0.014842915283183461,-52.163251123226296,-47.20665373990739,-867.0867426842113,352.1326820116102,-2295.903613643939,-4386.219089457167,1.0689353650456042,1.0,1.0,1.0,1.0,-444.7911915661706,2512.725875473078,-457.36605412891356,352.1326820116102,-2295.903613643939,-3338.087513513901,-9880.663161079678
191.24874421542202,2460.3685439996852,-853.2483426095488,188.47300080830422,2396.0145934402103,-873.5065700713275,180.89524136238532,2327.5606521027908,-898.3402718320891,178.57048601394627,2255.897104039344,-922.5592401534248,0.01058142070753223,0.018441774187416615,0.013958100107528019,84.69640162109594,-18.464706219639172,-835.0843531284708,-196.2557030490949,-4590.424291551519,-1039.5748863427978,0.4970187049975235,1.0,1.0,1.0,1.0,190.67448126760667,2460.36441121818,-858.812000266816,-196.2557030490949,-4590.424291551519,-1237.1540280420543,-9478.149321330782
470.36105308093295,2588.049988304408,-622.8834594839984,461.0317120368505,2558.888336948331,-677.3004377162875,435.2866805213038,2517.9340008630143,-734.7364177778036,424.02921705564506,2475.022644174083,-801.9212557747858,0.014784316772128705,0.015161962791955079,0.017603273444536847,-550.4122461769466,236.70968953410062,-888.1188544591438,-1011.4502310203934,-2335.141653184015,-4039.0843972693106,0.9624504469913798,1.0,1.0,1.0,1.0,471.1524871536534,2595.2027592499594,-623.5433841940263,-1011.4502310203934,-2335.141653184015,-3329.1990830371687,-9886.110421098456
13.584626647408307,2515.6840622715663,-908.8757103807703,19.308856939875064,2449.5448125218045,-926.4248383752915,27.1242601202732,2393.0586819800833,-944.8938357932558,23.88641675244036,2328.9639650882846,-971.8682285921642,0.016745680667051465,0.0144219342615673,0.01811515726991293,174.56037734130194,178.19009033501794,-1017.7104333067193,264.94181224517206,-3988.376281147847,-1897.8974104782328,0.5357172278014687,1.0,1.0,1.0,1.0,19.56941717787629,2511.39021480651,-903.090076358306,264.94181224517206,-3988.376281147847,-1168.3725329056106,-9758.710348193847
666.89788301916,2562.2647860822485,-751.3993756988829,656.1933805129213,2512.923972430888,-786.5584722626492,628.4819635157013,2467.956685571586,-813.6335193778151,635.1413007452842,2417.659069908332,-854.0107894951468,0.016950317963318376,0.0165188147149499,0.013873243959021404,18.587502720316436,56.82519520403387,-954.2438114479485,-818.6631552863244,-3193.3413692438808,-2902.5077612252326,0.7376576233627109,1.0,1.0,1.0,1.0,661.2380796200796,2563.598170060488,-748.9121254972539,-818.6631552863244,-3193.3413692438808,-2077.350714940037,-10007.343586189932
-385.8937390513712,2508.5225714179937,-574.0338007016068,-387.09296948545466,2466.4718446147417,-604.3390010119098,-388.3857526711246,2417.961193336402,-646.328564259472,-387.77469474066856,2369.750536870319,-696.9686515561725,0.0136027578636714,0.016611143901600324,0.016091091159545007,-432.1773669633047,-319.06601957753685,-804.0864641642734,-48.30198033954963,-3127.2458974929204,-3150.1366748588707,0.858695007075184,1.0,1.0,1.0,1.0,-388.4640747560164,2511.0915176535577,-573.0402032531703,-48.30198033954963,-3127.2458974929204,-2301.355709618996,-10013.717147175837
559.4468556126551,2527.3875982679006,-854.6241210088983,557.6929068335545,2472.3022747689174,-889.934916482478,547.0824439099507,2424.3283296143995,-928.594214657349,543.7988004808686,2358.633291002545,-971.3135460046207,0.01715407333548016,0.013901559289307478,0.016000990308162506,344.55809465446094,-15.286728834648681,-902.5214733764634,-314.13126139667474,-3661.4961963140536,-2323.375365753494,0.6479433770670504,1.0,1.0,1.0,1.0,562.879321325149,2529.45312760362,-858.5256118713381,-314.13126139667474,-3661.4961963140536,-2138.0899904262496,-9394.85663105685
163.20426891836638,2488.4182067296533,-671.2945703439068,157.3567906423186,2442.002117300046,-705.2619252485127,145.8044475885253,2406.754570066003,-724.8224983910192,139.49688112847636,2366.2840834638164,-748.8765204459996,0.01781002243283216,0.01229874216395788,0.015107600341051405,-424.3230417583906,266.7726096762228,-1013.5207969059194,-695.5657731669703,-2631.028675640417,-2875.367090004991,0.7997836350621592,1.0,1.0,1.0,1.0,163.4300365676993,2489.9918405923777,-679.9185062707853,-695.5657731669703,-2631.028675640417,-1363.9386106160648,-9604.158375110315
-241.62785231532007,2444.152420274824,-729.0253786099792,-235.5418215843285,2400.8820303846537,-733.466855869872,-225.82712378080691,2365.309447058153,-746.5970571535804,-227.14598971074992,2326.1122453857433,-756.3501649911847,0.012233311227720972,0.013944910263354468,0.015619512343862933,88.13587245849291,329.0309123981307,-1013.1970427630438,415.0932773749973,-2674.144685051565,-2391.043696352748,0.7482022661650622,1.0,1.0,1.0,1.0,-239.78781666775478,2441.6052135888726,-731.7130517777168,415.0932773749973,-2674.144685051565,-402.08683928115636,-9868.997261290351
-461.90711987875477,2480.2438862966874,-840.0351280287578,-459.07099946198406,2407.50276792617,-858.5453095621416,-448.8497387923281,2346.4358305553064,-877.7932297124497,-446.9418904477479,2273.0782112122088,-887.1188546107147,0.01806117931896154,0.011985019581652854,0.017906746312084505,-209.21259588851188,-41.21441472494159,-868.8714443353765,472.71412197812447,-4551.378556724682,-1112.0194320251408,0.5070470547873015,1.0,1.0,1.0,1.0,-471.56893358637274,2484.8006842572554,-841.9543532950058,472.71412197812447,-4551.378556724682,-839.0045506907,-9901.816096755549
773.2134332091371,2625.4942750116784,-608.3433766143671,737.7764652991758,2582.166247745955,-620.5849193863439,722.1918241553795,2536.790198575885,-643.4044826587957,691.5365764959088,2496.569843894762,-666.5672076767569,0.016228784741553686,0.015292618218739507,0.01603559892328601,-502.9438349376051,202.91765201823546,-832.351813225969,-1532.3279174943882,-2923.847287843381,-2201.340145720816,0.7824429981164214,1.0,1.0,1.0,1.0,768.8883365827387,2629.710900928234,-613.5953884817453,-1532.3279174943882,-2923.847287843381,-764.9656120280811,-9739.86072783899
546.6999193745737,2652.017353392966,-626.2826419382335,543.3755700369135,2615.65976048017,-651.4338351631916,532.5924263327771,2570.78842135975,-680.6695401415052,515.7173390180612,2538.113190963462,-730.771884279864,0.013994479789990476,0.015621774536987262,0.015871853840899224,-209.9295304629079,296.4475808280517,-1011.0966784231478,-836.8453175595035,-2582.6822646623596,-3410.3583873749044,0.8645118918321237,1.0,1.0,1.0,1.0,551.5997085162414,2646.6884416707903,-624.3564681586928,-836.8453175595035,-2582.6822646623596,-1994.5424190994806,-9894.131535426259
651.2343578137074,2643.05696555876,-689.222545766202,638.3919022252389,2606.0752081751048,-722.5784298672609,635.810645587348,2561.3412878092604,-761.1603713391539,626.4118401973672,2520.7802364369113,-802.3333623442882,0.01497988966968841,0.014840135357473255,0.016932155601852638,101.31254616934984,435.5702649914363,-1007.3564433231388,-609.3416999755632,-2449.7117416541796,-3554.2354225153517,0.8532478193709864,1.0,1.0,1.0,1.0,649.7200761473555,2640.3108324802,-686.479365541946,-609.3416999755632,-2449.7117416541796,-2504.965364283733,-9907.323103376175
35.3980963255707,2559.3907205847877,-570.7743740310931,38.94777110113618,2523.369766713769,-587.6440254859153,36.154405768260595,2487.401676450844,-600.0679446463131,41.22338788732699,2441.6412462555145,-622.6296077435484,0.014875784347898028,0.016440088996160836,0.018384203052336623,196.49885105078368,332.1520087986355,-1007.4155431450228,176.79171595188626,-2383.9838145540934,-2985.9655162707772,0.8852999236036052,1.0,1.0,1.0,1.0,31.1985966357704,2561.176875406706,-576.313358500301,176.79171595188626,-2383.9838145540934,-714.8730322852144,-9748.891816716668
96.3646307663457,2587.5276212956514,-815.2063661844297,95.50869356326967,2530.4485025690888,-853.4451378671929,111.70133837974777,2472.2961895406,-894.4793829620539,113.66280774080022,2421.4866201478467,-933.9589615444494,0.01733243507338652,0.01605181623153757,0.013447450299338727,523.3494795055483,52.364293344565155,-865.3815920400452,600.6120739351356,-3521.1481012083104,-2486.837155487258,0.6731682983957377,1.0,1.0,1.0,1.0,90.90878627225197,2587.590926214541,-814.4284413888429,600.6120739351356,-3521.1481012083104,-2276.6177646130236,-9832.248480223572
624.4834194048123,2499.2015335217075,-586.8832195151998,615.464493793185,2468.9800128061693,-611.7615720205418,608.969693361263,2427.2504585811985,-630.7155424869525,587.946272607182,2381.7154447350895,-663.0690232308143,0.012785394186058856,0.01546686577379036,0.013978406713994196,-58.168156176070134,124.65348985097557,-990.8165217336569,-751.2479902297383,-2612.2841837777614,-3124.6100692674336,0.8677693333261572,1.0,1.0,1.0,1.0,625.4675149329928,2501.832097088744,-589.2630815278087,-751.2479902297383,-2612.2841837777614,-1368.5537511832365,-9825.247049140366
352.52818589003914,2431.5185279793127,-978.2758565959507,339.78736794389937,2349.4030791133787,-995.8939308336107,351.500738085896,2283.630569493295,-1018.0927883278296,337.9093214657068,2194.571494252187,-1060.0112005668998,0.016529058632882954,0.014875362736717825,0.015740584889443115,224.05803428457278,12.37205820423139,-1012.2634350879697,-268.07303632489413,-4987.992959941932,-1610.5489415318898,0.43785499374095643,1.0,1.0,1.0,1.0,354.0734569021457,2431.5486437760724,-980.3380145104327,-268.07303632489413,-4987.992959941932,-1398.9570342916768,-9981.922227006751
76.96005945267169,2528.3721360534246,-483.5231587873887,66.77672535833614,2472.7006054675257,-505.99315698561276,63.53046983067194,2435.956106054888,-513.8817940789835,71.12169741711536,2395.9777419600186,-534.3510391129871,0.01806723868279236,0.01313341375377609,0.015010148866994186,132.81571892142028,-123.52065058193662,-803.3840682953164,71.99621223273931,-2818.7264371377,-2685.666526637326,0.8937891986964381,1.0,1.0,1.0,1.0,65.13927942264581,2526.082200327494,-482.09338559931416,71.99621223273931,-2818.7264371377,-952.3285249985653,-9813.595842028699
710.13877618172,2451.3451764492174,-970.9355542777793,699.0249527821214,2395.847984247982,-1009.934612531622,683.1065507000972,2334.2537355091545,-1050.3707650412023,675.2802440738379,2261.9982047967674,-1086.3994439770534,0.014685020576623405,0.017618176580452602,0.0149966618797567,330.59280990616935,-20.371991171212574,-971.9652609298164,-626.4987534766282,-4167.933780898408,-2201.446817505413,0.5477001409631677,1.0,1.0,1.0,1.0,703.3595682247644,2459.548608463343,-972.5676701165854,-626.4987534766282,-4167.933780898408,-2204.1011042767236,-9684.82881725578
767.5361262909995,2611.2722513190915,-720.8698331122905,762.2392985192839,2563.4609572231866,-744.8264283669308,744.3382639620512,2504.6924155182282,-774.8904276352797,737.4200527760418,2456.3483844486677,-810.9461685377847,0.013062512998852034,0.01796405931209699,0.01697080518514999,112.43457189116603,93.883165080681,-1012.9104009107741,-837.1601146807662,-3171.3910187444385,-2716.1195358398277,0.7470026225039016,1.0,1.0,1.0,1.0,777.9768630623764,2615.1390249825154,-724.7052930576189,-837.1601146807662,-3171.3910187444385,-1332.736350683455,-9717.807139162776
-155.14367430707983,2559.797575506426,-818.6139245086976,-131.102229201857,2505.149441793078,-863.3786169883786,-107.78866675743019,2446.8656997631806,-890.1563675725941,-91.12929769019021,2384.821264241102,-935.2789291575303,0.014630720816414765,0.01382049568001878,0.01700745394542807,707.7316653862423,-43.61302816366849,-803.5210273764482,1245.378817630925,-3774.2777662451954,-2199.2285579989066,0.6445413295581389,1.0,1.0,1.0,1.0,-151.57971877909506,2560.63863054551,-819.449180411779,1245.378817630925,-3774.2777662451954,-2269.100862389226,-9784.029404902803
-61.07803661027362,2448.456743384305,-594.7531852981025,-60.146809831969684,2402.044820953755,-658.620870398987,-60.05419807129564,2367.385787414075,-717.47360564291,-68.2703116309257,2328.8228499664556,-778.8956647587368,0.01537662478414024,0.016490141546443262,0.015361960656370535,-127.06634708870354,-23.847083690817236,-885.6602195097294,-57.68666845988184,-2271.0366265434936,-4333.060852710594,1.0377712730130448,1.0,1.0,1.0,1.0,-64.47631180973087,2440.227656108879,-594.3898897361589,-57.68666845988184,-2271.0366265434936,-3625.8179304801047,-9663.077094650462
499.11780983632104,2450.5238606648104,-558.5245590347945,487.94339337637297,2422.0109145231822,-559.6545204993533,473.8598438070303,2384.3270832128965,-566.5301101451239,472.3746157765706,2351.507324358799,-566.7541666037051,0.011999657975571804,0.017606611808510628,0.012038118815676107,-59.326026225935024,211.90609548870285,-1006.2517371942776,-533.3071974716447,-2150.7905485525007,-2946.7997760389353,0.9983556114002413,1.0,1.0,1.0,1.0,495.31345914457404,2448.728265983307,-561.0735758220085,-533.3071974716447,-2150.7905485525007,310.5300047197827,-9645.257571972094
233.6693547519556,2666.835022602614,-600.5778793946603,229.19888205482778,2612.368901513987,-600.7877574041091,220.01135273180955,2576.4117118671115,-605.4382748385414,205.87811249444013,2525.256383973404,-620.504741397279,0.01927772396907526,0.013982522672504404,0.016855673186008037,-347.3458066375504,144.46600569236787,-957.9831910970444,-616.457205464026,-2632.3345258004283,-2580.7802974679043,0.9048840801724131,1.0,1.0,1.0,1.0,241.37082458059422,2658.345477831782,-596.7538909393611,-616.457205464026,-2632.3345258004283,-228.403269332019,-9147.383973302141
102.96895874780765,2556.327722224291,-969.3946046057887,111.35240185730227,2512.4596303513363,-1012.7231159395577,110.1616331469856,2458.809194468117,-1074.109387704204,124.07080197588245,2403.7962515173244,-1128.9863747733993,0.014553922832840592,0.013095067838352927,0.017466417310459708,503.7343957124322,82.43094419418055,-896.1369495699232,551.7946552387357,-3368.4141499400675,-2977.812429826151,0.6898845920183473,1.0,1.0,1.0,1.0,98.16532411196249,2558.215344400125,-967.894633079968,551.7946552387357,-3368.4141499400675,-3205.899129310441,-9823.517642139337
-54.992768040572486,2647.0485056003076,-607.4321360487714,-46.06206109393663,2613.5896746552653,-621.1572391071757,-50.558485081945975,2571.2104171495916,-637.8513014579946,-49.97331208611613,2529.5917597768193,-645.2759957037391,0.017328085390388503,0.014023805748493153,0.01507669765369922,141.84328487180088,265.9855473312722,-1007.3774005544658,215.30372908133114,-2606.187415618279,-2813.5507329017223,0.8685714112074199,1.0,1.0,1.0,1.0,-55.15962723761686,2650.647032622007,-612.7629701724127,215.30372908133114,-2606.187415618279,-652.4728250066481,-9490.771695668967
700.997600282198,2459.8356829587133,-1041.9595953014345,674.2975849914129,2382.886123267398,-1069.1637277904824,649.1055056794839,2306.743745150083,-1109.93479117715,615.17286876842,2233.32141244606,-1142.4787076866746,0.016696030935154364,0.016962265099261083,0.01180738877677072,-125.36059754781797,285.05254177607833,-1015.9904695160253,-1773.6540759296147,-4623.612328134016,-1724.1382061918887,0.4245343151888141,1.0,1.0,1.0,1.0,708.2568181391007,2458.1503359990634,-1042.518573753691,-1773.6540759296147,-4623.612328134016,-1868.4935862548296,-9767.189384768582
723.7917529265919,2513.28193473619,-915.676119311693,707.9945206038951,2466.908847309627,-950.7722116614789,691.0473616239507,2404.0604933549275,-995.2270366834322,672.162727497112,2349.38314018442,-1038.435654911231,0.014421897728558166,0.01868103003964013,0.013231370392599293,-77.28725875511974,130.1793518480165,-1018.1860164012651,-1177.9290677742715,-3502.282666166088,-2647.5352645663397,0.6336657018392029,1.0,1.0,1.0,1.0,723.7045073313832,2511.7315648409535,-923.2756087996976,-1177.9290677742715,-3502.282666166088,-2275.7463289300513,-9643.504834332434
-178.72098643847946,2577.5346865731867,-710.941944475357,-170.3395503912534,2534.598455911465,-741.7917400911269,-185.18371489184602,2484.6374877759085,-782.9099414330209,-187.62709200372038,2444.794897576637,-831.0603536936297,0.011894060930233827,0.019170431653703086,0.01707326791094238,-487.8988474013143,46.72269772359505,-885.6194333772099,-378.80842821201594,-3043.2601000431073,-3061.369057562977,0.7818622395051213,1.0,1.0,1.0,1.0,-173.48785198534046,2572.628580759367,-710.4134152303282,-378.80842821201594,-3043.2601000431073,-2422.3953299853,-10000.589219566784
243.08295542572097,2444.982574283488,-980.2836118486382,242.99376222517932,2409.4749976106186,-1033.6296214973113,229.39787929555894,2360.5100315636423,-1094.5943483885574,214.84851734813395,2319.677556292428,-1129.7625768372714,0.016776287901670208,0.015629508986176037,0.01937882628619896,-162.71511787700976,336.40405624023634,-1013.9877860872637,-530.6066681489137,-2722.8592738482703,-3348.9979037185635,0.7232153768259554,1.0,1.0,1.0,1.0,248.50504993839866,2446.619993472653,-982.5707796775372,-530.6066681489137,-2722.8592738482703,-3256.496984463081,-9733.016078223316
360.6325650687327,2595.3376813821274,-550.6805289701166,344.12239291147375,2538.0034555483167,-555.4774664615933,341.1357825483468,2486.3425417876274,-575.9269930514789,337.3037837136615,2445.9954216291144,-582.6440245616504,0.017360839988993508,0.015017991744739084,0.012858918977025985,-141.30818723924918,-59.579387355722595,-804.0603092716052,-563.350989605025,-2977.319688068942,-2286.0683444533,0.8447622492892422,1.0,1.0,1.0,1.0,360.0741935092228,2590.23513502563,-550.4226867049709,-563.350989605025,-2977.319688068942,-522.5054403786111,-9764.97330076117
633.7762476544906,2630.1381187926304,-634.7492946130853,617.9061097404386,2587.5554553993265,-658.5273381447624,595.1876605145104,2547.7735677835144,-686.4111553927988,577.4144439915027,2504.483435089551,-698.1909373436235,0.016884843341095745,0.014762421985723927,0.01826690897215915,-225.15343634577854,322.0620364906119,-1010.1676214296581,-977.7950049342068,-2626.0256787502763,-2960.035188329177,0.8300858257010219,1.0,1.0,1.0,1.0,635.3061679963223,2632.9646337908607,-634.0701194673738,-977.7950049342068,-2626.0256787502763,-1215.5164041993842,-9684.415526586054
-321.6282654224276,2574.4047060538874,-789.2101197815933,-318.62753502937653,2512.1661097107153,-823.4305719453087,-309.67022359365257,2463.5330459320307,-862.3399648477783,-297.5167419963233,2414.7114195818604,-901.3380454945735,0.014423214680194816,0.015843271626936797,0.016591525795291794,269.8477593878986,173.02547175799896,-998.0521852357696,775.1656036433596,-3107.2389636993184,-3007.5434485293326,0.7231419878975771,1.0,1.0,1.0,1.0,-327.0297554174879,2565.5994738064674,-790.4336282261779,775.1656036433596,-3107.2389636993184,-2203.792711110751,-10088.669521074531
-389.3801842137875,2556.1318993318837,-548.9208987589013,-375.813438418999,2504.7280503666916,-579.2284475934322,-379.7943874153071,2468.7896050384156,-605.2447477596874,-365.75931367921623,2436.9372979422565,-652.3452797836492,0.013958838464260851,0.013676583506278494,0.013853183725746305,-172.12209798612736,-27.82652204999902,-890.5095682615687,226.4066207213996,-2774.115926010938,-3296.7731625955785,0.8885113943037151,1.0,1.0,1.0,1.0,-382.6802552570294,2552.1012891401656,-551.9670864166122,226.4066207213996,-2774.115926010938,-2026.9243988743212,-9985.200941364616
-180.48897341559126,2458.245201222887,-933.624739030966,-171.63372763153936,2397.348618167568,-963.6810145730042,-159.4783948933963,2332.5394605198076,-994.3925377705991,-155.82555195386166,2270.981955810536,-1027.160803855392,0.016301769220642887,0.014043970617633145,0.015971820943752435,124.36884364861477,140.65187087762752,-1012.8285386831246,513.7529569890846,-3961.607498688311,-2171.9863380495153,0.538682439217972,1.0,1.0,1.0,1.0,-176.17663618999984,2458.1922576102925,-938.4412945103811,513.7529569890846,-3961.607498688311,-1797.941547967061,-9984.321130763188
195.46559343928104,2449.314253284152,-463.0233689511761,192.46835501606148,2422.133406720398,-480.6176776573359,188.9426872184101,2394.6866292861755,-515.8432096439255,184.63526477591097,2359.4115615300534,-534.2640676247397,0.015286141852739635,0.015534315097323823,0.015450849205151357,35.56230307769131,406.82064041069884,-1011.9115905997152,-155.9653148587447,-1996.8454805307574,-3601.389124984934,0.9787286938447853,1.0,1.0,1.0,1.0,195.42675080790548,2453.5872579547117,-458.56579034205197,-155.9653148587447,-1996.8454805307574,-1443.6501785843234,-9836.78072083952
-133.36994403198358,2516.863498577196,-686.7239818794111,-124.43667088782222,2458.938325017055,-709.2022021310696,-113.98121546374544,2403.4815586001127,-747.465696775749,-120.94957894471995,2354.1664314110035,-780.4817129714069,0.01405314437092759,0.01757613052854211,0.015078256618594174,6.837882239033601,-249.1717620762952,-800.1690312376811,163.59539490632898,-3388.6612495181457,-2561.8383501495578,0.7682924684819368,1.0,1.0,1.0,1.0,-126.4923646096247,2512.5871562809994,-677.9513206220197,163.59539490632898,-3388.6612495181457,-2055.9593190341293,-9558.336756057744
457.21944314928277,2582.3841567535815,-602.1574396220831,443.98791123059357,2537.7325154274304,-627.7321154066536,432.371768812001,2486.227528396487,-663.5318355943664,422.9513861142212,2441.4686392057897,-698.4823330936814,0.01784787014125041,0.012235498956728135,0.015325072562622746,-65.34261941376458,-183.96797168893028,-806.3650618592548,-588.2978162662089,-3147.0812129060814,-2885.514130053255,0.8345915583393994,1.0,1.0,1.0,1.0,452.3594589004989,2585.4634956684195,-592.7744354353242,-588.2978162662089,-3147.0812129060814,-2036.1278428796707,-9787.099121198084
-272.60572612456747,2551.3374716436338,-649.4643524827599,-260.90198709555665,2509.9263799090163,-680.6967634225531,-257.2312581896715,2476.2383208304886,-723.7680966927962,-249.78806191068537,2433.216533013015,-768.381090390276,0.017220319461543645,0.01635273615380701,0.013208018729393256,313.59973849449653,239.24256019343454,-994.8609647909432,628.5585457564152,-2445.700795752503,-3588.75829213886,0.8982189256552569,1.0,1.0,1.0,1.0,-280.3880872453149,2550.4298121795546,-645.0472169744901,628.5585457564152,-2445.700795752503,-2482.1722048743873,-9602.92793567791
635.0891391536121,2627.048266591248,-450.414984087417,620.3239149768931,2579.7717398931245,-487.91849651133265,609.694118301464,2539.3363136789676,-520.0434069434795,608.6901113515645,2492.890278030002,-562.7022964169813,0.014696007605406928,0.015760520451325852,0.01693197145112072,103.83129382037197,-25.59485948290108,-883.5360598374016,-532.6869065352131,-2663.1746997238693,-3524.3378541004354,0.9476115004921473,1.0,1.0,1.0,1.0,633.8547658229127,2624.2639667423573,-453.93187964561514,-532.6869065352131,-2663.1746997238693,-1940.814340349492,-10072.835485962485
-155.41992325507383,2494.9100026071305,-498.1535013115517,-160.71887558930294,2457.679191780809,-499.7650420736838,-164.62402653851296,2417.16740988764,-528.2056083737191,-174.9931946254893,2381.326873238999,-539.4639414336004,0.015635701058164357,0.012881919469815893,0.017303260016272033,-454.00452684836483,93.06186679261585,-917.3984454976261,-307.3301925422308,-2443.2534299644226,-2917.2747916360845,0.9391791194557485,1.0,1.0,1.0,1.0,-151.28428719426466,2499.6664953075833,-497.3786657524287,-307.3301925422308,-2443.2534299644226,-663.822203654547,-9606.968178918425
740.8553984452277,2560.189352703043,-679.6050418990736,728.9660340133574,2516.337348842635,-744.1369013543986,710.3720981081849,2474.1364186606306,-804.5043170152475,691.4102895580603,2436.5976392460025,-869.3961528908242,0.015532628677951034,0.018149063754648222,0.012714982623725807,-47.68129795920248,213.87747198088846,-1006.5657476879217,-788.3060611862824,-2345.378618192254,-4237.083524174017,0.9536033249436756,1.0,1.0,1.0,1.0,740.6247632270813,2559.2560901731495,-680.3485281863044,-788.3060611862824,-2345.378618192254,-3382.3260877957805,-9983.060067857281
-74.06701320398362,2470.8143140795987,-903.8048423126685,-93.33766918695567,2390.098787190191,-919.6291088064203,-100.14523715297346,2330.8315669580647,-926.3075875648,-110.24178444299766,2259.96152482869,-944.8618536965092,0.014716872579521107,0.012392247304236693,0.015205406097796567,-441.1646934675192,79.21693321272191,-920.3520696835233,-728.0023413538162,-4835.625386650233,-1001.3396467714431,0.45268547401844594,1.0,1.0,1.0,1.0,-80.80353449737959,2472.8514996045847,-902.7200265850477,-728.0023413538162,-4835.625386650233,-807.9740066712243,-9935.508359590829
686.0672850830464,2430.0,-681.6849627678414,669.3440634853582,2390.507892304286,-701.9321717030866,656.7511128018476,2348.5097431465983,-740.517719915513,645.6861974618746,2313.32955650513,-760.2113239926344,0.015355549006492534,0.017236732940938172,0.014960143171111703,12.059073700119615,181.0184358800966,-1013.0653221262845,-780.1085992532574,-2647.396818418292,-2952.622022956963,0.8024475748814582,1.0,1.0,1.0,1.0,675.1513830653867,2431.305731535645,-681.5049864257362,-780.1085992532574,-2647.396818418292,-1533.714180082743,-9600.289519030674
-339.2461118685688,2529.615766012248,-623.3192037436091,-343.56690126129234,2491.8962929271215,-661.6111280460807,-346.73870825221934,2445.199737506227,-690.6728169369532,-339.20999093830096,2407.0585193401494,-721.5156785047733,0.01270857777571742,0.016386295646962028,0.015181820935791832,-240.54462482825141,176.22277093167975,-1017.9683116649983,120.47421837295549,-2672.9824449639323,-3311.009782104249,0.8357233056415294,1.0,1.0,1.0,1.0,-346.5619369964506,2528.4473224999415,-625.8891105575262,120.47421837295549,-2672.9824449639323,-1718.6976126042894,-10213.937387003836
443.540932784869,2610.6317413196643,-698.3681772167639,448.0621470449659,2580.9277081275704,-740.8894145989817,450.56060623289557,2535.3577201352105,-789.73659234813,454.1844912917314,2497.7178389431074,-848.157298407667,0.011645543757671349,0.016189191041121584,0.01874307848656874,563.3976481494652,201.50686349463726,-1010.8854471563856,118.85830822981765,-2527.783138861132,-3983.0838597261595,0.908422186714639,1.0,1.0,1.0,1.0,449.8879637899895,2615.5397611070184,-694.5547464985717,118.85830822981765,-2527.783138861132,-3090.5313790004266,-9980.309984123622
-219.07876015145058,2471.8658025604627,-824.1782380594608,-215.5982989244018,2397.7573668932946,-850.1636554007586,-231.8341662378108,2325.082031537707,-862.503047665082,-223.11559907432283,2256.9940169480424,-886.0754833411953,0.01593721096350938,0.018428250357168902,0.012617827413067419,-223.03979726589267,-207.65607407097033,-800.6141843439475,-8.720534024417361,-4751.533656710334,-1145.8760736243987,0.5180167112662547,1.0,1.0,1.0,1.0,-218.11269554209719,2476.9604419703696,-823.8904992353594,-8.720534024417361,-4751.533656710334,-1330.1344609983414,-9791.586203111912
71.88803279597346,2593.259137550286,-514.779589918855,63.10496741020122,2553.9496938521675,-531.1956366404085,50.67809455416559,2512.958220847148,-558.5428712723456,39.9494464079229,2464.8835146894316,-582.7246432494659,0.01673512399900576,0.012436702371162962,0.019877577859580307,-591.4229510864847,46.542442843244885,-810.9995025593383,-732.1988013791196,-2790.3831532481095,-2686.741761340881,0.8659505957702517,1.0,1.0,1.0,1.0,78.53895217540935,2599.74302806527,-512.4783480366715,-732.1988013791196,-2790.3831532481095,-1169.2059135436252,-9801.416665672974
107.45189806489617,2474.706208056375,-603.9200972285817,101.85799027893407,2443.0874365346103,-589.32642925473,91.51243962095842,2407.5376273147317,-583.0387518562598,81.51180764041402,2379.2692592325734,-584.64210512637,0.016915561846010927,0.01549631446606635,0.015036321663038837,-312.8588415542387,306.3414589689123,-1008.1820989167252,-413.2532535635828,-2150.662496067654,-2946.125619122266,0.9625518020248843,1.0,1.0,1.0,1.0,104.52694454498055,2478.5105799972403,-601.0312393264423,-413.2532535635828,-2150.662496067654,584.4686512303806,-10239.704464488157
483.1938641968272,2477.4660499165884,-611.679429823596,471.77041040864015,2436.2958144046947,-654.9247620509191,460.87256709824845,2382.4004525655137,-690.1246561006496,444.40968000605574,2333.1566457599683,-729.776926192767,0.016282410190185687,0.01578288241016926,0.01653473174772667,-286.2795889122999,-313.58149451033665,-811.6587265378807,-877.4421022446152,-3178.59150710259,-2938.1799514380687,0.831399975651919,1.0,1.0,1.0,1.0,485.8694610629627,2483.5790317399433,-612.1592474895701,-877.4421022446152,-3178.59150710259,-2179.4990172913704,-9732.509178243188
-287.093994157418,2454.9185508665373,-811.7269555619482,-287.829367121408,2391.3723271245462,-834.7455381381073,-278.02570020352397,2349.5804898235683,-859.5631410459471,-270.2705510772083,2289.281702048667,-885.2077694495491,0.01856565746383042,0.013621218503959445,0.014319723302010284,-107.77391121117071,8.550342766240966,-922.5258416580932,268.7208661581085,-3676.075599111639,-1952.1716616133747,0.6184934007302003,1.0,1.0,1.0,1.0,-286.47328720631367,2453.1406161754785,-815.6401582663727,268.7208661581085,-3676.075599111639,-1332.514799169845,-9521.30507007001
8.919143478384457,2474.0622935837055,-879.7008543090872,16.255011362788217,2421.597979664309,-898.4408841884343,22.28427638185085,2363.6057507520877,-933.6931056282249,35.18530425844508,2300.044153863901,-957.3390491591499,0.010254782302442061,0.0201107990577787,0.014192452636310623,325.4193957270639,89.18648031532973,-974.0403055561397,527.8155940788798,-3988.818073536527,-2083.665230353349,0.5554419660034691,1.0,1.0,1.0,1.0,8.730039279736275,2482.477324437254,-872.9543319625667,527.8155940788798,-3988.818073536527,-1494.8989468524808,-10424.478833374042
379.01777886012053,2436.8508316624857,-442.21576828746737,356.60714551129377,2398.0583787452088,-455.9163677146885,342.4268563164031,2360.235392441156,-487.84738141003953,318.0726836979015,2314.694157504232,-504.30110972770876,0.016509266048249566,0.016461252191383818,0.014779490097746713,-658.9165340169732,-83.49642977846273,-804.3005144341176,-1066.56918187131,-2582.8627579969025,-2856.2241378977124,0.9272499916626207,1.0,1.0,1.0,1.0,380.98841830755487,2434.7947592685246,-442.0352768446603,-1066.56918187131,-2582.8627579969025,-1024.1904011474403,-9812.090727266574
310.6972971524543,2634.487642954046,-587.7289708209312,313.68494628123545,2580.193508956462,-640.5192862609346,302.4053022164755,2562.815842931864,-676.2217982787103,297.5112670519516,2529.228210558788,-723.313619063918,0.016634764835979397,0.016513388957116154,0.01325153430588824,201.1413087303372,355.7403398171457,-1017.6369418812992,-104.93117353219196,-2249.8017635189603,-4122.933968106069,0.9636003119010167,1.0,1.0,1.0,1.0,307.12179399784986,2628.040120971287,-582.9280711273854,-104.93117353219196,-2249.8017635189603,-2880.012933725409,-10011.565014613821
-321.2120186078572,2604.660772400807,-749.665745006288,-307.7316490983556,2561.280131425111,-739.4066654486146,-305.7566626384281,2504.9646791406894,-745.3203301473778,-294.3909607479634,2466.592987180666,-771.8768719800084,0.016010510797343037,0.017973065379849752,0.015851196607528525,270.22009853843633,228.8469063683233,-1015.2117032755447,745.9868125341246,-2968.5769221114933,-2426.9813323837216,0.7501652272152792,1.0,1.0,1.0,1.0,-326.56935148886333,2603.708444057529,-727.1685351550309,745.9868125341246,-2968.5769221114933,-647.2906689812864,-9498.189318951549
-188.75625293229788,2639.419374457874,-1067.9816439081408,-195.58948743685298,2591.2928038996083,-1126.0462181621053,-204.15963816122746,2537.4924989902884,-1120.8085939705443,-215.1495993187777,2492.3631681759384,-1061.5317009438306,0.016088698072860605,0.017075615866980226,0.014942311582514065,-554.8792135854862,181.65903058910257,-1002.7587594646498,-474.34991113858285,-3213.219119431966,-3392.3449418286373,0.7168933744776457,1.0,1.0,1.0,1.0,-192.00153156446987,2639.7716569545523,-1067.6999260041364,-474.34991113858285,-3213.219119431966,-3572.8437594165707,-9675.091609629228
-285.35619961598167,2668.9542930314474,-534.2299133685001,-273.8032459289349,2633.2349978444386,-591.6947731172872,-262.60637748880436,2595.5167486920946,-649.9114959257831,-242.65368427043188,2557.5502484046383,-691.014936981502,0.016197386127564755,0.0133570659786168,0.015692216901833544,507.1450836075853,176.61683325935806,-918.9205093339978,729.474727769035,-2318.2343844943566,-4355.182811049162,1.029753330991984,1.0,1.0,1.0,1.0,-277.04024874412835,2668.7187965908006,-536.3880402764953,729.474727769035,-2318.2343844943566,-3369.6393121453457,-9951.339288451736
-393.8377382447664,2593.3021609995944,-879.690676803493,-380.39145520601613,2560.21546501847,-915.9284608382918,-377.20863354500165,2517.468836655097,-973.8693156077454,-378.40423552608615,2472.9028514018455,-1022.7697815419021,0.014111147580768505,0.015948301627913344,0.014063708174787522,53.710713242306134,176.96691187413398,-1010.8761241767702,538.9515986970804,-2900.6524574009736,-3589.988414525846,0.7908768426165312,1.0,1.0,1.0,1.0,-396.31387166975526,2599.0117138039477,-873.8239932320239,538.9515986970804,-2900.6524574009736,-3186.996332068076,-9965.886381238162
532.3788246226609,2489.441950465334,-673.3064950151363,537.6470855315623,2436.3983405458143,-704.4397996418829,535.4021653322196,2380.6370845967735,-754.8588179103168,528.9562066117695,2331.6800199356567,-795.4881129650138,0.015642590873569562,0.01580720441619881,0.016835314083980236,425.780338887751,-82.13651511296534,-828.014048032325,-123.35120150524182,-3018.755411434421,-2914.5498184489284,0.801714890626252,1.0,1.0,1.0,1.0,530.6288601672036,2483.805584606292,-673.2410937973896,-123.35120150524182,-3018.755411434421,-2342.637232421137,-9713.909393068885
-275.5981641097333,2644.7197428163877,-898.9556207851417,-264.54782945652,2591.763908673063,-962.6216912047315,-260.28218468171616,2550.8024480599915,-1011.0160021888985,-258.11991124995797,2509.8277207621477,-1071.1941752525252,0.01759081037902854,0.014254665015834125,0.018056981250872774,-80.01322252719484,240.38465574502965,-1011.5202009942353,227.72151554703373,-2847.3570328859223,-3621.4579296632332,0.7950975433542652,1.0,1.0,1.0,1.0,-272.4379031644389,2646.40134853363,-898.0117080893497,227.72151554703373,-2847.3570328859223,-3300.0098080429066,-9801.636777372334
17.483848125436985,2514.259958424941,-797.1541307945846,20.87340163674191,2466.092867146258,-833.9624892382758,29.547372819717072,2412.990815731035,-881.4935939916929,32.18072422971016,2370.925784993021,-919.1168569355303,0.018468542167628235,0.013270683973441721,0.017815040066105764,154.10195981393278,84.4403716318152,-987.1113066577757,174.46110287981867,-3054.603453677167,-3095.102676854371,0.7454457337928249,1.0,1.0,1.0,1.0,15.405383024477032,2512.8501173051595,-798.2887147990414,174.46110287981867,-3054.603453677167,-2420.862730376306,-9849.6968319828
-293.6394121369737,2571.373577936664,-594.3225407711324,-283.13430456590527,2519.6193560936545,-629.4307471324279,-271.9265204368291,2474.263401691011,-670.4087994847999,-263.93144256229346,2431.9486874692207,-696.1833312943031,0.016806704764678344,0.017175848486779364,0.012870617494708782,420.4300544661743,82.41086415876484,-876.5926203328855,817.4560151415948,-2808.4335484460375,-3038.585209573645,0.8381468292538342,1.0,1.0,1.0,1.0,-303.0185189341365,2567.8745545335078,-593.7662988733123,817.4560151415948,-2808.4335484460375,-1898.8769010331453,-9948.763621636275
172.2177586226889,2574.6641251622677,-616.1220675120074,171.3609738650632,2528.8250082843665,-654.7053134025119,184.31058167921836,2479.733089788998,-695.0180062309771,189.10599290639297,2442.1445658123735,-744.5608265612373,0.017257559231198646,0.01447348874934917,0.01490987490736315,544.1870292624277,-303.8789564984716,-805.4780747609586,399.3212697813798,-3080.7693541616786,-3379.9459622854192,0.8883590771120897,1.0,1.0,1.0,1.0,170.82164201683986,2576.6403896426878,-613.7842969575312,399.3212697813798,-3080.7693541616786,-2771.1603165068386,-9768.963070786933
-105.63538924166664,2545.8095504418166,-983.7817605635526,-91.25175407534991,2486.3739610720345,-1034.4650266723652,-83.380378958527,2427.575384111492,-1089.1032867516574,-71.68725093799202,2368.791587212625,-1136.4859798538293,0.017987287744266157,0.013452591183934697,0.01944244474586933,415.86224823246397,-75.56874197270766,-805.2334578197659,759.5477355497711,-3829.1993378913853,-2510.1835867174877,0.6341176763259303,1.0,1.0,1.0,1.0,-104.42795061912886,2547.4328044828912,-984.9234655066026,759.5477355497711,-3829.1993378913853,-3123.177982485144,-9608.090178373193
611.961331244897,2657.3218260424724,-770.3444567932755,601.0139531810028,2604.232342633936,-814.7967757741625,591.6140514385039,2569.386410751125,-860.5855430953322,575.5359119144589,2533.2839402478758,-913.3065265605774,0.010940356483633312,0.018443056774695852,0.015319567529935955,-89.34796811557722,336.7257728557054,-1003.3848787675059,-797.4548104963083,-2614.673820723524,-3695.4028145425427,0.8402970192117356,1.0,1.0,1.0,1.0,616.3995391736569,2650.712104196017,-768.9559603211053,-797.4548104963083,-2614.673820723524,-2994.6531935571284,-10000.16124814758
284.1855308696546,2626.360755079064,-568.2380573303647,275.5211355101492,2588.7061542297524,-611.6224163603283,275.9217085318596,2547.2296619623967,-654.2371430769709,273.0686581676897,2496.520138704386,-717.0131862420252,0.01600157965994915,0.012544310360297812,0.014469166155723443,-4.480045859963177,-67.02862952576967,-852.9797143219722,-286.8814219281405,-2691.4896878830314,-3889.838275761015,0.9569849438240302,1.0,1.0,1.0,1.0,282.40137606817825,2624.4610583572685,-569.617674554414,-286.8814219281405,-2691.4896878830314,-3076.695648404825,-9996.61261855255
-337.0776517142937,2527.8572855345606,-884.535674533454,-341.93275994089765,2471.355439909749,-929.2198861074082,-335.32198197725944,2416.8925923874585,-968.7220708662513,-324.96265667208377,2361.741044876741,-1012.4374909364395,0.018489831326888227,0.016659027606150168,0.012854963061889678,-133.12952374258532,207.91904677713475,-1015.0981391866684,291.30770124997036,-3216.0972971274705,-2885.853227582347,0.6719961780050725,1.0,1.0,1.0,1.0,-342.8710686425626,2523.5091007089068,-885.4181253109282,291.30770124997036,-3216.0972971274705,-2400.6842544223696,-9891.532328719299
20.18808297230638,2544.7159085715425,-893.1048875465808,23.554968657720046,2495.411565855206,-953.7592726797858,17.200125214058474,2451.8150711720396,-1002.1769717631457,27.646995068752247,2413.460159818768,-1052.3583072744395,0.014412007031859207,0.015026863057983607,0.01395784300978719,-35.166479457233095,-15.94074697518611,-896.0691158230699,-70.96391536441337,-3107.805202981531,-3372.742567078132,0.7816032869003706,1.0,1.0,1.0,1.0,23.3787507184079,2547.998545484573,-896.5614305849369,-70.96391536441337,-3107.805202981531,-3374.248494293972,-9806.736447597195
-129.4504128826555,2591.7013579876584,-585.713142140312,-134.92954849605354,2556.3941433709233,-626.6516053364317,-133.88817987315082,2511.5260495925863,-660.963466423142,-133.54966667925623,2486.8667209763094,-712.6231041841364,0.014228919541142374,0.017119207858973876,0.012688760256209915,-99.35879595079813,339.57510039168807,-1002.5485784126731,31.664919248147072,-2310.711702086662,-3744.486080943236,0.9309631123436746,1.0,1.0,1.0,1.0,-130.23209221774084,2592.5190099261886,-588.4468679430454,31.664919248147072,-2310.711702086662,-2432.976719312241,-9783.041498286797
-13.228946264346767,2500.2107236343636,-753.69892141016,-22.22766890621253,2446.47639796353,-782.0837583339724,-30.411025291199593,2415.9457020761065,-808.6611698346156,-24.611864852799247,2367.6246866244223,-850.760863405154,0.01445374055689487,0.01833046926300886,0.015876676074305353,-183.32003337108273,364.88731034712765,-1009.6196714480875,-208.98946182669684,-2723.9261753680753,-2923.1776018182204,0.7363391141057916,1.0,1.0,1.0,1.0,-19.2633058371257,2503.1693580110627,-752.7164221390342,-208.98946182669684,-2723.9261753680753,-1853.2729951790755,-9947.254761002649
-262.1931810339425,2614.2357873992783,-540.6900036949637,-261.82880269035405,2574.185352435476,-562.9035384093502,-257.07890400890386,2532.650819087895,-594.7908184133265,-252.76609033950996,2482.9000559138876,-619.8396169291453,0.014629624335255541,0.015808831987092355,0.016872334078305542,-81.62840941546676,-48.91136266522527,-866.0937772275497,195.7933548693846,-2898.2205547765425,-2994.8811226249854,0.8726892095993473,1.0,1.0,1.0,1.0,-261.7582958953018,2617.4515477291857,-536.1114360208179,195.7933548693846,-2898.2205547765425,-1572.3434906459233,-9845.413282347006
282.15382117203677,2431.1510774531966,-456.2518985585118,281.12051448607895,2389.64423710502,-504.3294452488325,271.2941561415733,2351.9827755346378,-560.1641771044197,278.6407645782039,2312.9553832665706,-614.3395650961496,0.018541443593391743,0.014632223060465896,0.015192182691233291,212.54238223978666,-354.31844916476274,-811.1863861505254,-63.457535617432825,-2566.9756886614205,-4225.658101910752,1.036634150654908,1.0,1.0,1.0,1.0,281.39380838469924,2430.8501730328762,-451.5154465877663,-63.457535617432825,-2566.9756886614205,-3260.200786630332,-10047.095403222362
634.5935016182759,2440.5119863558302,-1062.4271251574248,620.3178386218505,2378.086128287167,-1108.5365877259928,615.8649913441852,2307.318456932096,-1138.7652030961663,598.4454960736683,2242.2839779267993,-1093.6217855129612,0.014052686006455317,0.013783242819160622,0.016326005354038026,177.20235499015217,-195.55388165785814,-809.1650912619726,-717.1805903463265,-4149.53727454867,-2450.390246229414,0.5908380658203465,1.0,1.0,1.0,1.0,632.6120298600692,2439.4022876805498,-1052.6440475485945,-717.1805903463265,-4149.53727454867,-3293.113503190098,-9938.591612923325
-371.3167379854062,2431.8573755525977,-526.0718912709636,-358.3887126291836,2369.757930736648,-539.4128585311852,-338.5964148065348,2314.0416802434274,-525.5741028574978,-320.7221543216658,2239.026956422949,-536.7779105037919,0.015759682548710695,0.014078885308150935,0.013684197625357119,246.75256606911725,407.2234268181553,-803.7681402157978,1298.9104699444395,-4217.52034305161,2305.383150504378,0.4364772345177816,1.0,1.0,1.0,1.0,-376.72445950421377,2431.633191482927,-533.5102530452115,1298.9104699444395,-4217.52034305161,55.572772611451505,-9827.208597973546
751.203886030385,2438.87161936586,-638.0260588222786,738.6959626457061,2394.8632287022974,-655.1494188002139,720.2937839083712,2331.797196795995,-682.5109291287673,696.7332461006665,2281.8114323536547,-712.0595983658125,0.01685786889494531,0.016285540123969072,0.013488656188032126,-254.55487402361206,-199.2124993219286,-809.9727303548837,-1237.4813827235816,-3235.681873984197,-2339.8423604723666,0.7683679347930541,1.0,1.0,1.0,1.0,753.9924528961067,2437.8682279751906,-631.7958066290832,-1237.4813827235816,-3235.681873984197,-1429.337330392466,-9631.989639816966
129.7935927080214,2631.8013051542043,-677.022407161355,138.80377354298986,2583.0292940238874,-686.4386469021064,136.14447848920776,2533.098305986079,-699.0039325323033,148.1641265429347,2487.2388086186165,-711.8929566059477,0.015374469270424183,0.014969286769570985,0.016141348468680337,634.211744730913,171.7961538086297,-935.8870612017448,636.8232693920821,-3037.6330669109852,-2396.840943462185,0.7635148954913251,1.0,1.0,1.0,1.0,118.38489652332464,2632.2789380065274,-672.6632841166468,636.8232693920821,-3037.6330669109852,-761.4054121960041,-9811.946762075188
100.74052980508363,2454.738485442234,-525.8256472124682,98.39829595653072,2415.5770258784223,-571.9817847432557,118.03465733641768,2378.041067660723,-607.9378776810404,117.07800671175681,2347.8287331335787,-652.9575942849131,0.014250625789790588,0.016221325533434243,0.016561706372787782,483.0454859189715,159.15230766516854,-959.30819261198,384.6626871580619,-2321.921134237465,-3746.0547818612295,0.9429663423039881,1.0,1.0,1.0,1.0,102.22942563249103,2457.8542305602605,-523.9475714373093,384.6626871580619,-2321.921134237465,-2310.3234741413303,-9987.013257313069
691.5306406140903,2480.8172519942514,-828.4150112799156,680.2190603376068,2421.6636673298476,-839.1171895024983,658.519732532492,2362.7885674373497,-868.9417918376373,652.1222938899732,2303.5257927018783,-886.5117179827846,0.016802203813745045,0.017652255446065503,0.01694593629318354,142.84075084527262,74.18966574426219,-1014.1488695014182,-836.2683211408221,-3643.608680863951,-2038.222517712494,0.6085996044470063,1.0,1.0,1.0,1.0,694.7778427982164,2478.971395114473,-834.0332218570767,-836.2683211408221,-3643.608680863951,-785.1160854868704,-9822.589040598506
-441.86268860560665,2682.297329109402,-757.8416952758748,-431.64525344988897,2647.6949652111184,-812.7594809361841,-421.4413895543084,2599.2210216228073,-848.5661774824197,-410.63049823095537,2555.7631890875955,-905.9480034645976,0.01734456993026409,0.01381986359728854,0.016772219160367488,69.18942535215393,280.4452695034837,-1007.1921493963874,548.6295617880238,-2627.146971095535,-3632.3541247173234,0.8670633473120806,1.0,1.0,1.0,1.0,-432.8066236838886,2684.284748055895,-759.1412961151852,548.6295617880238,-2627.146971095535,-2911.4178638309,-9510.394944958227
241.149208626413,2533.5313478584476,-744.2815765217517,235.50506600173998,2472.16486293345,-724.1944831823425,233.1689568047641,2429.7022854581974,-723.54368536243,231.25599157539258,2391.9921986579207,-716.0551385324136,0.01726488658288431,0.01488806501824419,0.017038626123116636,42.90893331372783,-46.68175080307617,-828.4953618847378,-243.80922778935053,-3142.0581772267665,-1508.073571456364,0.7708084222757555,1.0,1.0,1.0,1.0,242.8325001009964,2529.8059545228766,-738.3664095124934,-243.80922778935053,-3142.0581772267665,704.6215117777639,-9864.179087824605
761.2968267321074,2444.037905988868,-837.6594640447003,749.928301977828,2375.6085559298294,-852.6056511605673,732.2955513460014,2318.887436408744,-869.9019596753477,721.5458716905587,2261.361166359767,-894.7284914213694,0.019526200877483583,0.016312926952355145,0.016836581373283026,65.03600469331161,65.39782425154726,-1017.6642636696548,-1069.877671893272,-3629.4218145454206,-2027.088330779414,0.6023242907968787,1.0,1.0,1.0,1.0,765.8058797834074,2442.6691127787985,-839.4086915315374,-1069.877671893272,-3629.4218145454206,-779.4665625684639,-9822.08865290354
717.0432809793097,2611.225268817395,-550.8639310056533,713.2244304020359,2580.1558171466495,-592.8487978862125,708.7177894411559,2542.972292554076,-628.9879260151625,697.8806751158912,2502.3990188152147,-678.7641300430419,0.015610388680922894,0.01707336910047058,0.015791092540444203,348.0950125765558,241.59678616683033,-1001.0354792673917,-362.8785754305749,-2301.116606884414,-3893.400028090553,0.9815251496781623,1.0,1.0,1.0,1.0,721.8599452700462,2611.7468912577774,-548.9806976250351,-362.8785754305749,-2301.116606884414,-2556.1837992133983,-9539.80715579206
671.6397430169912,2558.2617167189715,-483.2651756176344,646.0263265722973,2519.084098071472,-499.5013966574699,628.7124892921003,2479.5473981848577,-515.08654464208,611.0819843657406,2444.647165238052,-548.3821216709367,0.01596262854959675,0.01565933577139516,0.010557629704209419,-536.8273662175699,112.31712006462388,-804.3344579412178,-1263.4581404624264,-2575.1866397791932,-2789.7524692228826,0.9078204059747994,1.0,1.0,1.0,1.0,663.4578672217328,2558.744427854859,-478.34747015675737,-1263.4581404624264,-2575.1866397791932,-1216.9173327403482,-9666.65706819595
-94.66501563235349,2568.4284973831363,-487.5399718861084,-81.71260733278842,2536.4843287261083,-526.6423070405468,-97.0670204180432,2500.679360767693,-577.4225966898086,-107.78580835040795,2460.1462447101444,-631.1388534704722,0.011946413325148814,0.015169218711560654,0.01651290215914345,-442.1388133380698,24.661017468066476,-867.8587293892901,-332.53901964890554,-2409.1026480925125,-3971.496170047286,1.0113714658041466,1.0,1.0,1.0,1.0,-91.31014760847518,2566.264311205666,-490.44136042157595,-332.53901964890554,-2409.1026480925125,-2898.543109462933,-9765.7623156748
-363.7906431746811,2510.1429301956346,-699.6803928223325,-358.78574738839137,2466.65003444071,-744.947520479612,-352.73790082774246,2433.1588818712085,-776.5145860651791,-349.90296900369015,2389.457783810883,-829.3316238041201,0.016758345651076433,0.012563182573517646,0.01980455714220925,-87.26291186895227,147.48366345677434,-1007.4870852450033,311.72843143522823,-2685.2175369610945,-3366.269615831341,0.8308739146331974,1.0,1.0,1.0,1.0,-361.58393153195436,2510.475095982542,-707.4890202055547,311.72843143522823,-2685.2175369610945,-2348.61109977959,-9693.216791160441
420.1880374230071,2559.6266407538346,-549.4053868042776,419.6475217512849,2512.962711160202,-573.2997363114752,433.1825948151197,2455.129017252688,-596.2404704807391,434.3340532254808,2424.8449005947705,-622.6614801094298,0.015041495809324134,0.01649967184004913,0.015013510204379403,711.7758185362392,45.33689954098122,-860.7201583132224,317.0799735665822,-2731.832986234548,-2784.2009624764682,0.873445322146248,1.0,1.0,1.0,1.0,420.0622428549775,2558.6232468767575,-548.0049127959852,317.0799735665822,-2731.832986234548,-1353.467792226873,-9466.056928292466
287.4977484890884,2548.3912485442215,-663.6792889976118,282.14712018959244,2503.1765977327855,-708.232552624537,265.07162756077554,2466.7256641723634,-750.5378114376924,235.70798491989402,2421.4994732833225,-795.4903788113032,0.01440887512333608,0.013963320011487819,0.01577623413274333,-694.867591205849,90.49131535207255,-815.5153376018876,-1110.2005334845655,-2768.7354612294753,-3154.6227040370954,0.8458515707324334,1.0,1.0,1.0,1.0,293.2108835954152,2554.6658758463104,-661.776119355542,-1110.2005334845655,-2768.7354612294753,-2640.45104136009,-9691.893245626527
130.5321596454975,2457.355503236679,-630.9442158796443,140.9672099310738,2385.2508587126185,-635.0932763119474,154.5827002630132,2289.2906291778163,-651.0081909169281,164.93889761221186,2223.791400616626,-659.8246939602386,0.013155377841654561,0.018839177306135012,0.013990381831968164,440.3415476793488,275.7405920167415,-803.4275459097819,690.284966636349,-4968.336981120232,1825.0082728262385,0.39401506302024253,1.0,1.0,1.0,1.0,136.6161623593548,2461.808863709642,-634.836900477699,690.284966636349,-4968.336981120232,-256.85490241508586,-9683.359769307894
64.62915315421772,2627.247014127354,-549.0917122360553,52.876799618238884,2578.3240436693063,-597.9116222587074,39.51055761134136,2537.5840335019975,-650.677333053417,26.579241849986126,2491.7640598966946,-695.6960001457802,0.017889824048785544,0.01550939085274921,0.0157970905411106,-598.9618201848268,57.37927511305452,-817.2619967509523,-681.758405144455,-2631.9745093946954,-3650.645393315053,0.9258036945573554,1.0,1.0,1.0,1.0,65.75262483101722,2623.554421772882,-542.4561142147055,-681.758405144455,-2631.9745093946954,-2792.3512518195544,-10062.770675059402
-416.02017905478516,2626.47185511657,-664.4057368019262,-409.1068410424006,2579.6637977710075,-687.2196635625592,-391.5301466527725,2527.092485003868,-714.6891182008877,-390.26308835267156,2484.3905988282972,-736.6580578505151,0.013151220146815735,0.015441614033481856,0.01583916140018418,39.29622245888154,106.60366023671082,-988.1305085501178,537.9970019491682,-2994.7338761794595,-2889.598727880286,0.7955680044195189,1.0,1.0,1.0,1.0,-412.62125917841956,2622.1801162274523,-663.5221914964959,537.9970019491682,-2994.7338761794595,-1391.4973303411273,-9879.687423019073
248.4028734251749,2518.137541857487,-682.405188979239,239.75331106640866,2480.9325788802184,-673.8956592541283,230.38123537035793,2437.6060379827213,-678.2629576571721,223.59773967164875,2402.1799681936977,-676.0158535947523,0.016354043006324336,0.016858525424033512,0.01635727961189111,-160.93158801154317,114.12648546594696,-1001.4230047462918,-448.22522744871844,-2611.2022027663993,-2533.599298570218,0.8704301519577518,1.0,1.0,1.0,1.0,251.43562124127743,2516.432512011035,-678.3672455955289,-448.22522744871844,-2611.2022027663993,336.18160984632436,-9761.012273883762
616.9639670560189,2455.5456987609105,-987.8578940367968,589.8241119877047,2415.73444189408,-1052.4803876201993,575.1097155814203,2358.434724563534,-1103.1418347414287,557.866698373311,2308.363666271007,-1143.6145472203266,0.017164315767570257,0.013115965545948675,0.014578264931621194,-433.83157647816347,4.967179553150338,-803.4248208701079,-1386.7682035589437,-3237.3135376257674,-2995.598481540633,0.7151414537548605,1.0,1.0,1.0,1.0,620.1122582266325,2465.3254681487397,-986.5187682190915,-1386.7682035589437,-3237.3135376257674,-3540.1891604604602,-9718.745941657045
291.46186124290153,2553.021072327778,-667.0613483292298,287.74740279589304,2513.4065379959047,-702.9129280250474,283.3423482668856,2453.624236396825,-726.9375454959978,287.27494099200095,2397.9074403517307,-771.853044468003,0.01511037914781336,0.016860503390802084,0.01633502717836894,304.2950576653166,-157.380499565869,-809.6199154170477,24.358528348359727,-3506.8729002725418,-2497.424423406478,0.7266940902830162,1.0,1.0,1.0,1.0,285.41719819533455,2560.4459981453483,-669.8492947880354,24.358528348359727,-3506.8729002725418,-1837.536744224062,-10234.29668568561
683.810375223947,2459.2833341775495,-776.704917412282,662.3257662764051,2420.0020123811573,-816.3437847726026,640.3959141037409,2375.072498036373,-854.2364241692978,629.4258820002716,2325.004439666815,-888.1943499265215,0.017423607692396956,0.017002907424879435,0.015810511613554575,-151.7535374611605,318.6162076386695,-1015.8646111643507,-1057.6995759798072,-2715.4145351800485,-2901.380285620005,0.7397629732691696,1.0,1.0,1.0,1.0,683.8291275628872,2463.7936904309126,-779.9490774642911,-1057.6995759798072,-2715.4145351800485,-1975.7784346249573,-9567.75275751124
-61.99355788613695,2528.5603456386075,-551.4844651289405,-59.79649489269928,2497.72641024706,-605.0024929047627,-75.1060827514351,2456.3877476578045,-658.6393684834609,-63.418093616540595,2411.3698303545043,-707.4930815714245,0.016700393741880593,0.016157142742284702,0.01183970049670683,-277.1754679446356,-231.1478059431717,-817.8714739653321,-212.86250356471592,-2628.6009210244533,-4114.972661334546,1.0053027630191276,1.0,1.0,1.0,1.0,-53.66983920168565,2528.8831611325113,-547.9242313189867,-212.86250356471592,-2628.6009210244533,-3402.6538365926117,-9919.267126019937
-390.7700358313539,2582.9468911225686,-593.3762417878175,-377.35359933208423,2529.321015596056,-631.11860921643,-355.0741219292172,2496.9951182786667,-675.9058881521931,-343.12764051419884,2460.2874840105696,-721.7453819337238,0.01365268984777667,0.014233038270081167,0.018064684112019336,508.7346980630365,79.53418187124396,-813.2904762144253,962.2988551644071,-2694.1881403158695,-3218.370407773479,0.8840495877701235,1.0,1.0,1.0,1.0,-386.20323723986314,2585.1291523650057,-593.3154117425947,962.2988551644071,-2694.1881403158695,-2474.174583218735,-9629.734226100118
-112.20296286584579,2483.011544370267,-505.89292972149445,-109.6349239575268,2437.8105578760515,-520.5234297510685,-107.22261772777213,2409.6119476932554,-547.3187928077796,-100.5375809181076,2371.610841852676,-567.795463236815,0.013020009762698837,0.02025599447165535,0.014470288372809711,327.2213815998525,189.82757986175238,-994.6050243753162,464.48221412666624,-2376.981354780346,-3279.563367336741,0.9172537073928368,1.0,1.0,1.0,1.0,-121.00395503238104,2483.6145872247853,-512.1810969261111,464.48221412666624,-2376.981354780346,-1021.1723221176162,-10067.057660952132
358.77372392896416,2588.319815274142,-735.8284595064872,356.00313501007935,2545.419897766044,-787.2155567504088,347.65977324448227,2504.6312932213455,-828.9912727914905,338.1769444295311,2453.546371722771,-878.3766310449803,0.019341628655182713,0.013887442159018978,0.015892434183966873,39.344968118666614,200.37171239897197,-1005.4121156695722,-377.193218215048,-2817.247724592706,-3309.518378994287,0.8008784950018321,1.0,1.0,1.0,1.0,359.9592036014583,2595.0322783027755,-744.3610908233525,-377.193218215048,-2817.247724592706,-2417.0150216265315,-9790.325840982248
274.5086933981633,2511.0673059326605,-831.758994571389,259.7695643525502,2455.5155777101213,-842.6643306444522,242.00050590887687,2387.9730760727603,-858.1733050139412,236.78414379950397,2335.1285109680784,-874.1946618791469,0.015439270709938321,0.018768197362060184,0.014707870612621667,-310.9133081748608,124.6715625208144,-1004.9047556935013,-877.6587159932108,-3532.577529372014,-1943.6043756835536,0.6260846613153803,1.0,1.0,1.0,1.0,281.5063251205561,2509.1613948469217,-827.9745011413387,-877.6587159932108,-3532.577529372014,-641.6593623994631,-9513.260734283209
56.59553798717688,2434.787511795305,-819.8189347115843,60.802792148118115,2387.7444498510063,-867.6862635889655,59.14955609086126,2345.4712826974746,-904.9304310155748,61.15680888874236,2305.6135433985405,-947.528945168828,0.016849443679960663,0.014835348994267531,0.014873318866762165,271.51711669185835,234.97556012657878,-1012.0892226945024,282.50090076558155,-2858.243523921157,-3144.8202485630945,0.7234418884590103,1.0,1.0,1.0,1.0,53.99142310236107,2435.8230735458683,-829.3366490440549,282.50090076558155,-2858.243523921157,-2489.389874498879,-10104.645324303763
-238.83149336584285,2430.0,-821.2828775173764,-232.08577318380176,2386.098770407285,-814.3801461193602,-229.52084337400672,2338.250573199616,-811.5778250176102,-212.0923201454935,2297.0182614673695,-812.2331401430761,0.013862570145326882,0.01528878395084031,0.014469480334054534,46.372865837605666,45.70431718203085,-968.0774961360991,365.5655720900139,-3080.260106297638,-1756.4477896654248,0.7313791655697789,1.0,1.0,1.0,1.0,-236.94045253215535,2432.905899562705,-820.0710726029617,365.5655720900139,-3080.260106297638,511.2469531625363,-9541.134744122519
522.196961743116,2439.6654987691145,-942.2831290350119,500.972880658368,2374.124613108422,-956.0587491427498,481.68020324996536,2310.1810995544292,-984.9863794944814,460.9062268202752,2236.948848235455,-1022.0671333252601,0.015961920475235123,0.016060369798458804,0.01787737123226045,-251.61485661198031,132.18933009261684,-976.1951083895173,-1425.454407253754,-4231.7647909427815,-1874.8960336440498,0.495100338494046,1.0,1.0,1.0,1.0,525.2577953413161,2438.501141156432,-931.6937024529777,-1425.454407253754,-4231.7647909427815,-1613.4454863600877,-10254.566186886386
168.39630369156754,2659.4468899875747,-568.46296882444,173.33175829857475,2627.340237437075,-631.3616793852393,175.59635784194228,2590.069971921645,-693.2325681251199,184.3480831811757,2563.7507104891392,-744.2898834993802,0.015656064547113324,0.013289243363849745,0.013766806532253078,499.0745298199678,85.78464823099165,-916.4296739532416,293.24710660513364,-2323.9148441291154,-4518.814340565129,1.0672878855567822,1.0,1.0,1.0,1.0,173.57024148826963,2665.330125214304,-576.1262543494325,293.24710660513364,-2323.9148441291154,-3714.5742916706627,-9729.814604836925
268.29678592682296,2511.330576502956,-468.07646006656796,269.48707373703326,2480.2128444975237,-493.47297923225153,255.28548799842508,2452.4067340366696,-532.2186748243009,247.23363621117994,2419.075709241098,-572.409316683262,0.014029584592020045,0.016477187504589985,0.013761547278562797,-219.94603556999775,401.34037581581714,-1004.7072659419725,-473.9697343008338,-2040.4291000056612,-3782.439555616841,0.9907316806248271,1.0,1.0,1.0,1.0,270.61263943136566,2513.184494321672,-466.59743465568226,-473.9697343008338,-2040.4291000056612,-1944.1149914163236,-9781.798834259569
719.3141421357367,2532.5551122613483,-789.7331882131509,701.2864819660562,2488.5879553237264,-821.7725033542534,686.3275069769777,2432.753655444548,-864.8868477229651,665.1911672139064,2384.5146564250476,-909.9678545321106,0.0151364875744779,0.01499747984518524,0.016346189129665945,-102.77521039603208,-95.17505255641564,-802.790421867953,-1063.574592505305,-3415.7924737532494,-2640.281035510924,0.7235198434506714,1.0,1.0,1.0,1.0,716.1772258330516,2534.9851522335834,-786.9012123049602,-1063.574592505305,-3415.7924737532494,-2581.3225250096725,-9697.276705407781
227.7593392213853,2544.02236967781,-796.1098887331813,235.1314463387887,2494.8420900721812,-839.7376285665326,226.50162012530316,2446.088888213874,-885.3273633156413,227.4041625342579,2397.010701216939,-935.6008746265657,0.012839254730002872,0.014604630793593866,0.015544435351300196,124.9948303108684,-49.34337924158821,-840.2862299488221,-137.76449315426393,-3365.984994190729,-2888.284384858865,0.7270116791251037,1.0,1.0,1.0,1.0,231.07349003965226,2542.4650662852728,-799.2678445282338,-137.76449315426393,-3365.984994190729,-2740.8178289128064,-10126.24931747227
157.8091960312292,2445.8404446194368,-815.3453735613944,165.31899978806786,2371.284823625413,-837.855203085572,166.32444012254274,2309.8150646365802,-858.3124365912503,177.13125125451384,2249.81542797993,-894.607324291833,0.01729214956360107,0.014767583266123551,0.01486461381771725,311.7700917597709,-76.9689016076303,-805.4652709903048,261.96183960043714,-4195.374168399098,-1396.8333688745467,0.5530756533525586,1.0,1.0,1.0,1.0,154.59298799950705,2440.255599431836,-816.0468958899378,261.96183960043714,-4195.374168399098,-1468.4750991708975,-9673.58246957186
-272.0845128716259,2443.8798278362397,-793.3613642819006,-269.43524208005215,2382.263941872816,-820.1881008673704,-252.1916861961095,2319.5353919397553,-851.301559553781,-247.95332891375944,2254.9423035268574,-878.623807707156,0.01743844390941158,0.010683502393081936,0.01571554350795013,97.11258806883475,-342.5472475056062,-805.7045347782215,578.4206974022741,-4366.062646360946,-1793.2716563884671,0.5961625101895568,1.0,1.0,1.0,1.0,-273.07665826862103,2451.732846165396,-788.8532171067266,578.4206974022741,-4366.062646360946,-1695.499096895218,-10139.46723184076
274.44411922885485,2471.1064054516983,-663.9810650992882,271.9958532227858,2427.8806260996566,-689.3173622164529,272.5736443497123,2373.251213301258,-715.7474364946628,263.16133651858075,2332.165836514044,-747.3870656638012,0.01260795115855121,0.017225140015921406,0.01637857390458032,58.021439845864855,-69.58717224696267,-816.178768826616,-279.22768575175326,-3259.1135070461937,-2367.9312906058253,0.7337883349209476,1.0,1.0,1.0,1.0,275.81903473223304,2472.521363249064,-664.5106225328223,-279.22768575175326,-3259.1135070461937,-1608.6379419866832,-9954.312430156882
-129.5742292067139,2466.7251793706164,-628.7561301216623,-132.1916379359444,2422.299419530515,-640.2252282070846,-125.55157646973637,2373.170204697981,-658.3993714960056,-121.31228755613145,2343.0732689568113,-672.4644586297325,0.018588999142506245,0.01630687274783716,0.014782044243561013,47.873354753589645,165.619346968733,-1018.7363004474132,195.6059072899539,-2552.076206137576,-2791.4812070938783,0.8503220838660963,1.0,1.0,1.0,1.0,-128.1719618073687,2462.487932492539,-630.3426675277983,195.6059072899539,-2552.076206137576,-582.2870046326618,-9595.443991084154
-48.023277939685684,2522.1704796133713,-436.2548224586343,-31.297658155488904,2487.5935040073327,-480.3774764111904,-22.457130792310515,2452.445931532008,-530.9929212293778,-14.93102620175004,2411.918328189873,-572.6907291991008,0.013195694428104412,0.019581410490383564,0.015029438912696452,574.855541420199,122.87841665820804,-884.6650435401219,582.5783123161548,-2278.9589810721327,-3861.4832216404693,1.0071934561688152,1.0,1.0,1.0,1.0,-39.76457807334202,2527.180141689313,-446.0904606822704,582.5783123161548,-2278.9589810721327,-2517.2059662500665,-9776.191419519255
-400.00632000850584,2471.080299993327,-1070.0581674861164,-382.34580200335864,2391.223767519727,-1116.1202349161892,-355.68402608479136,2327.1695830404733,-1130.8882919804778,-314.64467526629704,2245.297418611487,-1069.6064620131824,0.017977787880163038,0.013785345082647078,0.018216901440217155,532.4773887450941,80.64223977349639,-803.5158864520287,1706.8885811038876,-4333.630959317304,-1893.3915373770612,0.5000199655969731,1.0,1.0,1.0,1.0,-406.3113308620433,2464.139267398012,-1068.9216221208305,1706.8885811038876,-4333.630959317304,-2961.3740457030794,-9766.764664366021
-462.78700933048174,2499.1767176029307,-1013.6806785149486,-441.17612249780444,2424.2419541301406,-1067.044049576962,-412.5181926338048,2357.4232110745797,-1116.440902451164,-397.7349269055995,2293.659329448003,-1127.5475363605901,0.017484470752000415,0.014941392374393934,0.017075653817994432,408.67847679984385,-79.65072442404092,-811.2730702546239,1363.46576577624,-4018.0791510767303,-2416.9513328102294,0.5904984830556117,1.0,1.0,1.0,1.0,-463.93961329695014,2491.919932265071,-1006.5536064098321,1363.46576577624,-4018.0791510767303,-3122.4984068655876,-10005.511159650485
401.6202398871329,2487.1358800742305,-581.3674142661642,394.20055014721794,2452.492273054515,-590.3786798739136,389.88931260288626,2420.0006277193534,-586.4512161791013,378.17788881575484,2389.1225581715835,-594.6604017025732,0.013617356075975919,0.013692704428557396,0.015702093215371877,-217.00226094103277,412.96699170581746,-1019.4915402434121,-643.0818340982037,-2146.6292060300316,-2976.3352738800977,0.9219878462800956,1.0,1.0,1.0,1.0,403.5717089637335,2484.464175524807,-576.7864341704241,-643.0818340982037,-2146.6292060300316,-111.10284039807138,-9991.783017834892
-36.94891687017219,2608.95303733244,-995.7672320255157,-39.27199530604398,2559.9192804479153,-1054.1507048802364,-31.396565793365053,2511.0253983793755,-1109.3521806810693,-27.194193330103193,2470.052137320087,-1133.900629845665,0.015111747287423916,0.0177926736714485,0.01785478364946797,162.0464956239128,436.69713106810923,-1016.1794240928643,275.3144722341941,-2918.439512908023,-3254.9781139335746,0.6942407953916602,1.0,1.0,1.0,1.0,-43.06278619056161,2610.9345681845884,-1001.316568375971,275.3144722341941,-2918.439512908023,-3209.8588182481817,-9828.846329386304
680.3318935075612,2481.3999917408423,-704.2559476176251,671.6270117934552,2447.464642924322,-747.4792427103431,659.4583348256454,2406.9949937234055,-786.8223639297596,646.5551941363296,2360.8715610969293,-831.5082348192798,0.017851965733854728,0.014829247673093314,0.015212519320987702,-50.19098862250631,176.12277242389382,-1006.0830722925202,-831.0185257811575,-2613.218043762211,-3448.214747581823,0.8371062672720649,1.0,1.0,1.0,1.0,685.2604066938168,2488.820741153448,-707.4184781781112,-831.0185257811575,-2613.218043762211,-2458.204684721747,-9789.82669858986
-48.137610576362455,2462.708496581686,-767.4566847200274,-39.35785860235968,2436.2517940394278,-765.0737347097993,-38.978383167690865,2381.807954254252,-772.8546330491532,-21.03705079098851,2349.4155737527876,-774.1210912096303,0.015537049157141311,0.01328672030771217,0.016113522311528187,385.29876617832656,311.3565258347605,-1015.1202508515045,552.3052009285419,-2733.619792679189,-2236.4882681657423,0.745062708223619,1.0,1.0,1.0,1.0,-51.022342555220916,2470.916162051324,-763.3454624078313,552.3052009285419,-2733.619792679189,57.93766417298289,-9926.8252158306
-145.61033641653896,2448.571326369677,-632.630281416122,-159.58621068153263,2383.6190730125627,-652.0098947877285,-156.45330116374438,2330.825748024567,-669.2391343001444,-146.52124302697547,2273.2043955576896,-681.6283469499062,0.016880002682805165,0.017060138942272693,0.013506206125655083,-117.45803639951599,-447.73349004078466,-808.1470588732534,43.60272598195584,-3684.571311608447,-2052.881121383173,0.7375536522492676,1.0,1.0,1.0,1.0,-151.68617629535248,2444.6549895718485,-634.0820007793432,43.60272598195584,-3684.571311608447,-856.7653190816523,-9998.772756476195
-58.65017584937844,2501.969916306001,-880.660685772943,-73.3237233150521,2447.3076915609563,-933.9614951054824,-74.79535472028209,2383.010443695669,-991.2278484716346,-87.20549121267454,2329.519833209105,-1049.4130258186926,0.016014785000379225,0.016019162642832593,0.01667387438683504,-496.93974544770526,18.26996868080934,-819.3015403377807,-591.033308580613,-3359.960423784964,-2778.8063491442617,0.6912921779699537,1.0,1.0,1.0,1.0,-59.575097098052936,2504.64068228168,-878.6268503836427,-591.033308580613,-3359.960423784964,-2983.702115033923,-9949.592217793082
-352.621573941771,2475.441590853852,-884.8774014474869,-342.0460714553487,2440.830968366569,-935.6208860666206,-329.12380609133913,2402.54866630085,-991.1107740102559,-328.1902066284539,2357.026452982975,-1034.1119166330134,0.01348829466705253,0.015954767062665687,0.017465057682500694,78.32293031361908,451.1962686022648,-1019.9794665743668,542.3418498638732,-2553.547225811597,-3323.4627831917537,0.7480918805877816,1.0,1.0,1.0,1.0,-352.8388403281606,2481.266313122486,-885.4129723807271,542.3418498638732,-2553.547225811597,-2898.947166229083,-9815.749719312844
357.037798794011,2476.6456763050646,-724.7252043492124,355.5331357244193,2439.0427557916114,-780.2116285991896,348.4498157969718,2385.082713788383,-837.9722741585067,333.33082905895526,2325.4234806979134,-889.0156332607069,0.01700899206124499,0.015592414840554687,0.016976485952487554,-68.16441827948121,-174.45327096470473,-814.3217617138873,-473.5206140797271,-2949.1608313365477,-3409.9972274384604,0.8504221071457134,1.0,1.0,1.0,1.0,358.0041343922727,2479.791477238188,-726.0112858748101,-473.5206140797271,-2949.1608313365477,-3146.7406597157938,-9773.96756712826
106.7373597389877,2580.2102974051636,-708.5863741564299,94.73397444256992,2521.4136803915762,-723.4592748031625,90.8128667742796,2485.665990530256,-738.7202489598596,83.4433336704364,2441.1505809443715,-761.4788183882241,0.014352340513366424,0.017451084354792302,0.014738068623155434,-127.03127299941617,84.21357147277035,-978.0052035969032,-296.3761897777166,-3160.33694473382,-2542.3225284438226,0.7434585065086864,1.0,1.0,1.0,1.0,107.10591692498019,2580.879757812484,-702.4353575548619,-296.3761897777166,-3160.33694473382,-1000.2910006068289,-9912.725899978483
155.13340078070976,2651.4454610318558,-565.7308801867889,159.48080053033672,2599.2723893828957,-549.9258382307409,130.548866096758,2565.942777580456,-566.5865619177006,122.15065199003699,2508.9122380809213,-550.4383491464147,0.01964199967473492,0.013818989008070468,0.017095914881390742,-401.07258875417483,-87.41904185356826,-807.8286864747818,-560.1258796323367,-2777.2840867502277,-2273.518399899195,0.9344430964358046,1.0,1.0,1.0,1.0,150.6514026836761,2648.2057835953933,-574.6644280416346,-560.1258796323367,-2777.2840867502277,690.3100252588979,-10063.312791354201
635.5484222586532,2570.730386508522,-683.3948815186928,617.2605187047197,2522.8398075532064,-685.0314569506676,592.1791330239372,2478.353891502992,-684.581050083935,572.645249022005,2437.323178297127,-699.461896344345,0.017226305940320347,0.01764846501522665,0.014932696725506782,-401.7683997463193,185.56690082602807,-909.8531773308111,-1259.725288138524,-2889.899843661569,-2135.219389300605,0.7751925323189468,1.0,1.0,1.0,1.0,637.5049629679618,2569.734271846821,-678.5563248796882,-1259.725288138524,-2889.899843661569,-129.05629161780615,-9820.93276859027
712.8144595860122,2499.199272027964,-949.6483775676197,699.0119356280086,2436.727869116422,-1006.5096296892932,675.102435754073,2380.3605182210576,-1063.2283798026153,648.5015609014769,2328.692586519746,-1108.9174943029673,0.013821188096063785,0.018074959167129916,0.017062521089651096,-187.0925658852176,16.404659977095907,-839.7605326362094,-1297.0115578722157,-3547.4342713861142,-2595.45001963669,0.6510413316471557,1.0,1.0,1.0,1.0,720.8155246253339,2499.6086499473718,-954.1114887512108,-1297.0115578722157,-3547.4342713861142,-2989.732209086177,-9628.806749778898
266.00644427848334,2647.8789627437436,-700.2154425313206,264.5275405666928,2607.728781245765,-717.5339587029708,244.3373353378476,2554.5030935310315,-731.1635252900951,242.41622200134617,2505.4060270660216,-748.6561327259393,0.013143326291804687,0.018106929350727184,0.01378864797153849,-30.932396870672406,273.6570672420554,-1018.0902775009865,-366.7169017357514,-2970.734455477648,-2640.1939331179783,0.7549610963859302,1.0,1.0,1.0,1.0,262.44112451792944,2650.244631624184,-703.7742980636683,-366.7169017357514,-2970.734455477648,-807.7074106406001,-10051.61298076069
-108.99204461398318,2698.105417372875,-685.2661459102538,-106.3185939854843,2669.2533056885413,-733.8870935487865,-109.47651376995864,2623.693196976141,-794.029755487073,-101.0142220010454,2588.8292590259425,-852.9708508230002,0.015235728738132715,0.01518293380447817,0.01762049909370204,-224.1100727250718,262.36480247458906,-999.0990600288517,-123.90248278276219,-2448.930243984223,-4171.745108102553,0.9469608383636878,1.0,1.0,1.0,1.0,-100.82710235622358,2699.0503952388917,-690.3582744931019,-123.90248278276219,-2448.930243984223,-3360.6830140617885,-9894.773686181697
-43.75570372098291,2484.17366618782,-806.8107013339845,-36.51509420373659,2442.4712785517277,-823.9075351125928,-24.81968027839881,2388.9095182156398,-869.6563837294615,-10.607950742233262,2336.6244720556233,-915.4507858627974,0.014205175448549807,0.01772697415629501,0.0134958473383361,463.570714999197,90.78812944899781,-881.1636572651805,672.1146864135262,-3188.5194958451666,-2604.268439720839,0.7045720030568197,1.0,1.0,1.0,1.0,-40.5152998109466,2482.177751332874,-798.7414206022872,672.1146864135262,-3188.5194958451666,-2277.82596980379,-9671.580081713772
265.34513914016907,2432.093573482118,-458.2039547291349,251.20543854067307,2375.9240624118474,-460.1358383507668,255.78547786663796,2308.5344684238153,-455.1639493598996,254.59416889521776,2243.5988491099956,-463.944450603651,0.01933028512691117,0.01249046326703987,0.017925590020718227,190.0430227145917,349.7500039582144,-804.9693967003636,-136.51565411424772,-4047.866542891031,2615.720429425658,0.4652536615853311,1.0,1.0,1.0,1.0,260.34858458342956,2434.401273547098,-458.55617384079574,-136.51565411424772,-4047.866542891031,271.7736257883667,-9769.058186332843
408.3727862688099,2438.7204025795427,-949.1101669481649,420.79254341045987,2361.5132104557047,-978.8311730033739,426.19080702910657,2286.7087852908867,-1008.3652533713629,437.8628491205153,2222.162948234847,-1032.0623033366705,0.01742315683953884,0.014352048910571742,0.015616758878433942,710.4567388679782,72.47302068406333,-946.6142314788044,610.1449822237809,-4724.861538938314,-1494.9103931115633,0.45260803537145583,1.0,1.0,1.0,1.0,405.38424775608905,2434.9037901532247,-948.2740775609959,610.1449822237809,-4724.861538938314,-1506.1172792889663,-10046.284930289446
321.0850487051781,2668.1651137232525,-478.2853449312112,311.43819996322355,2636.6196626031983,-498.4850845531515,302.01028208021285,2596.4085328163223,-506.72033903211485,291.34822571038416,2565.1148223015334,-508.9365884963889,0.017019687088373387,0.01721026920807956,0.014434272929883418,-319.8627368255102,141.93431967044035,-957.5120616670127,-618.0004963268017,-2455.718673199251,-3041.3227107820812,0.9813357707736636,1.0,1.0,1.0,1.0,316.6777743910957,2671.3245530656704,-480.9510122804436,-618.0004963268017,-2455.718673199251,-473.76770494616585,-9469.328315675597
277.54752026642717,2499.3050756885787,-650.2731635933923,274.87370429528266,2469.820954533797,-706.5031370185293,263.08656772434347,2426.1692457662525,-782.8207291832344,257.33227839375155,2385.6446322355487,-830.4676118981281,0.020062273786496273,0.014180010479965997,0.015756591551533125,-132.4850820775584,88.83494847774668,-931.9154864830575,-394.8387635176475,-2323.152683455063,-4332.135145255283,0.9900011241820044,1.0,1.0,1.0,1.0,278.1472319807948,2504.913739271014,-651.4788519442945,-394.8387635176475,-2323.152683455063,-3634.102903631719,-9915.331855731692
359.17163793685944,2440.2153349710293,-1082.301484598538,342.327073644057,2364.1626776803046,-1140.5466246853575,337.4493045084204,2297.544831766393,-1111.7596754211404,312.46700752806225,2222.5466005538524,-1061.1896537634693,0.015116582737265854,0.016050746900770144,0.01689194264825263,-224.05507134698067,-104.98200188551095,-801.7093628083069,-1058.900599890459,-4582.0417711988,-2067.5966441252194,0.5069407277137118,1.0,1.0,1.0,1.0,363.6347615922241,2438.051181129819,-1085.5680128982729,-1058.900599890459,-4582.0417711988,-3169.6427890362534,-10166.399521451758
392.2707748733422,2494.34095278925,-690.2740511610328,372.2766086123945,2454.01666384217,-720.2791974065669,404.56177509170175,2409.471982718935,-759.7257375855788,408.0340976981122,2363.4246951667815,-790.14916285493,0.01713062541924178,0.014819620556211915,0.015442621441305794,629.5158031216678,118.51655906253501,-948.890161334826,275.209562852428,-2774.2890828230607,-2915.268820174187,0.8076071325832411,1.0,1.0,1.0,1.0,394.21162688283755,2490.533724876251,-690.7195514084717,275.209562852428,-2774.2890828230607,-1913.4006039632868,-9369.324862757476
-310.9948418542663,2540.619267146067,-491.21821668458307,-309.75008186196163,2500.0985820075875,-518.7109398770644,-306.8551109761799,2465.659171308842,-543.4998231095092,-307.4309843315909,2427.6341533818845,-567.5211867974448,0.015079138515823083,0.014889132254152754,0.01768848360911287,-262.76490480558897,61.209637914621766,-949.4672062709075,51.53259770240756,-2536.224343335588,-3255.4674828656625,0.9323432456209121,1.0,1.0,1.0,1.0,-313.2668505539485,2546.7094943834995,-493.29434539396766,51.53259770240756,-2536.224343335588,-1293.6016489239385,-9782.762423880044
-91.80718801220512,2673.102116270752,-480.3300750533738,-79.66902110882022,2637.0868058180827,-518.1704987240166,-71.07201189078017,2597.0467902975442,-572.9839540496188,-70.75183863474614,2568.5460892171773,-620.1315225177765,0.017130795690833218,0.016519333992374208,0.01439139582046993,446.14151573254514,228.02813823386495,-981.5472361639426,509.28059171537075,-2315.660777891157,-4226.371903394252,1.0069584744963223,1.0,1.0,1.0,1.0,-91.14950852716987,2671.0502589090293,-477.2941047242888,509.28059171537075,-2315.660777891157,-2764.7661321137757,-10132.737622106499
359.05678620993046,2493.902474356578,-954.9207246594646,336.8034129790389,2421.6326703874215,-1000.312671295141,317.7454672599354,2365.2611473397974,-1050.4041910821143,294.6554278385736,2291.448283218507,-1096.1900790279321,0.016558505748712517,0.018848689555382908,0.017086167520505256,-512.106178685209,39.746363548501805,-803.4117321884569,-1433.4955357729498,-4025.805270097201,-1937.587124634404,0.5575066371753997,1.0,1.0,1.0,1.0,362.3260981362911,2495.4875783077923,-950.4400507385218,-1433.4955357729498,-4025.805270097201,-2561.3393734044425,-9542.136210317192
-153.32184532426973,2678.0013056364755,-444.5111997482085,-149.94681966827287,2644.4945247123624,-502.0737954028332,-160.63314064157177,2597.241088566712,-565.9159468026579,-164.839731439693,2563.4709340653167,-627.4875856070082,0.016429115356092965,0.014646125957086174,0.019040969970958062,-591.1601812283326,-49.27140262345351,-812.4471273237446,-403.15878585341335,-2497.4574799849256,-4160.346647915007,1.0448837887158615,1.0,1.0,1.0,1.0,-149.7013107188435,2685.444537960039,-448.5076092310235,-403.15878585341335,-2497.4574799849256,-3186.5646067668554,-9829.565363732552
-124.4780770324513,2637.1629892981937,-723.912847789067,-114.28838734431729,2594.072225476725,-735.9537981018955,-113.16977054383031,2553.1594362186434,-744.8769398700265,-117.44283003330058,2503.5387698186573,-759.8148489259835,0.01711521180876807,0.013772955302784419,0.01655748932301453,-173.66818641682798,420.04841687114276,-1010.5807745549005,-73.09814288784263,-2827.010015935051,-2436.5686441413195,0.7375543435654336,1.0,1.0,1.0,1.0,-116.28614424987245,2639.251279380155,-726.3889662192394,-73.09814288784263,-2827.010015935051,-520.0842026936303,-9969.8619576196
487.4382121268084,2477.828640058505,-903.7500302090219,483.439329168859,2402.446433848253,-919.3091436802075,463.0912929703322,2321.4004718049014,-944.0786030039486,458.10429812310207,2248.5163069859877,-957.9598548383815,0.01785639217358675,0.012823577323142887,0.016352367362720346,186.63971166535094,1.7958110582329496,-942.9012784836539,-583.7301220335542,-4801.307669537472,-1372.9737842427844,0.4679676631405504,1.0,1.0,1.0,1.0,487.26072451263235,2474.469260870031,-902.9668318124402,-583.7301220335542,-4801.307669537472,-1030.4275526003498,-10313.08200981131
593.7879097076681,2609.9748870871713,-910.7134723393198,587.203525504259,2574.7074026247537,-967.674482734788,550.1351722250404,2519.9862151653515,-1023.0745666707876,539.780544837639,2489.9029728263504,-1079.3443291037916,0.01419019764369623,0.016986689106468104,0.016213461261223548,-338.3723634306482,337.24156412287346,-1010.4880869659096,-1083.7605638583252,-2670.0444835389044,-3609.291705734588,0.8076096519886128,1.0,1.0,1.0,1.0,588.2429186682184,2620.1295975486437,-909.5537692633995,-1083.7605638583252,-2670.0444835389044,-3330.0478714097585,-9601.135247138674
-89.31695164850578,2460.834547831785,-1017.6323233268207,-82.61007938631167,2394.655414189114,-1072.0762459650011,-83.24813135945189,2313.9299428255235,-1097.4961601502578,-77.15976698336367,2247.071334914505,-1138.796706512795,0.017619326972448984,0.012971859757454613,0.020244955701864794,-12.404423695077185,-35.243846476945535,-833.0622411844835,140.76349300235833,-4791.213833362516,-1603.466327705416,0.469163857568232,1.0,1.0,1.0,1.0,-85.60144005630377,2456.18734687156,-1018.9139346209482,140.76349300235833,-4791.213833362516,-2482.379212843337,-9659.893723036184
534.3442992463067,2546.5469248309196,-768.6525871153353,519.2822914617051,2489.7431757156533,-792.461530542752,502.5247777685542,2426.114785212968,-819.808706006477,475.13237043662133,2368.9854382892368,-852.3116368210186,0.01312481538926285,0.01820437675103987,0.01422766546476164,-255.00647432785544,-159.66587129985774,-803.0654116645272,-1175.2965200025644,-4039.915753299261,-1906.951288370005,0.6244431423949361,1.0,1.0,1.0,1.0,532.4421940738628,2547.077683410655,-767.4845198779906,-1175.2965200025644,-4039.915753299261,-1710.056287299612,-10011.695039086659
429.8490763490242,2501.1579704996757,-707.5334643291357,423.7565559245152,2440.908093638862,-707.9643427139192,407.88120877312224,2382.2296072568515,-725.8779947817297,400.6856908744369,2338.8782603831833,-736.8466852661397,0.011042387995782894,0.016467200188498662,0.016117356356390267,19.841206555706563,-32.00757246175907,-829.5250937894668,-564.3501996080058,-3444.7992741940984,-1644.559768102243,0.6913730554593287,1.0,1.0,1.0,1.0,434.6386032675913,2499.919894070901,-701.9559740128618,-564.3501996080058,-3444.7992741940984,-464.22330597773947,-9756.723526517346
95.16314928278706,2655.5359902770024,-599.0040908681107,94.69456848547925,2619.3855198015035,-646.5776709392893,77.00875361944748,2583.9306335612832,-698.104955566375,67.635299766671,2540.3967782596424,-757.46664726113,0.01888092180126229,0.01237946462147288,0.018254272746196492,-532.8776976222794,291.92734243220843,-992.4269929990761,-617.8495799446637,-2314.522182950038,-4280.195996649164,0.9704853408310685,1.0,1.0,1.0,1.0,97.32887392127759,2652.7399690412535,-594.0813435614509,-617.8495799446637,-2314.522182950038,-3197.751350184075,-10160.881429792162
-235.02691619528898,2449.169484838782,-682.9345922265688,-232.4018003829514,2408.734817274779,-727.6982069241017,-238.84608693977034,2367.1046986508504,-778.8381224042768,-242.42372271978167,2329.049882345339,-837.9670860934023,0.016965307105738937,0.017239124760639903,0.015532080729141168,-323.3679023315297,0.28857737155449925,-899.9526020160121,-94.66275612315084,-2638.7793139445116,-3664.7091752390547,0.8802634874044807,1.0,1.0,1.0,1.0,-235.33153913700204,2454.35333933995,-679.698860646133,-94.66275612315084,-2638.7793139445116,-3009.160378273894,-9932.698738037083
-131.67518762829843,2631.826299188637,-450.41588034921466,-130.109012780937,2603.1165884065413,-465.95959257662105,-129.26477742650104,2559.9421122192402,-470.70547003019243,-128.97351777313324,2533.203287232709,-485.4020020013667,0.01443712574752191,0.018137778432098545,0.013989805466731411,15.439783976272679,280.98361896599783,-1016.3268550426568,143.1906327870662,-2232.0255562145785,-3353.9525561848914,1.0084352903536475,1.0,1.0,1.0,1.0,-135.6263336140816,2635.7705807723637,-453.2527852581968,143.1906327870662,-2232.0255562145785,-495.2793322894294,-9771.293238787033
-80.83631347545088,2440.2749871219826,-681.2939295357934,-53.498567031703146,2377.313699020863,-673.3174218876521,-41.41592355684823,2304.7677548437537,-669.6872218308055,-22.344449459322632,2238.638357341033,-668.914467821275,0.016265613928886192,0.01725865612461159,0.01699363020486394,521.6104750812647,179.53789452617013,-814.120342327507,1169.8135067377336,-4398.7080730158805,1698.577950465723,0.4644820997416386,1.0,1.0,1.0,1.0,-80.84348088866705,2444.8725521293422,-685.1835882930802,1169.8135067377336,-4398.7080730158805,593.5934814699535,-9823.21709645221
-259.1298568072111,2479.425318922044,-455.2997768598849,-238.2540612031914,2443.378495072238,-470.4136081071371,-234.15809839566498,2396.725307349354,-485.7301750947272,-231.01029121920172,2354.7487518379157,-495.809006782631,0.01729040285450248,0.016719206757113983,0.015082294540506552,521.0140451546043,-119.81221347168815,-810.3745976099323,791.2552018032846,-2629.1808447255626,-2654.225280513754,0.9409080958478777,1.0,1.0,1.0,1.0,-262.3286046306488,2483.0768228066268,-457.2651694623937,791.2552018032846,-2629.1808447255626,-479.4135338392334,-9650.909849574035
84.76370849315657,2528.1162888683175,-525.0212477496557,96.60423254214656,2473.204663144988,-531.9052784460703,96.44348051428042,2430.0570095466664,-548.1553887924508,98.24640831871262,2374.442321434944,-546.6167562607704,0.013952641690656818,0.016591999424787267,0.01544737344592221,262.1057193384089,-376.47381102692805,-801.153531398792,191.33457664183754,-3175.987362410555,-2420.0685331522914,0.8690079854386344,1.0,1.0,1.0,1.0,87.0345817111264,2529.5546255787285,-519.1574636054828,191.33457664183754,-3175.987362410555,-555.4817828975098,-9838.135954931127
-488.3735550361887,2610.4365742152695,-942.5367577872205,-481.383450291226,2559.077019638211,-993.5011618657418,-467.5482659128391,2507.1041826130845,-1037.7210554621483,-462.1120613429321,2466.33053179999,-1093.0535299578664,0.01736118430012617,0.017444764272471398,0.01371257206317314,-173.56216332196612,232.32952567462496,-1016.3442879562382,401.1911770434488,-3087.7681162373456,-3272.0037559000302,0.7214814793642299,1.0,1.0,1.0,1.0,-482.4793696454222,2609.9109751773854,-941.3300967966593,401.1911770434488,-3087.7681162373456,-3039.437504700187,-9787.656921358921
-114.66691562156082,2529.2165605115674,-759.8633263884441,-99.32912367365255,2479.1966677023856,-778.7993917635177,-89.79814055741062,2424.7991897971124,-794.4832769508309,-83.5029097918847,2378.5632842897667,-807.0734146844577,0.015908731224797426,0.01659695026293532,0.011121997239915922,516.1638685233014,185.48435888807307,-972.9760325176552,882.1940930520402,-3228.141614809874,-2248.5986305294014,0.6813723212723519,1.0,1.0,1.0,1.0,-123.42684893942874,2525.8870296252253,-761.0190011125552,882.1940930520402,-3228.141614809874,-926.9929880934607,-9901.724324746478
588.1983640907814,2465.303180698783,-440.68998520124893,581.0695635039016,2426.4238857929204,-463.5304422566603,579.7103696850047,2379.462639844373,-485.2862259003376,553.2649527790026,2355.4584475504685,-513.5899806524915,0.01537599505693749,0.016725222619487178,0.014289088262417114,-195.51444375835922,74.0453637375378,-899.1884766106626,-779.9315107522045,-2368.9277947462087,-3318.8729659399664,0.9636096940611587,1.0,1.0,1.0,1.0,592.2163821013664,2466.662436431203,-439.37256414776846,-779.9315107522045,-2368.9277947462087,-1420.0194342314237,-9785.490565217451
261.8804221022604,2607.479433633135,-719.2329302472607,261.34807069881833,2578.020785213884,-719.8988022352714,255.62247333270898,2529.1330879142224,-723.2644759407204,243.4654347860039,2481.7463273070316,-747.1184737748506,0.013227549392519153,0.01546368916242759,0.016989703431561642,-79.21919771789523,415.2481460905924,-1015.0067818200978,-423.3649318667707,-2692.2437209373493,-2458.2109798828196,0.7693190580134922,1.0,1.0,1.0,1.0,265.8232217535225,2609.4267786545297,-713.6265763630627,-423.3649318667707,-2692.2437209373493,-404.79654785708556,-9753.858812326662
-416.10303490832257,2430.0,-957.6465187643854,-382.35259455399944,2366.724045901806,-994.6250424908519,-336.6396492049738,2277.3002043394786,-1032.567757387624,-312.98657287514203,2201.380927227608,-1062.7090435124455,0.016597921279613802,0.017540553261116268,0.014134835086525445,534.7466995560648,203.2093148183317,-810.582579104924,2131.0552967508847,-5015.1757192469895,-818.459843559687,0.3967266903727448,1.0,1.0,1.0,1.0,-413.57290749807976,2434.9625098832435,-960.06867463294,2131.0552967508847,-5015.1757192469895,-1890.90064868944,-9716.859929096981
521.909272783491,2523.245198854686,-491.37597451755477,517.1376896952029,2487.0431788753167,-513.053960978164,499.1324313656032,2445.8738780216086,-529.1549952691762,476.70870705515046,2401.872019684563,-553.5435609248167,0.01510460398961573,0.013313084315834858,0.01622075962169478,-549.9893268214913,-91.3894211393583,-804.5488399607935,-1154.37182120585,-2789.662435959496,-2630.6223459046228,0.8953615520728554,1.0,1.0,1.0,1.0,535.120185112007,2530.8932686625726,-496.4507158608419,-1154.37182120585,-2789.662435959496,-1022.4856040283137,-9534.603404328886
475.80970312836274,2560.2906442220888,-751.373986366797,453.23320417419615,2514.955393443481,-768.4085249388575,431.62866482482855,2453.030525538147,-807.0013848885134,417.4245613703201,2416.1224672111352,-841.4528114045138,0.018376958099772363,0.01684331382497068,0.010799924943877763,-578.3665063888225,255.56716919283303,-875.545394719951,-1429.3667343313189,-3116.6645081243814,-2233.765161001364,0.6939798031313797,1.0,1.0,1.0,1.0,479.36487701635565,2561.898905204864,-750.4146247645724,-1429.3667343313189,-3116.6645081243814,-1619.4272046843869,-9460.519507333227
437.87697911263217,2506.9548493757056,-686.0985096887578,432.4938265270779,2456.570430067774,-719.4440999026666,402.47336466761465,2416.697318315266,-742.3326442636829,391.40464290373484,2374.1635851390242,-773.0580118110921,0.017186425999524708,0.018174710484293144,0.012311595502252436,-550.5858695291606,246.9881828056701,-919.8365611288717,-1255.560245148416,-2845.4299831171106,-2622.110084989199,0.7473272680139303,1.0,1.0,1.0,1.0,447.58452536382845,2509.1050193837737,-688.4437614342806,-1255.560245148416,-2845.4299831171106,-1513.5917262035089,-9907.296252108908
-164.71423345606345,2513.6417160519354,-521.1834795190578,-157.48988164350342,2487.192545065302,-559.062048587623,-150.52216024574957,2435.6017979421035,-605.5034631616736,-153.4571128805465,2399.201298634471,-666.713712354975,0.016345990115440082,0.012148000322688823,0.017154082320098487,84.66033032939255,-206.89782959424397,-809.4259567915943,227.86006076438738,-2554.7401625031066,-3840.9247340229417,1.019351927241772,1.0,1.0,1.0,1.0,-158.0106343846802,2513.90044347156,-515.6374171660041,227.86006076438738,-2554.7401625031066,-3038.794240608114,-9392.554469317298
-387.8340528919647,2661.772136589892,-712.4050192206068,-383.2349370686934,2618.3017890229144,-769.7916142544334,-376.6550744065195,2574.437673917658,-819.68908772938,-374.32903480044814,2532.939423452497,-874.6363056430786,0.014123560188958946,0.017506403264268583,0.01568977722143837,101.58003495909487,68.56279701724996,-940.4425951881695,514.2496782630373,-2714.631274769808,-4014.097312589888,0.9076802593253348,1.0,1.0,1.0,1.0,-389.52840778210486,2661.035664422424,-709.5781266103991,514.2496782630373,-2714.631274769808,-3382.988173804257,-10111.880697889683
575.7389059699218,2474.1083120300477,-804.4532774060037,557.4747877181821,2422.2214925240532,-803.8648238365462,539.1543020083634,2380.8863198933386,-812.199112981783,512.3530693301662,2320.764928623037,-833.126915932649,0.02006054891769356,0.010657372377371018,0.016716050319020986,-187.22997154651307,59.544007825135395,-916.286940030466,-1137.7593130891973,-3641.4740668636573,-1610.073078442721,0.6175660283859149,1.0,1.0,1.0,1.0,569.3799716578037,2481.1242622894724,-795.9216698745233,-1137.7593130891973,-3641.4740668636573,-511.25423443424927,-9685.179712145924
454.05487897963405,2511.1357453542287,-844.0190410552094,450.4238933110935,2466.062139708211,-887.4132713044091,436.8451175959271,2423.3994750994,-942.9656557929501,442.528324471497,2365.2354816028646,-994.5455911743352,0.01441732523096569,0.015777317506724692,0.013985034550198974,205.3345143716249,-211.68782972998537,-808.4754733507868,-309.37572074124984,-3405.094266178499,-2983.9006451105734,0.7558203227121112,1.0,1.0,1.0,1.0,452.8350909646267,2512.3875832128106,-844.8891982950156,-309.37572074124984,-3405.094266178499,-3100.2660156410034,-9713.90140181852
745.0949226490501,2568.34014524803,-546.7147504879464,726.5530304159316,2523.6904985398546,-571.4377017846642,715.4657770599267,2490.2988993627164,-584.8993501074646,700.2216449353419,2439.2976802063417,-611.4480881059077,0.0165706434455704,0.010607847227402316,0.019231631940950716,-161.14570657550817,-120.53351973925481,-800.8039781469887,-1028.0992701431014,-3080.6247300242276,-2430.399263770882,0.8285898773860773,1.0,1.0,1.0,1.0,738.4411547997042,2575.013119031943,-550.7625726740017,-1028.0992701431014,-3080.6247300242276,-1004.5265152735329,-9795.089063440217
-52.142504307996106,2497.4039457711656,-845.3505415980014,-36.48311815563021,2439.2805354056704,-861.2186205535626,-20.206694715731526,2369.1180421697836,-885.5774591089564,-7.616566667272906,2316.9578563921004,-897.7405650053134,0.015259106846707261,0.014817488826800899,0.013774236318409634,624.8780896408311,194.82880627362204,-910.2384965032256,1174.1296494554133,-3960.1255599456467,-1401.3293091311482,0.5361491680080827,1.0,1.0,1.0,1.0,-56.11710704330801,2491.7016310421022,-849.1919535985712,1174.1296494554133,-3960.1255599456467,-874.0498682057502,-9829.119597005903
648.2603691591864,2474.289923983151,-558.5423999449878,639.5438202006056,2438.972014730248,-588.432819509538,622.3578301814978,2402.1664045750376,-613.7529359984522,606.217230028309,2371.1622532131596,-641.2392807094536,0.015466138310653731,0.01733350173613498,0.013728895648554049,-96.00136896606746,406.18226715888,-1016.0502294847864,-789.5025726895502,-2203.1324925398476,-3304.575722432832,0.893471464304658,1.0,1.0,1.0,1.0,646.1310493621086,2477.1268101463443,-560.8068171887567,-789.5025726895502,-2203.1324925398476,-1387.205393648699,-9880.968250304453
76.73155016745451,2530.016138310017,-759.5516953380405,71.31251990725704,2493.5420529014636,-812.0535921403105,64.73807226290396,2449.643608926684,-849.3547871101011,58.325295877221016,2407.4423374821868,-902.2129305717845,0.015917256366075667,0.012868170093155818,0.016133475025555948,-301.7389719305781,96.59019046733617,-946.4834216671558,-434.511103352336,-2763.5983538007886,-3490.9665556966247,0.8350810985152133,1.0,1.0,1.0,1.0,80.63079901947833,2528.556741812039,-761.7863121424384,-434.511103352336,-2763.5983538007886,-2928.115249966049,-9782.375282366093
-338.0759356705428,2514.3829689199233,-442.7296343944754,-338.80611915364983,2476.7601149566217,-459.62346954974413,-337.30422624719813,2436.480536031759,-480.24638152985364,-354.267072987699,2396.50470698668,-505.499472151278,0.011716580311583952,0.017638322085823,0.016980792695475148,-464.0243005831679,-33.052068114892776,-842.3669681864242,-127.98438308946771,-2608.562698852278,-3082.889352566302,0.9286643049071186,1.0,1.0,1.0,1.0,-339.2395270709328,2510.2965632660666,-442.59679661878624,-127.98438308946771,-2608.562698852278,-1214.007124105581,-10044.397316800369
77.86666658905942,2566.2674529881224,-568.4765345406415,82.97314446208085,2518.3262447334655,-592.8880986657123,82.60028070521658,2465.4631647752667,-643.8978263316731,90.89615920311438,2425.4341462997554,-682.1786048017613,0.015443664061678693,0.014260769180224897,0.015121663092009123,231.00030124330604,-319.36422336703527,-801.2000722395767,163.2845857109847,-3004.136729760296,-3159.0053088985096,0.915173903666088,1.0,1.0,1.0,1.0,74.2470989607616,2564.607037202841,-559.1130430942575,163.2845857109847,-3004.136729760296,-2338.673125042007,-9314.764645583069
772.6177742131088,2565.294726103097,-1029.5060683889822,751.5263257932328,2502.864108783885,-1071.6964445807457,713.219510578887,2458.775426028764,-1127.6062272100557,692.1040631490822,2412.722758331411,-1120.7724938299586,0.013864533095353114,0.01645328303861121,0.013921562955518961,-475.10819157788507,231.70817634971786,-854.2818288683592,-1760.131749938783,-3282.3432603219303,-2816.206840044629,0.6657606209105172,1.0,1.0,1.0,1.0,774.5853508786504,2562.1718911782827,-1021.6058753276815,-1760.131749938783,-3282.3432603219303,-3341.946743570773,-9673.040242544386
769.7465908903474,2672.859511325504,-440.32079889015404,751.9216478460897,2627.894265872615,-463.49610572822326,748.640128546928,2595.778321043865,-480.7181378375884,731.8813194750369,2556.496026760975,-495.6542520300914,0.019112165787937237,0.01640472989109662,0.01291988545460264,48.26658700899725,217.4716635302977,-1005.0731445649378,-703.8062695496247,-2394.375760477822,-3560.269754570768,0.9765632188663637,1.0,1.0,1.0,1.0,769.6680132973588,2671.7068180200667,-442.6947968615243,-703.8062695496247,-2394.375760477822,-1183.5668131952086,-10024.440669789787
-80.55991193501073,2554.3959638143947,-658.0114455144239,-80.30825433990618,2521.5760718721217,-697.5222942325987,-74.25297831970546,2492.9480663130666,-725.7972355191747,-65.50067244232767,2452.2512740186744,-756.4260481192861,0.016775725325516015,0.01315565209654997,0.012493371129380648,263.1108419287817,400.36377140382274,-1006.0749370587552,374.44981605095813,-2331.1260036641183,-3414.0504552066127,0.8825752514485541,1.0,1.0,1.0,1.0,-83.2552379183544,2556.655324793135,-656.1554203211938,374.44981605095813,-2331.1260036641183,-2242.430345435415,-9470.238490675516
181.10087610878105,2598.926798342603,-564.7588295398764,177.36172422556245,2552.0238670896883,-566.9867066566729,168.1198097579013,2494.7906377518525,-574.9684523552312,162.8197094824635,2453.17568746063,-585.4794630282767,0.014132191657722016,0.019247226736413617,0.010963308287455856,-169.42122388118395,-296.66466684552233,-806.504862966055,-390.759827557013,-3231.435971672176,-2169.5302323514184,0.8506572733184092,1.0,1.0,1.0,1.0,180.30882178234322,2595.470527801079,-568.6105491224837,-390.759827557013,-3231.435971672176,-125.2734116116427,-9860.67176612614
774.1854856228676,2619.73909254632,-466.81399396992,762.1753877402717,2587.2195327899562,-486.15769864879184,747.4719214173924,2552.9962247134745,-505.8472032856082,728.246409875605,2512.9893387608417,-537.9754487018859,0.017073766962898786,0.013306108666013176,0.014870640913433653,-281.4169222741633,302.58454973553944,-1019.5165584717297,-1044.3176949126112,-2278.5850612108807,-3589.649081624773,0.9697494834576548,1.0,1.0,1.0,1.0,778.5655380621388,2615.3483868645926,-463.71330363059974,-1044.3176949126112,-2278.5850612108807,-1341.2867449352964,-9973.556603522953
-389.304495993052,2548.5666818968098,-854.8664543633995,-372.2598777757796,2502.162418410918,-890.5126974588517,-363.3535211991131,2446.2752568432056,-929.4363177170551,-343.17566083511196,2406.4316286254666,-979.3270072095372,0.014030467451887086,0.01860769268634939,0.014997028949915066,221.62147270684872,373.6863579752106,-1011.190841883512,829.5511299597363,-2933.319903589962,-2773.0874704104344,0.692364810911849,1.0,1.0,1.0,1.0,-392.24636346335626,2544.343086631782,-855.049867342429,829.5511299597363,-2933.319903589962,-2173.1814341088602,-9502.342947791505
766.1626669366691,2462.1165274623663,-779.0016429590016,764.1938260102088,2404.631014183867,-788.0825040066999,759.1639258417576,2365.2856890885023,-795.2387785230397,757.5610268162313,2306.1535018419845,-801.7214072419819,0.016413930670277674,0.014890064638031615,0.017046101908605484,596.1188075036155,109.30872413830261,-1014.170487988558,-227.73446835621507,-3136.627827357407,-2187.3765275847863,0.7016499027830858,1.0,1.0,1.0,1.0,766.9196587707809,2461.779594656357,-774.5299940714096,-227.73446835621507,-3136.627827357407,-317.89885774261677,-9773.203030164997
57.90094160948374,2595.8526334421226,-800.5513137408641,38.83504023293118,2549.830284837227,-829.3015794584798,35.93439113602818,2490.656075884616,-850.6161255949862,30.38061236732777,2448.0163584371835,-881.3197308874262,0.01619963108481877,0.015709359727509347,0.012460313740802316,-190.0558792548547,400.5043376422916,-1009.4411874748824,-340.0650542214824,-3098.5325981075716,-2490.49023015885,0.66563069544687,1.0,1.0,1.0,1.0,51.39030924239762,2600.4624822986725,-802.8352266596173,-340.0650542214824,-3098.5325981075716,-1450.8729805118423,-9917.380664704597
195.3131774719829,2582.583138260384,-540.6704446301584,186.52387390524112,2547.985371995318,-561.6450262084703,187.13374730638478,2512.1857898270223,-576.504563005578,176.99727717455642,2476.9437635515696,-599.8012536158814,0.01694133658517923,0.01693392785655343,0.012018320215413048,-115.12515753410896,460.7191110012318,-1011.759901061034,-320.5673207293641,-2222.6617159022653,-3149.2509143900133,0.9091064153428551,1.0,1.0,1.0,1.0,191.01663376243334,2583.361049687898,-548.1475091972201,-320.5673207293641,-2222.6617159022653,-925.9992710868378,-9771.842268660459
-272.9315568697076,2430.0,-848.9948371779094,-275.6687985779664,2371.2013648538777,-875.7821623151685,-271.3462666688489,2303.4948895130897,-893.2006182428293,-267.7176786644403,2248.2979282032434,-924.0836885131715,0.01318951111472747,0.014477282593331399,0.01693432342679457,-327.1961861550795,5.437261367946888,-915.9171961715481,-89.23614213750105,-3854.9471761537557,-1827.9381901712618,0.585398882865147,1.0,1.0,1.0,1.0,-270.9774166084563,2434.0539823448084,-844.8557253659652,-89.23614213750105,-3854.9471761537557,-1408.8900674247393,-9545.055686724236
52.65780636049637,2667.8749270523394,-465.95177775542896,31.495341247304772,2631.4612508773052,-498.902286289233,36.10617719046535,2610.1057619176086,-536.2675016931179,42.594134776779256,2568.361749581358,-573.5264407437704,0.014330444120875956,0.013004960420397088,0.014191596825892546,-80.5329021477845,190.65693011533637,-1013.0905515719371,-118.98407267823897,-2323.8281436536618,-4122.276441003676,1.0234729986328337,1.0,1.0,1.0,1.0,46.18513525454023,2665.5339031064755,-464.6647929214528,-118.98407267823897,-2323.8281436536618,-2481.670810523314,-9878.301741791518
771.0845396101679,2513.261600775667,-593.9304043862884,752.9032865193042,2467.3562428425266,-637.5238621284167,746.4580700387789,2420.4115271982296,-689.9003278468954,725.8647129492342,2363.3627965815863,-736.691001151511,0.015331386585112785,0.014990875081150113,0.019093120134733486,-221.93418538798406,-434.47031811156563,-816.414469711753,-1036.661261314652,-3067.3142539717533,-3554.56728362502,0.9105846181990044,1.0,1.0,1.0,1.0,773.2606254740842,2510.1513657013124,-595.1924321452105,-1036.661261314652,-3067.3142539717533,-2878.119305855494,-9836.175300224622
-280.272989879779,2500.3506775698716,-433.81297781884007,-284.0674613052669,2456.7986110118068,-483.8308142756428,-285.3087156793903,2417.653474486192,-531.1496072591369,-293.98342389130283,2377.1012698562367,-582.6693652850283,0.01614656053549718,0.017726300253046508,0.015464968769750898,-584.9076075406067,60.118914384314905,-885.4094207999018,-277.8595344882042,-2207.1652252789254,-4139.266948667666,1.0506621704417038,1.0,1.0,1.0,1.0,-279.2621196035796,2488.0006621911275,-431.06901789002745,-277.8595344882042,-2207.1652252789254,-2879.539667094354,-9730.646326146585
-270.13413584996977,2491.3254825675454,-455.57635503818784,-270.3969047220375,2453.3085530588596,-494.44740441766515,-263.8283957256667,2410.472435290815,-540.5170072573959,-251.74469285065166,2363.0400407347156,-596.3743804577956,0.015936315094219805,0.016004149422203878,0.018462451929858445,11.614447196567882,-242.6127345649634,-804.9507360466598,264.374600645098,-2580.0987556782234,-3672.755568346219,1.0095970835537174,1.0,1.0,1.0,1.0,-268.622629487235,2492.291946453957,-451.79520686513695,264.374600645098,-2580.0987556782234,-2611.4511095086445,-9443.44449638669
-449.32377157025593,2474.9349315113122,-974.4995119800643,-445.5756190173099,2413.4287208094174,-1003.8356122885272,-420.4149650786665,2341.9520342393143,-1044.1110500900859,-411.7357253303397,2275.4608097569503,-1070.6955443303123,0.014176543241095824,0.016284429476268795,0.018572640321334193,4.017039623108207,44.97611214586129,-1005.0403918178503,796.2748130366995,-4268.89022804418,-2230.5954383118215,0.5209663869613016,1.0,1.0,1.0,1.0,-449.8596038078109,2478.2435421310397,-967.9480325724677,796.2748130366995,-4268.89022804418,-2053.952015347093,-10202.189954990763
119.48336103183289,2615.6973411229214,-705.7979268590652,123.03735560861165,2578.09879841765,-714.4402581733855,131.7734350506643,2533.7790557591375,-714.3628228366993,139.23838106387694,2493.426910280257,-737.1220027996276,0.01431527866273725,0.015897738369852768,0.014248984618694404,549.2779645359925,172.6200795720888,-979.6990735579731,536.5255058194867,-3044.8488525064,-2425.238927865938,0.7605379983487162,1.0,1.0,1.0,1.0,117.37493235130614,2623.7234058397426,-701.9450614336648,536.5255058194867,-3044.8488525064,-727.7942160247052,-9635.328784797835
144.79403913308383,2488.2471798971037,-571.2305653284162,136.86459931623514,2440.913202938846,-618.5580824053098,131.6743694002702,2402.668119692984,-667.1225204611333,117.12088463379568,2363.0564732464,-726.2582191587701,0.01581507102853062,0.01437614409796956,0.019842836858622155,-434.80583435696894,61.52048576147686,-858.9769776832325,-597.7344206046456,-2480.8322409562984,-3698.9998220298708,0.9249659480148784,1.0,1.0,1.0,1.0,147.9852257325615,2480.3319206938663,-573.4789858602871,-597.7344206046456,-2480.8322409562984,-2828.920752187705,-9947.658987798999
68.77424072660196,2503.1045351925736,-645.334952200013,74.67386024236866,2462.2376731851014,-660.6279191108979,63.46092475435959,2422.632759930396,-678.8969464118152,62.57366627277443,2378.333352301986,-690.1852741335753,0.015033750551994657,0.018918264122431586,0.012057745288542344,-16.797985617860935,134.48743232978336,-1018.8223786699646,-97.77594037977931,-2736.031917701976,-2814.2114208190765,0.818990240037032,1.0,1.0,1.0,1.0,67.77820281064805,2501.1550411419985,-648.0462619965037,-97.77594037977931,-2736.031917701976,-791.2127405160807,-9836.238046410617
-368.29436615995496,2466.6645167872202,-911.6468830983735,-371.7561162879665,2417.495591118522,-964.2592362670081,-381.8286268326378,2352.6429554570386,-1001.6725059020764,-373.05400695139707,2289.3974679312705,-1071.7203193381226,0.011254712621470972,0.014718093518339304,0.020913588954670416,-493.4859390627759,-161.0440108425665,-806.6984353287752,-176.75453021355835,-3871.829547478155,-2459.234335975297,0.6331136049055198,1.0,1.0,1.0,1.0,-373.29285851755884,2471.800081442573,-921.8047747404953,-176.75453021355835,-3871.829547478155,-2886.727559656306,-9925.881739278833
35.45464444173473,2447.0729153894504,-1046.9407136282482,29.790722203190946,2374.884196689459,-1094.840666762463,13.383100139144503,2299.6335952471604,-1144.0776054942016,-3.238754404294055,2230.1393815745114,-1098.3317144910598,0.01539911936638587,0.016661528863099948,0.011517184753546995,-392.6680108321197,-212.10352954111664,-802.5512307893417,-785.0589941995721,-4927.901572034187,-1796.333065858185,0.49642216701696756,1.0,1.0,1.0,1.0,31.263846035649863,2448.96331935734,-1056.051068359228,-785.0589941995721,-4927.901572034187,-2858.9991436680075,-9756.571373957211
-210.95124183623813,2505.3105868337316,-533.1989330117003,-197.88804497719897,2456.226599949407,-546.2861974410283,-199.22365526827036,2410.1590615304945,-558.6384576991132,-188.0157228231989,2357.5634264054265,-590.7206558457774,0.017728996525820304,0.015440634886790209,0.015845463272916332,-43.58264907685984,-269.6651798237905,-804.3635285709139,187.72264120088593,-3114.8547651519166,-2439.828938656615,0.8409849053144738,1.0,1.0,1.0,1.0,-210.6557997456477,2502.555561161411,-533.5007539181214,187.72264120088593,-3114.8547651519166,-747.4710512338452,-9957.213071366394
-254.1107104217229,2492.305978066637,-766.3429884720695,-246.68810593515093,2438.27528972851,-778.1629984662669,-237.46816678679386,2382.180240476385,-793.5826137795501,-224.50705726096686,2331.9214682730676,-829.3944005238525,0.017041344251236223,0.015868724646575433,0.015981903118648638,360.1935665963299,100.74006059923792,-894.3241498084828,868.328645270875,-3344.7963702640286,-2002.8221829691527,0.6661080279835402,1.0,1.0,1.0,1.0,-260.66141477234567,2492.26946533802,-764.0881291445446,868.328645270875,-3344.7963702640286,-1256.2330292691,-9343.382560156428
-159.59183724007192,2468.3346568940706,-508.41723770284597,-155.50650994145943,2430.1630007826375,-553.7784335760083,-154.91377225266547,2386.4157592738975,-600.7607283497694,-141.4682583560267,2343.328235768517,-639.4199128110613,0.01931237643312548,0.014894854249919535,0.017248939575505877,57.373837478421066,-155.5330401485207,-814.0488515352706,218.3618123892589,-2700.0755261750323,-3435.3484035644906,0.9235438297414499,1.0,1.0,1.0,1.0,-155.52892960110614,2477.040597872129,-507.334594983127,218.3618123892589,-2700.0755261750323,-2396.5300828602517,-9877.054843663862
635.6061664934076,2529.387246180418,-530.3961320491172,642.746566045815,2494.64146097574,-566.5225780070144,641.4149122312695,2465.672574145931,-611.5863707472711,638.1138367626565,2433.4008474392276,-653.4865721964694,0.0134077440599658,0.017247768317924662,0.015064649557100698,625.0803360140956,38.80818076426738,-931.7686598435811,-18.632592095662275,-2407.9805677439117,-3799.503976566978,0.9892798380650087,1.0,1.0,1.0,1.0,644.3650688331174,2531.068068379223,-527.7583781266178,-18.632592095662275,-2407.9805677439117,-2601.671150608286,-9489.402438112353
-259.78686308596184,2571.988819431171,-613.8203680500216,-263.07796067209784,2529.710595210028,-658.3962825771004,-274.44084655525864,2485.7519901965447,-709.9914281221417,-277.61707068928865,2450.2237685387977,-763.0189741204937,0.015779069196124252,0.01663241625648098,0.014113300916686417,-578.0089622137954,-226.96146998759494,-808.7611568138822,-328.4628021768801,-2854.4917072289113,-3594.2036623049307,0.9334752136307091,1.0,1.0,1.0,1.0,-256.11541608045525,2570.4404030967435,-606.0593163769073,-328.4628021768801,-2854.4917072289113,-3003.606867728822,-9613.090025551577
420.62869881198594,2440.558325680157,-499.47603800647215,421.5337915482471,2372.8653118950565,-490.8396957712154,421.0953953195843,2310.038486492487,-486.44013712099047,420.51337819677724,2240.663464773236,-479.3443329230404,0.01308260673254214,0.015433191750644039,0.01681405312169157,461.8298838147502,116.60803678225257,-801.2478386168873,78.27130604534719,-4264.029465212101,2507.9855333758624,0.49967014839512264,1.0,1.0,1.0,1.0,419.1720220200351,2440.5040953228518,-504.2933691920482,78.27130604534719,-4264.029465212101,637.1968558256224,-9907.957151967723
138.98778743973162,2587.131116164648,-529.7930904801285,122.799023513367,2556.56739194135,-529.4736904791824,109.31578361114761,2516.4810207613973,-530.0278079420121,100.50841014648324,2485.342093866688,-542.1962717853631,0.01636867780846994,0.014675173982292122,0.013425474640786788,-585.5136392904078,272.5817815538013,-964.079227269697,-707.6486247445939,-2268.6974440654117,-2930.075051637658,0.9755306735684514,1.0,1.0,1.0,1.0,136.28795794907717,2586.653174500512,-530.8598392422574,-707.6486247445939,-2268.6974440654117,145.16933123207212,-9884.848373600007
399.69063457488556,2450.2503755872544,-1056.4961513957905,391.35430068854026,2386.5885180294213,-1092.0929704292503,391.0287194193554,2318.077671608595,-1124.203115347775,400.38744602049337,2256.645087060549,-1130.5169977666214,0.014028866790951095,0.015080308221848148,0.016071303997440382,365.5499084540935,41.117187990108874,-1004.2458606846358,-43.71404550828056,-4225.377738051298,-2241.956042752473,0.5248195209897608,1.0,1.0,1.0,1.0,390.4669143938154,2449.5824986793505,-1046.7748326933652,-43.71404550828056,-4225.377738051298,-2415.4871777942385,-9501.412064310327
-64.71522528285197,2585.897220070259,-485.45281924645667,-57.94421858113931,2543.296284832805,-523.7004867215754,-49.1581455603195,2498.947494395664,-539.6562748697431,-50.514365940981186,2461.3591411148736,-568.6195136851347,0.01449892229094453,0.013580020262311764,0.015285343479587363,443.96366603173044,-27.421890877262307,-804.5505948938137,535.8281786952396,-2720.896940844724,-3048.5818422500984,0.916635713967157,1.0,1.0,1.0,1.0,-70.43138551569837,2584.639172333663,-485.1235196502356,535.8281786952396,-2720.896940844724,-1766.1595179370845,-9665.565099623613
41.11533224570738,2601.917536065595,-462.1270086079071,33.84035974625814,2569.3696492177987,-475.13836521610216,38.321336038041956,2533.70696214111,-492.2417743830553,37.352247537231996,2504.062603187297,-505.1602074294675,0.014235436688879536,0.013766677862349289,0.013344430161432209,70.73227971038364,79.98696462648769,-968.3900859015325,33.32747957611615,-2479.944568391704,-3268.7384337692915,0.9786534552873392,1.0,1.0,1.0,1.0,36.73825054274573,2609.5304243860164,-459.6073452710043,33.32747957611615,-2479.944568391704,-879.1317994050462,-9741.246254716238
-22.725539073848857,2499.905904198629,-501.8587587558053,-22.552662705496097,2452.1822586144235,-510.07201290474734,-12.539736008701507,2399.52658821912,-540.4262760063626,-13.04988529725901,2361.3601690137775,-568.3705442660213,0.014268544624474163,0.01694247506578755,0.014016190412235528,240.53692100485597,-188.15596911256864,-802.7046862125679,291.521583130834,-2947.4295071564216,-2799.398975932965,0.8647727898975035,1.0,1.0,1.0,1.0,-24.747719644202448,2494.0048823997736,-497.21006913959604,291.521583130834,-2947.4295071564216,-1276.5518886154146,-10159.461989989391
-71.07191431591616,2548.8292204844574,-510.06804875187004,-69.16391917620997,2502.835778210926,-532.4349433609462,-74.21400311228571,2463.753812850682,-567.6438482963814,-75.48654929844326,2429.1630423343577,-588.4219035423071,0.016645010759321316,0.013879828650446513,0.015745949195246432,-168.8258078626557,-40.360845792093144,-854.290820363583,-109.98055498187784,-2740.0741185459565,-2893.688592267608,0.8987292113949865,1.0,1.0,1.0,1.0,-64.8941834047821,2549.0091962338415,-512.601977623438,-109.98055498187784,-2740.0741185459565,-1357.865616647771,-9554.956689086928
569.034192696772,2486.7265803870464,-785.2551084992566,569.4851924346642,2451.807067042036,-843.491167632189,554.8046817143887,2411.2963237736944,-901.8363064272039,548.3232358362245,2379.4400742607463,-954.083220110774,0.01816851344969159,0.016577592415046312,0.013753889640683963,182.1005149925295,352.57046866778046,-1008.6627754538276,-412.4800713927732,-2294.7589752793165,-3907.4498486726525,0.8815000044945789,1.0,1.0,1.0,1.0,565.7069813878065,2486.6963156775387,-790.635397563181,-412.4800713927732,-2294.7589752793165,-3317.892180036447,-9769.05779964598
-53.66355085770904,2463.4599415940543,-1003.343248655677,-38.432528679976144,2396.449917193731,-1054.9277540748383,-33.82668451989947,2354.9461520632867,-1110.6276343483023,-26.815967781705393,2290.5873561701633,-1117.5941765141517,0.01588801241832181,0.015433354056220613,0.01815047264893564,156.64219147527888,-28.73261236584362,-849.9955113477226,276.01172436556124,-3332.9563837714727,-3019.1012226004686,0.6955281608765225,1.0,1.0,1.0,1.0,-48.98654317706388,2454.3198935439095,-1003.0689845403691,276.01172436556124,-3332.9563837714727,-3479.719374012644,-9777.646005718647
-89.19707552973279,2657.249500725447,-543.581558019862,-93.13696582692641,2624.0175566936314,-583.8789123249937,-99.42461576983325,2580.6873220112393,-646.2202802686309,-100.45378354800539,2546.7072102696497,-701.2018462653045,0.015498714002732339,0.015407811396461371,0.014156012482645135,-382.08877403147517,293.4508666748259,-1004.4715188835311,-278.57834757743274,-2238.3274613249114,-4112.174681445902,1.0099374621181607,1.0,1.0,1.0,1.0,-88.18861733728255,2654.886338372624,-543.1513169656371,-278.57834757743274,-2238.3274613249114,-2832.41489293036,-9633.18703260637
