x1,y1,z1,x2,y2,z2,x3,y3,z3,x4,y4,z4,dt12,dt23,dt34,x_hit,y_hit,z_hit,vx_hit,vy_hit,vz_hit,t_hit,is_reachable,bounces_before_hit,has_bounce_before_hit,intercept_valid,x0,y0,z0,vx0,vy0,vz0,gravity_z_mm_s2
844.0793270603479,2948.391397318752,-993.0949670065856,841.0999967570197,2908.2707994376988,-1000.9919028525359,838.1450482466983,2868.4785344413062,-1010.8292137721211,834.9932252237502,2826.0350954057994,-1023.5105534175373,0.014392128060503866,0.014274347938270624,0.015225381529413232,647.4187792759574,300.09867599440986,-1302.261197195211,-207.0111029309295,-2787.6765487624602,-2508.4813107592986,0.906108142471813,0.0,2.0,1.0,1.0,844.0793270603479,2948.391397318752,-993.0949670065856,-207.0111029309295,-2787.6765487624602,-477.19497169972624,-9810.0
701.3514258287094,2140.799405379872,-963.4204868053503,680.2682968065678,2006.8735333949378,-970.3239038460171,656.7187280500166,1857.280153433259,-980.8404037975575,636.6295106049348,1729.6678829300517,-992.1325876773429,0.015538861181501749,0.0173566968834644,0.014806320295070785,355.3673902002711,-56.98696758892322,-1011.1481454416207,-1356.8001397193607,-8618.770090073702,1034.7994517561397,0.2072981216399632,1.0,1.0,1.0,1.0,701.3514258287094,2140.799405379872,-963.4204868053503,-1356.8001397193607,-8618.770090073702,-367.29094755842914,-9810.0
733.282931858425,3168.4326224884735,-517.9982482628512,675.6990047488102,3128.985950468973,-519.4882965126014,619.391922672853,3090.4139545924622,-523.4225154143109,566.5205511906738,3054.1955208251957,-529.3523928606456,0.016207858526112402,0.015848471372369034,0.014881439180649603,-1167.4864359152555,1866.350086635127,-680.8344184798626,-3552.839939763891,-2433.799132436182,1787.286625941481,0.4880622309208693,0.0,1.0,1.0,1.0,733.282931858425,3168.4326224884735,-517.9982482628512,-3552.839939763891,-2433.799132436182,-11.047982495129968,-9810.0
-741.4926590867672,3153.445209999657,-1147.1147939291975,-682.5850879462333,3104.077688787157,-1109.1836656489522,-628.5390515803596,3058.784379368941,-1070.1951728428285,-570.7977178657462,3010.3942240492834,-1031.1518901695244,0.016965118290490168,0.015565017914111044,0.016629247102755436,1307.150113560284,1436.5790487008114,-1070.3481814736538,3472.275885842457,-2909.942646269213,2429.277697246778,0.5408406166926437,0.0,2.0,1.0,1.0,-741.4926590867672,3153.445209999657,-1147.1147939291975,3472.275885842457,-2909.942646269213,-2721.845117630371,-9810.0
958.2436656114307,2266.2990206641857,-586.5125969165239,941.8500105790932,2177.3827662404274,-587.4247978110983,924.4531810483351,2083.025472661151,-590.2504442332121,902.7112930807648,1965.1013588278447,-596.4786278755429,0.013253520276361352,0.014064540974876697,0.017577321985619537,482.026248967258,-316.61912027711116,-1008.0180437250671,-1236.9283549199345,-6708.878288159215,2875.682450183464,0.34010461676314263,1.0,1.0,1.0,1.0,958.2436656114307,2266.2990206641857,-586.5125969165239,-1236.9283549199345,-6708.878288159215,-1.7156174519317346,-9810.0
-1019.5419066181879,2268.599281338193,-976.7411587537119,-977.2642142307146,2210.3065201987847,-1004.5269305515858,-925.8677886645442,2139.4407896028574,-1041.1120455580087,-880.2807910127623,2076.5851365359113,-1076.1127308295017,0.014552850985265974,0.017691706434323072,0.01569198189938622,403.96399547865576,305.85995368143654,-909.4045569523194,2905.1140859119287,-4005.5904646056224,-1433.0889057874047,0.4420634606810251,1.0,1.0,1.0,1.0,-1019.5419066181879,2268.599281338193,-976.7411587537119,2905.1140859119287,-4005.5904646056224,-1837.2330255340016,-9810.0
232.33529717177476,2065.1193809164565,-687.9059772895356,244.66340958727082,1962.0894901430906,-725.7937621006951,256.3896950497412,1864.0892554228903,-763.553173564018,270.9021486834163,1742.8041419896576,-812.6178633068233,0.013807561634734995,0.01313351175043142,0.01625403721711114,442.15557495010944,311.58570333851685,-806.2879396628064,892.8522458652553,-7461.845436501861,3078.283952587081,0.19180488939772256,1.0,1.0,1.0,1.0,232.33529717177476,2065.1193809164565,-687.9059772895356,892.8522458652553,-7461.845436501861,-2674.649119276518,-9810.0
559.2595217281475,2110.402684778717,-1057.4953503552251,509.12710530186996,2051.4170516297145,-1103.598651132037,454.53984204874104,1987.189860634601,-1142.277571566626,391.8744432602376,1913.4579624423347,-1086.1824865062085,0.013935716932703594,0.015174067061882944,0.017419612323610736,-699.8321944662548,628.9595913342508,-529.1276374515568,-3597.404903412581,-4232.694552698488,347.0047661493568,0.3034706036818029,0.0,1.0,1.0,1.0,559.2595217281475,2110.402684778717,-1057.4953503552251,-3597.404903412581,-4232.694552698488,-3238.4543763249158,-9810.0
588.8710942380117,2453.524979768368,-701.8796225731294,589.0267241126402,2404.7098345642876,-703.4855572908089,589.2302828113261,2340.8612485674057,-708.096086824714,589.4159963052655,2282.6100214514718,-714.8707260386251,0.013166696175556233,0.01722160058205746,0.015711849387773855,596.7904701095912,-30.480639458486507,-726.1524628229486,11.819963987441895,-3707.4710734729215,-691.8913510117957,0.6238998538546129,0.0,1.0,1.0,1.0,588.8710942380117,2453.524979768368,-701.8796225731294,11.819963987441895,-3707.4710734729215,-55.22407363677821,-9810.0
571.8608541466094,2027.884582856279,-819.3581885699842,529.306064423971,1962.3159275163632,-835.5159406882799,486.41431237135316,1896.2280787549555,-854.7612146196611,451.69208140150045,1842.7278732567231,-872.601107805466,0.01744349653354166,0.017581619674867013,0.014232877650368195,-696.7202822798885,73.24775237940567,-800.1724632093316,-2439.579108512493,-3758.916981686288,-571.7397835165809,0.47074200614122347,1.0,1.0,1.0,1.0,571.8608541466094,2027.884582856279,-819.3581885699842,-2439.579108512493,-3758.916981686288,-838.9739879707865,-9810.0
-572.3322376101573,3200.879845656823,-1005.2676330136172,-551.7928910360883,3175.8724258428097,-1072.6073309939975,-529.5988920716887,3148.850405086063,-1147.566058304544,-504.39414887256146,3118.1626910338186,-1068.779169992873,0.014182752882030109,0.0153253172704877,0.017404285134346137,1064.1245082522623,1208.4327780893664,-759.3775435323895,1448.191810497714,-1763.2274934225507,4129.3894162900515,1.083087644713134,0.0,2.0,1.0,1.0,-572.3322376101573,3200.879845656823,-1005.2676330136172,1448.191810497714,-1763.2274934225507,-4677.250492904726,-9810.0
305.32312330945615,3175.7316593791415,-847.2960633333299,311.2151762718155,3144.124866382256,-894.5968448115382,315.876315045134,3119.1210775026934,-933.9411877831543,321.6960901812878,3087.9020051026423,-985.5659727351232,0.016845858509340665,0.013326574755750848,0.016639210327221352,829.9671738716996,361.3788337846497,-872.2632710874847,349.76270037483266,-1876.2352170629756,-2811.9707341717294,1.453188356407687,0.0,2.0,1.0,1.0,305.32312330945615,3175.7316593791415,-847.2960633333299,349.76270037483266,-1876.2352170629756,-2723.534018356954,-9810.0
113.60038758275937,2989.1594710043073,-824.6686780572032,133.52392618949557,2935.141753280938,-835.015460360896,151.27976531688273,2887.001213346908,-846.5225671027728,169.54908518973238,2837.468498131556,-860.6395443527526,0.016721461276485744,0.01490215078057125,0.015333105771597223,1084.6688663480686,356.34890399633275,-977.1947458841802,1191.4950659697026,-3230.442413506724,1810.554136989055,0.7680432821713464,0.0,2.0,1.0,1.0,113.60038758275937,2989.1594710043073,-824.6686780572032,1191.4950659697026,-3230.442413506724,-535.0982962018174,-9810.0
173.03394649035113,3172.2681533185564,-528.3889743970367,148.41538379413868,3137.9937502395715,-553.5061608939436,121.84159103393444,3100.9972409128604,-582.7501501367349,91.67968920041224,3059.0053019915053,-618.6596882581072,0.013990105408797283,0.015101213113631051,0.017140244586483937,-1437.1029473224405,930.606786167581,-807.5370298516932,-1759.712452254419,-2449.9031334983324,-2907.4270075809977,0.8687684368910884,0.0,1.0,1.0,1.0,173.03394649035113,3172.2681533185564,-528.3889743970367,-1759.712452254419,-2449.9031334983324,-1725.3193679280714,-9810.0
-630.768336652689,3190.666397763238,-948.3433469796505,-627.2768287299933,3161.444239222727,-984.963187561429,-623.5499589492528,3130.2522207585216,-1026.05704936551,-619.2530710570709,3094.2894384890205,-1076.0051911289963,0.013684659512666663,0.014607139702007851,0.01684127576695036,-283.77754959870254,286.5286968354518,-1008.2245029259351,255.1402845985211,-2135.395368329266,-2823.2739828923072,1.3148669250183682,1.0,2.0,1.0,1.0,-630.768336652689,3190.666397763238,-948.3433469796505,255.1402845985211,-2135.395368329266,-2607.117055123976,-9810.0
-489.5145268409466,2970.172787488517,-1021.8929449661626,-477.2203612257697,2911.7714414312027,-1033.6158659066552,-467.2541631217022,2864.428709718456,-1045.0072668991697,-454.97885611129567,2806.1169482606847,-1061.4312384573109,0.01634160981418852,0.013247236603558029,0.016316542642454954,108.58209737165043,129.01633818613072,-1129.4751641331195,752.3227977516938,-3573.781697235714,-1585.6783245877461,0.7490946109397991,0.0,2.0,1.0,1.0,-489.5145268409466,2970.172787488517,-1021.8929449661626,752.3227977516938,-3573.781697235714,-635.7375554654088,-9810.0
542.9929536818863,2377.689977888691,-1096.4914211838825,497.31415641276453,2316.481203326669,-1139.140423175515,449.22599258872106,2252.0439205044886,-1116.2989714844623,407.407189190933,2196.007468963348,-1078.4512684514093,0.016402310900532846,0.01726746457509968,0.01501626697344012,-779.8345938759371,605.1246306475564,-926.7835459978328,-2784.900100121734,-3731.716520507648,-1735.3603647522807,0.42631395755092766,0.0,1.0,1.0,1.0,542.9929536818863,2377.689977888691,-1096.4914211838825,-2784.900100121734,-3731.716520507648,-2518.220482361533,-9810.0
-96.24056910253569,3061.0631454170825,-945.682068251487,-80.88571265982141,3013.78662466267,-977.8857093695756,-60.05608481049208,2949.6536686171735,-1024.226902292049,-40.68399884488626,2890.008381301981,-1070.1405434140322,0.013132261151589452,0.017814566591900977,0.01656800198038234,821.618295292026,235.0403939793212,-944.4776419403788,1169.2469610121793,-3600.028982723273,2380.6503676413245,0.7374851702761278,0.0,2.0,1.0,1.0,-96.24056910253569,3061.0631454170825,-945.682068251487,1169.2469610121793,-3600.028982723273,-2385.655237337652,-9810.0
201.47791523304704,3064.905540557378,-543.7937322849023,193.17043210174788,3040.8870091816634,-557.4578306670234,184.90735009435892,3016.9968499941187,-573.3385649397627,175.24936091849804,2989.0737459227116,-594.8045973531498,0.0153477811126842,0.015265751607458536,0.017842793240388427,-610.4456198667717,717.4784565343539,-602.5473384155396,-541.2823567332088,-1564.9513893486571,-1347.287208444433,1.451543674039469,0.0,2.0,1.0,1.0,201.47791523304704,3064.905540557378,-543.7937322849023,-541.2823567332088,-1564.9513893486571,-814.5000223693501,-9810.0
-206.08760811211744,2291.0601135752636,-890.1437125309228,-181.4978244952359,2209.062885809905,-952.4039653691187,-157.56248341398023,2129.247965725213,-1014.9176367592917,-127.79817392422306,2029.9957355089734,-1095.2503357538858,0.014247597310440643,0.013868405941549564,0.01724577582464988,363.4560431268529,391.8567199799495,-190.09537824723304,1725.8898522393042,-5755.1617987736745,2178.2931185562793,0.2846382209233601,0.0,1.0,1.0,1.0,-206.08760811211744,2291.0601135752636,-890.1437125309228,1725.8898522393042,-5755.1617987736745,-4298.89264017309,-9810.0
343.7306463680443,2600.2304387180147,-1034.961562709823,313.59083519490855,2557.0502667741907,-1091.583531205432,286.3446112908723,2518.015628294277,-1143.288266814511,261.43411225795114,2482.3272948382682,-1107.4017970587126,0.015934161243502356,0.01440439432316169,0.013169555242617655,-1008.7073426462639,662.6434852519859,-852.7369871948107,-1891.5216629570725,-2709.9118230293993,-2914.453696769072,0.6714918891907188,0.0,1.0,1.0,1.0,343.7306463680443,2600.2304387180147,-1034.961562709823,-1891.5216629570725,-2709.9118230293993,-3474.169146286562,-9810.0
-865.5991262627906,2371.0162942077313,-494.16858785927786,-794.4697371995356,2316.1470178948007,-574.9492886521797,-724.5890210600655,2262.240969026698,-656.9463976149863,-647.9174621737441,2203.0964578017315,-749.9345838163488,0.01668601770539836,0.01639309548592031,0.017986137740335986,413.24505907406336,1384.5147103964082,-247.5210929745726,4262.813951122845,-3288.338612704423,4218.554804595603,0.2489347490683455,0.0,1.0,1.0,1.0,-865.5991262627906,2371.0162942077313,-494.16858785927786,4262.813951122845,-3288.338612704423,-4757.733696857078,-9810.0
-565.7325274792909,2301.2812227460067,-937.9925061938691,-557.6103172595492,2179.206204094977,-966.4987324141869,-550.6014492902791,2073.864472605234,-993.2890525804089,-542.7706032259822,1956.1685926058606,-1025.667741693262,0.01678222666000749,0.014481823014684418,0.01618020588425982,-410.85991593775714,-26.419788551870866,-815.6507310202928,483.9769110672878,-7274.065660305873,454.15557594405584,0.27255574444104846,1.0,1.0,1.0,1.0,-565.7325274792909,2301.2812227460067,-937.9925061938691,483.9769110672878,-7274.065660305873,-1614.603235161465,-9810.0
-365.69420347203686,1945.5692202911996,-1126.0743091417992,-380.86184486429863,1835.84626057103,-1129.3372376949224,-394.87850297179205,1734.4495322883768,-1088.2095988996925,-411.4116038589663,1614.8488168061112,-1042.1629138763592,0.015176043147893455,0.014024422303201018,0.016542259006745833,-620.5530304623649,101.91640143854374,-691.4376403393238,-999.4463803542317,-7230.011054324144,649.5671155190823,0.2092572755421598,0.0,1.0,1.0,1.0,-365.69420347203686,1945.5692202911996,-1126.0743091417992,-999.4463803542317,-7230.011054324144,-2991.667182861002,-9810.0
177.73822121485568,3177.9015199498135,-578.7476405451405,168.7015928885012,3133.1981808612154,-580.7551605227284,159.73274519958946,3088.830146126167,-585.5314751543365,151.64884203166466,3048.839847596215,-592.2514568314876,0.017060719904729436,0.016932753319338103,0.015262020601499962,-431.3874565607226,164.61484512215588,-800.6158339289657,-529.674502413545,-2620.249282458848,2086.4092242314805,1.1007445061744299,1.0,2.0,1.0,1.0,177.73822121485568,3177.9015199498135,-578.7476405451405,-529.674502413545,-2620.249282458848,-32.2448812837676,-9810.0
-946.7024319630889,2604.6320828824746,-797.8668479060225,-873.5331684291608,2535.5245587791765,-862.206061085488,-797.9562713312583,2464.1430525894366,-931.3253233238456,-725.8695196587728,2396.057948433307,-999.7717600376574,0.016118762975666768,0.016649150639497356,0.015880291911859364,687.476004184829,1061.169429157445,-219.01307004592812,4539.384544855324,-4287.39626034731,1984.8751977843526,0.31135179447297673,0.0,1.0,1.0,1.0,-946.7024319630889,2604.6320828824746,-797.8668479060225,4539.384544855324,-4287.39626034731,-3911.188758144149,-9810.0
764.1854998997212,2316.7891368509745,-588.566023715151,750.4750681412467,2247.410808076875,-614.985470367879,737.4749691382085,2181.6269466626545,-642.2561085506067,724.6005138429983,2116.478874888296,-671.4052317660252,0.015709227845414144,0.014895338151946626,0.014751377285623785,305.98496044415924,-1.82403528118288,-477.21847893317306,-872.7629322963066,-4416.406042156495,621.9756530057803,0.4796440567170158,0.0,1.0,1.0,1.0,764.1854998997212,2316.7891368509745,-588.566023715151,-872.7629322963066,-4416.406042156495,-1603.7748774342995,-9810.0
-502.2805023011001,2114.7706886304763,-1018.7014310437618,-489.140618102374,2012.0236306620857,-1080.5980184775246,-474.1091103896934,1894.4850609951754,-1139.7840446647065,-461.90025327788345,1799.0181504483883,-1087.476754261845,0.015317070201903421,0.017522122371360173,0.014231778502639278,-244.9228478896198,102.36773008774207,-356.15384655877756,857.858848038265,-6708.009861809115,1650.68095033744,0.2529290289240973,0.0,1.0,1.0,1.0,-502.2805023011001,2114.7706886304763,-1018.7014310437618,857.858848038265,-6708.009861809115,-3965.414312673412,-9810.0
-769.7980208345955,2644.48470342167,-710.0732422071912,-712.2441541002839,2578.7046361604325,-749.5292126578316,-662.8843391751194,2522.2898002855763,-785.5040094402306,-600.8279719120573,2451.363688033266,-833.5857077675646,0.01665629160955627,0.01428490417477251,0.017959331110364345,836.955070357699,808.0776571541705,-462.2776522738208,3455.382991811382,-3949.262465091405,601.0345443642382,0.41609947310530715,0.0,1.0,1.0,1.0,-769.7980208345955,2644.48470342167,-710.0732422071912,3455.382991811382,-3949.262465091405,-2285.5028286565926,-9810.0
103.89935871286639,2181.0908358867127,-893.1817629206384,105.86363502060145,2102.6061048590345,-871.4419287737185,108.21687234629982,2008.580026234337,-848.2729119722753,110.01372843935657,1936.7847464136412,-832.6471820319265,0.014860817654307157,0.017803519116328756,0.01359419275424497,154.12707930689288,174.18929895321685,-1017.779262629218,132.17821208954467,-5281.31983403552,-2191.7881571278454,0.3337414704751194,1.0,0.0,0.0,1.0,103.89935871286639,2181.0908358867127,-893.1817629206384,132.17821208954467,-5281.31983403552,1536.011842872153,-9810.0
610.125561817094,3070.011706616895,-1110.6328832408415,568.7509148313076,3027.4512739712645,-1141.2309541770103,524.5144095272268,2981.9469629587934,-1097.5140092651218,477.6085474618713,2933.6967921765845,-1048.6943626730135,0.01306359195792558,0.013967192400110249,0.014810012582513351,-1274.3419748168437,1131.5358643132865,-766.3142040001261,-3167.172330477207,-3257.942592106912,-2202.8112235139956,0.5531592030594512,0.0,1.0,1.0,1.0,610.125561817094,3070.011706616895,-1110.6328832408415,-3167.172330477207,-3257.942592106912,-3407.1143517452765,-9810.0
984.9861578415475,2307.249282166984,-1061.5656716642866,940.9164935072678,2212.234377925846,-1070.7700452410045,881.9819583907176,2085.170573488396,-1085.761196610573,824.5050455854177,1961.24942616929,-1103.3929991580749,0.013329621910702118,0.01782575570868479,0.017384872970159927,-56.4495526606818,61.89716066919078,-1073.527712552233,-3306.145112705492,-7128.101973008858,-789.1221987382103,0.26645974941045336,0.0,1.0,1.0,1.0,984.9861578415475,2307.249282166984,-1061.5656716642866,-3306.145112705492,-7128.101973008858,-623.0918435315564,-9810.0
450.26455137175867,2321.084419587581,-520.6216902284066,464.9939758469403,2216.6415344086827,-588.3138180026485,483.28390410579436,2086.9519541885957,-674.7262931525489,502.761703530445,1948.8394588718822,-769.7428684703718,0.013298299400071613,0.016512861205262595,0.01758531766397161,721.6307530080418,396.89049831879873,-426.76337392523726,1107.6171495358474,-7853.852739872575,4836.1462140561225,0.19760352173069431,0.0,1.0,1.0,1.0,450.26455137175867,2321.084419587581,-520.6216902284066,1107.6171495358474,-7853.852739872575,-5022.986157910429,-9810.0
-867.3081289724057,2589.7879765599637,-1115.5573340444325,-826.3655001088651,2531.5042934592243,-1125.2418878393428,-779.2586222913247,2464.4455233022422,-1138.5969327582116,-739.4161091549427,2407.727904672584,-1148.1241466834088,0.013616102505972316,0.015666118539621243,0.013250242058677968,606.086194721564,492.34454832229375,-1174.089202924246,3006.9271912121803,-4280.496792321773,-1249.2572830403872,0.4474675368957288,0.0,2.0,1.0,1.0,-867.3081289724057,2589.7879765599637,-1115.5573340444325,3006.9271912121803,-4280.496792321773,-642.6676959340839,-9810.0
-14.012048905696247,2305.5368066329816,-981.2697604255478,-12.277062666533945,2235.009911325175,-995.10545120994,-10.811134943934915,2175.420198918884,-1009.1140945010038,-9.248332583498355,2111.892548973649,-1026.4123438176935,0.01751145415912754,0.014795809635517083,0.01577357864681083,46.920442901596076,-171.35861393913476,-1015.6114263435794,99.07722245088195,-4027.472228572544,1079.9339942888955,0.5669191575585449,1.0,2.0,1.0,1.0,-14.012048905696247,2305.5368066329816,-981.2697604255478,99.07722245088195,-4027.472228572544,-702.449481342036,-9810.0
249.0591878244445,2521.0795463832183,-993.1291767078505,239.4849594035085,2422.256150920135,-1032.3987549300255,230.003223461526,2324.387445529517,-1074.227101969103,222.77955423110808,2249.8260824967447,-1108.1447994053185,0.0176088855483406,0.017438773722680233,0.013285745767183513,4.387100110908536,-4.379991433941257,-811.6910873590119,-543.7157504745242,-5612.13230626035,-1013.8886698006195,0.40166659496179596,1.0,1.0,1.0,1.0,249.0591878244445,2521.0795463832183,-993.1291767078505,-543.7157504745242,-5612.13230626035,-2141.990910902254,-9810.0
-839.2309526386064,2746.3481326002125,-1061.8144860578227,-835.6523833253788,2663.3138659756137,-1100.151237210444,-831.7789863151467,2573.4386527439747,-1144.6367833618779,-828.5789387590628,2499.1873029095314,-1119.2181453647452,0.016566502042061077,0.017931366941121896,0.014814186825053352,-723.6643364805342,64.83259411338906,-1076.3095724543416,216.01236665059957,-5012.178576610886,-2293.983353957376,0.48568794419176403,0.0,1.0,1.0,1.0,-839.2309526386064,2746.3481326002125,-1061.8144860578227,216.01236665059957,-5012.178576610886,-2231.2614226407813,-9810.0
-119.91325625885474,2977.051430488609,-987.1815131094709,-103.18382677128373,2931.4942174346274,-1043.2047398076054,-84.13630943893186,2879.624438736911,-1109.1180772717223,-66.508353169512,2831.6203773868883,-1129.5551629600557,0.013450205060861233,0.015313912181570674,0.014172606830600093,918.663743787811,148.82147206452032,-701.9077517772736,1243.8047904750524,-3387.1017466156895,-3345.192175037851,0.7920632759269687,0.0,1.0,1.0,1.0,-119.91325625885474,2977.051430488609,-987.1815131094709,1243.8047904750524,-3387.1017466156895,-4097.308929728524,-9810.0
-599.6211377270624,2600.264057335736,-1085.9769224302197,-546.6438092981055,2537.421888209335,-1101.2249690061103,-495.19412968631457,2476.3918294361924,-1118.1953956528673,-441.08993622748136,2412.2129631812245,-1138.3636680558827,0.015205228220652236,0.014766771816849862,0.015528654117375591,933.4058034325955,781.7741264801857,-1060.1791157921732,3484.15213899922,-4132.931661035348,594.9813709948205,0.3944993458451226,0.0,2.0,1.0,1.0,-599.6211377270624,2600.264057335736,-1085.9769224302197,3484.15213899922,-4132.931661035348,-927.9169517460227,-9810.0
-979.1945196489996,3166.9233190176687,-914.2421923298958,-974.3451458960138,3133.893752214093,-945.3154854796179,-969.9145744311046,3103.716689436011,-976.1305779320795,-965.4166174956175,3073.080657517703,-1009.8046607115383,0.016902789952054853,0.015443028863844424,0.015677905058795787,-607.6618301977448,636.377229765113,-1328.5266645587562,286.8978296920878,-1954.0896442104572,-3347.134104149595,1.2469762761252994,0.0,2.0,1.0,1.0,-979.1945196489996,3166.9233190176687,-914.2421923298958,286.8978296920878,-1954.0896442104572,-1753.7345473017333,-9810.0
310.09788462086726,2882.48123860522,-1077.0565275806366,282.96422548752867,2845.090811097367,-1092.7645633431223,251.09759087914952,2801.1783006103506,-1113.8430795736572,218.09495845163283,2755.700374861913,-1138.6437268589316,0.01448797191000142,0.017015136248439675,0.017621700383877836,-1057.0756087004138,998.5038088939973,-1206.477117462292,-1872.8404018099702,-2580.790999604423,-1887.5772055440111,0.6808751914576816,0.0,2.0,1.0,1.0,310.09788462086726,2882.48123860522,-1077.0565275806366,-1872.8404018099702,-2580.790999604423,-1012.3706960597319,-9810.0
-891.0270359610814,2247.700904170081,-1106.6222493634086,-879.8377881410039,2187.6890900968992,-1143.874317223197,-865.7330250810129,2112.0403573211693,-1095.698890046032,-852.7616664237313,2042.4704651769855,-1047.4945519648272,0.013516977302258223,0.01703901506172098,0.01566982547614277,-427.46342709147314,-238.55139392080542,-800.8580469654333,827.792158695725,-4439.736246590863,-2040.0580721590338,0.5137741821598785,1.0,1.0,1.0,1.0,-891.0270359610814,2247.700904170081,-1106.6222493634086,827.792158695725,-4439.736246590863,-3187.6991779522536,-9810.0
-247.21971553886192,2542.272283689612,-481.3149487612736,-197.48572984996034,2420.321023914484,-487.2619049092197,-155.81924596193804,2318.151850658814,-494.44011702004894,-117.00390517260216,2222.9738824688097,-502.93122119445485,0.01716477616111215,0.01438042536611115,0.013396405436592929,650.9880687542344,339.8031005528838,-1033.445307156137,2897.4444654616,-7104.739300441055,-3301.6156722415008,0.26505839303618395,0.0,0.0,0.0,1.0,-247.21971553886192,2542.272283689612,-481.3149487612736,2897.4444654616,-7104.739300441055,-260.5156722414976,-9810.0
252.94081758014863,2586.5299036263577,-1012.427393810814,244.3517154370797,2500.9381535841303,-1030.5054955242656,235.62568721225787,2413.9819136606047,-1051.5367027068723,228.38153487901104,2341.7927994264205,-1071.0448836219257,0.016345076149875258,0.016605646718937724,0.01378563434872701,-49.21340225824182,-424.4842894556612,-1019.9403895058023,-525.4855997189404,-5236.546422751346,1093.5121910538496,0.5282636427824604,1.0,2.0,1.0,1.0,252.94081758014863,2586.5299036263577,-1012.427393810814,-525.4855997189404,-5236.546422751346,-1024.3794896941924,-9810.0
498.602447424664,2878.5577669839695,-1102.8249445792765,487.62462572968764,2811.289791148743,-1143.816501322355,476.26890307828336,2741.706179925056,-1114.6872401877692,463.31405055712713,2662.3237003625713,-1068.2254387022397,0.014324821444218764,0.014817939648799103,0.01690462410103393,61.78315508633887,201.89290415223397,-1018.0455652120711,-766.3496356812707,-4695.903268125842,-2474.254553565282,0.5239526148059486,1.0,1.0,1.0,1.0,498.602447424664,2878.5577669839695,-1102.8249445792765,-766.3496356812707,-4695.903268125842,-2790.3123029580697,-9810.0
-107.80802945759581,3032.9348859764395,-1134.2571169276052,-119.73585372875027,2999.8181217889287,-1119.569223132366,-134.6366370474944,2958.4471461475946,-1062.3504363237305,-146.75090635133208,2924.812730455422,-1017.9554397786535,0.013767086761995164,0.017198474097823498,0.013982281493485342,-1091.1737030969134,302.6893371078545,-544.2032105718998,-866.4014745720868,-2405.502686227831,-588.9917608960807,1.0900521576466937,0.0,2.0,1.0,1.0,-107.80802945759581,3032.9348859764395,-1134.2571169276052,-866.4014745720868,-2405.502686227831,-3453.1780932934157,-9810.0
56.129134733773526,2346.3039005333812,-982.6260461014153,51.589937107119376,2270.169220330999,-959.0166298823368,47.316825007545496,2198.49751754819,-938.8408817647786,41.970771364612794,2108.82966919115,-916.3802159907849,0.01507856663813176,0.014194668495437393,0.01775882716201675,-88.36834391144805,-77.31151160577292,-1015.2951609815024,-301.0364138442114,-5049.198775289892,1824.703507828793,0.43296793770441444,1.0,1.0,1.0,1.0,56.129134733773526,2346.3039005333812,-982.6260461014153,-301.0364138442114,-5049.198775289892,1639.8461299464298,-9810.0
-1033.406777736926,2588.8014780394155,-1097.5051364959136,-974.6946420057413,2484.0109044038486,-1110.0428180196693,-921.131192542505,2388.409807198813,-1124.1105219161204,-872.0277778320283,2300.769067666952,-1139.2503248023804,0.01764698899761686,0.016099458682271785,0.014758914973024062,314.0420688816624,183.84829718030858,-1079.6586955610076,3327.0341891816993,-5938.15600212125,189.37182173874027,0.35649463734708753,0.0,2.0,1.0,1.0,-1033.406777736926,2588.8014780394155,-1097.5051364959136,3327.0341891816993,-5938.15600212125,-622.1817608132859,-9810.0
-758.515226043652,2710.0497161117673,-761.891224233729,-745.4274258507456,2623.8400542743607,-826.9950185641385,-734.3189101880359,2550.667988328794,-884.5670016905891,-721.9599378152475,2469.259133272049,-951.1385542592924,0.01743712073563837,0.014800082974172138,0.016466089813132773,-341.948224117854,-33.88737333966715,-84.40313749643181,750.571174641082,-4944.030791804392,57.84713178396817,0.5062967064770572,0.0,1.0,1.0,1.0,-758.515226043652,2710.0497161117673,-761.891224233729,750.571174641082,-4944.030791804392,-3646.346067798288,-9810.0
939.7155348540603,2261.4034962491905,-946.1998486456682,938.7163716727702,2131.9835895201745,-989.6779715413849,937.724044016569,2003.449076724821,-1035.6351001824328,936.8236540005743,1886.8230900273138,-1079.7645055049002,0.0170265300313596,0.01691004728320985,0.015343357255695245,922.4041309486433,19.086804900952103,-686.2074198167282,-58.68272510311883,-7601.073529994033,995.4170627194462,0.24572006542973546,0.0,1.0,1.0,1.0,939.7155348540603,2261.4034962491905,-946.1998486456682,-58.68272510311883,-7601.073529994033,-2468.300544807318,-9810.0
792.8749592591896,2401.5664322418916,-863.6083932999423,728.620594039397,2329.063127328581,-918.7957417886212,670.1180590711467,2263.050069437564,-971.157297594305,610.0794114014769,2195.303693550311,-1027.0222845552023,0.015841071429250477,0.01442303308194241,0.014801741531451272,-667.3527521324091,753.8754988750754,-367.590508636619,-4056.1880871988833,-4576.919259352259,1364.5429581275016,0.314934153957356,0.0,1.0,1.0,1.0,792.8749592591896,2401.5664322418916,-863.6083932999423,-4056.1880871988833,-4576.919259352259,-3405.030574602646,-9810.0
860.6781003915241,3015.2315683262414,-634.7031566860322,788.7971812191807,2945.4431486614776,-673.3836852016454,733.4857028768997,2891.7418228120614,-705.0599010414738,672.8020035908921,2832.8246648048266,-741.7960758079831,0.01712295361233848,0.01317590104286177,0.014455632730684398,-1028.3893093482507,1181.1561184859797,-457.7841790571041,-4197.927577199502,-4075.7232218672625,1118.6647433905339,0.4052455126141156,0.0,1.0,1.0,1.0,860.6781003915241,3015.2315683262414,-634.7031566860322,-4197.927577199502,-4075.7232218672625,-2173.2492125307513,-9810.0
-752.7059409975584,2920.503758266951,-631.7372213841016,-740.1630055522763,2885.429067190034,-606.0282612865429,-728.7274781537947,2853.451098990076,-584.5789762348861,-715.9755648938634,2817.7920285768605,-562.8671741270762,0.015226259553138447,0.013881942473187192,0.015479944223730658,252.29342800965642,110.15345755774158,-905.7490667881283,823.7699745960791,-2303.565820253454,-2912.9947625792215,1.1754118537499396,1.0,1.0,1.0,1.0,-752.7059409975584,2920.503758266951,-631.7372213841016,823.7699745960791,-2303.565820253454,1763.494712055458,-9810.0
-515.6303171040374,3169.1909385272716,-1134.013473739981,-494.4329074048217,3145.482703585747,-1126.2929493664406,-473.6799139995943,3122.2715258818384,-1120.475184109497,-451.6299051819445,3097.6097017755246,-1116.1894579542397,0.013610460852557868,0.013325109450787772,0.014157898822056654,629.0844943709579,1888.8850862279505,-1620.2098693195599,1557.4351176530556,-1741.9127242167847,-3153.152647465282,0.6939065308745982,0.0,2.0,1.0,1.0,-515.6303171040374,3169.1909385272716,-1134.013473739981,1557.4351176530556,-1741.9127242167847,635.8166140978906,-9810.0
-304.93868556183577,2038.2640591198165,-1057.5062863754679,-311.9738779569325,1929.804790917324,-1125.0077665649144,-318.3309706204509,1831.7995652661843,-1114.114960072769,-324.68523914278796,1733.837878479176,-1053.410565667864,0.015548949186025436,0.014050235621813926,0.014043993798526538,-424.83913429287884,189.797919717159,-351.9315953475056,-452.45452351336866,-6975.343922274186,2083.1316579304557,0.22135682139363422,0.0,1.0,1.0,1.0,-304.93868556183577,2038.2640591198165,-1057.5062863754679,-452.45452351336866,-6975.343922274186,-4264.186186776271,-9810.0
-877.575065629737,2173.3265618550345,-614.2948070478288,-832.9169385016922,2081.8582913336018,-629.6404788772111,-785.4838389387231,1984.7063536794337,-648.1323014247685,-743.2434974730875,1898.1901643860826,-666.5412582209739,0.014349061563730763,0.015240685392742162,0.013572205086558282,149.47342021027526,69.73747778779625,-895.764307598023,3112.26813890913,-6374.51237596132,2553.1040191868756,0.286838047956969,1.0,1.0,1.0,1.0,-877.575065629737,2173.3265618550345,-614.2948070478288,3112.26813890913,-6374.51237596132,-998.1048650129378,-9810.0
-964.6782950352068,2909.5546902783935,-666.6500640762423,-927.3522170339758,2868.3785230153403,-708.6588770743077,-895.2724482519977,2832.989808318788,-746.6498313305985,-862.5287744490174,2796.8687085002134,-787.222589900698,0.015509966597485644,0.013329987207526421,0.013605857195777213,1032.7885948060648,706.0542111816617,-676.6719994212755,2406.5866142665873,-2654.8198543334083,-2668.7866805056174,0.7875541889992114,0.0,1.0,1.0,1.0,-964.6782950352068,2909.5546902783935,-666.6500640762423,2406.5866142665873,-2654.8198543334083,-2631.7038934860952,-9810.0
-267.33898966186473,2135.1127136582486,-712.0999817838435,-268.17109840765477,2030.3339924587285,-734.0916650215818,-268.90929644395163,1937.380461292868,-755.8841659807451,-269.673187665554,1841.1916569569144,-780.7238980383045,0.016767058107975765,0.014874749763663434,0.015392469512645932,-283.96423352065887,41.67023998169721,-809.0105767877716,-49.62759360834279,-6249.082010974782,1846.1371617670263,0.28796572261571507,1.0,1.0,1.0,1.0,-267.33898966186473,2135.1127136582486,-712.0999817838435,-49.62759360834279,-6249.082010974782,-1227.6869564410933,-9810.0
-857.4619750936749,2054.270622251972,-710.1227078725474,-804.0491576977387,1947.3260525465414,-712.515180996777,-736.9526647649946,1812.9836621752424,-718.128007359861,-672.9020211549683,1684.7397526758855,-726.2381362210635,0.013774994127354343,0.01730397011757223,0.016518455355783272,73.1428626658272,190.98875860787734,-1017.7233481549279,3877.5201573312575,-7763.674431850384,-2458.8693345099255,0.19240258039929028,1.0,0.0,0.0,1.0,-857.4619750936749,2054.270622251972,-710.1227078725474,3877.5201573312575,-7763.674431850384,-104.46933450992518,-9810.0
1050.465934420824,3045.3995249364702,-1031.9513170821394,1012.9730579504952,2999.140785510391,-1065.276802440849,963.6946292582155,2938.3410228139546,-1111.6771754221134,913.2093208049898,2876.052210953088,-1139.3298965355239,0.013316760978189984,0.017502766340032574,0.017931427216950138,-892.2050203929275,648.5306274417519,-997.5430694291794,-2815.465151903992,-3473.723039847426,2292.2578988545106,0.6412490454648279,0.0,2.0,1.0,1.0,1050.465934420824,3045.3995249364702,-1031.9513170821394,-2815.465151903992,-3473.723039847426,-2435.146774570001,-9810.0
387.52066931461945,2297.222234963092,-490.2004358984067,397.5586038661919,2209.719657639872,-486.09032648383203,409.66315334810866,2104.202006417665,-483.6437659662801,419.25602895454483,2020.5790922422864,-483.68193357116616,0.013948939049716102,0.016820753520561622,0.013330475154843986,639.387645041486,101.65008757813845,-963.4763992737895,719.6199306481883,-6273.063278242733,-3068.9670382153854,0.3058998322748785,1.0,0.0,0.0,1.0,387.52066931461945,2297.222234963092,-490.2004358984067,719.6199306481883,-6273.063278242733,364.5329617846171,-9810.0
-12.800836699363117,2069.694474557593,-604.4879127486658,-31.13263039160239,1953.9573728383511,-609.8369477045994,-46.12482606649558,1859.3046997311656,-616.4741219463705,-64.6734270560527,1742.1987931560316,-627.5075031095733,0.017712324994582904,0.014485578805553928,0.01792180593113285,-292.2437838233781,305.44175935773,-1019.6798244766036,-1034.973878237093,-6534.269315555044,-2862.097821214593,0.21988029026873046,1.0,0.0,0.0,1.0,-12.800836699363117,2069.694474557593,-604.4879127486658,-1034.973878237093,-6534.269315555044,-213.39782121459126,-9810.0
268.994899083297,2478.67415717628,-1055.2284377977712,263.4894450793367,2387.8664407056635,-1056.4523870616163,258.3903332210087,2303.7609875405064,-1059.708212214241,252.67369580999792,2209.4699828729595,-1065.84401425429,0.0156579201051964,0.014502252861930374,0.016258541400508454,116.04530707918752,-44.09747528395668,-1129.5385808476738,-351.608257480711,-5799.475017149976,1207.1644038423753,0.38858128563236505,0.0,2.0,1.0,1.0,268.994899083297,2478.67415717628,-1055.2284377977712,-351.608257480711,-5799.475017149976,-0.471060634868536,-9810.0
558.1356823538317,2523.264656272345,-1055.398743436332,577.0477056129821,2467.4629058288724,-1119.2509004868898,594.8801716295336,2414.8464932530337,-1120.6019094122928,611.991118672751,2364.358992065391,-1062.7089510018545,0.014477230586405076,0.013650825134266907,0.013098499430861724,1328.8696743492874,249.13960416707982,-149.87041746067013,1306.3287999922893,-3854.4492408563774,-1028.3591064790658,0.5487734448484667,0.0,1.0,1.0,1.0,558.1356823538317,2523.264656272345,-1055.398743436332,1306.3287999922893,-3854.4492408563774,-4338.719085464077,-9810.0
-558.7985001575696,2714.9689938200254,-495.10127692749995,-572.7221983544033,2643.628456797287,-494.20251837238027,-586.3149289409586,2573.9836910215704,-496.12916239083717,-600.1615743043984,2503.0379478557315,-501.0137417637188,0.01735291603134046,0.016940435591943963,0.017256886131169005,-1028.1930059822191,309.9429980204163,-621.0947510159814,-802.3837706404161,-4111.1555483753955,1578.3581359682726,0.533449762245547,0.0,1.0,1.0,1.0,-558.7985001575696,2714.9689938200254,-495.10127692749995,-802.3837706404161,-4111.1555483753955,138.66951297719456,-9810.0
605.6435895812442,2097.1825462562633,-567.4835072978757,595.7221047213844,2001.4829021132812,-605.0841003842515,583.632595254565,1884.871147907149,-653.5142404181001,572.4739027212389,1777.2377724977198,-700.7828495665926,0.014085656882756425,0.0171636286942699,0.015842136182711276,422.5079300209522,330.7113277477639,-806.2679100304617,-704.3679213857392,-6794.120071186541,3382.2900723346247,0.21290857824026252,1.0,1.0,1.0,1.0,605.6435895812442,2097.1825462562633,-567.4835072978757,-704.3679213857392,-6794.120071186541,-2599.0331665642516,-9810.0
353.45324377940346,2878.247693384135,-974.9340081119134,371.683474186251,2852.0498876640004,-981.6137485621582,389.5306306022954,2826.4025795384396,-990.3170273771536,408.1872753628548,2799.5919938289408,-1001.7090180264343,0.015095252300896539,0.01477805397635359,0.015448337923532833,1464.5186065824794,1281.58797666696,-1136.9537217330437,1207.6797421772621,-1735.4996920838707,-1820.3806478959993,0.8746783557992177,0.0,2.0,1.0,1.0,353.45324377940346,2878.247693384135,-974.9340081119134,1207.6797421772621,-1735.4996920838707,-368.31202954840904,-9810.0
-118.72070330372071,2811.7510777077596,-999.7984633084989,-129.6382526252301,2751.8837891932444,-991.2522669662092,-142.9651345059413,2678.804725471543,-983.2135138705323,-157.22419234948777,2600.6139974312377,-977.641563698859,0.01356405813090218,0.016557433835219168,0.017715577350377466,-601.653578530932,163.54854406674087,-1085.566398593396,-804.8881253786867,-4413.670889401704,-1473.2177539649165,0.5521629306835016,0.0,1.0,1.0,1.0,-118.72070330372071,2811.7510777077596,-999.7984633084989,-804.8881253786867,-4413.670889401704,698.4442914623002,-9810.0
-761.0071901390336,3182.514517548897,-990.6064598179485,-752.296272696586,3148.1072654364934,-1052.810988514156,-743.5545147739041,3113.5781965136675,-1117.7794753335625,-735.6686462907544,3082.4298052199083,-1123.3866005354764,0.01609711437439576,0.016154105241428338,0.014572486509416095,50.714455105352656,-23.70474437660748,-423.1626557779079,541.1477634962554,-2137.4795079503315,-1784.7199997677174,1.4531762938747599,0.0,2.0,1.0,1.0,-761.0071901390336,3182.514517548897,-990.6064598179485,541.1477634962554,-2137.4795079503315,-3784.066831436032,-9810.0
-256.856391026354,2489.665242670045,-869.1937809294067,-282.63259586474845,2434.920980540465,-891.2481942829869,-309.8785951050623,2377.0551258211403,-917.3202449895294,-336.738549774467,2320.009163918313,-945.7803703710921,0.016133326006162275,0.017053270287985985,0.016811645000072817,-1167.5450334224076,555.5179129785784,-902.5679599875499,-1597.6993726246576,-3393.240929283285,-1519.6778642768863,0.5200017587057794,0.0,1.0,1.0,1.0,-256.856391026354,2489.665242670045,-869.1937809294067,-1597.6993726246576,-3393.240929283285,-1286.543432119604,-9810.0
-42.83233908992008,2737.8822377644437,-700.9526626240165,-56.157645032619094,2710.1370169253005,-732.7826419480263,-70.5845211476896,2680.0981671193113,-769.085239551558,-85.54367214365348,2648.951043763655,-808.7804060836305,0.013012076142630573,0.014087752380083281,0.014607515401568637,-1077.1452999580665,584.2925461297729,-852.1241003715417,-1024.072238483313,-2132.2670214204577,2937.7230061950086,0.9682926560757179,0.0,2.0,1.0,1.0,-42.83233908992008,2737.8822377644437,-700.9526626240165,-1024.072238483313,-2132.2670214204577,-2380.1062295934876,-9810.0
-740.1126954771994,2467.452311198299,-964.1974855779389,-682.4516727663976,2422.089736506126,-1025.6185687478746,-626.0657157225024,2377.7302703061932,-1087.6106317053254,-562.9194190201043,2328.052368908859,-1137.9305739487431,0.014268229550335361,0.013952714341414693,0.015625561501437187,755.1378769734823,1291.121878828042,-154.6305744295714,4041.217763380218,-3179.271438838511,1428.218740404119,0.326153494606813,0.0,1.0,1.0,1.0,-740.1126954771994,2467.452311198299,-964.1974855779389,4041.217763380218,-3179.271438838511,-4233.685147005923,-9810.0
-612.4011464072555,2903.889326850923,-1015.9535091456411,-606.2546982186111,2846.9518400273064,-1024.687049939254,-600.3753995455043,2792.4890868309835,-1035.6713849871617,-594.8879437549259,2741.656161508604,-1048.271172092862,0.01702509208777577,0.016285112677937925,0.015199744192881615,-312.752135977647,128.09734757968408,-1180.1407535875856,361.0229041320593,-3344.3276858689655,-1844.8522790840343,0.7814900510414053,0.0,2.0,1.0,1.0,-612.4011464072555,2903.889326850923,-1015.9535091456411,361.0229041320593,-3344.3276858689655,-427.7367823856085,-9810.0
-145.70932256171955,2150.0556842519786,-571.1502267324596,-167.27526446322014,2026.5977760831777,-645.3880056114222,-188.05682832842635,1907.6301736017772,-718.8869499741598,-209.1957289521344,1786.6169359740913,-795.6093010238737,0.014519183059862837,0.013991103723049765,0.014231679248774654,-472.48440341636865,279.3760678333397,-515.0268971189834,-1485.3412766120425,-8503.089165539268,4930.679908060982,0.17725803396831286,0.0,1.0,1.0,1.0,-145.70932256171955,2150.0556842519786,-571.1502267324596,-1485.3412766120425,-8503.089165539268,-5041.131705170356,-9810.0
729.0290624406973,3159.3425188682004,-745.8120612705766,718.965270723006,3142.9672887410024,-784.9090061282825,708.2966013393439,3125.607836040749,-828.2367288481483,696.1888888960349,3105.9068542304253,-879.7762325572263,0.013339880934584882,0.01414166581551162,0.016049163865345377,-402.59180063613263,1318.0333414290262,-443.7712302502564,-754.4139087178835,-1227.539451626091,-1507.1963239652894,1.456469289384558,0.0,2.0,1.0,1.0,729.0290624406973,3159.3425188682004,-745.8120612705766,-754.4139087178835,-1227.539451626091,-2863.3607860077336,-9810.0
452.48720327054957,2771.9170551400866,-483.78133890395395,467.63178888272796,2717.2867677404342,-511.18992208074513,480.33697324084,2671.4560074460696,-536.1254878316088,495.0152511752377,2618.5078078305382,-567.1963629399838,0.01615626176953584,0.01355390563838239,0.015658804189626202,1178.9580921966951,151.3558548651431,-436.1772179083642,937.3817921627729,-3381.3692906773445,-1294.8780574574912,0.7296310284024562,0.0,1.0,1.0,1.0,452.48720327054957,2771.9170551400866,-483.78133890395395,937.3817921627729,-3381.3692906773445,-1615.8723663868989,-9810.0
226.78710010064287,2011.813307406466,-1008.1965432128638,184.17490113167358,1904.1811903843804,-1073.736780497976,144.59840525681267,1804.2168107373907,-1137.123604593999,111.40467727697623,1720.3743594964512,-1110.3019740059055,0.017010146589680083,0.015798339738990867,0.013250435144315197,-449.5911815892915,303.38172848086447,-454.94464543198984,-2505.104746999757,-6327.5243663911215,1827.9497474897514,0.22394107852701398,0.0,1.0,1.0,1.0,226.78710010064287,2011.813307406466,-1008.1965432128638,-2505.104746999757,-6327.5243663911215,-3767.840566889226,-9810.0
612.9883515993272,2037.447498951551,-831.5057227822372,626.1327124596162,1918.637085692753,-854.2646132917689,638.1263211925997,1810.2281926947576,-877.7541246589593,649.1121652802892,1710.9283720394665,-901.6006068486404,0.017977472087891872,0.016403594554506764,0.01502528023595584,828.6797699938445,87.83680062919979,-869.7078192398197,731.1573504898997,-6608.849824821538,1460.228077385514,0.24559365312164566,0.0,1.0,1.0,1.0,612.9883515993272,2037.447498951551,-831.5057227822372,731.1573504898997,-6608.849824821538,-1176.1446707006105,-9810.0
-296.17033447185247,2250.2955288697785,-1105.0260703651088,-257.7141565256494,2167.4147943639173,-1131.0701536583797,-220.3896690461266,2086.9730785572865,-1068.8634449858905,-184.7622564661989,2010.1888976826683,-1011.7580619734782,0.016259025867386808,0.015780554382327342,0.015063041978208312,590.7872758701478,338.7249530433178,-320.22897857117994,2365.220294245335,-5097.521535537228,500.55244920164745,0.3278973777720778,0.0,1.0,1.0,1.0,-296.17033447185247,2250.2955288697785,-1105.0260703651088,2365.220294245335,-5097.521535537228,-3955.850651960056,-9810.0
-4.729289391566681,2998.9850873991118,-1118.2194494447488,33.366000508008725,2931.4289345671514,-1135.0538691044603,63.776756430263944,2877.500123938985,-1097.6144007986227,99.48116602100932,2814.183830574482,-1056.0969378406398,0.017435223773559976,0.013918212357101497,0.016340980015075945,1328.0971280118583,635.4218912680604,-1084.2786076003233,2184.9613400056173,-3874.693764149255,2570.9029968155382,0.562305583854263,0.0,2.0,1.0,1.0,-4.729289391566681,2998.9850873991118,-1118.2194494447488,2184.9613400056173,-3874.693764149255,-2697.4349729753694,-9810.0
902.1765147905799,2247.734435707076,-505.47366165363076,881.6477593009383,2169.8768985721517,-520.2079982380329,860.0558239549487,2087.987136240308,-537.8252377481041,838.5390301316263,2006.3823563027647,-557.5605186358575,0.014205578078235071,0.01494128192877683,0.014889285169026517,345.8055723351406,137.63714632805159,-810.6126915702048,-1445.119331053085,-5480.772180205258,2630.6156696478333,0.3409638548239618,1.0,1.0,1.0,1.0,902.1765147905799,2247.734435707076,-505.47366165363076,-1445.119331053085,-5480.772180205258,-966.3899277419829,-9810.0
596.1814628968139,2379.731916584851,-565.3855740198046,536.5222317869091,2278.028891066455,-587.0331335257442,479.2165077912515,2180.337965430088,-610.2858897955159,416.4450202986823,2073.329375551956,-638.5204406247977,0.016376275368586386,0.01573024490745223,0.017230580169234247,-587.8026650149749,361.3557871211553,-883.453655112889,-3643.0280858824253,-6210.388090657524,2788.8646713333937,0.27566289955472734,0.0,1.0,1.0,1.0,596.1814628968139,2379.731916584851,-565.3855740198046,-3643.0280858824253,-6210.388090657524,-1240.0660085987956,-9810.0
716.2973988538088,2154.1040717455926,-807.2363001624722,724.5201732496729,2063.150990453779,-844.358578847901,734.2612004793166,1955.4043347837435,-890.865756354751,743.9849147933307,1847.8491793235944,-940.0566002870682,0.014169785151813037,0.01678609388474009,0.016756259636223396,896.1914505566126,164.27466372139233,-621.0081764232915,580.3033925896998,-6418.804542013544,1686.3617030958703,0.26228786132722365,0.0,1.0,1.0,1.0,716.2973988538088,2154.1040717455926,-807.2363001624722,580.3033925896998,-6418.804542013544,-2549.118310136556,-9810.0
-477.7772934882121,3082.4377324995758,-897.4446561298585,-450.3551619092092,3059.1144152074316,-984.3300843332631,-424.3643730167046,3037.008496334328,-1069.5356313644954,-400.6274829690268,3016.8195837213266,-1145.7459718503462,0.017930763095106276,0.016994837798942727,0.015521060090944672,1311.5438735618259,1560.5682455698366,-907.3303455149736,1529.3343308119997,-1300.7431512219878,4776.26565649442,1.1195533390150034,0.0,2.0,1.0,1.0,-477.7772934882121,3082.4377324995758,-897.4446561298585,1529.3343308119997,-1300.7431512219878,-4755.997499756544,-9810.0
-544.993109856019,2274.6552091222184,-538.3039225535578,-529.997293563952,2213.0496080454036,-575.6724202778834,-511.59423545333414,2137.4464241656488,-624.2276220000741,-496.4186703429307,2075.1023815274825,-666.4944300201148,0.014205895273746863,0.01743365690432047,0.014376175626555375,-33.024609349518684,171.3934331838576,-290.59023550761896,1055.6051556835046,-4336.622218429618,1300.4521109057168,0.4389842721953776,0.0,1.0,1.0,1.0,-544.993109856019,2274.6552091222184,-538.3039225535578,1055.6051556835046,-4336.622218429618,-2559.6591496476476,-9810.0
1004.9256304832838,2972.736282161653,-696.9932853200206,959.7023102770536,2936.3430772234906,-711.0378881467697,914.0150717457801,2899.5765367009244,-727.8445681710537,874.1234073850162,2867.473950915866,-744.6769446037476,0.016260994511827373,0.016427806088311875,0.0143438856828711,-1080.8932983653153,1294.1855832010865,-863.7628101614763,-2781.0919051314677,-2238.067598614069,-1970.8374264232368,0.7029673137169902,0.0,1.0,1.0,1.0,1004.9256304832838,2972.736282161653,-696.9932853200206,-2781.0919051314677,-2238.067598614069,-782.516505043779,-9810.0
131.20659040050577,1954.805618060019,-1058.441193096135,104.92611384909435,1851.0766304800081,-1083.1416754893073,79.33715886243515,1750.0770771117843,-1109.827476310877,53.87287314153638,1649.569593082348,-1138.9745669436825,0.016807039211874278,0.016364793424134813,0.01628506422919225,-337.89108147576565,103.27805977255267,-971.6662768284318,-1563.658906254237,-6171.758527624884,-465.7203675062196,0.25054310313479883,1.0,1.0,1.0,1.0,131.20659040050577,1954.805618060019,-1058.441193096135,-1563.658906254237,-6171.758527624884,-1385.5286254120012,-9810.0
765.6021712210104,2438.72437226494,-609.7401733743416,741.3763575162995,2368.5510616862307,-598.8518434517476,712.7047320549278,2285.4998625471057,-588.0789369902267,685.7285092198033,2207.359623943621,-580.0786044374146,0.01302761580280565,0.015418384930453713,0.014506669257451456,-126.99327788310883,-146.7977668302665,-1013.0671668015061,-1859.5738523002499,-5386.504456448348,2954.0235264781018,0.4370473300092895,1.0,1.0,1.0,1.0,765.6021712210104,2438.72437226494,-609.7401733743416,-1859.5738523002499,-5386.504456448348,901.9371992749722,-9810.0
945.0774808235187,2356.8650941596516,-836.7777580576674,904.5227804410428,2238.561220679318,-906.547479303456,868.2655167319799,2132.7935859014383,-970.9611282992234,833.633836737236,2031.7680118034984,-1034.3418730258534,0.015763086075901572,0.014092728175340703,0.013460884868135122,198.97592086960245,180.37990946306937,-278.60214281838194,-2572.7639998410878,-7505.121326539942,2819.8516667664535,0.24668330088062274,0.0,1.0,1.0,1.0,945.0774808235187,2356.8650941596516,-836.7777580576674,-2572.7639998410878,-7505.121326539942,-4347.822064391565,-9810.0
-821.4394824064559,2397.9629209622167,-712.4814914779208,-762.256631557844,2336.2840716992087,-692.2918496619995,-690.9641113453565,2261.98483560776,-670.1895102241857,-628.3800183416762,2196.7612990040543,-652.8436604514416,0.013178118954919322,0.015874553159991728,0.013935466278870191,795.3182945103285,713.0194316340712,-772.5828587464647,4490.993824768847,-4680.39858146707,-1932.7482424126263,0.31701186160621897,0.0,0.0,0.0,1.0,-821.4394824064559,2397.9629209622167,-712.4814914779208,4490.993824768847,-4680.39858146707,1598.8517575873716,-9810.0
622.666888478085,3023.852763328552,-459.9713953878735,604.9710766918106,2969.0102729877253,-475.0294232810055,584.4208530592308,2905.3214490624077,-494.6235821444327,561.700779968362,2834.907873009608,-518.9542944845294,0.013192771636003468,0.01532082340883138,0.016938512878715853,-336.381427999788,51.59024900748853,-410.0840270985791,-1341.3263167522693,-4157.010509539962,-418.735135488694,0.6695478920764498,0.0,1.0,1.0,1.0,622.666888478085,3023.852763328552,-459.9713953878735,-1341.3263167522693,-4157.010509539962,-1074.5288906980113,-9810.0
657.547441000153,2280.211658954603,-1104.5183555169185,640.4606898075009,2215.3468475338964,-1120.6967937842471,623.1117879568295,2149.486858457443,-1140.1015189122709,606.5701292641565,2086.691329946011,-1140.665432121523,0.017398378159957845,0.017665309903252782,0.016843344301276056,83.02553121050138,99.20867509916698,-1182.4574702877853,-982.0887346831664,-3728.210228812705,-1496.1287956339622,0.5330929676355137,0.0,2.0,1.0,1.0,657.547441000153,2280.211658954603,-1104.5183555169185,-982.0887346831664,-3728.210228812705,-842.7838251306017,-9810.0
652.6248254132831,3126.6360238729376,-1054.6944650264925,625.97431439138,3087.7639187047453,-1095.6644762677765,598.7993797286543,3048.126895711826,-1138.7291730359684,562.034885806572,2994.502660400915,-1102.9056812503195,0.01302589424621796,0.013282215293118604,0.017969276816162574,-1004.6060348794174,709.4196246704419,-879.8401448545934,-2045.9640250527152,-2984.217776793188,2459.620266665232,0.7657226136445014,0.0,2.0,1.0,1.0,652.6248254132831,3126.6360238729376,-1054.6944650264925,-2045.9640250527152,-2984.217776793188,-3079.133010080061,-9810.0
-870.5215577097365,2386.4551935682052,-717.6894963538218,-875.7449947846193,2303.3895719834964,-781.2207714685585,-880.2197733513493,2232.229479927119,-838.0295054978236,-885.1896003169184,2153.1968889060613,-903.7124707470139,0.017573873441556496,0.015055066440609152,0.01672062070764116,-1004.2738970283406,259.46083245435295,-158.21209973635186,-297.2274207080051,-4726.654135808559,1209.674797547707,0.40065043941019346,0.0,1.0,1.0,1.0,-870.5215577097365,2386.4551935682052,-717.6894963538218,-297.2274207080051,-4726.654135808559,-3527.15527386702,-9810.0
-1006.6081982060635,2826.0839043739907,-735.4150984658011,-1009.7457661338609,2783.128060663828,-798.7366878600199,-1013.0211222758167,2738.285784809822,-867.2104238066426,-1016.0771311942957,2696.4465499311027,-933.2493926609892,0.01500843083885152,0.015667535256729804,0.014618296576005978,-1221.9335043843248,-121.89376874386198,-751.5137274769585,-209.05369531872068,-2862.114245745488,-4183.335396683221,0.9847057373284127,0.0,1.0,1.0,1.0,-1006.6081982060635,2826.0839043739907,-735.4150984658011,-209.05369531872068,-2862.114245745488,-4145.43783410738,-9810.0
810.1917402603426,2705.428672194651,-843.7143195665063,795.2432245339944,2619.6694101080293,-847.3239538710494,781.2737656885512,2539.5269729413058,-852.5019137293145,762.7624840377625,2433.328211558522,-862.0034649290081,0.014263134162736953,0.013328966523558881,0.017662549148209472,328.0875157845703,-60.3912457662172,-844.6894280860505,-1048.0526619038512,-6012.65199556711,227.31011612274244,0.41474535016549496,1.0,1.0,1.0,1.0,810.1917402603426,2705.428672194651,-843.7143195665063,-1048.0526619038512,-6012.65199556711,-182.03344708210216,-9810.0
993.5813363018642,2746.4664458947364,-714.3878487601135,997.1809720831893,2693.2298783146202,-748.1833094160872,1000.6413726244629,2642.0525208093104,-782.7455096114147,1004.9560422001479,2578.241009754916,-828.6703050470702,0.014932596338270663,0.014354998002756176,0.017898816163840474,1179.1967168312992,1.3204506446981767,-772.0093981393073,241.05893575249604,-3565.12466915589,-2434.272071969187,0.7228135894951333,0.0,1.0,1.0,1.0,993.5813363018642,2746.4664458947364,-714.3878487601135,241.05893575249604,-3565.12466915589,-2189.8469823487158,-9810.0
1060.8207836076676,2409.7921899390694,-1093.3694403617294,1002.036437304744,2305.8264275139204,-1139.0085444870501,948.4256595616353,2211.0106179862346,-1076.5857615430516,888.0000151804911,2104.142062269997,-1008.7279966150622,0.015893606011750872,0.014494821036908228,0.016337366071081244,-178.21559346872706,218.4373528634182,-241.72644318545753,-3698.6160509743163,-6541.357722613888,1246.5854683591517,0.28827420688025984,0.0,1.0,1.0,1.0,1060.8207836076676,2409.7921899390694,-1093.3694403617294,-3698.6160509743163,-6541.357722613888,-4273.612394367884,-9810.0
-841.045171236992,2987.2021123132936,-855.846352264241,-778.9413979671277,2934.9640890635833,-826.5153248188866,-729.470998592426,2893.3525132020227,-805.0957431715553,-671.5189666956388,2844.6066893945454,-782.2882391824728,0.016838044456205997,0.013412788629087954,0.015712392951799513,1169.0787787328163,1296.4046598455127,-1009.5073521198431,3688.3008256326734,-3102.380646729895,2519.8364530301506,0.4990367739629069,0.0,1.0,1.0,1.0,-841.045171236992,2987.2021123132936,-855.846352264241,3688.3008256326734,-3102.380646729895,1826.233373320255,-9810.0
-397.50023683627205,2532.717675853215,-932.8077130892461,-392.57208755521043,2481.746072055672,-995.6619592722187,-387.5489687828934,2429.792203516327,-1061.407911617285,-382.4471143515576,2377.023975957529,-1129.9432211575995,0.013036214082928627,0.013287432653784396,0.013495708590325776,-108.3032218110959,-458.4327192744168,37.82468667027902,378.0353137583988,-3910.000516506703,-1889.1471226916537,0.7251806446729617,0.0,1.0,1.0,1.0,-397.50023683627205,2532.717675853215,-932.8077130892461,378.0353137583988,-3910.000516506703,-4755.324669931083,-9810.0
875.7233667909236,2146.5156825000045,-452.1401667041139,858.6736214841236,2089.122689826987,-515.234798499207,840.4080965607252,2027.6371298239687,-585.7766326697132,826.1628043466142,1979.6845101831702,-642.9612873615473,0.016569886261198694,0.017751448190906058,0.013844363507953247,366.3883119916116,431.98783811343753,66.61373010989195,-1028.9597066652796,-3463.6926149223473,1922.7078978046882,0.44683430203994234,0.0,1.0,1.0,1.0,875.7233667909236,2146.5156825000045,-452.1401667041139,-1028.9597066652796,-3463.6926149223473,-3724.9197488900977,-9810.0
-161.6840501126402,2047.2652084392898,-1009.333586617043,-163.21989467006992,1942.8858699407508,-1038.8047744957562,-164.68089627874943,1843.5930211159468,-1068.8433262908777,-166.1825191759687,1741.5394611200604,-1101.7292571147727,0.01478993271372251,0.014069207318201441,0.0144603837047322,-191.7987862832362,0.6022012106668768,-826.6817950024736,-103.84391782964192,-7057.458645615934,318.39539809140865,0.246680476263344,1.0,1.0,1.0,1.0,-161.6840501126402,2047.2652084392898,-1009.333586617043,-103.84391782964192,-7057.458645615934,-1919.7736006837306,-9810.0
-593.8518428075937,2387.5250513398746,-601.1124020512123,-568.5170782538337,2263.4623025189603,-626.637471792795,-545.6288207866695,2151.379945050366,-651.9836230356696,-524.619195432265,2048.49713089853,-677.159658245466,0.01654936688897827,0.014951240990210009,0.013724066685214947,-103.97662814893005,-11.363068611869494,-834.0050816993812,1530.8600458083265,-7496.525374849199,2588.2784534987436,0.27477532543559696,1.0,1.0,1.0,1.0,-593.8518428075937,2387.5250513398746,-601.1124020512123,1530.8600458083265,-7496.525374849199,-1459.6000767258893,-9810.0
-132.51099428707994,3012.8906332569168,-802.3990075822012,-112.70273404538878,2965.1765268128975,-817.135910522604,-96.23098859748984,2925.499412011788,-831.2861099239523,-76.82614181036853,2878.7570472693333,-850.1852469842526,0.016024396931138944,0.013325238258444769,0.015698045336172344,949.1039822989893,407.4981608957762,-890.4463529899733,1236.1314018126532,-2977.59139698415,1559.5231693803262,0.8299523194742446,0.0,2.0,1.0,1.0,-132.51099428707994,3012.8906332569168,-802.3990075822012,1236.1314018126532,-2977.59139698415,-839.8078664101779,-9810.0
1035.3800372819019,2680.837971529197,-816.7042731740362,975.0773167609623,2609.251102207963,-828.3907809939141,901.6682227031307,2522.1053287186332,-844.8275112484206,838.4074285728731,2447.0068561549,-860.9950933403017,0.013048778402623641,0.01588483890648648,0.013688869706849904,-697.6189835923842,623.5514449938627,-820.576310364596,-4621.330722331427,-5486.097404094231,873.9015747964131,0.33237751298404017,0.0,1.0,1.0,1.0,1035.3800372819019,2680.837971529197,-816.7042731740362,-4621.330722331427,-5486.097404094231,-829.361265425452,-9810.0
-836.7336776641893,2792.23160407765,-656.117352481403,-812.1840730103665,2723.8504194885186,-699.6024902763297,-784.8733083562485,2647.778219328148,-750.0266936646156,-757.8809125914557,2572.592813154702,-802.0137773087135,0.01342341561549977,0.01493318323854315,0.014759103126837859,123.420042702983,117.79143641711727,-159.92522826039462,1828.864229270801,-5094.171747924832,569.4133515807032,0.4818842980191196,0.0,1.0,1.0,1.0,-836.7336776641893,2792.23160407765,-656.117352481403,1828.864229270801,-5094.171747924832,-3171.684664662823,-9810.0
-274.23651745421364,2184.2605508411016,-952.4217338804864,-289.69953674792754,2119.0619467504607,-1006.6593821821834,-307.4601524068683,2044.1757083801788,-1071.2202387337481,-325.8059061074996,1966.8222815007248,-1137.66951923564,0.013797095183574989,0.015847157667643573,0.016369255267302943,-722.5343392195408,294.04806123652395,-232.42586085458248,-1120.7445544133159,-4725.531224011437,886.905004714009,0.35398649188147874,0.0,1.0,1.0,1.0,-274.23651745421364,2184.2605508411016,-952.4217338804864,-1120.7445544133159,-4725.531224011437,-3861.793282997803,-9810.0
-293.88195375585224,2082.746840253986,-996.5299414500493,-306.3467999726445,1967.5157161712077,-998.9616153259258,-321.2923984095236,1829.351307399657,-1004.5992092807575,-334.84005058415437,1704.110196389228,-1012.2560863909674,0.014496055355363182,0.017381058578016258,0.01575530996877339,-534.6479314747877,-143.0114058498988,-1017.0410444584942,-859.8784918533402,-7949.136593228167,641.1138260839955,0.2323675760978473,1.0,1.0,1.0,1.0,-293.88195375585224,2082.746840253986,-996.5299414500493,-859.8784918533402,-7949.136593228167,-95.87746830801512,-9810.0
181.3445018179077,2589.740476470474,-519.707950289755,144.84106952059102,2541.4683239555584,-556.426601793456,104.04225439603695,2487.5159555842943,-599.9427626533277,71.30906060588022,2444.2295678805585,-636.7392522242513,0.014606896511584488,0.016325699607251342,0.013098230607251841,-1005.7064454845583,1019.9838600393191,-325.1627619719834,-2499.054625899926,-3304.7507714340068,1464.0738082604612,0.43096917327391265,0.0,1.0,1.0,1.0,181.3445018179077,2589.740476470474,-519.707950289755,-2499.054625899926,-3304.7507714340068,-2441.5337502175157,-9810.0
-160.98099215316688,2028.7463048535265,-1138.8879401734355,-172.216663031914,1938.347967285528,-1086.1532431363557,-182.5332815668078,1855.344008292597,-1018.005457103179,-192.86899564483895,1772.1864131373752,-951.743671487781,0.015503753733904835,0.014235581912084887,0.01426193125974835,-371.14587291433867,337.8320692004306,-122.60237353598097,-724.706485383348,-5830.738743631373,2163.806972791577,0.24599873309426207,0.0,1.0,1.0,1.0,-160.98099215316688,2028.7463048535265,-1138.8879401734355,-724.706485383348,-5830.738743631373,-4962.074510467499,-9810.0
98.4001387608032,2512.856274700327,-867.5151122806969,102.94945578052683,2448.3577975808785,-852.0255688568992,107.30543615855399,2386.6003734385577,-839.0880012213065,111.54042447973089,2326.5583284128293,-828.2657934453052,0.014345672940025218,0.013736011266179272,0.01335447872659377,272.81679884420356,40.043562183954506,-851.1805619799237,317.1212001516359,-4496.023113666133,1002.1838387605972,0.5085638370672021,1.0,1.0,1.0,1.0,98.4001387608032,2512.856274700327,-867.5151122806969,317.1212001516359,-4496.023113666133,1151.0740302740498,-9810.0
407.55750699459713,2877.918282642383,-527.6145830386725,384.466085596607,2810.91465754186,-577.0669473333403,361.4914145058158,2744.2498030037505,-628.2254159428168,334.8739704706518,2667.014832902624,-689.9096192650552,0.014195265867171512,0.014123494553392306,0.016362859967407564,-454.59283632781137,376.244722205334,-2.508345668207645,-1626.698760985678,-4720.138793277462,1159.9201997431335,0.48531837961202895,0.0,1.0,1.0,1.0,407.55750699459713,2877.918282642383,-527.6145830386725,-1626.698760985678,-4720.138793277462,-3412.927962818035,-9810.0
-999.9270479630877,2411.1771195784772,-818.1172886247416,-994.0731064511035,2332.6617869564147,-836.3357921933673,-988.0380145300788,2251.7167948320634,-857.2639211229764,-982.0526676429392,2171.4390023839965,-880.1838109765403,0.014489823546928933,0.014938211604287674,0.01481508144286476,-816.1053900025022,-54.31020863746535,-746.5246832850379,404.00364386942374,-5418.653468606465,-16.633409207766746,0.4107568834059189,0.0,1.0,1.0,1.0,-999.9270479630877,2411.1771195784772,-818.1172886247416,404.00364386942374,-5418.653468606465,-1185.4829633052564,-9810.0
-194.36821932428165,1945.0593680387892,-818.5767870955856,-226.43933669063694,1797.0169152574238,-847.4188861941253,-257.87213307930205,1651.9209953991112,-877.8747426021001,-294.6365355133524,1482.214020453245,-916.285566358406,0.015184573581418732,0.014882350501892735,0.01740668301511591,-595.6644603372074,92.6487041740129,-990.0420895773035,-2112.0854790153944,-9749.529809814609,2587.1093613306575,0.1425263929015727,1.0,1.0,1.0,1.0,-194.36821932428165,1945.0593680387892,-818.5767870955856,-2112.0854790153944,-9749.529809814609,-1824.666809402824,-9810.0
841.5772740839841,2262.2272916586603,-584.1656250008124,805.7372634678427,2179.128739652946,-590.0674569668646,775.0149658390028,2107.89610318449,-597.2144925917366,741.8452133898434,2030.9888045669006,-607.1480261955793,0.016485599495005457,0.014131566524908011,0.015257340743616954,-104.1210987743907,69.5335935351801,-815.4487119305647,-2174.0192479502875,-5040.675168099953,2147.8213573396165,0.38912549323646983,1.0,1.0,1.0,1.0,841.5772740839841,2262.2272916586603,-584.1656250008124,-2174.0192479502875,-5040.675168099953,-275.58395277791846,-9810.0
-621.9080176757388,3127.9760593518827,-990.3723100419348,-598.3928441702412,3105.0692693518276,-1023.4083007751094,-573.3986819947476,3080.7217550097585,-1060.4784683374057,-549.7991784514718,3057.7328167548485,-1097.3445549044732,0.013563770712941238,0.014416865128858489,0.013612413062799731,1302.471503588102,1253.3839980306525,-808.1882656094614,1733.6752443818377,-1688.8216768659643,-1424.307610104143,1.0684069510953988,0.0,2.0,1.0,1.0,-621.9080176757388,3127.9760593518827,-990.3723100419348,1733.6752443818377,-1688.8216768659643,-2367.22398432062,-9810.0
843.8617320779058,3223.472668093418,-600.8003022784169,774.756331305907,3204.021139426474,-668.3892264250175,716.2000261448192,3187.5389305723616,-727.805102744495,645.3437531748926,3167.5945729749765,-802.3858197319992,0.016835192772491722,0.014265262547051311,0.01726173354416542,-387.5836402301899,2876.8500496926213,-392.6634917731687,-4104.81790769365,-1155.4087280026138,3371.1210515578096,0.2516378111362917,0.0,1.0,1.0,1.0,843.8617320779058,3223.472668093418,-600.8003022784169,-4104.81790769365,-1155.4087280026138,-3930.471324064882,-9810.0
-655.1201253496218,2967.209813765449,-612.8054313088186,-642.7381206635214,2908.2985014213596,-621.3894759504557,-627.7089611154355,2836.792510683014,-634.0503202235126,-612.2756290553692,2763.3635410977213,-649.6693993028377,0.0131740415201345,0.01599052632579539,0.0164205524475027,-20.701814890830565,-51.236406514431906,-614.047864057594,939.8789784574666,-4471.772178192409,-604.8288617956382,0.629414879706568,0.0,1.0,1.0,1.0,-655.1201253496218,2967.209813765449,-612.8054313088186,939.8789784574666,-4471.772178192409,-584.8112584475873,-9810.0
960.3896602550008,2091.1214005518273,-758.69132825672,901.7447121741291,1981.8815314372825,-842.7617538658785,852.7380560734628,1890.5952250567939,-915.3311134080001,804.2647628639236,1800.3024312349137,-989.2063926607698,0.017640544597309044,0.014741322668009482,0.01458088579875854,29.546206297864103,357.20875497860465,-250.74204122804494,-3324.4409069897697,-6192.545162761515,3451.4277820354455,0.23303724693592306,0.0,1.0,1.0,1.0,960.3896602550008,2091.1214005518273,-758.69132825672,-3324.4409069897697,-6192.545162761515,-4677.490803090205,-9810.0
-662.0191972223747,3178.5460508122383,-1115.5248593923832,-634.0370699339551,3159.3540578431703,-1124.6690487780852,-606.8061045936691,3140.6772614021797,-1066.5795557408387,-576.0832818071526,3119.6055182558766,-1003.7928533743354,0.01569534384390648,0.015274012579957343,0.01723261646691677,1058.4115943469671,1998.5608654388805,-664.7536162248257,1782.8298358231555,-1222.7825755164731,2453.14866420418,0.9167980271092202,0.0,2.0,1.0,1.0,-662.0191972223747,3178.5460508122383,-1115.5248593923832,1782.8298358231555,-1222.7825755164731,-3855.2586746175716,-9810.0
-312.06068510108196,2044.5840028047376,-503.2733345545197,-298.8336543118969,1968.5302116389992,-535.7742903129848,-285.12906577659186,1889.7305224957126,-571.407359235071,-269.1573722335952,1797.8952599456752,-615.4395953041524,0.013815706143729466,0.014314517826578995,0.016682521430899176,-34.41733564372376,448.16908136588637,-805.2917072780616,957.3908601977874,-5504.879039444324,3337.313728297904,0.2451872545987925,1.0,1.0,1.0,1.0,-312.06068510108196,2044.5840028047376,-503.2733345545197,957.3908601977874,-5504.879039444324,-2283.0939269004725,-9810.0
-844.4072729988951,2840.010275845136,-883.8089353853356,-813.6017377812494,2766.4583190241883,-924.1611961513075,-779.2795125811034,2684.509837750149,-971.8883901046354,-744.103949870973,2600.523909528845,-1023.7757500229482,0.015453885247785506,0.017218065712680253,0.017646150466402513,481.19341519502734,-325.0223681586998,-809.4804678226175,1993.3844935246962,-4759.447584968183,-2228.491577631994,0.6146818985731322,1.0,1.0,1.0,1.0,-844.4072729988951,2840.010275845136,-883.8089353853356,1993.3844935246962,-4759.447584968183,-2534.6839573350335,-9810.0
758.7477577353084,1965.330547530978,-1139.9331969785064,709.7531791790312,1825.560857944615,-1121.9858268063692,661.2977293006604,1687.3291721574176,-1085.5503612137588,619.7794326653612,1568.8875077147945,-1056.6958134912422,0.017503086253434868,0.017310485030418852,0.014832219166221058,58.948621644920195,-31.027231356931246,-878.3415354173892,-2799.196544361552,-7985.431115551639,-92.58287157520843,0.20035420954992533,1.0,1.0,1.0,1.0,758.7477577353084,1965.330547530978,-1139.9331969785064,-2799.196544361552,-7985.431115551639,-2267.4058398668785,-9810.0
-816.1172968960173,3002.060138572865,-1132.7457115020086,-812.780125925022,2966.1631948851186,-1138.3959413333844,-809.3503450009979,2929.2700738070903,-1109.0808203900606,-806.5157810961398,2898.7795230512606,-1087.1164019150456,0.016930497389638973,0.017400336238664316,0.014380616758647019,-634.7760626334939,1051.427063082868,-1573.890069103071,197.11003724187765,-2120.2533429239047,-3416.863068606897,0.8712885496130504,0.0,2.0,1.0,1.0,-816.1172968960173,3002.060138572865,-1132.7457115020086,197.11003724187765,-2120.2533429239047,-1737.801473272738,-9810.0
-794.9246185402735,2289.9566733539455,-678.3749582681891,-769.6975191426087,2224.621404990541,-683.064005087068,-739.8059910639046,2147.2058060733248,-690.7832364698949,-709.0182616753523,2067.4691494647914,-701.2183746119345,0.013170456927684928,0.015605642046175905,0.01607352702033918,28.71064336120139,156.83664946103534,-805.9729224211137,1915.430841631337,-4960.744241611405,1608.2763166690609,0.38515037400580027,1.0,1.0,1.0,1.0,-794.9246185402735,2289.9566733539455,-678.3749582681891,1915.430841631337,-4960.744241611405,-289.26631467989694,-9810.0
659.4139895133483,2062.915553390718,-456.74255941795025,620.4835997344554,1990.1208568000932,-460.14225457344645,578.7479686255847,1912.080728744769,-466.2400960788162,540.529190526064,1840.6166521809268,-474.0133486360121,0.014952866869334124,0.016030338746234184,0.014679542231056688,-382.0020845836611,115.60478745554131,-1013.4355956717701,-2603.540185242524,-4868.276914837932,3308.4284034457687,0.35433725215337525,1.0,1.0,1.0,1.0,659.4139895133483,2062.915553390718,-456.74255941795025,-2603.540185242524,-4868.276914837932,-153.9403698139494,-9810.0
1029.2920720098832,2123.623988792849,-766.5087177344853,962.8064693096013,2059.6579205400626,-826.2641099636311,878.6412118436657,1978.6821846676019,-904.6479779867186,812.2643653188177,1914.8207511726905,-968.6175403117264,0.013994554981572925,0.017715945637961167,0.013971662893438354,-372.1996383309269,775.2431249912707,-308.51801553307024,-4750.81935708749,-4570.782589157876,2941.504671918484,0.2493178364870277,0.0,1.0,1.0,1.0,1029.2920720098832,2123.623988792849,-766.5087177344853,-4750.81935708749,-4570.782589157876,-4199.85201400984,-9810.0
196.21871807272532,2241.3635832138466,-626.6545342305006,205.04192911483685,2168.1235608820584,-625.7501813253139,216.15110017135575,2075.908160798827,-627.2223467134564,226.5527645240317,1989.5656573902902,-631.2815583365125,0.013760163250189573,0.017325212621843656,0.016221826598431376,462.32258006185293,32.47923242146615,-939.8722687713669,641.2141252750046,-5322.6128934756125,2482.572592170341,0.36769279752953565,1.0,1.0,1.0,1.0,196.21871807272532,2241.3635832138466,-626.6545342305006,641.2141252750046,-5322.6128934756125,134.87797273885406,-9810.0
881.9229524261959,2534.895224123141,-582.1224993763884,837.550662039749,2449.405063374297,-639.5091160559841,793.0120382787946,2363.5944353518294,-699.6420800284922,744.244148577356,2269.6354647048843,-768.3698375881793,0.016052015559801458,0.016112187930721583,0.017642157244722276,-223.78966593350907,404.56684435418583,-217.51046812828753,-2764.2815458992636,-5325.820949422384,2249.6854691911967,0.35019363926475494,0.0,1.0,1.0,1.0,881.9229524261959,2534.895224123141,-582.1224993763884,-2764.2815458992636,-5325.820949422384,-3495.0369129258956,-9810.0
-432.945003454685,3142.649548944137,-938.8265895341802,-406.86343522867173,3102.8789344612806,-963.4098828810526,-381.7488546442447,3064.582836095321,-989.6197844640387,-356.9236845630916,3026.7280468352124,-1017.9882498033622,0.016617439086069143,0.016001338930902304,0.015816945823580397,1128.7372900967239,761.3102098629163,-922.0211587120017,1569.5299432677457,-2393.305868423328,-1272.4248284376488,0.9465642761594489,0.0,2.0,1.0,1.0,-432.945003454685,3142.649548944137,-938.8265895341802,1569.5299432677457,-2393.305868423328,-1396.2436914375328,-9810.0
-260.70972496216143,2879.095897365496,-840.9988239027188,-275.93553254352287,2829.183861858361,-841.5154572473914,-290.40623398698966,2781.7471554373756,-844.7152191185622,-304.83438569412095,2734.4499321892495,-850.5684623908479,0.017383060131677758,0.01652096757398048,0.016472389222956775,-1044.6394635750707,309.27956810594605,-907.1310776895814,-875.8991492881634,-2871.3031611838633,1140.2422381383255,0.8446235830713856,0.0,2.0,1.0,1.0,-260.70972496216143,2879.095897365496,-840.9988239027188,-875.8991492881634,-2871.3031611838633,57.30311555545762,-9810.0
847.3146252929782,2919.33917405624,-1108.7238497755216,834.2870216676063,2873.820283731431,-1139.4213463190977,822.3451247978253,2832.0948897512912,-1132.5626492579725,811.0106418535023,2792.49182069366,-1106.2043738337936,0.015859626797664405,0.014537902215728083,0.013798444795431242,95.7044222728864,293.1875515392368,-1268.7825099165218,-821.4319158689548,-2870.1110628601205,-2566.4253487980754,0.8708040261911769,0.0,2.0,1.0,1.0,847.3146252929782,2919.33917405624,-1108.7238497755216,-821.4319158689548,-2870.1110628601205,-1856.6827258144294,-9810.0
-545.3479946054063,2991.7139433325738,-677.9901296405715,-541.821191662162,2932.6983769399235,-695.0812002972592,-539.1977327936245,2888.798869786811,-709.820643062166,-535.6670636898128,2829.7186092053066,-732.420856622082,0.01796574337812427,0.013364055081528051,0.01798543782936908,-360.81932262815565,-96.08661362289517,-978.7033162844582,196.30709784814223,-3284.8942095270877,2577.2325500176817,0.8906847637109794,1.0,2.0,1.0,1.0,-545.3479946054063,2991.7139433325738,-677.9901296405715,196.30709784814223,-3284.8942095270877,-861.5452940898217,-9810.0
-257.39195562351233,2485.3551575674396,-768.2148163270397,-237.5002548316892,2382.341981101127,-800.7098225428485,-218.14558069224233,2282.1099052499567,-834.67352619238,-197.74172100963855,2176.444410877452,-872.9972207782279,0.015819934061568838,0.015392835025704096,0.016227255686099132,207.83939517294488,76.06096302792699,-636.7246201627554,1257.3820291796135,-6511.605931187873,1149.6794864132405,0.32255997522662816,0.0,1.0,1.0,1.0,-257.39195562351233,2485.3551575674396,-768.2148163270397,1257.3820291796135,-6511.605931187873,-1975.3950246673828,-9810.0
799.1188341837506,2980.92978319772,-1078.9955444849882,800.2559629612755,2933.3514420767324,-1133.3722435964182,801.1023554924548,2897.937728725499,-1067.547523912524,802.1855131922966,2852.6175789329036,-985.8786326499198,0.017970765423404828,0.013376076601501741,0.017117826340461308,868.7230845207048,68.63450806576665,-858.3923949680577,63.27659121541799,-2647.541159210858,4412.244676926082,1.0515353316346308,0.0,2.0,1.0,1.0,799.1188341837506,2980.92978319772,-1078.9955444849882,63.27659121541799,-2647.541159210858,-4878.209916837164,-9810.0
203.0530349797193,2117.0563523867186,-555.6633770979566,193.33669770659802,2016.6404900221082,-559.4662102700122,184.5216053394445,1925.5387634157148,-565.1747988161036,175.22919233905708,1829.5040500609919,-573.5507322660897,0.016398406773292414,0.014877362355525912,0.015682943479877004,-19.14089689387859,-179.26114402139643,-1016.8045575181042,-592.5171516629275,-6123.513323754978,3011.56883436699,0.3280412873913049,1.0,1.0,1.0,1.0,203.0530349797193,2117.0563523867186,-555.6633770979566,-592.5171516629275,-6123.513323754978,-149.96192759748948,-9810.0
-161.9718286018939,2400.029922586598,-1090.7347476174602,-161.28807135373364,2312.982508696696,-1102.8567027425552,-160.67641159450403,2235.113644615595,-1115.6059451806932,-160.0199878298373,2151.5459876966293,-1131.2428065975812,0.015045911847583651,0.013459424149206513,0.014444445195145948,-143.11226988182378,-0.9330187263033096,-1072.9514933816008,45.44471980739809,-5785.452870633502,431.19121539038395,0.37205021880806416,0.0,2.0,1.0,1.0,-161.9718286018939,2400.029922586598,-1090.7347476174602,45.44471980739809,-5785.452870633502,-731.7900251043503,-9810.0
-922.2944435418095,3023.758646130702,-1125.4746128538752,-885.1748089449928,2991.0997414203594,-1109.894816745659,-844.1532336203215,2955.00779886359,-1038.964641246006,-810.1918141010807,2925.1275811310056,-982.1803455317627,0.014661732891603338,0.01620294452614831,0.013414282414662977,1204.363659688462,1152.664679305084,-771.9881939932716,2531.735837178896,-2227.4928176495596,-3638.8776556376974,0.795721040167586,0.0,1.0,1.0,1.0,-922.2944435418095,3023.758646130702,-1125.4746128538752,2531.735837178896,-2227.4928176495596,-4491.890882045321,-9810.0
-210.77349532572032,2276.1420276318822,-915.5355852299874,-179.24516690582405,2159.9823711246095,-961.9525896809043,-149.2095738606604,2049.3223917989462,-1008.2585091265996,-112.82270004935168,1915.262421761721,-1067.0810095012507,0.015097393001498805,0.014382594160931152,0.01742391561991602,363.51706693298996,160.28629437193138,-600.935944283536,2088.3293173044012,-7694.020848218007,1682.0214080927594,0.22809609721765417,0.0,1.0,1.0,1.0,-210.77349532572032,2276.1420276318822,-915.5355852299874,2088.3293173044012,-7694.020848218007,-3000.2967732831694,-9810.0
-931.7091297910417,3215.0391018471046,-1139.115466725464,-869.4455189497548,3172.1722195440802,-1085.5982139939779,-799.8572866479706,3124.262525206564,-1002.6154064360805,-735.5234619708212,3079.9703543337805,-928.5380335960783,0.01564237857679766,0.01748253047722133,0.01616247479540643,1277.4372508093882,1694.0990759185756,94.35434661029718,3980.443929009779,-2740.4324791504864,-457.8747896543038,0.505712616150575,0.0,1.0,1.0,1.0,-931.7091297910417,3215.0391018471046,-1139.115466725464,3980.443929009779,-2740.4324791504864,-4940.74145331762,-9810.0
211.00893099232007,2935.864819052267,-1099.7327180318582,187.47847856053895,2902.0361965164843,-1074.475773556662,165.7364033943858,2870.778639694202,-1053.8135911230604,144.28793496207683,2839.9431874362913,-1035.9740877197967,0.01764029956550213,0.01629958965806315,0.016079478686781307,-1176.250420141932,941.4674276373902,-1082.4873990481171,-1333.9032222444755,-1917.6897994373821,-1404.0913460211448,0.9899806320896533,0.0,2.0,1.0,1.0,211.00893099232007,2935.864819052267,-1099.7327180318582,-1333.9032222444755,-1917.6897994373821,1520.033308025076,-9810.0
-929.0729900703568,2482.282799598088,-496.3536232262569,-919.0018505713049,2392.9017810031587,-499.7087195025856,-909.0802986476742,2304.8483470238084,-505.1821079104749,-899.4092675210521,2219.0182765494465,-512.5934487852426,0.015023561030448516,0.014800414675564911,0.014426701801901674,-640.8197606385711,-75.95475259909405,-896.136925010151,670.356347515781,-5949.389656272508,2804.635644283388,0.38574932249208516,1.0,1.0,1.0,1.0,-929.0729900703568,2482.282799598088,-496.3536232262569,670.356347515781,-5949.389656272508,-149.5934573615039,-9810.0
29.61260405349276,2913.4604760989014,-529.8567738497121,14.817598840140649,2836.2667469746502,-530.4110216172911,3.316678695715871,2776.2600824614706,-532.7956434488202,-7.8953080778235725,2717.7609432276295,-536.8342533690524,0.017162576908018447,0.013341355656538306,0.013006185703733054,-496.23810172998867,169.8063606266942,-586.0013220651738,-862.0503373499703,-4497.79363192166,1050.7015400499147,0.5664898817317107,0.0,1.0,1.0,1.0,29.61260405349276,2913.4604760989014,-529.8567738497121,-862.0503373499703,-4497.79363192166,53.64215572283109,-9810.0
167.55915842552895,2510.0559002542177,-986.1568433321589,143.67128968432627,2449.2496990024697,-1053.8923453943216,114.00912560456761,2373.745118073273,-1137.4244553768374,87.59801700815021,2306.5160487078037,-1082.572310535999,0.01437894376762499,0.0178546941106242,0.015897770096730802,-688.0149783492881,332.2051380057291,107.40520619238956,-1661.3090034462473,-4228.83643155047,258.79702289239856,0.46686859202502035,0.0,1.0,1.0,1.0,167.55915842552895,2510.0559002542177,-986.1568433321589,-1661.3090034462473,-4228.83643155047,-4639.286108959872,-9810.0
808.7946827427684,2067.007260210464,-571.3233109357025,766.8079823509786,1993.6752592726023,-545.6639931990095,731.3050125118741,1931.667437909074,-526.2155288152943,697.1394074814608,1871.9953951728266,-509.4597110572182,0.017243523819911764,0.014580719618013088,0.014031477078842572,-286.92191054936126,153.28006809604403,-856.1085305722008,-2434.925762871401,-4252.727093587599,-2840.1060436366647,0.40414427948323284,1.0,0.0,0.0,1.0,808.7946827427684,2067.007260210464,-571.3233109357025,-2434.925762871401,-4252.727093587599,1574.3939563633362,-9810.0
120.19677820200855,2293.1107189992563,-858.7898856719247,142.97133831699858,2199.2870298362286,-877.2664516046802,173.100326408731,2075.1655188501754,-904.2958902761538,202.3034557648903,1954.858241016231,-933.388568754538,0.013225290604566583,0.017496040367972733,0.016958389990757647,636.8106083841494,164.83183345330565,-842.4013577000741,1722.0461006071334,-7094.262951819827,1202.930753845018,0.2523202790367032,1.0,1.0,1.0,1.0,120.19677820200855,2293.1107189992563,-858.7898856719247,1722.0461006071334,-7094.262951819827,-1330.0701813158491,-9810.0
-441.9918535869315,2348.632362154326,-928.4875200065172,-459.97121481052835,2291.25341055069,-1008.8065501328393,-477.3765712369791,2235.7063256672395,-1088.9126202573123,-496.4684508634542,2174.776906457829,-1122.3288358127552,0.015902904590568596,0.01539519225251499,0.016886936992843535,-939.4430514690055,761.0771729864041,217.0424667640099,-1130.5709042774333,-3608.0799753816345,1496.4523107035566,0.3918149661640732,0.0,1.0,1.0,1.0,-441.9918535869315,2348.632362154326,-928.4875200065172,-1130.5709042774333,-3608.0799753816345,-4971.443960471471,-9810.0
-748.3986110454144,1973.3035530762913,-891.7963299332687,-706.5197171036623,1822.8399513186785,-934.3540572333914,-666.2135608345037,1678.0269232167936,-978.1726779948041,-628.7882268343918,1543.5641898296449,-1021.4520156722612,0.017735800399320212,0.01706974265958129,0.015849708319113906,-205.30806030984283,22.07340698277558,-801.4958490102387,2361.2632640677075,-8483.609330841378,1888.8453554553353,0.1793447486219847,1.0,1.0,1.0,1.0,-748.3986110454144,1973.3035530762913,-891.7963299332687,2361.2632640677075,-8483.609330841378,-2310.8307966828656,-9810.0
-95.47615997042158,2313.4745487384544,-807.9830376500421,-106.161257762155,2251.713328881023,-804.7081985803949,-117.28360281774034,2187.424764405771,-803.203365833728,-129.10680408218298,2119.0851621911015,-803.7500508171782,0.013589297353117554,0.014145388013318863,0.015036736282616758,-480.7571485233909,86.50159025808873,-829.968282971467,-786.2877317407545,-4544.842772408916,725.6217521665897,0.44722857835094715,1.0,1.0,1.0,1.0,-95.47615997042158,2313.4745487384544,-807.9830376500421,-786.2877317407545,-4544.842772408916,309.46976494030764,-9810.0
305.3304051253315,2141.3036161510495,-1076.8360046946307,306.4943517002007,2008.4970585036651,-1107.3233808540663,307.4850591870293,1895.457118525328,-1135.7382624153622,308.52763835005646,1776.498608997445,-1134.0911625711078,0.01795692399395484,0.015284257392332072,0.016084513836267023,324.12786212997776,-3.490321313250206,-954.70840141809,64.81881725740436,-7395.841163669996,-435.2328323396716,0.24067430477744622,1.0,1.0,1.0,1.0,305.3304051253315,2141.3036161510495,-1076.8360046946307,64.81881725740436,-7395.841163669996,-1608.077265487933,-9810.0
-41.48702844896559,2479.1695975352022,-1072.2629834100844,-11.020953422449859,2426.4739330764937,-1118.1835856647854,24.091045099481878,2365.7424443311916,-1128.700345788421,59.04868428936338,2305.2779432947,-1075.7516333369283,0.013128252780280748,0.015130245422673395,0.015063729853195307,1084.0280446652903,532.4217941365837,-512.7484002062175,2320.6496352871272,-4013.9129966981786,-891.7991215884042,0.4416777719438509,0.0,1.0,1.0,1.0,-41.48702844896559,2479.1695975352022,-1072.2629834100844,2320.6496352871272,-4013.9129966981786,-3431.263932179998,-9810.0
-286.40221365944524,2463.444568151317,-1144.522715217523,-252.9604196421397,2404.6204637089263,-1149.9735427209123,-217.6899662178634,2342.579747983972,-1144.9039351555468,-184.33535771959095,2283.909002840272,-1141.345989797818,0.015489180997444806,0.016336158181820555,0.015448799423299589,652.7811040335756,811.4214278276604,-1521.4634073817374,2159.0421096391274,-3797.754345571624,-2735.3689219401194,0.3877258613974353,0.0,2.0,1.0,1.0,-286.40221365944524,2463.444568151317,-1144.522715217523,2159.0421096391274,-3797.754345571624,-295.53282037808896,-9810.0
-796.2886879008659,3016.1273537940715,-1023.614917486854,-791.6799693421924,2961.874226008133,-1004.4939985901829,-786.4869905260538,2900.7432761106993,-985.7413677375403,-782.3680835844841,2852.2561355325843,-972.9398009621423,0.015379241477567944,0.01732891131982637,0.013744745675306265,-534.076228026219,-70.59749423812573,-982.5418045445947,299.67138271388916,-3527.6855406082345,966.3900826568974,0.8285471015273,1.0,2.0,1.0,1.0,-796.2886879008659,3016.1273537940715,-1023.614917486854,299.67138271388916,-3527.6855406082345,1319.288094079723,-9810.0
72.83517902987683,2184.223288606795,-506.2375978987999,37.975175149204745,2090.657179770126,-521.5284280816243,4.7277286688459625,2001.4192609629117,-538.2143769304904,-26.626231671349423,1917.2635598994973,-555.8447982625994,0.015163469633344029,0.014462036401856865,0.0136384042621185,-662.8276680328494,209.6649881836342,-1010.1763886631496,-2298.946397071021,-6170.494688822383,3280.094123324263,0.27673608970268077,0.0,1.0,1.0,1.0,72.83517902987683,2184.223288606795,-506.2375978987999,-2298.946397071021,-6170.494688822383,-933.766603283494,-9810.0
879.6679048562578,2283.046377472433,-1031.7359582031652,824.7132703569592,2198.0600359333102,-1035.2106427335282,769.6571036644871,2112.9166767063275,-1040.42528232906,708.9964021751136,2019.106006473511,-1048.20652446857,0.01337339519881828,0.013398103399629489,0.014761985798764428,-414.7460872471604,281.258709731243,-1031.9759633075823,-4109.250768582281,-6354.881484892662,-202.6183783988428,0.27346651560278795,0.0,1.0,1.0,1.0,879.6679048562578,2283.046377472433,-1031.7359582031652,-4109.250768582281,-6354.881484892662,-192.21161910589433,-9810.0
-207.22654361872992,2762.8144569704587,-1058.6215645225036,-187.6632075968499,2704.10022524758,-1034.5135039751767,-167.37213805380898,2643.201891869127,-1011.7268717261271,-143.60883278244017,2571.8825519240286,-987.9623827100427,0.014671399323454562,0.015217158445419961,0.0178211395281192,646.1709257001766,201.5653576722319,-910.7375669138296,1333.43354581079,-4001.9517176534882,-203.6720463347696,0.5922903027030068,1.0,1.0,1.0,1.0,-207.22654361872992,2762.8144569704587,-1058.6215645225036,1333.43354581079,-4001.9517176534882,1715.6775801967906,-9810.0
408.56992723966596,2860.8680729451753,-980.1084519554516,416.61405461835966,2811.121549096032,-1030.0387241579747,423.2316916788193,2770.1967322258915,-1072.9883082311167,430.74580740410096,2723.727908506985,-1123.8360701209651,0.016052802704856227,0.01320610889196952,0.014995115263700884,844.530609503972,164.79832459763747,-855.0945447347544,501.1042324877114,-3098.9307452270414,2594.0904330677677,0.8257459731394741,0.0,2.0,1.0,1.0,408.56992723966596,2860.8680729451753,-980.1084519554516,501.1042324877114,-3098.9307452270414,-3030.3684778640495,-9810.0
-869.3239115624865,2748.7630587457315,-556.2302716921902,-868.4321113416557,2685.678955262921,-610.7258110155452,-867.4674367734152,2617.4398711399795,-672.0932651842388,-866.6203541092593,2557.5189951456573,-728.0271905871557,0.014781835728771248,0.015989748226539834,0.01404062983812544,-830.1088807519559,-25.22712868518529,109.26299246759032,60.33081663159615,-4267.677211432184,-45.7875271891862,0.605187786206564,0.0,1.0,1.0,1.0,-869.3239115624865,2748.7630587457315,-556.2302716921902,60.33081663159615,-4267.677211432184,-3613.804651687533,-9810.0
832.1543485591767,2028.3052452737297,-901.4509595657169,791.2815416195539,1926.4852692856884,-962.2511846205001,750.3869736580671,1824.6110834968147,-1025.6933572738806,717.801551086787,1743.4361607989674,-1078.1074087195593,0.01636004724905885,0.016368757474084696,0.013042878451782924,70.16351034187569,130.07767883812195,-408.7531061364773,-2498.330617105907,-6223.696939133134,1882.3983189823057,0.2592283168250737,0.0,1.0,1.0,1.0,832.1543485591767,2028.3052452737297,-901.4509595657169,-2498.330617105907,-6223.696939133134,-3634.6541692733695,-9810.0
-913.8838472509678,2152.755885922425,-611.0689771455645,-865.0444529957381,2050.450835640924,-664.0309863851323,-811.91346468629,1939.1560803845796,-724.2009160012136,-757.4754399461895,1825.1234445751127,-788.566044502556,0.015076679169823306,0.016401490578098366,0.016804971604608206,25.54214798844535,184.91772690541154,-525.3549777469375,3239.399983584181,-6785.648824196608,3184.7829939921257,0.24171685864747028,0.0,1.0,1.0,1.0,-913.8838472509678,2152.755885922425,-611.0689771455645,3239.399983584181,-6785.648824196608,-3438.76922491388,-9810.0
-38.721985141872665,3228.45465664187,-925.8773638805833,-23.335713653239996,3202.1452996716666,-997.5728353370764,-10.202981772265726,3179.6893244663815,-1061.1808267137988,5.16105570237098,3153.4179859733335,-1136.7212750074923,0.017731106085076817,0.01513413190066612,0.017705483655292523,1262.911828462891,1002.7595834777851,-158.062693051267,867.7558757365028,-1483.7967154427247,-758.2446832390428,1.4494292783589646,0.0,2.0,1.0,1.0,-38.721985141872665,3228.45465664187,-925.8773638805833,867.7558757365028,-1483.7967154427247,-3954.800308727265,-9810.0
138.1257492942027,3106.74107562876,-690.7281180379805,159.66492258454772,3065.51730045139,-686.2973996377864,182.6008989596509,3021.620187000682,-683.8232574724933,208.4133378453231,2972.217818439047,-683.8722018352337,0.014492513294869934,0.01543234450395571,0.017367756351693735,1393.988073518138,703.1490059765844,-859.1250057349826,1486.2276026318707,-2844.4876563931166,-1856.320759811443,0.7977073858494813,0.0,1.0,1.0,1.0,138.1257492942027,3106.74107562876,-690.7281180379805,1486.2276026318707,-2844.4876563931166,377.582047477886,-9810.0
625.2621846082511,2176.696884277072,-610.3658869751887,630.7012653417216,2096.0919646261755,-679.5190498001361,636.4764150443598,2010.5066422961627,-755.4888021115609,641.6024648758589,1934.540710727641,-825.0832373329283,0.01535997641838006,0.01630903595515006,0.014475976436008828,738.5765405227467,497.425146761786,-209.45191787437727,354.1073622328074,-5247.724179735264,3424.284281076377,0.27385501119046124,0.0,1.0,1.0,1.0,625.2621846082511,2176.696884277072,-610.3658869751887,354.1073622328074,-5247.724179735264,-4426.291878415039,-9810.0
460.7418590360792,1947.2787790812552,-545.9895766812875,474.32982587075,1829.8639314250709,-594.285782687871,488.9541924265926,1703.4934602489802,-648.1123271223099,505.9588762232383,1556.5544529848298,-713.1401683623595,0.013084935789092398,0.014082967648337323,0.016375164754243266,673.6227814957483,107.75551679802834,-847.4635880180581,1038.4435241935055,-8973.28420625965,4364.905950210753,0.1614569318083271,1.0,1.0,1.0,1.0,460.7418590360792,1947.2787790812552,-545.9895766812875,1038.4435241935055,-8973.28420625965,-3624.5814668025782,-9810.0
-479.7540101378222,2009.6036567236602,-668.9909320956205,-440.46605668262805,1911.1689613277292,-685.6088754228317,-399.90036101758574,1809.532924193182,-705.5049816920261,-367.05524881085233,1727.24055895196,-723.6675458281032,0.016373565792107424,0.016906074978725195,0.013688460669742511,276.080454725758,115.88487589068356,-918.7867056982,2399.4744916304116,-6011.805653438017,2402.312838659413,0.26803189855942505,1.0,1.0,1.0,1.0,-479.7540101378222,2009.6036567236602,-668.9909320956205,2399.4744916304116,-6011.805653438017,-933.1205929020059,-9810.0
-757.4617822197089,2502.6941355007675,-458.05840204995445,-732.5466133872385,2423.6478367091563,-530.6068536924415,-706.0377780901454,2339.5454439218042,-610.5592829517481,-681.4972974614852,2261.6878874546474,-687.1111608077699,0.016056768388533697,0.017083818756246656,0.015815297750829016,-144.5432016755868,558.1379665904999,15.469809254549308,1551.6926089724566,-4922.927009899417,3225.96391782917,0.34604411510439087,0.0,1.0,1.0,1.0,-757.4617822197089,2502.6941355007675,-458.05840204995445,1551.6926089724566,-4922.927009899417,-4438.215972541244,-9810.0
-649.2805670671089,2739.272473590273,-739.2493262260375,-631.8058660463819,2694.455744913146,-760.1832629487803,-616.4385661641401,2655.043791111729,-781.0667015366062,-603.3784267138427,2621.54892756384,-800.6490774322632,0.017569025445579187,0.015450249039495052,0.013130635085139765,315.5117057092039,264.90490257901706,-803.3204694748018,994.6312090477436,-2550.8944031043784,1572.9928177768047,0.9238500904297867,1.0,2.0,1.0,1.0,-649.2805670671089,2739.272473590273,-739.2493262260375,994.6312090477436,-2550.8944031043784,-1103.6055664801881,-9810.0
-311.3472451456722,2861.5998192216907,-1029.0530354518994,-313.1627350732489,2792.7168278564413,-1107.5043766868366,-314.56724227638523,2739.427268891381,-1131.474003053418,-316.0406880590017,2683.5220547784006,-1066.8811851155408,0.01731763366234874,0.01339734297094726,0.014054935748800488,-395.21505124316843,-320.497352172408,-446.29576594843707,-104.83475762187024,-3977.6214642426153,-2882.6936848410865,0.7552300876179041,0.0,1.0,1.0,1.0,-311.3472451456722,2861.5998192216907,-1029.0530354518994,-104.83475762187024,-3977.6214642426153,-4443.438288179905,-9810.0
428.0508443358624,1946.4431230558903,-564.6938419425367,440.8585445850279,1876.9095157848778,-578.7821378883941,451.81933650262647,1817.4028607452865,-592.7851504461031,465.82439577924237,1741.3687349770084,-613.3466551435437,0.015897701991973223,0.013605206251868892,0.017383937352380315,750.303714735177,196.91712725800863,-787.2671570838137,805.6321759982808,-4373.814989494699,2240.017066888817,0.35311315440377783,0.0,1.0,1.0,1.0,428.0508443358624,1946.4431230558903,-564.6938419425367,805.6321759982808,-4373.814989494699,-807.0699754507742,-9810.0
-393.3383660035578,2939.04809636013,-1013.8411425661101,-357.8748671668035,2877.175524026444,-1043.1765743859037,-316.89502081753204,2805.6786725978754,-1079.949717692187,-285.24931246701954,2750.4669353696654,-1110.4251041183595,0.015299837634496112,0.017679727494362356,0.013652747627080207,1008.9913389771948,492.42695199706577,-1062.4018229543246,2317.900338811163,-4044.001891509194,2084.304666272138,0.5583676872440617,0.0,2.0,1.0,1.0,-393.3383660035578,2939.04809636013,-1013.8411425661101,2317.900338811163,-4044.001891509194,-1841.8713235461994,-9810.0
770.3942234357785,2553.1169444543743,-1140.2246350732262,747.0807961324499,2451.8417863795858,-1135.021299786603,722.2973899402772,2344.1809372437046,-1109.54341085631,698.9067825732801,2242.5705035765914,-1088.1584989752312,0.01624902739975917,0.01727357548233502,0.0163028204758671,88.88401998537384,-407.41102451426684,-1018.0229323670169,-1434.7583230534808,-6232.690460986615,371.0285854825941,0.425174576642039,1.0,2.0,1.0,1.0,770.3942234357785,2553.1169444543743,-1140.2246350732262,-1434.7583230534808,-6232.690460986615,-1592.5233595124741,-9810.0
116.2739413887814,2790.6338118180247,-848.3794190677379,92.65127766960823,2751.4650524241974,-847.8912594705212,67.32991889879344,2709.479685278077,-849.5344483996845,38.95717228013026,2662.4348092700234,-854.0798131796327,0.014172045716735868,0.015191151107086869,0.017021783274284007,-1208.871209290859,593.4094773438301,-1063.5934883870375,-1666.849246137908,-2763.8041943071785,2057.376233999435,0.7486150199018938,0.0,2.0,1.0,1.0,116.2739413887814,2790.6338118180247,-848.3794190677379,-1666.849246137908,-2763.8041943071785,105.1546638373822,-9810.0
-359.8413718574343,2784.380849108634,-686.4968902255208,-333.05711519031075,2713.5506489838517,-721.823025364424,-307.19154646515796,2645.1498928264987,-758.6894958495375,-287.0004470824067,2591.755108427831,-789.3952692458352,0.017319546404182574,0.01672549376200285,0.013056202643856221,637.6354180729704,146.582028381341,-552.7989787558023,1546.4756433029531,-4089.6105747710026,-1091.0006463850339,0.5978987571899588,0.0,1.0,1.0,1.0,-359.8413718574343,2784.380849108634,-686.4968902255208,1546.4756433029531,-4089.6105747710026,-1952.955419305721,-9810.0
228.0975438275641,3204.0498240591046,-1026.0723412279115,203.40883873653752,3169.309743723891,-1067.1024058688838,174.42389053034205,3128.5243146994576,-1117.6839685287168,149.11317294435273,3092.908985380353,-1137.370136966374,0.01397823588951191,0.01641068017855443,0.014330406541992725,-1308.5179203104594,1041.840648986238,-747.6115450055453,-1766.2246714230175,-2485.297902382587,1657.0421803295103,0.8252806773899416,0.0,2.0,1.0,1.0,228.0975438275641,3204.0498240591046,-1026.0723412279115,-1766.2246714230175,-2485.297902382587,-2865.2924290018896,-9810.0
5.40804357088291,2890.7668732382667,-1050.3104793714924,39.254136589915696,2832.888956793956,-1040.5914606766935,77.03463775562093,2768.2830748546953,-1032.004321009917,118.52252629597213,2697.3374403012763,-1025.4040564328677,0.014076127296665292,0.015712393848271583,0.017254245564929695,1243.7271875680626,773.2009873513678,-1082.277590241927,2404.5031922275316,-4111.778419197851,-1098.1338834124103,0.4679572332901338,0.0,1.0,1.0,1.0,5.40804357088291,2890.7668732382667,-1050.3104793714924,2404.5031922275316,-4111.778419197851,760.8167771464834,-9810.0
195.3569768219893,2052.6181763853165,-512.5274655641837,223.538437633508,1998.927967869501,-528.5508631164533,252.50880172437112,1943.7347719163026,-547.0258844131275,279.54817556712294,1892.2204224841025,-566.1097610641956,0.014039720717900637,0.014432744407818932,0.013470744461336705,968.1545723326449,580.3146531226474,-784.5273236955321,2007.2664818458538,-3824.1649954874615,2546.218861666596,0.34305679041294396,0.0,1.0,1.0,1.0,195.3569768219893,2052.6181763853165,-512.5274655641837,2007.2664818458538,-3824.1649954874615,-1071.0702229328733,-9810.0
47.80763086531579,2398.974469636646,-852.8521018402646,57.611970330990744,2338.9246711054975,-866.3773607695589,68.7491717029007,2270.7113354773865,-884.2291527897627,80.75545007428275,2197.1750610721074,-906.4436038389065,0.014476140528673524,0.016444115661269052,0.017727310803444765,427.0820714458581,75.98740614174096,-891.1536903070831,677.2757867509699,-4148.191184812333,-1222.6812135741993,0.511352433006613,1.0,1.0,1.0,1.0,47.80763086531579,2398.974469636646,-852.8521018402646,677.2757867509699,-4148.191184812333,-862.5138842935755,-9810.0
-766.6186291334409,3089.4945808857415,-844.0051506067471,-705.6567349887363,3053.7233245019497,-907.0878513881793,-643.9231614287586,3017.499261613421,-973.3044796746944,-580.1077687675022,2980.0536276785638,-1044.2243528134295,0.015275473739729711,0.015468836639765464,0.015990486655051504,969.394564616172,2070.835729967206,-74.29995029035558,3990.83492816003,-2341.744484870209,1155.7914285971208,0.3882652029654536,0.0,1.0,1.0,1.0,-766.6186291334409,3089.4945808857415,-844.0051506067471,3990.83492816003,-2341.744484870209,-4054.32819187053,-9810.0
-656.7374968007498,2646.941504800046,-505.55592933213734,-632.4121308068246,2588.502640253794,-541.8669192091033,-609.9055301216005,2534.4331479728203,-578.1426642160965,-586.6230262219169,2478.499638399687,-618.4259752464277,0.017638454295981452,0.016319657745062145,0.016882269357555976,460.34147874011836,-36.71089966537654,-469.6404951180273,1379.1098463467517,-3313.1511166239857,-1782.4892226840666,0.759159618601401,0.0,1.0,1.0,1.0,-656.7374968007498,2646.941504800046,-505.55592933213734,1379.1098463467517,-3313.1511166239857,-1970.3772027020257,-9810.0
-684.3983378627104,3149.779350503971,-993.9824295223447,-646.3172923460305,3104.238417017542,-1011.8193756275932,-608.4985720966419,3059.011197017374,-1031.2311163964707,-557.8887971932774,2998.4872181883857,-1059.8883320787654,0.013331628742337683,0.013239792422567287,0.01771775749826523,1158.0077801726143,946.4550105856882,-969.4323614961371,2856.443593853217,-3416.006728555494,1063.7045208324828,0.6007108213368303,0.0,2.0,1.0,1.0,-684.3983378627104,3149.779350503971,-993.9824295223447,2856.443593853217,-3416.006728555494,-1270.505311697527,-9810.0
-628.4678995907076,2813.875464738187,-550.3957777790769,-598.8272298745655,2757.1610192172097,-573.6401162410226,-571.2777573418092,2704.447869546378,-597.7615230351124,-542.8581021124547,2650.0697126536406,-625.1997237368873,0.017005103947027127,0.01580536636289834,0.01630459756618309,722.3923539878069,229.13999851120252,-590.3376266740734,1743.0454884884064,-3335.142537067076,-1557.55510042016,0.725884932123892,0.0,1.0,1.0,1.0,-628.4678995907076,2813.875464738187,-550.3957777790769,1743.0454884884064,-3335.142537067076,-1281.7614823019355,-9810.0
545.2807328424601,2324.9436529465775,-573.0537789204196,527.1962773407919,2218.4662501074745,-617.2854533764385,507.03483051573596,2099.759966956589,-669.4731534326517,486.84511220597614,1980.8872273555548,-724.7638143249857,0.015791405831828545,0.017605041464583707,0.01762972821771193,167.36185854426935,99.83821831314845,-566.7128535247962,-1145.2087099945174,-6742.743741313418,2699.4802433490713,0.278973824485876,0.0,1.0,1.0,1.0,545.2807328424601,2324.9436529465775,-573.0537789204196,-1145.2087099945174,-6742.743741313418,-2722.5052232643106,-9810.0
487.9951983730514,2656.863677113114,-694.4555914899285,462.5671776698734,2582.6394859065203,-715.6644553754105,439.6025568151274,2515.605939363255,-736.7539374610647,417.5419761336458,2451.211278931579,-758.7074019680919,0.015070367363323258,0.013610389761764024,0.013074594322499085,-372.52068992451365,145.0246089103826,-606.2312838494727,-1687.286055485421,-4925.174643534761,214.75781967398058,0.468244648552414,0.0,1.0,1.0,1.0,487.9951983730514,2656.863677113114,-694.4555914899285,-1687.286055485421,-4925.174643534761,-1333.2892346927356,-9810.0
536.6149673592959,2540.076970350114,-557.2398501745076,492.0506049825869,2467.9166695547206,-568.8685258074211,451.07188188683546,2401.5623714767116,-581.8047845793808,411.7968322859043,2337.9667259472158,-596.2283540904511,0.016175263767966443,0.014873805426523133,0.014255433106500577,-716.952527568287,510.25307796161786,-709.2944711638128,-2755.0933954452357,-4461.151411842851,1841.248144472501,0.40969549769901015,0.0,1.0,1.0,1.0,536.6149673592959,2540.076970350114,-557.2398501745076,-2755.0933954452357,-4461.151411842851,-638.2144596610651,-9810.0
15.359185117112474,2561.741235836679,-999.1023759627258,18.876154797837355,2489.0289035967526,-1060.692373027239,22.454041196884805,2415.0571358018615,-1125.4862037858252,26.741196045410106,2326.4214476927355,-1096.9956504210636,0.01459178115600435,0.014844522437049944,0.017787251813524464,140.69167293505114,-29.47174635658836,-125.41739974451471,241.0240150344969,-4983.101888833203,-263.9845875175178,0.4727764445934216,0.0,1.0,1.0,1.0,15.359185117112474,2561.741235836679,-999.1023759627258,241.0240150344969,-4983.101888833203,-4148.666242527098,-9810.0
31.28942063195882,2444.1497204846955,-719.7337610882398,-3.925247537958054,2362.6486848093273,-787.4004868257998,-42.495823112051994,2273.3807172477536,-864.2632273819621,-77.11146817592903,2193.2660641814773,-935.6712057801738,0.015615079398862813,0.017103174084821635,0.015349457320090638,-724.1927345072118,695.6573655091207,-186.70344590088197,-2255.1706123557346,-5219.380164106193,2766.7328767332383,0.2869322891962251,0.0,1.0,1.0,1.0,31.28942063195882,2444.1497204846955,-719.7337610882398,-2255.1706123557346,-5219.380164106193,-4255.9826488362405,-9810.0
-975.6150279200492,2084.974297626931,-576.7431020598721,-943.7990146001745,1977.1039876043503,-629.0103323843211,-909.3557495124008,1860.3261359654985,-687.9755646517049,-880.3066236482914,1761.8367940940896,-739.6360713863016,0.014684128474093908,0.015896690906280164,0.013407119614896702,-368.9407029656277,28.080906942651843,-561.9946430730464,2166.694017694362,-7346.0478238724345,3445.088946279694,0.23601206100472938,0.0,1.0,1.0,1.0,-975.6150279200492,2084.974297626931,-576.7431020598721,2166.694017694362,-7346.0478238724345,-3486.9171269269254,-9810.0
-1010.6807459817836,2695.0850642009073,-482.78328368188545,-959.4513677292451,2619.872657677169,-531.4275232187397,-901.2661338284469,2534.4480123837475,-589.6150739318409,-846.998744191254,2454.775349751493,-646.6826683929971,0.015737293479552147,0.01787408189026534,0.01667054854501173,437.92115954920575,568.3203224394811,-232.53098129849647,3255.2851809685185,-4779.246610699842,2041.2522414599264,0.39471807608517107,0.0,1.0,1.0,1.0,-1010.6807459817836,2695.0850642009073,-482.78328368188545,3255.2851809685185,-4779.246610699842,-3012.845870883607,-9810.0
593.2792798753358,3153.454835483186,-1042.8119262348337,554.009847566844,3125.7822171170133,-1060.9355780487108,524.6473274201282,3105.0908608502355,-1076.4629831267528,495.5843571345073,3084.610593170698,-1093.537163766464,0.017709512830880906,0.013241748014086178,0.013106658663497243,-1158.4827149330467,1919.012718523562,-1157.4850487426174,-2217.4202465928915,-1562.58495817673,-1767.1627749904671,0.7459420804915362,0.0,2.0,1.0,1.0,593.2792798753358,3153.454835483186,-1042.8119262348337,-2217.4202465928915,-1562.58495817673,-934.8010505274009,-9810.0
-869.5214125938577,2646.8109386424508,-478.94869953410875,-876.9324786705785,2575.4690425470603,-496.6786843676236,-884.891557721452,2498.851753646344,-517.8710225966571,-893.69118594827,2414.143001067864,-543.9276979838759,0.014103597030296514,0.015146490734766583,0.016746094184384427,-1119.1213110368137,244.06215246288684,-570.9640050426008,-525.4734704062251,-5058.418497220145,1792.4823101604575,0.42900381805055277,0.0,1.0,1.0,1.0,-869.5214125938577,2646.8109386424508,-478.94869953410875,-525.4734704062251,-5058.418497220145,-1186.6675722315888,-9810.0
163.41129802357887,2278.142089374432,-624.0522963013411,115.06299137974793,2211.637156522807,-668.9965289337963,66.47229273458468,2144.798804263318,-717.2921330719812,21.629759249003815,2083.116195597729,-764.7036840519379,0.01790279936769631,0.01799255422509297,0.01660465352066251,-876.3198454456395,847.9523954611909,-499.89549457547633,-2700.6003726473227,-3714.778425748667,1850.5825195183936,0.3324999928865484,0.0,1.0,1.0,1.0,163.41129802357887,2278.142089374432,-624.0522963013411,-2700.6003726473227,-3714.778425748667,-2420.97722600927,-9810.0
-835.1260762764783,2393.3021974651256,-531.9778262850948,-792.6130491926388,2298.471832666981,-553.304393177391,-748.5545398877124,2200.194085904581,-577.1247883745284,-704.3525098344572,2101.5961990379897,-602.7939919262307,0.013012020584823127,0.013485048450719427,0.013528976043264654,194.0456379943292,97.61224549431812,-859.2924995006813,3267.211791335895,-7287.904609431135,2982.563022132601,0.274973954921193,1.0,1.0,1.0,1.0,-835.1260762764783,2393.3021974651256,-531.9778262850948,3267.211791335895,-7287.904609431135,-1572.9085067659776,-9810.0
710.854095573816,2635.155922979143,-1126.0463237471877,697.506103805133,2588.3245982152657,-1111.8719187761953,683.0854076534363,2537.7296985101434,-1045.709229999282,671.4981292347121,2497.075822769082,-994.7640966792702,0.016309690537225877,0.017620410294030664,0.014158303994572671,-21.621643662573707,65.27051847046788,-849.5217970378321,-818.4086471914982,-2871.3803402331528,3099.5614178312358,0.8469115951741715,1.0,2.0,1.0,1.0,710.854095573816,2635.155922979143,-1126.0463237471877,-818.4086471914982,-2871.3803402331528,-3877.293874341095,-9810.0
910.5073689218909,3002.6866361478315,-749.2143639445111,848.0321949643563,2957.964006000935,-831.8079114609802,788.7956179225771,2915.559713889507,-912.7794025333876,732.1912707218081,2875.0396941087342,-992.5994227306479,0.01724259465134991,0.016348770587803672,0.015622298466116166,-756.2127855309673,1809.5709662876907,224.3898068659548,-3623.3046835931714,-2593.729717087254,1738.610999994419,0.41078633629473055,0.0,1.0,1.0,1.0,910.5073689218909,3002.6866361478315,-749.2143639445111,-3623.3046835931714,-2593.729717087254,-4703.754088039706,-9810.0
245.5433883025364,2337.414079408142,-728.089488323554,205.13089162355593,2228.0337634832385,-781.0063642319434,165.95449928618308,2121.999083055078,-835.0898806327677,135.00328384144487,2038.2266363661786,-879.8144877151882,0.017382654542527548,0.01685096814563488,0.013313067243060528,-498.4165693457588,323.8147749787888,-519.9187408239899,-2324.874867650923,-6292.497826341729,2158.8215289571817,0.2724533100687772,0.0,1.0,1.0,1.0,245.5433883025364,2337.414079408142,-728.089488323554,-2324.874867650923,-6292.497826341729,-2957.2128102780935,-9810.0
-768.0901188746817,3192.9248688329913,-1132.6077639318187,-758.876406649708,3163.0682317119936,-1133.6793344096493,-749.6414495475019,3133.1427514825164,-1137.4693682481077,-740.7225090254096,3104.24130935259,-1143.721894497148,0.016697873056181867,0.016736374829892292,0.016163662701540182,-414.9447928716112,2048.572669415336,-1897.7363676977504,551.7895718798011,-1788.0503115901192,-3874.4434550025153,0.5904020894123861,0.0,2.0,1.0,1.0,-768.0901188746817,3192.9248688329913,-1132.6077639318187,551.7895718798011,-1788.0503115901192,19.375933569542838,-9810.0
941.4164905054774,2201.1037688651586,-673.7219425795807,891.5880156970778,2109.0771248541187,-703.014609296883,833.7615314699234,2002.2792086255988,-739.8156358034141,789.1653550195457,1919.915932000471,-770.199277298297,0.015027807730218615,0.01743993349227915,0.01344979487684831,-20.15142105215112,425.21421515888295,-801.9787913253336,-3315.751419164239,-6123.7570817457845,2456.3445905764943,0.24408246390065408,1.0,1.0,1.0,1.0,941.4164905054774,2201.1037688651586,-673.7219425795807,-3315.751419164239,-6123.7570817457845,-1875.4743427108717,-9810.0
-352.3465414660375,2532.982006126378,-1147.0691711365255,-304.831875264253,2472.7529361294787,-1090.6501728031994,-257.50435199927125,2412.7610864677117,-1029.2305122138675,-204.16472625500614,2345.148361610999,-962.4824015196671,0.014605166221408093,0.014547641799631458,0.016395655540845013,981.4974454771993,842.2159905686154,-159.69025259478445,3253.2780169347257,-4123.8195501408745,415.07282528516805,0.3644515364381157,0.0,1.0,1.0,1.0,-352.3465414660375,2532.982006126378,-1147.0691711365255,3253.2780169347257,-4123.8195501408745,-4420.971787302857,-9810.0
-979.4375804947224,2851.051731532491,-795.2215589584874,-934.4792757835843,2801.064900700364,-824.5725691672094,-886.3563826518542,2747.559526474535,-858.0641289455779,-829.6346088402838,2684.4934982905424,-900.3202802602442,0.01388446425475261,0.014861783463940383,0.01751737406499228,914.809671214197,744.9354637200881,-644.327534871216,3238.0294901007196,-3600.1987483972794,-1103.6706352613169,0.5387363782163151,0.0,1.0,1.0,1.0,-979.4375804947224,2851.051731532491,-795.2215589584874,3238.0294901007196,-3600.1987483972794,-2044.312064094747,-9810.0
78.05038954256725,1963.915672391332,-465.2648818302064,63.914848551727644,1821.7346476118187,-463.8196183589734,49.64747620074425,1678.227609353552,-465.2767725887472,37.60036510752233,1557.0528625237741,-468.85688494441666,0.01728069236558332,0.017441856142778517,0.0147275877754438,-150.98855135761616,-339.85121935380454,-802.1729937354075,-817.996217500655,-8227.738899089778,-2576.6432568042937,0.23054986371619451,1.0,0.0,0.0,1.0,78.05038954256725,1963.915672391332,-465.2648818302064,-817.996217500655,-8227.738899089778,170.15674319570684,-9810.0
321.4242056206647,3053.3913395280438,-502.00877372127616,327.2642605140527,3017.1737563702445,-578.9672007883145,333.4751593791638,2978.6563536679996,-663.6202242278722,338.6908471687809,2946.3108347141547,-736.9607686372468,0.01620825332745094,0.017237478762549538,0.014475409994299575,782.6256757924295,193.21229954053263,-919.5530428149954,360.31364857168927,-2234.514874990258,-5474.899857775581,1.2320788579156947,0.0,1.0,1.0,1.0,321.4242056206647,3053.3913395280438,-502.00877372127616,360.31364857168927,-2234.514874990258,-4667.213280096555,-9810.0
952.5484925061376,2738.3879946207194,-551.9086544008285,899.5112927663233,2678.3093789344975,-577.9288872560056,844.1308161279526,2615.57638419121,-607.4351879085705,788.6719946194247,2552.7546432213444,-639.3694024989592,0.014916883083660619,0.015575937251299354,0.015597971998119874,-754.0986490134172,805.1600295256263,-488.8260737210469,-3555.5148781657363,-4027.558260614783,1246.6701294050702,0.4339092076669205,0.0,1.0,1.0,1.0,952.5484925061376,2738.3879946207194,-551.9086544008285,-3555.5148781657363,-4027.558260614783,-1671.0461513469418,-9810.0
-554.0785255256333,2098.4753831845346,-871.9479088699443,-534.0859869433783,1996.5246099881965,-937.9268461908418,-515.1389197842362,1899.9051567491779,-1002.5227868260941,-492.60221121135527,1784.9805385045947,-1081.9594790920778,0.015072715263451143,0.014284516555627028,0.016990808340663445,-182.6848711516659,204.57531302302482,-312.26671984276874,1326.405908478453,-6763.928822005393,2745.4378637029995,0.23365195984025852,0.0,1.0,1.0,1.0,-554.0785255256333,2098.4753831845346,-871.9479088699443,1326.405908478453,-6763.928822005393,-4303.327422719008,-9810.0
587.2273862396587,2111.547051246106,-685.8563292315009,598.9710284361661,2025.5350490249543,-735.9138889071864,611.4663850477255,1934.0173901382448,-791.8315648089992,623.1357335152704,1848.5495250998847,-846.5094521455444,0.015701922548063903,0.016707007795545296,0.015602587575280033,834.0380499010508,303.87282243136804,-467.89846477579886,747.9111020042244,-5477.800693377987,2322.9056197518576,0.28198848208111094,0.0,1.0,1.0,1.0,587.2273862396587,2111.547051246106,-685.8563292315009,747.9111020042244,-5477.800693377987,-3110.0288498282052,-9810.0
1062.193780814796,2704.788285957767,-735.7427974883922,1010.3006770724678,2636.6065885455514,-739.229538687853,958.1706599159894,2568.1136135732827,-745.2297679223733,915.21213230387,2511.6709435517027,-752.0267959618435,0.015927290720694567,0.016000005369668797,0.013185045966967554,-615.7405832873673,500.1713939167754,-748.6543162639449,-3258.1249788391524,-4280.8094991087055,521.7713078886973,0.4698876579426694,0.0,1.0,1.0,1.0,1062.193780814796,2704.788285957767,-735.7427974883922,-3258.1249788391524,-4280.8094991087055,-139.62974645124217,-9810.0
-43.10750953818558,2280.57777780573,-1094.7356819686568,-55.22799104036082,2184.448581880459,-1108.8328991074036,-70.33504010682648,2064.6325102745313,-1128.875746609734,-84.33378179286491,1953.6065760323204,-1147.9005544776203,0.013543972966308179,0.016881298331273525,0.015642825652100463,-320.5260539358344,80.33337308311596,-1114.4515965129663,-894.8985303149962,-7097.562595879406,-1154.1871101958695,0.263931903050318,0.0,1.0,1.0,1.0,-43.10750953818558,2280.57777780573,-1094.7356819686568,-894.8985303149962,-7097.562595879406,-972.5460532533609,-9810.0
763.4338749221147,2954.1202005765076,-1121.0803159753436,721.0730842803414,2910.484914145721,-1136.5972157662834,673.4452666216388,2861.4241333121995,-1088.728087466825,625.1349080657109,2811.6602761880813,-1042.831026291361,0.01445017039029377,0.016246865794034768,0.016479695071152267,-1010.1284877395332,1127.1972247506776,-1060.066758330587,-2931.5080374572663,-3019.7073980592354,-2767.075366042315,0.5578232687445196,0.0,1.0,1.0,1.0,763.4338749221147,2954.1202005765076,-1121.0803159753436,-2931.5080374572663,-3019.7073980592354,-2975.547184319522,-9810.0
-869.3648187787301,2462.5989020065117,-619.2426768587649,-867.8145208522271,2396.8931935541273,-604.9903080986232,-866.0873020389098,2323.689112041032,-591.1421174696197,-864.5121761983979,2256.9311312147593,-580.4053889876924,0.0133527739551388,0.014876600162469597,0.013566617705989659,-809.5717424613009,-71.58912264399316,-990.6895294881259,116.10306081054428,-4920.753445923312,2928.412200763726,0.4732040081764023,0.0,1.0,1.0,1.0,-869.3648187787301,2462.5989020065117,-619.2426768587649,116.10306081054428,-4920.753445923312,1134.8954694584966,-9810.0
-867.0144697028593,2571.8667803252165,-936.2011667347135,-805.9858762804056,2460.9013531760434,-1014.300821899605,-746.2385337956958,2352.265564473685,-1093.5793318688209,-693.5136989979202,2256.3984719092973,-1134.1172541578755,0.017364209031662727,0.016999660090627956,0.015001575511514577,327.95627303573633,399.1075626768079,-145.0311720573256,3514.6198315841048,-6390.468287201196,1982.927271304287,0.2906345553661949,0.0,1.0,1.0,1.0,-867.0144697028593,2571.8667803252165,-936.2011667347135,3514.6198315841048,-6390.468287201196,-4410.805838591485,-9810.0
-798.1413866605521,3022.1863159152344,-955.3119153206451,-798.11477766227,2985.0213945952737,-973.6602125193224,-798.0925424684382,2953.96538788194,-991.3565646777521,-798.0695841291964,2921.8993603483923,-1011.908971530515,0.017819046760364166,0.01489007419256573,0.015374337513598652,-796.4913015860087,717.5042186716871,-1397.467115172214,1.493289660209939,-2085.685155876514,-3091.774175465887,1.0569165415334698,0.0,2.0,1.0,1.0,-798.1413866605521,3022.1863159152344,-955.3119153206451,1.493289660209939,-2085.685155876514,-940.6065639478278,-9810.0
387.93417198765724,2125.9164091261705,-547.2528985256456,334.3030688359251,2055.7017407486896,-635.3299493111485,287.91127358076255,1994.964886053356,-713.982776710174,241.52322476844995,1934.2329362588512,-794.9398104494068,0.017747569571764474,0.01535194253828169,0.015350702767864571,-458.19345251681824,1018.1530578573417,-283.9946603429255,-3021.884373230268,-3956.29768310297,4311.64972183311,0.2315497851220894,0.0,1.0,1.0,1.0,387.93417198765724,2125.9164091261705,-547.2528985256456,-3021.884373230268,-3956.29768310297,-4874.004659031763,-9810.0
633.8725433099537,3038.253602741775,-897.1626470460864,638.9557069867368,2998.6556470797545,-920.3745019064246,643.3642155059423,2964.313269777118,-942.5940120227372,647.4437743085908,2932.533417925069,-964.9362438862702,0.016344470582675456,0.014175175616463621,0.013117466420515062,989.9698779085946,264.247616823115,-1045.0577715641991,311.00203895078033,-2422.712651457344,-2166.2191453129703,1.1013628873803434,0.0,2.0,1.0,1.0,633.8725433099537,3038.253602741775,-897.1626470460864,311.00203895078033,-2422.712651457344,-1338.5210467598047,-9810.0
628.4813978773477,2351.8239286205717,-965.5873480142341,584.4419128728309,2256.9147329358407,-970.8012750142162,540.4076102695624,2162.0167058089196,-978.0028427062034,493.84090317125595,2061.66111091644,-987.7759023407627,0.014257008844274664,0.014255331133002097,0.015075152556420949,-375.43413467250144,188.2923677964014,-968.317047572031,-3088.9708693841512,-6657.0201871513,374.0135365784245,0.2814125074663025,1.0,1.0,1.0,1.0,628.4813978773477,2351.8239286205717,-965.5873480142341,-3088.9708693841512,-6657.0201871513,-294.6909366714933,-9810.0
1010.3444890196702,2560.609882149101,-1143.0792695489868,944.7161082623725,2458.97113990558,-1145.8989996732673,882.6802660744372,2362.8961659196007,-1135.678500373254,826.7360210265066,2276.255254825619,-1128.6821958167038,0.017166338877929045,0.016226642761674563,0.014633270814866081,-423.3125626670354,340.3036996628239,-1200.4605563462135,-3823.08547116455,-5920.816486630083,-1254.4218986923993,0.32697374754553055,0.0,2.0,1.0,1.0,1010.3444890196702,2560.609882149101,-1143.0792695489868,-3823.08547116455,-5920.816486630083,-669.7363600493404,-9810.0
-779.0825169126335,3127.1097773614333,-689.1623275647996,-769.5039774701326,3076.2087350516836,-714.8028992537934,-759.6296620800761,3023.735918244255,-744.2553627808339,-751.2804871250063,2979.367806572259,-771.6216071197184,0.017313467138484924,0.017848090102570165,0.015091357830261921,-225.84038661687623,187.14160676867877,-806.820834988886,553.242130295758,-2939.968170592741,2061.9194371541,0.9497470849286836,1.0,2.0,1.0,1.0,-779.0825169126335,3127.1097773614333,-689.1623275647996,553.242130295758,-2939.968170592741,-1394.2777622129681,-9810.0
128.84125460515634,2461.3891042409496,-668.2275907007668,109.10472717176265,2384.6909010285235,-723.6678057976596,91.28411376665193,2315.4381394711554,-775.9278537153056,70.33434516949536,2234.025154611451,-840.081838564198,0.016255388734473904,0.014677404592295142,0.017254637807654957,-429.6690811155176,290.95971285441294,-179.7169157182512,-1214.1529037405971,-4718.3247638837765,1224.6975096075905,0.41181256886557627,0.0,1.0,1.0,1.0,128.84125460515634,2461.3891042409496,-668.2275907007668,-1214.1529037405971,-4718.3247638837765,-3329.4233758386886,-9810.0
-97.39277698092553,3123.6323917616064,-743.4384947561769,-124.30499841484652,3073.763743947733,-723.5352875986388,-144.92374058729334,3035.5569837110324,-710.3638514963076,-170.55807514668177,2988.0562745917964,-696.5427927144445,0.01781042584433502,0.013645420515266782,0.0169647242186928,-1411.9954064828187,687.6589918403653,-740.3622293992643,-1511.0375051745864,-2799.9694251968126,-1181.0856925462833,0.821579429421706,0.0,1.0,1.0,1.0,-97.39277698092553,3123.6323917616064,-743.4384947561769,-1511.0375051745864,-2799.9694251968126,1206.5580128281586,-9810.0
-503.6862243172692,2019.870406502163,-711.4657429726996,-519.8624724513419,1923.9561543857774,-710.4145758050496,-539.5556604373978,1807.1888186096053,-711.6549980164042,-560.2712301798753,1684.3594478836815,-715.9976209762357,0.013880758401751802,0.01689862706908791,0.017775927790344367,-812.509822528464,188.7545499193967,-1017.4020583494238,-1165.372068721489,-6909.871156916107,-2454.301661798966,0.21644468673881606,0.0,0.0,0.0,1.0,-503.6862243172692,2019.870406502163,-711.4657429726996,-1165.372068721489,-6909.871156916107,145.34833820103438,-9810.0
245.9487826492798,3220.0042547995763,-465.02836061353867,231.31538027734646,3179.666287057571,-505.33211475834383,212.30050121115605,3127.250481157143,-560.1406840230343,194.94038095436977,3079.3961303290203,-612.6861102763816,0.013068237125510373,0.01698107810022926,0.015503309638924805,-901.8140936419524,56.117914319588024,-651.7582308848357,-1119.7686597963266,-3086.718380956094,-3573.527209718813,0.9794473751353356,0.0,1.0,1.0,1.0,245.9487826492798,3220.0042547995763,-465.02836061353867,-1119.7686597963266,-3086.718380956094,-3017.7759393655906,-9810.0
-855.143892098668,3031.306046553311,-607.5155237875738,-792.0340568676969,2969.4745843970018,-633.0347555028623,-722.6603863040406,2901.5061691665987,-664.0812513181761,-663.4178481250317,2843.463666852135,-693.1090491769106,0.016366210029023345,0.017990604139176816,0.015363307778282334,1053.6284127863184,1161.1984460094964,-531.6589510928852,3856.1056664343187,-3777.9951526137634,833.3967608058786,0.4452798780535178,0.0,1.0,1.0,1.0,-855.143892098668,3031.306046553311,-607.5155237875738,3856.1056664343187,-3777.9951526137634,-1477.4992234411077,-9810.0
892.7276339107002,1940.1559679026793,-494.06248628593005,849.6222500579582,1841.4548847721362,-487.65619293901005,808.5140674237517,1747.3269177092404,-483.9579551476336,762.4083037010591,1641.7556778488815,-482.61209911482064,0.016302447429446643,0.01554710633371647,0.01743719048765348,33.393487134886335,-27.514969620802134,-857.9803888206204,-2644.1050670025,-6054.372115456873,-2713.8723924144356,0.2757132557491836,1.0,0.0,0.0,1.0,892.7276339107002,1940.1559679026793,-494.06248628593005,-2644.1050670025,-6054.372115456873,474.3776075855659,-9810.0
-468.53275359196084,2601.672145687517,-838.2829050828896,-416.3069595678181,2495.278032975112,-880.8642210321611,-372.15500370932335,2405.3319008797284,-919.2692705223935,-333.9398354844994,2327.4801613052973,-954.298656494171,0.0178283817628535,0.015072205972742461,0.013045557678431373,629.9782060431619,363.79140037605384,-599.8271683274037,2929.3625590269926,-5967.681987497232,779.7948123437623,0.3290538545859729,0.0,1.0,1.0,1.0,-468.53275359196084,2601.672145687517,-838.2829050828896,2929.3625590269926,-5967.681987497232,-2299.2624375782293,-9810.0
741.0384490170347,2847.438584990643,-1048.0736714889474,690.3454074920212,2787.9547785244467,-1048.5043922928912,639.9053850318751,2728.7678675814636,-1052.00482909794,601.823942165537,2684.0826581470087,-1056.7217299296442,0.017891771911089933,0.01780247051465412,0.013440592028267362,-973.1176600055351,836.0278040527328,-1049.6961152433814,-2833.3158826819367,-3324.6459189056286,-187.60735075843914,0.555865165545989,0.0,2.0,1.0,1.0,741.0384490170347,2847.438584990643,-1048.0736714889474,-2833.3158826819367,-3324.6459189056286,65.3568100858543,-9810.0
371.2993046490301,1959.366463772866,-1034.8057766647098,317.41708205042085,1813.0080143504988,-1081.6443960527504,264.67143817921345,1669.7368150853529,-1130.5258031986893,212.4839903075357,1527.981824636861,-1120.6626595980779,0.01799259416006995,0.01761306267850042,0.017426667359284873,-242.61192651897923,291.82025755817574,-804.0770447677241,-2994.6889325268744,-8134.371737632629,1337.6490860010929,0.15196767580214485,1.0,1.0,1.0,1.0,371.2993046490301,1959.366463772866,-1034.8057766647098,-2994.6889325268744,-8134.371737632629,-2513.3252261070697,-9810.0
583.564617453007,3140.4624979751434,-972.1027136642119,539.5293911102626,3111.5191888659615,-974.715772517584,496.95510848958213,3083.5361233901313,-979.529876546721,450.38191831448427,3052.9246708919277,-987.3944079567419,0.015699806610822886,0.015178938755456946,0.01660466266954002,-1295.668826690182,1905.286958310623,-1007.2770216905524,-2804.826036034611,-1843.5455815887997,834.8711529121576,0.6225165919641806,0.0,2.0,1.0,1.0,583.564617453007,3140.4624979751434,-972.1027136642119,-2804.826036034611,-1843.5455815887997,-88.49118896161038,-9810.0
306.4953913187305,2698.1656277713705,-1014.277234516685,319.34201458311895,2602.960642220638,-1022.6597540757716,328.75544814401485,2533.198667598699,-1030.7799707955414,339.0277444683377,2457.0717505868956,-1041.577277874643,0.017956193670723937,0.013157499262432502,0.014357963057414186,664.2166183216963,47.130912492145285,-1111.847788610659,715.4424540059274,-5302.069430558441,1433.855078245336,0.4545283440094297,0.0,2.0,1.0,1.0,306.4953913187305,2698.1656277713705,-1014.277234516685,715.4424540059274,-5302.069430558441,-377.10609134859567,-9810.0
-822.8642519419986,2524.1633626186035,-664.52151380901,-750.7415691286617,2445.035452623698,-674.0764334444685,-689.260809705422,2377.583108807656,-684.5960962140455,-630.1349597287187,2312.714405192769,-696.796028086729,0.017605260946960476,0.015007550615730555,0.01443271349520863,795.3145297923651,748.8119752037024,-840.7413544021563,4096.655143631298,-4494.560474468095,1914.0441208789737,0.3479544749421006,0.0,1.0,1.0,1.0,-822.8642519419986,2524.1633626186035,-664.52151380901,4096.655143631298,-4494.560474468095,-454.6388995030033,-9810.0
-126.02269092696895,2509.4766531518108,-544.1739657571271,-129.42636560416665,2454.9713557834884,-575.7478538731096,-132.57721857286754,2404.5146599149225,-606.9180040620714,-136.0641926757808,2348.67543366096,-643.5439764474036,0.014833763532258373,0.013731925725963896,0.015196795872486138,-291.229973775521,-136.09700857268803,-389.0915413348359,-229.4545595118769,-3674.407863506241,-1087.3066233967886,0.6762375148692921,0.0,1.0,1.0,1.0,-126.02269092696895,2509.4766531518108,-544.1739657571271,-229.4545595118769,-3674.407863506241,-2055.4896804531595,-9810.0
383.53799604949063,3183.076439152688,-1093.0970248505785,333.57080785965326,3153.6941656733643,-1147.8070152766259,272.0257901937558,3117.503765415521,-1086.364102737824,224.12218262697962,3089.3349420503614,-1036.1238114296095,0.014564395886253929,0.017939092324088992,0.013962905063450742,-1400.4658213171144,2134.026253441336,-464.7420804072586,-3430.7765718588535,-2017.404203291022,-1116.1020542322558,0.4735336067262067,0.0,1.0,1.0,1.0,383.53799604949063,3183.076439152688,-1093.0970248505785,-3430.7765718588535,-2017.404203291022,-3684.312195272065,-9810.0
-271.6108746219195,3200.299637679749,-1008.0048227321794,-273.61188302566114,3156.9099494364355,-1007.1061016309458,-275.8578731037753,3108.2081003563794,-1008.5840049823461,-278.1107403790311,3059.3571267452094,-1012.7107839756751,0.01458940069271773,0.01637556800871209,0.01642570981948825,-401.9080693862961,374.9468559357265,-1318.3274931143355,-137.1549418572375,-2974.055559730548,-2470.981002736097,0.9026093214790827,0.0,2.0,1.0,1.0,-271.6108746219195,3200.299637679749,-1008.0048227321794,-137.1549418572375,-2974.055559730548,133.79551376311173,-9810.0
-992.4378012967719,3110.9919675253436,-1030.2063377687396,-930.3911006520083,3065.159214617222,-1030.007927225455,-880.4661272699306,3028.280557973318,-1032.0004029194038,-818.4601174187121,2982.4778626035795,-1037.1800405000602,0.01749883644929795,0.014080183714365813,0.017487360552371267,1152.7479085558434,1526.3828656712599,-1035.2034337633584,3545.7615038886224,-2619.1885981059004,326.7800046905029,0.5559336192839655,0.0,2.0,1.0,1.0,-992.4378012967719,3110.9919675253436,-1030.2063377687396,3545.7615038886224,-2619.1885981059004,98.92219381176606,-9810.0
-476.3661801278197,1955.913994012201,-745.8506274984743,-448.87029096820316,1863.958609705858,-742.0715642264004,-420.1016048514641,1767.7465696988493,-740.0605653943975,-388.90754237395413,1663.4232657117047,-740.1380458818993,0.013669982269994996,0.01430277183850702,0.015508583065681245,66.7135347150871,139.6750792618169,-1010.2069664377468,2011.4063512700259,-6726.810795371797,-2303.447551626941,0.22651866282581687,1.0,0.0,0.0,1.0,-476.3661801278197,1955.913994012201,-745.8506274984743,2011.4063512700259,-6726.810795371797,345.25244837305894,-9810.0
392.4107013059024,2117.2681766852647,-1037.380614317106,406.7613554344704,2018.4913439277357,-1009.877066739747,420.67544518141034,1922.719422759993,-985.2680860692371,437.13131218466754,1809.4522219551825,-958.7571658411056,0.014793512712794683,0.014343476033511212,0.016963692075062,683.4299015562156,114.15705611755388,-899.2146847810726,970.0640008343789,-6677.037068559029,-1010.9469015465613,0.2538993191786323,1.0,0.0,0.0,1.0,392.4107013059024,2117.2681766852647,-1037.380614317106,970.0640008343789,-6677.037068559029,1932.053098453437,-9810.0
-738.5931089004087,2048.931505005884,-914.6596023895194,-712.8841842515201,1953.7221487593295,-926.5818420432219,-682.6681025802636,1841.8211757119016,-942.8578792943225,-650.6878290273205,1723.3867682386954,-962.8287425677951,0.013564343747421801,0.015942375034609324,0.016873184294289603,-169.99373260307942,-56.79564301005317,-917.6566365932055,1895.331254324433,-7019.090493386453,845.7243961829793,0.25362009692367943,1.0,1.0,1.0,1.0,-738.5931089004087,2048.931505005884,-914.6596023895194,1895.331254324433,-7019.090493386453,-810.5561320476504,-9810.0
137.49763033660133,2120.633048740828,-664.7634751702823,109.5131088577165,2003.480787618107,-709.7428652452243,81.27787909590428,1885.2789805079972,-758.1321376386128,57.596745927280985,1786.1420951856667,-801.1058411584472,0.0175506829114399,0.017707916315636223,0.014851783674045924,-332.8791565911573,151.48363127422903,-682.8541966323143,-1594.4975828059619,-6675.082771073213,2545.6108108303047,0.2448896170988781,0.0,1.0,1.0,1.0,137.49763033660133,2120.633048740828,-664.7634751702823,-1594.4975828059619,-6675.082771073213,-2474.996375087322,-9810.0
-83.04317068692467,2381.79291028919,-707.066201856547,-51.86621091002484,2292.4873916165025,-772.1697161979414,-14.035470851736942,2184.122307693847,-854.0432643864824,15.745375615791536,2098.8159160724003,-920.6777393535526,0.014731245702208295,0.01787518510088764,0.014071576243234588,562.4536816620245,532.7854505136302,-255.63987925802235,2116.383122455572,-6062.319540247739,3168.0489234270935,0.25832199295366964,0.0,1.0,1.0,1.0,-83.04317068692467,2381.79291028919,-707.066201856547,2116.383122455572,-6062.319540247739,-4346.736632568854,-9810.0
173.91740427715035,3148.9382901817808,-573.9472808230764,140.54681557913696,3097.0377078399747,-623.6396435354033,108.32950219008914,3046.9307905928245,-673.9540884032748,71.15889155477288,2989.120113189693,-734.8668106576846,0.015896629303832337,0.015347247624120486,0.017706832313146667,-1463.4774601910885,602.3321227441829,-234.8015744143373,-2099.2241852156944,-3264.8797018430737,-1621.337518878839,0.7310492907589011,0.0,1.0,1.0,1.0,173.91740427715035,3148.9382901817808,-573.9472808230764,-2099.2241852156944,-3264.8797018430737,-3046.860309242721,-9810.0
-10.64112429696047,2512.0086235271606,-1126.37890036088,-34.35896511572207,2428.6986965177002,-1138.8783360844577,-55.69703727933464,2353.7478083632027,-1148.5461631121125,-75.57731673985414,2283.9174792266044,-1136.7639857398963,0.017015090559845788,0.015307853400769626,0.014262038351661545,-651.848806281182,259.73930473846895,-1200.4116178756371,-1393.929743443961,-4896.237649540626,-1368.8019932584345,0.4134150176877233,0.0,2.0,1.0,1.0,-10.64112429696047,2512.0086235271606,-1126.37890036088,-1393.929743443961,-4896.237649540626,-649.4158824986345,-9810.0
-688.8356254198295,2033.4565198663,-1073.7551476166066,-677.5910595669259,1918.8929732751399,-1127.4361492072228,-666.6413515214499,1807.3335405467024,-1120.3935284919949,-655.1093336787442,1689.841333137755,-1065.6556278665619,0.014699252747256697,0.014313805279334953,0.015075019095738083,-489.94203728824516,7.059489632183514,-526.2964970791295,764.9753389676243,-7793.834731669683,1438.9189563998295,0.2159119228776704,0.0,1.0,1.0,1.0,-688.8356254198295,2033.4565198663,-1073.7551476166066,764.9753389676243,-7793.834731669683,-3579.3830221950147,-9810.0
152.7018872194801,3055.3424653286174,-742.729841167672,158.23668818868475,3036.019769362389,-763.7594607844468,163.12966484555346,3018.9377639142126,-784.153068560805,168.0884037327896,3001.626174134003,-806.4928141293441,0.014771462826382855,0.01305854053279193,0.013234048983169391,710.9982144718809,1106.2587944644617,-1248.4096859596416,374.6955216459065,-1308.1098462175405,-3427.1363249678125,1.448935947657646,0.0,2.0,1.0,1.0,152.7018872194801,3055.3424653286174,-742.729841167672,374.6955216459065,-1308.1098462175405,-1350.8492166429476,-9810.0
-210.2094020809932,2797.905003467855,-527.8673874510572,-174.54961376138456,2731.2330876516867,-566.4606792715839,-134.44472684632737,2656.25031937913,-611.9078746183303,-90.88436500418254,2574.806964987026,-663.7408471853657,0.013301675614264069,0.014959769012355413,0.01624871683676154,902.3430748992778,717.802776795082,-342.27445495942993,2680.849342121138,-5012.294522103062,2095.3682027457635,0.3704898385366192,0.0,1.0,1.0,1.0,-210.2094020809932,2797.905003467855,-527.8673874510572,2680.849342121138,-5012.294522103062,-2834.0733108768773,-9810.0
567.1986514664054,3158.783122137501,-529.8638130277873,564.4091420290051,3118.964623391138,-529.8398535691312,561.336857190472,3075.1096830380384,-531.9903633740299,558.6128949742641,3036.226829789012,-535.8500318858513,0.013937034159554903,0.015349845448962765,0.013609545086180383,340.02742011236717,-83.94381386113575,-958.470968394189,-200.15086462910944,-2857.028137443722,2900.6471829511465,1.0921035753052997,1.0,2.0,1.0,1.0,567.1986514664054,3158.783122137501,-529.8638130277873,-200.15086462910944,-2857.028137443722,71.55311962752506,-9810.0
888.9190728844428,2347.55856087716,-917.8650372506612,821.3123195234963,2243.0073832281882,-992.8375446414473,758.1366278534383,2145.3086677222254,-1065.6570257333758,694.5544584450076,2046.9813504254319,-1137.6480951657632,0.017791658259837393,0.016625562693738435,0.016732532968923013,-346.05264933592434,437.7234999924849,-250.1590779827953,-3799.91299144728,-5876.41557195286,1978.438504430514,0.27385024607750136,0.0,1.0,1.0,1.0,888.9190728844428,2347.55856087716,-917.8650372506612,-3799.91299144728,-5876.41557195286,-4124.9457126038205,-9810.0
56.905974175856045,2562.940996979721,-914.5128533136673,46.602267484349355,2482.3626859871174,-984.3582448393018,36.70996969241744,2405.00172533722,-1053.586835602495,25.791163241748034,2319.6131357556355,-1132.5118802695667,0.015387064788772803,0.014772686334303314,0.016305625470784138,-241.08129894370813,232.58437055725815,41.11495877475189,-669.634321616999,-5236.756463870704,1081.9092316373562,0.39853462340614004,0.0,1.0,1.0,1.0,56.905974175856045,2562.940996979721,-914.5128533136673,-669.634321616999,-5236.756463870704,-4463.185027213975,-9810.0
-8.093667099908544,2178.8544691772454,-1079.2749239835878,-34.79641344237971,2092.600520230367,-1083.7399168996703,-57.22762203812263,2020.144290589422,-1089.3769708349005,-80.1562884407465,1946.0811962564476,-1096.9439596334298,0.015830103439656556,0.013297821422298791,0.0135927277378812,-632.2220048821849,162.82461618233714,-1125.3203006070626,-1686.8333453575024,-5448.729332418665,971.437190840363,0.3272793474001637,0.0,2.0,1.0,1.0,-8.093667099908544,2178.8544691772454,-1079.2749239835878,-1686.8333453575024,-5448.729332418665,-203.337894812231,-9810.0
197.2525775306142,3080.7726771745674,-911.0798355837505,151.57687868889394,3039.6469007232695,-925.1406746009446,112.03880857564918,3004.0473614928414,-939.5283549149896,63.94729139767674,2960.74641515114,-959.8335541075438,0.016833451764998897,0.014571472643228056,0.01772378431529488,-1376.5129043226843,1663.7756955246641,-1057.0766498448575,-2713.3887618160334,-2443.098244223955,-1851.4606882763335,0.5308712912764786,0.0,1.0,1.0,1.0,197.2525775306142,3080.7726771745674,-911.0798355837505,-2713.3887618160334,-2443.098244223955,-751.0317171980672,-9810.0
933.169426180704,3019.8701064606694,-1003.7102625166033,864.0583072299789,2977.2197217896064,-984.2218426663771,782.609903462581,2926.9556571316407,-963.6612794066784,708.7678497118249,2881.3856816315115,-947.3150141744595,0.013930454121004736,0.016417231686261125,0.014884049883624118,-1150.5149754309623,1733.9707806923543,-1066.202541566935,-4961.153337170633,-3061.6650613531087,1839.281065560688,0.37476826430911026,0.0,1.0,1.0,1.0,933.169426180704,3019.8701064606694,-1003.7102625166033,-4961.153337170633,-3061.6650613531087,1468.78856992628,-9810.0
618.4779633706783,2240.7212346670008,-1100.4395485704447,599.9767129201102,2172.793926904229,-1128.4538979266883,586.0984358784843,2121.8398576999725,-1148.70379766516,567.4676793004356,2053.4370684230166,-1119.7459874796266,0.017617702320300743,0.01321550423260837,0.017741023736261522,9.390293126380609,4.456948545571009,-985.5053349976992,-1050.1511555936172,-3855.6280795197135,10.80494890573921,0.5314257697108298,1.0,2.0,1.0,1.0,618.4779633706783,2240.7212346670008,-1100.4395485704447,-1050.1511555936172,-3855.6280795197135,-1501.9739708006591,-9810.0
877.0765662291014,2092.1209334761534,-776.4121351343201,865.1160113085856,2021.4613280842918,-785.0396634955144,854.649356026096,1959.6272629469977,-794.5148122893318,843.523219897584,1893.8971698533833,-806.5543960711218,0.01546510598753593,0.013533480206763154,0.01438619492177956,548.3859096428451,150.30868105809077,-801.8122557843716,-773.3897802029578,-4568.970005689553,854.1301953620161,0.38161521888392164,1.0,1.0,1.0,1.0,877.0765662291014,2092.1209334761534,-776.4121351343201,-773.3897802029578,-4568.970005689553,-481.3453135583911,-9810.0
-168.31253205712972,3164.55701353234,-910.3020831601061,-140.49945877319317,3139.9784350781647,-915.1324993883553,-109.38477931852564,3112.482207593849,-923.3940265180847,-82.8105443984376,3088.9983979775884,-932.8301947504619,0.015685649542672746,0.017547645762699324,0.014986985852509141,1489.5865208149596,1699.4617497286679,-930.2682481324692,1773.1540672428753,-1566.9468062071624,-666.4137444815954,0.8867797188421195,0.0,2.0,1.0,1.0,-168.31253205712972,3164.55701353234,-910.3020831601061,1773.1540672428753,-1566.9468062071624,-230.08816646020807,-9810.0
971.3401547250915,2397.86244169118,-820.789614243452,928.1450386440068,2340.6491974014943,-823.1540193124265,885.7298754037985,2284.4690243584682,-827.9978115319352,842.5384036972674,2227.2606071536597,-835.5021170857594,0.016307267553574114,0.016012815291159468,0.016305891708425356,-538.4907280595547,398.0455417732731,-836.8969778072526,-2648.8261101485014,-3508.4507016103626,-565.2287024205464,0.5213740254468414,0.0,1.0,1.0,1.0,971.3401547250915,2397.86244169118,-820.789614243452,-2648.8261101485014,-3508.4507016103626,-63.55172062456455,-9810.0
-325.5033739643666,2449.7350946724523,-802.849511945044,-304.06972056919943,2399.900604443557,-822.0565152922612,-280.98536403709306,2346.228133454594,-845.1700068192602,-260.26029633221583,2298.0411461505637,-868.0328964879089,0.014844671935188918,0.01598792764052634,0.014353914623946092,634.6646627572056,217.28858814791172,-926.1188542909304,1443.8617093557493,-3357.062415826366,-1977.0414902998573,0.6198134858003391,1.0,1.0,1.0,1.0,-325.5033739643666,2449.7350946724523,-802.849511945044,1443.8617093557493,-3357.062415826366,-1220.8033650245936,-9810.0
879.346897764796,2613.3930729199074,-825.8187299197108,866.5186155753026,2545.398282843052,-879.7287250057461,855.3998067195016,2486.4643536631925,-928.8853817353443,845.1109802189288,2431.929647635552,-976.4054330238049,0.01759776232289538,0.01525271682270473,0.014114151892205835,347.19708084481067,-207.2039919424494,-651.820205925144,-728.9723519451878,-3863.83159570185,-2332.1528030687546,0.6830353689621946,0.0,1.0,1.0,1.0,879.346897764796,2613.3930729199074,-825.8187299197108,-728.9723519451878,-3863.83159570185,-2975.400978744299,-9810.0
564.0637030643898,2136.6247917929286,-887.4386446538299,559.2253273940357,2055.8753100198555,-902.8706987319431,553.3574195191629,1957.9435758448124,-924.2280986154154,548.3981037496304,1875.175679008583,-944.5334804452267,0.014197531291163846,0.017218548402025063,0.014552412962085724,434.5635303210628,-24.652577101862533,-837.6393313421512,-340.78992827190945,-5687.572023407345,235.38259084281287,0.3340315073447256,1.0,1.0,1.0,1.0,564.0637030643898,2136.6247917929286,-887.4386446538299,-340.78992827190945,-5687.572023407345,-1016.1507312551745,-9810.0
-192.9968298110963,2172.0814650363673,-1132.8098399684654,-171.08902190896285,2056.8786050423164,-1123.0742645622709,-145.36293982610368,1921.5972366084418,-1071.7915417990296,-125.49167102919785,1817.1035781219098,-1034.0885925135276,0.014447168307163529,0.01696514043738607,0.013104166608920664,208.85140581766137,58.95055596501297,-652.5651358753024,1516.4084363349348,-7974.078902156057,648.8741303164709,0.22048352464652987,0.0,1.0,1.0,1.0,-192.9968298110963,2172.0814650363673,-1132.8098399684654,1516.4084363349348,-7974.078902156057,-3137.4694403412677,-9810.0
-769.2067098198927,2252.984916833305,-846.4379817923112,-722.5557221903227,2161.402336743969,-910.3503663713315,-669.5722713692697,2057.3882231145126,-985.5027845945235,-617.2988216393691,1954.7679434658128,-1062.3044343454096,0.01466083487526455,0.016650914869737746,0.016427785429450323,185.39760896167624,378.95971563855073,-264.66331969495,3182.0143959385623,-6246.750670649181,2638.785086699477,0.25226046482554754,0.0,1.0,1.0,1.0,-769.2067098198927,2252.984916833305,-846.4379817923112,3182.0143959385623,-6246.750670649181,-4286.955704581375,-9810.0
-913.0921513388195,3071.0762247447137,-747.1779233647943,-854.6486864776375,3003.179527456291,-828.8808894391426,-810.6289042825225,2952.039543995297,-892.3472152421472,-754.1693623996314,2886.447669294319,-976.2668874459021,0.017434559857955566,0.013131759546389381,0.016842725954870907,830.0319639480417,1046.0017245777744,271.06467959710153,3352.161760167038,-3894.374038782587,1082.8119807214034,0.4725909546407845,0.0,1.0,1.0,1.0,-913.0921513388195,3071.0762247447137,-747.1779233647943,3352.161760167038,-3894.374038782587,-4598.99123717461,-9810.0
-559.4954127845693,2597.197430148361,-640.3195071019167,-541.7024002955998,2532.4833072096494,-668.5745152061432,-525.6190030951708,2473.9871450591463,-696.4141424444915,-506.3474385593871,2403.8954505041534,-732.6613465531165,0.01659078728837548,0.014996686030102645,0.017969437616345174,169.77971335586716,-55.21458824674931,-577.6340032192601,1072.4634207947593,-3900.6059094045795,-1180.7418289562572,0.6304430890651772,0.0,1.0,1.0,1.0,-559.4954127845693,2597.197430148361,-640.3195071019167,1072.4634207947593,-3900.6059094045795,-1620.0728892068487,-9810.0
-597.7387817673809,2701.044471689448,-963.7314809210367,-604.403186058997,2624.756484183437,-965.0589641497734,-610.6270344953964,2553.511576014728,-968.3436581831708,-616.6461919995905,2484.6097818882304,-973.3986239169399,0.01517006858436271,0.01416723888699747,0.013701304447207359,-823.9848393310336,111.18712548772466,-1041.3713434902963,-439.3127331333145,-5028.849215925684,-1234.1224232917027,0.4719613880814328,0.0,1.0,1.0,1.0,-597.7387817673809,2701.044471689448,-963.7314809210367,-439.3127331333145,-5028.849215925684,-12.831959422849152,-9810.0
9.350186999618245,2081.3730140127996,-982.6788354327199,13.875076721726835,2027.2661722022335,-1035.9666805372713,18.76829110972494,1968.7550497006173,-1095.4461066345814,24.661411518810926,1898.2874464379136,-1132.0264368403982,0.013064363110299411,0.01412779834810184,0.017014749442587147,184.2587753764509,-10.11471360515674,-163.32764935611888,346.3536403501639,-4141.559856669229,-157.9831786028213,0.46079308909901195,0.0,1.0,1.0,1.0,9.350186999618245,2081.3730140127996,-982.6788354327199,346.3536403501639,-4141.559856669229,-4012.562811946341,-9810.0
-157.75190952775745,2628.6442726589084,-829.8991354548649,-108.65582873067667,2576.0828443756095,-891.5033962050459,-61.203734792841686,2525.2814404363735,-953.4718517342933,-12.956852403472213,2473.6291495115065,-1018.9350578888532,0.016185158585114504,0.015643197035500975,0.015905209337111564,1101.109622389964,1280.9285476100108,-194.2687631274739,3033.4012817294515,-3247.5077712021853,1186.3480469945812,0.3672664350422732,0.0,1.0,1.0,1.0,-157.75190952775745,2628.6442726589084,-829.8991354548649,3033.4012817294515,-3247.5077712021853,-3725.460787609264,-9810.0
304.4253504736844,2406.166363882584,-1124.6979466082987,313.26828268309043,2312.8516377437304,-1143.7620781216533,324.27420072803915,2196.7120808692994,-1107.7178025181206,335.65308238249213,2076.636838833375,-1071.5170659772857,0.013535992030017454,0.016846902748048648,0.01741780302481054,526.5440503466325,62.26672085291909,-907.5804517960286,653.2902937439674,-6893.822479499011,-872.2971499561456,0.29219930219712353,1.0,1.0,1.0,1.0,304.4253504736844,2406.166363882584,-1124.6979466082987,653.2902937439674,-6893.822479499011,-2240.8072909275893,-9810.0
821.2244331030265,2683.1412956707586,-940.4707814506703,806.0535994699525,2649.471435482138,-975.5019052986993,790.6785536954221,2615.348350743176,-1013.0863320715201,772.2315186040637,2574.407351227729,-1060.9549760613156,0.01444272242921098,0.014637133583341622,0.017561685396481366,-439.2720175431687,-114.38059982909321,-803.7304522593062,-1050.4137088718269,-2331.268246249883,-1690.2110569501288,1.1533584585909624,1.0,2.0,1.0,1.0,821.2244331030265,2683.1412956707586,-940.4707814506703,-1050.4137088718269,-2331.268246249883,-2353.8384246303276,-9810.0
856.711848205134,2484.2301893929102,-483.56227274421497,799.5498047455283,2406.807501449157,-540.1370716296632,738.9851008766738,2324.7761064141328,-602.0601862951922,683.6881040020742,2249.879516402017,-660.3876459538621,0.013674105614401494,0.014488078226120516,0.013227955644322591,-460.0867927832719,700.70244798093,-349.1458187235908,-4180.31314599494,-5661.992829879303,3730.377412674141,0.27360986051515557,0.0,1.0,1.0,1.0,856.711848205134,2484.2301893929102,-483.56227274421497,-4180.31314599494,-5661.992829879303,-4068.548485239796,-9810.0
-580.5127350098021,2707.4866267970865,-1109.046022673059,-533.5008280765333,2659.345484155162,-1141.0983632257783,-493.25643297641886,2618.1344103775627,-1097.7143163611306,-450.1686940032889,2574.0116950201996,-1053.1142173373282,0.01530323362502325,0.013100285023302466,0.014025845342027658,1109.100679178572,977.288349632755,-737.5248661560828,3072.0243894334058,-3145.8150493896837,-1867.9299209351109,0.507570636009647,0.0,1.0,1.0,1.0,-580.5127350098021,2707.4866267970865,-1109.046022673059,3072.0243894334058,-3145.8150493896837,-3283.1400500016152,-9810.0
679.9531639782906,3167.525317685058,-998.1801810901619,657.0516771078253,3124.579954046611,-974.748206355521,635.8682029664227,3084.8562450458035,-955.352337146172,613.6994654910568,3043.284948925609,-937.4266988618245,0.01622508005123137,0.015007914798348822,0.01570594705081855,-787.9931432250634,414.8006443423682,-894.9501795181059,-1411.4868338493761,-2646.850647444882,547.9062100072395,0.9930610580996011,0.0,2.0,1.0,1.0,679.9531639782906,3167.525317685058,-998.1801810901619,-1411.4868338493761,-2646.850647444882,1525.1644536914262,-9810.0
338.3592197729283,2841.398340572089,-907.0917331672329,335.05291796670986,2756.360495708031,-975.8218897339258,332.2559162252311,2684.421811910617,-1036.2220427596328,329.4742542319968,2612.877665335731,-1098.3652617594655,0.017269811659646826,0.01460958379425388,0.014529459662031771,222.53209715084552,-137.66692989462604,-175.64758622976848,-191.4497894579877,-4924.074827217709,-898.0238294569281,0.5585911448840679,0.0,1.0,1.0,1.0,338.3592197729283,2841.398340572089,-907.0917331672329,-191.4497894579877,-4924.074827217709,-3893.317598079596,-9810.0
362.32282132426485,2893.113497145204,-602.1255104837744,338.5448418111029,2824.862767354825,-652.7243426868907,313.90764214920387,2754.145789237104,-707.6584554826037,287.39368276215595,2678.0418849168564,-769.6001848490599,0.015556388576097951,0.016118520547772318,0.017346362616196424,-585.348755921609,172.980076522667,-88.99904293519786,-1528.5025439449585,-4387.311968746021,-125.97164191529518,0.5709787282599338,0.0,1.0,1.0,1.0,362.32282132426485,2893.113497145204,-602.1255104837744,-1528.5025439449585,-4387.311968746021,-3175.5242518315854,-9810.0
217.03685169839832,2826.216477222323,-487.00751499625574,188.61870378773398,2775.739785695267,-558.0141282813333,166.04862500816887,2735.6505121831833,-616.2666105010667,135.13909200270345,2680.7485893813546,-698.802448405784,0.01645697535470751,0.0130703531910932,0.017899738733697483,-1362.9986516554877,19.736443572333656,204.50839274055056,-1726.8147577638147,-3067.1912936065555,-2084.6161123491365,0.8675729327205025,0.0,1.0,1.0,1.0,217.03685169839832,2826.216477222323,-487.00751499625574,-1726.8147577638147,-3067.1912936065555,-4232.421847866118,-9810.0
-705.4040761289122,2129.493448241063,-459.21065396490053,-686.1458798910312,2053.731357032094,-463.64083527582306,-664.4057417847966,1968.2052617656889,-470.7561932469388,-639.6107682860163,1870.6613889888858,-481.64984346484266,0.013492301446500533,0.01523115110027284,0.01737137022965285,-141.6020039527136,-88.51406857917122,-994.1302824326245,1427.3470181675912,-5615.208903342367,3250.046402663806,0.348905177223574,1.0,1.0,1.0,1.0,-705.4040761289122,2129.493448241063,-459.21065396490053,1427.3470181675912,-5615.208903342367,-260.2549209242635,-9810.0
971.6758612848366,2078.289661987276,-1141.3806538100043,933.1792185250821,1942.1559158165826,-1130.9187211731419,898.6180480409907,1819.9389827867228,-1106.9644821230913,860.7864895901112,1686.1571408860077,-1083.4603553347804,0.017393765772405458,0.015615618950775519,0.017093263706298878,429.4311513380783,160.77690205734962,-1018.4277973642754,-2213.2437140683955,-7826.582693591538,-622.308216051722,0.1948973515705203,1.0,1.0,1.0,1.0,971.6758612848366,2078.289661987276,-1141.3806538100043,-2213.2437140683955,-7826.582693591538,-1673.2657956394924,-9810.0
948.5047430272243,2293.7482095679197,-557.9479922147758,938.2411712333408,2192.2019681045253,-580.4702607468945,926.5193910761607,2076.2284315885927,-608.65548946602,915.2576137884643,1964.8060945377708,-638.2294500447352,0.01436510995558963,0.016406048909161412,0.015762219262647953,712.7266179413357,-39.00523168792374,-819.4232899116938,-714.4791669269327,-7068.949821987402,2714.5694203137045,0.2834666218726012,1.0,1.0,1.0,1.0,948.5047430272243,2293.7482095679197,-557.9479922147758,-714.4791669269327,-7068.949821987402,-1496.4380356483066,-9810.0
-833.0737506374572,2900.4877492197647,-874.4702566526639,-790.8750709930339,2845.9685377601245,-894.523721619874,-743.1651745649801,2784.329027851375,-919.3052287962497,-690.6489817171395,2716.479951836386,-949.1985481878992,0.013460746144414053,0.015218741671676621,0.016751878171365826,891.1452157876884,672.8574246374064,-865.9473140622371,3134.943575318444,-4050.236953786093,-1361.5264824326862,0.5045686340125439,0.0,1.0,1.0,1.0,-833.0737506374572,2900.4877492197647,-874.4702566526639,3134.943575318444,-4050.236953786093,-1421.807585249913,-9810.0
-1006.2748785919015,2457.685979232644,-451.21767372400075,-936.093036613963,2351.416740173411,-507.5067841076526,-870.0147198495406,2251.3610527909464,-563.0087711199942,-802.6744778082377,2149.39456006134,-622.0838570382502,0.016791908508324523,0.015810087313482955,0.016112019169309377,331.1662718173391,432.5346105185994,-521.6126249927943,4179.503595028876,-6328.598027231391,3472.969896478907,0.27128598500888335,0.0,1.0,1.0,1.0,-1006.2748785919015,2457.685979232644,-451.21767372400075,4179.503595028876,-6328.598027231391,-3268.11329773978,-9810.0
190.86764354895854,2263.3791557766504,-562.7931816831651,151.71484363358587,2192.527022108271,-534.7666369925244,106.00693965476523,2109.8125667076674,-504.6405362394955,64.54338879675602,2034.778825720887,-479.72150704628416,0.014458176164091624,0.016878816566007607,0.015311480251467051,-865.2539442429327,352.18843455029906,-524.8683031130373,-2708.004071261262,-4900.489028785509,-1815.7067216150501,0.34335152701843397,0.0,0.0,0.0,1.0,190.86764354895854,2263.3791557766504,-562.7931816831651,-2708.004071261262,-4900.489028785509,2010.1932783849475,-9810.0
-562.0348395031119,2959.725221065815,-532.8753805998401,-494.7093946447672,2917.4186869963714,-554.941824698114,-435.5815628468346,2880.2634385509314,-576.7679738736276,-379.7391147209073,2845.1726873627076,-599.5067766995309,0.017486461956012868,0.015357292973726643,0.014503979093479676,1093.528267654397,1919.388433920301,-657.6294553675746,3850.1467608314147,-2419.3878770825722,1956.2208857033079,0.3826522659767811,0.0,1.0,1.0,1.0,-562.0348395031119,2959.725221065815,-532.8753805998401,3850.1467608314147,-2419.3878770825722,-1174.39169762492,-9810.0
-669.4235791046763,2250.9589563235195,-628.2275713256107,-617.9277030963334,2138.9033016726557,-678.9288832852346,-559.5204027002148,2011.8083032068291,-738.7703273219136,-509.17750145811294,1902.2615357182322,-792.3990883865731,0.014126798320616755,0.016022800602789433,0.013810504216040183,260.1181389903055,228.26483360294378,-619.6333983683269,3645.2616395881632,-7932.133814590495,3494.3641525867397,0.21103989686055374,0.0,1.0,1.0,1.0,-669.4235791046763,2250.9589563235195,-628.2275713256107,3645.2616395881632,-7932.133814590495,-3518.4733431791647,-9810.0
613.6457645753208,3213.402275702359,-642.1669904683581,630.6862438219758,3189.48058097959,-727.757688088403,646.6100019784942,3167.1265570143178,-810.3823086733196,659.7727015799567,3148.6485507894927,-880.6434686259714,0.01737762230680479,0.016238807074818475,0.013423121433456399,1908.0364590247345,1396.3161130177061,-894.368087432956,980.5990109465163,-1376.5804262762404,5325.128010924174,1.2729604491849142,0.0,2.0,1.0,1.0,613.6457645753208,3213.402275702359,-642.1669904683581,980.5990109465163,-1376.5804262762404,-4838.342831147871,-9810.0
180.1450600930475,2758.9872246071513,-458.7551818639057,204.13572891803256,2702.4915624753544,-440.1201834061468,231.00763131956492,2639.210879056703,-421.91802018075725,252.34040677052656,2588.974294032618,-409.41514299823865,0.015069884863919747,0.016879749298353855,0.013400312939130646,1143.2814589560678,490.89586900759207,-892.1817007985935,1591.9609898562273,-3748.911331569507,3197.015886947669,0.5596500528985962,0.0,1.0,1.0,1.0,180.1450600930475,2758.9872246071513,-458.7551818639057,1591.9609898562273,-3748.911331569507,1310.6019800495833,-9810.0
182.83412176652655,2643.138274513792,-481.56291676088244,198.2233672330905,2586.3476269661223,-501.65370755060354,213.7714609690316,2528.9707845917237,-523.7257483640847,229.41339854754204,2471.247632023011,-547.7355759101979,0.013432299287463327,0.01357094789763756,0.013652858253958525,807.2349484444484,338.92346727173407,-430.16288787196567,1145.6895902347176,-4227.917077508359,1014.7969346367613,0.504343894560941,0.0,1.0,1.0,1.0,182.83412176652655,2643.138274513792,-481.56291676088244,1145.6895902347176,-4227.917077508359,-1427.857188046455,-9810.0
-1053.288051387319,2087.53609480962,-864.3453315674628,-1006.3808389399804,2031.0128375679988,-910.362411986199,-956.8899926600536,1971.3762979094895,-960.965690517683,-902.4749161870819,1905.806053914341,-1019.0320806181355,0.013949233510673814,0.014717552704173319,0.016181916780384643,359.0497098815846,385.6670979707999,-355.28088116623434,3362.7089554021536,-4052.069040092437,662.0948403824143,0.37515129700476846,0.0,1.0,1.0,1.0,-1053.288051387319,2087.53609480962,-864.3453315674628,3362.7089554021536,-4052.069040092437,-3229.0165352113445,-9810.0
613.1458343795111,2763.0778619263474,-943.1976894443418,608.9182497119626,2703.5963924704847,-963.599060222996,603.514069872273,2627.560408960569,-992.256184289077,597.9716775139368,2549.5797964596845,-1024.7140199127546,0.013538435833769381,0.017306369415947154,0.0177489817968376,402.36670999371256,-202.55216917074117,-1012.5834774076657,-312.26536946043984,-4393.525971995695,1852.0882015385127,0.6264062129534463,1.0,2.0,1.0,1.0,613.1458343795111,2763.0778619263474,-943.1976894443418,-312.26536946043984,-4393.525971995695,-1438.6425672570072,-9810.0
866.2451879570738,2087.63386402132,-635.7443856205095,865.8252687373198,2001.9586466501105,-643.2768365814616,865.3678760632667,1908.6378008063691,-654.3411992967366,865.016331148011,1836.9128460688069,-664.8842130673826,0.016054471354988074,0.017487167145782724,0.013440365447604533,856.044385197338,6.385965167886567,-872.4265817474447,-26.15590451213987,-5336.533073983153,2189.658019920787,0.3430179960516249,0.0,1.0,1.0,1.0,866.2451879570738,2087.63386402132,-635.7443856205095,-26.15590451213987,-5336.533073983153,-389.16258610678375,-9810.0
223.3976613725015,2367.117460104445,-476.628507881357,253.76461925175326,2287.732580363487,-498.4474086845614,279.8942175246735,2219.4249472833694,-519.7356406314008,302.46427277003767,2160.4226221731483,-540.0227856333604,0.017995193855268002,0.015484171583836637,0.013374817493389382,949.0242921884679,470.1943948039295,-675.3254315971647,1687.5037925952654,-4411.448989070978,2271.15084247058,0.3831458170675063,0.0,1.0,1.0,1.0,223.3976613725015,2367.117460104445,-476.628507881357,1687.5037925952654,-4411.448989070978,-1122.5817326878914,-9810.0
-968.216734085965,2147.922130373104,-629.5995967404881,-911.5067492803698,2077.783301078861,-642.1970524640628,-854.9096827183373,2007.7841289091357,-656.6931524513885,-796.6805625062368,1935.7664350848274,-673.6130883804569,0.014055592849967762,0.0140276060172735,0.014432111179694125,504.44576225902,326.53523010743925,-841.172958199574,4034.6917708081787,-4990.101096618253,2198.3428107446484,0.32248468995306484,1.0,1.0,1.0,1.0,-968.216734085965,2147.922130373104,-629.5995967404881,4034.6917708081787,-4990.101096618253,-825.9800048472598,-9810.0
-1012.4606019833025,2094.1031687708846,-1051.2468089757156,-960.4952629969627,1983.92569588719,-1097.4089350382988,-899.0874838423076,1853.7282593913278,-1147.113591436824,-840.0899207359635,1728.6409889886077,-1092.6493348461845,0.013943850263503314,0.016477538571852243,0.015830805723844155,-43.5038302792879,39.71055780466212,-597.7637685578966,3726.756814246212,-7901.510042177781,1266.7372037475657,0.2137478054408004,0.0,1.0,1.0,1.0,-1012.4606019833025,2094.1031687708846,-1051.2468089757156,3726.756814246212,-7901.510042177781,-3240.712613093416,-9810.0
-334.1635956529045,2145.174050483204,-1139.091868548931,-347.3563282533297,2085.0677988470584,-1117.206875651065,-361.27053675484353,2021.674494151197,-1071.4671855540971,-373.79849462182403,1964.5969643591143,-1032.0658440199124,0.013830529733545385,0.014586885084954562,0.01313361674398619,-782.4894690401411,102.59586922459499,-674.690528722892,-953.884836994115,-4345.911023954493,-1267.489356532824,0.4284489684375142,0.0,1.0,1.0,1.0,-334.1635956529045,2145.174050483204,-1139.091868548931,-953.884836994115,-4345.911023954493,-3273.924656760804,-9810.0
-711.4976898144931,2746.510636599136,-950.3750705251439,-694.2218860666273,2699.2463191133475,-997.2106253339296,-673.7692809130267,2643.290692532982,-1055.3234502619705,-652.4310000846813,2584.9119742752905,-1118.9962145868014,0.014489075031741494,0.017153432337509197,0.017896241267991005,218.52212813903128,202.09923986390822,-1013.4079166497701,1192.3330999404145,-3262.0658932502893,-3350.479689600715,0.7304612513627589,1.0,1.0,1.0,1.0,-711.4976898144931,2746.510636599136,-950.3750705251439,1192.3330999404145,-3262.0658932502893,-3160.6283964087042,-9810.0
650.1379984760642,2370.3902697876374,-1050.4463034227354,607.8349890537438,2244.337617785578,-1084.9308292620738,567.1381021001762,2123.0708190689247,-1120.9591136874149,525.460379183268,1998.8813683696717,-1140.831823168489,0.017720546017094288,0.017047748324795678,0.0174586162290169,-125.7115746122308,58.547741845773935,-882.422567928289,-2387.229455656292,-7113.361624436511,-390.7215956381716,0.2727730894290933,1.0,1.0,1.0,1.0,650.1379984760642,2370.3902697876374,-1050.4463034227354,-2387.229455656292,-7113.361624436511,-1857.383574417137,-9810.0
547.4711157991828,2740.052121216794,-906.0619295058007,516.0552635658131,2683.597131400846,-891.5133755203356,487.02675643626384,2631.432254185446,-880.1401993263187,459.7223515328054,2582.3656272703265,-871.2950366156923,0.015456708878635721,0.014282126760395695,0.013433862451417651,-743.1701406822251,420.74088784825744,-860.6286493289308,-2032.5059157187527,-3652.4586352260267,-379.93076137603214,0.5918273019095514,0.0,1.0,1.0,1.0,547.4711157991828,2740.052121216794,-906.0619295058007,-2032.5059157187527,-3652.4586352260267,1017.7188821837553,-9810.0
701.6872287475733,2829.1020269754795,-1050.1861268588752,644.7803286378469,2758.749108396007,-1039.9118076721525,578.1529702318969,2676.378972049431,-1030.2471049244573,515.3915062410335,2598.7881674622204,-1023.5407986479387,0.01389408952912537,0.016267385519092275,0.015323509064571098,-957.0968532267425,778.3788065040494,-1017.154417613258,-4095.7631653686826,-5063.514124620813,77.69013073073,0.3595150158872115,0.0,1.0,1.0,1.0,701.6872287475733,2829.1020269754795,-1050.1861268588752,-4095.7631653686826,-5063.514124620813,809.1449167406715,-9810.0
213.60042713905614,2162.6323128725235,-1097.77304308341,226.0187200679647,2042.4121974736347,-1121.1778848052534,236.3157208486939,1942.7280758952174,-1142.6144902256638,247.57281537154518,1833.749393370909,-1134.2958135031786,0.016675304569664116,0.013826829915810347,0.01511604540275097,399.7783298728393,360.26470248423925,-1018.6871226027602,744.7116109351317,-7209.470441553133,-436.9072760399658,0.2043818201117747,1.0,1.0,1.0,1.0,213.60042713905614,2162.6323128725235,-1097.77304308341,744.7116109351317,-7209.470441553133,-1320.132338085988,-9810.0
-179.2083986916549,2203.0000660894934,-594.1556208316817,-148.36789438388342,2099.845154765422,-648.3156911107487,-120.17045203978974,2005.530722175628,-700.5457994875894,-96.0638009895766,1924.8991142554416,-747.309464601886,0.017909706692194004,0.016374826974716917,0.013999221456686521,389.05140569701325,302.2921805840249,-517.7924150868424,1721.9994072383884,-5759.7208651680885,2666.994143788882,0.28171624487640273,0.0,1.0,1.0,1.0,-179.2083986916549,2203.0000660894934,-594.1556208316817,1721.9994072383884,-5759.7208651680885,-2934.549531489081,-9810.0
-493.5957606395499,2873.6683835823433,-857.9143124852793,-459.0207809300513,2814.453444614139,-889.4133423747096,-421.1827152180672,2749.649971969019,-925.7725493031289,-377.558789783978,2674.93732994183,-970.1685715027643,0.013060883800250422,0.014293532017740989,0.016479171522084744,909.428684435364,470.77451107529794,-613.3457326429835,2647.215934103613,-4533.762023598191,-837.8182682031311,0.4861664126599242,0.0,1.0,1.0,1.0,-493.5957606395499,2873.6683835823433,-857.9143124852793,2647.215934103613,-4533.762023598191,-2345.414711739294,-9810.0
376.9171944146442,2826.4415584166914,-687.766895480752,327.7377912411528,2781.886200461372,-759.9218609399294,281.4571574067413,2739.9570578970165,-830.4679561693055,238.97075242504033,2701.4653955334784,-897.5220871832651,0.017288749273972635,0.016269702822155473,0.014935862492878288,-974.2630521851538,1602.3047111875148,62.3137965022012,-2844.5899928416816,-2577.1302046930255,1409.348395384995,0.42650568541099393,0.0,1.0,1.0,1.0,376.9171944146442,2826.4415584166914,-687.766895480752,-2844.5899928416816,-2577.1302046930255,-4086.959577460069,-9810.0
-669.3939172418884,3068.9797258539065,-830.6760246773956,-615.9428922218074,3031.513872724939,-903.3893401517641,-552.9407248164653,2987.3532612132162,-991.673421397413,-501.505183217246,2951.300136947755,-1065.79488402443,0.014328702709431217,0.016889092893201132,0.013788408809689064,766.7894588837266,2062.3042614269466,148.86975991954503,3730.3464314951025,-2614.741466044093,2411.4298087205407,0.33999379558767884,0.0,1.0,1.0,1.0,-669.3939172418884,3068.9797258539065,-830.6760246773956,3730.3464314951025,-2614.741466044093,-5003.384448575148,-9810.0
554.8375938771946,2811.301077087711,-1014.9400399833205,510.4237231571984,2723.457520830874,-1030.9321420769274,470.02415821272757,2643.5536214764415,-1047.9857689283942,433.6214691689879,2571.5549055105716,-1065.4214967801302,0.017249844074486542,0.015690733202757226,0.01413839189687674,-719.6589123790562,290.5501555505479,-1117.2065118612238,-2574.740416679294,-5092.426104115487,1646.958707103923,0.4479210308258798,0.0,2.0,1.0,1.0,554.8375938771946,2811.301077087711,-1014.9400399833205,-2574.740416679294,-5092.426104115487,-840.7168812365657,-9810.0
547.343998486595,2985.75413547587,-692.7484578762969,510.98859562039263,2931.20121865383,-739.7845848784668,466.65279266033554,2864.6733526301846,-799.8505127514356,432.7917106381046,2813.8632763985634,-847.6946853830307,0.014288334605359743,0.0174247770000511,0.01330802114375542,-1042.9131881594328,599.5017165980676,-179.57472344013618,-2544.4114986336444,-3818.003870204487,-552.2222048232586,0.5799788672508341,0.0,1.0,1.0,1.0,547.343998486595,2985.75413547587,-692.7484578762969,-2544.4114986336444,-3818.003870204487,-3220.7931324568162,-9810.0
447.53534721449,3092.2460873733044,-1030.4353351450654,434.3636933586118,3069.114718032116,-1070.898925253916,423.5802959880863,3050.177479773375,-1105.887297853742,411.77890416059086,3029.4524929122867,-1146.1332508956277,0.016053309585697575,0.01314255736362123,0.01438326565683,-594.4927970548349,1262.290780868641,-1303.6739359485066,-820.4946017868708,-1440.909690161173,-3364.0221721634466,1.2264208673938461,0.0,2.0,1.0,1.0,447.53534721449,3092.2460873733044,-1030.4353351450654,-820.4946017868708,-1440.909690161173,-2440.5645438141946,-9810.0
573.9396784391099,3191.756894088003,-540.1044702316669,549.0112069831004,3165.5865074683743,-525.6538162658406,525.6457237784635,3141.0569758402985,-513.8406128205897,500.4914618510826,3114.6495500607984,-502.98704180935897,0.013978100035216592,0.013101688251601554,0.014104707147946989,-1378.8776698098613,1141.651852895299,-764.8577294185409,-1783.3948385835351,-1872.242046751346,-2372.2214295404415,1.0538155045652335,0.0,1.0,1.0,1.0,573.9396784391099,3191.756894088003,-540.1044702316669,-1783.3948385835351,-1872.242046751346,1103.7958265982197,-9810.0
