x1,y1,z1,x2,y2,z2,x3,y3,z3,x4,y4,z4,x5,y5,z5,x6,y6,z6,dt12,dt23,dt34,dt45,dt56,x_hit,y_hit,z_hit,vx_hit,vy_hit,vz_hit,t_hit,is_reachable,bounces_before_hit,has_bounce_before_hit,intercept_valid,x0,y0,z0,vx0,vy0,vz0,gravity_z_mm_s2
-5.548328056685485,1999.4163207506156,-557.1585386451335,43.61049408221076,1932.1689227952568,-559.3274703061414,79.03308957353403,1864.8526847179305,-562.9864664626577,125.77766008635712,1783.681973780531,-580.2992411988283,178.8160325614268,1690.9800570731184,-597.035697510305,237.97121535800542,1608.4922888091721,-608.5917418928765,0.013699858731391762,0.012764123675392897,0.01846829297049915,0.016386912869883086,0.016971531685551933,852.4995866354901,606.1536055510724,-1034.0522219586362,3071.7953348810242,-4983.385857684612,-3073.973754647404,0.20181622421666182,0.0,0.0,0.0,1.0,-453.0134306889448,2724.0925950670303,-606.4661419558748,3071.7953348810242,-4983.385857684612,1061.8039663991258,-9731.24169658008
-392.27722023112506,1908.092900770295,-1086.8053391916972,-319.4028653192518,1852.5997559803363,-1084.5593322939403,-249.41546878560106,1801.9938045434076,-1088.568699529148,-186.5489806967346,1741.1032182996912,-1090.3373136383054,-121.62533941770953,1696.4129745696073,-1105.059256964959,-55.26826249273439,1638.2740504828928,-1111.2176238543775,0.01706736448982038,0.015069639622532521,0.014534664408242998,0.017389127140630817,0.012758992598118163,761.404452329828,975.8554867153808,-1100.0332068335867,4268.424024305391,-3463.1672810330015,-418.82334177181895,0.1927972904528282,0.0,2.0,1.0,1.0,-1031.333637878435,2430.3857447492487,-1112.475269491401,4268.424024305391,-3463.1672810330015,-646.5330113058958,-9722.299533267045
696.3049692288732,1384.9304108106085,-660.2611885700486,646.183106440126,1290.0205950174982,-687.990827694511,610.7129269834968,1195.403134458377,-727.02554228329,565.9271714106502,1099.842137205382,-766.4830600854447,529.8618586553144,1017.8592532947438,-806.728349988693,490.8767983309511,929.6686945196774,-839.5164520352123,0.01670431182422423,0.01451752721168481,0.016975959104574473,0.013169756659501153,0.013999270189491125,57.7754374877386,-28.014690587130048,-934.0727625215437,-2731.094175408589,-6087.569093266994,3125.391138381159,0.15726727393250767,1.0,1.0,1.0,1.0,1013.6583988807447,2102.6344920563156,-483.8605933221146,-2731.094175408589,-6087.569093266994,-894.0905081577978,-9961.155984775784
-239.1287892074922,1461.7356180953982,-871.487490983253,-202.46218565545948,1357.2578944280165,-900.9648585625557,-171.38792622874627,1275.2363262386148,-921.9512985072371,-143.58787295401658,1187.9506528511226,-947.2746642780322,-122.47962269296333,1112.77177242949,-977.9516485599179,-83.97968393298474,1012.6467341446403,-1014.8140240170185,0.01700395799979243,0.013413258231803088,0.014895782047116168,0.013325533880344298,0.016253956738167152,233.17437406728487,76.17046632020259,-911.1580816923581,2029.2280480351433,-5942.507755587428,1774.0849532320726,0.15822971789588547,1.0,1.0,1.0,1.0,-588.6629853869482,2482.8861073331113,-755.7245470403193,2029.2280480351433,-5942.507755587428,190.79265042683573,-10008.339748896215
244.8260099706333,1970.4051492601454,-1066.0545114823503,211.80963973838527,1929.013791104239,-989.6482790873416,177.32814601097016,1859.2898585639978,-905.8467328876568,152.9768398236055,1806.6843930485095,-834.8537965995398,112.51087414894418,1744.5945092738705,-759.0136195348932,79.86964303817898,1681.7907139726292,-692.0203162011729,0.013830029945024969,0.01763858016098596,0.014714179225907315,0.016581617667565884,0.01676992087276638,-471.46696772390453,733.7606950775657,71.98794511271119,-2169.40872102285,-3766.214681698549,1814.4214496966174,0.2514982269403552,0.0,1.0,1.0,1.0,559.0021747619494,2522.7126688843746,-570.0104675647567,-2169.40872102285,-3766.214681698549,-3972.762158213795,-9727.598812684595
267.09413860693553,2017.9363622755907,-935.0482767097548,241.95096934430603,1965.1589724667713,-901.6885200864642,226.58995036349336,1903.4039027267238,-868.728218228518,194.26976360336863,1829.7568779691062,-827.330771634416,174.37967985163215,1772.669309768813,-792.3301276013574,150.71066467590788,1713.424689997378,-759.3662671828062,0.013668484503223055,0.012534894505428051,0.01903599032769182,0.01645088664110378,0.014113605852220629,-486.8538803629947,31.418999872713133,-806.9676264932466,-1525.3056246718268,-4016.264368769816,-2145.479444953361,0.418366435425951,1.0,1.0,1.0,1.0,527.4743600437707,2702.234805104634,-864.2738279580685,-1525.3056246718268,-4016.264368769816,-2391.557949389496,-9739.66766316512
-570.861575998114,1955.02365115703,-656.9497898940646,-575.4819271184648,1903.6399948961234,-613.6362677287435,-572.2133748657086,1859.9278475063738,-570.7974562063649,-565.866806546994,1805.3394390615301,-534.2991748391927,-560.7080946771887,1753.7294423070614,-495.35577526599155,-554.6131360398654,1707.340353064061,-462.6289522337355,0.014002791405978626,0.014128428127242465,0.016424472629716136,0.01490842763185371,0.013428436540137506,-421.2084828738351,-338.8489009070503,-815.2338961510833,226.63525732394095,-3406.639748653635,-3517.0420160142935,0.6006522444133519,1.0,1.0,1.0,1.0,-612.7152753125622,2539.761686705277,-996.1905184155896,226.63525732394095,-3406.639748653635,-3986.624805860336,-9734.42463204655
216.00765161393775,1804.9514905579742,-769.9452509515145,198.6714931168718,1708.9746590056707,-803.3692079443207,187.5137514389234,1607.2890705346824,-828.8398585963679,184.61151979248817,1507.0985484800758,-867.0112728989465,165.16296149318535,1423.1963408873814,-891.5958510140265,156.76206679933262,1340.9109571226709,-922.5989164005666,0.017666144458412344,0.017348430977863954,0.01781426052747817,0.013238304695692621,0.012743111019229814,-24.760059107727674,22.380982912599762,-803.1624374120245,-795.6462586888064,-5823.13125724865,1718.738531307068,0.227320434676128,1.0,1.0,1.0,1.0,305.4331382481266,2438.980454670789,-663.6879945664343,-795.6462586888064,-5823.13125724865,-454.94647678858405,-9849.913972652419
595.1807744553535,1820.7430302693879,-1067.8272040786933,594.4525011272713,1762.4367091100692,-1052.4196171143842,585.6426444291652,1694.763715798684,-1048.1376071602679,580.9465181865523,1626.5163803345172,-1046.0034480620395,586.4804225668136,1563.2636432158943,-1040.7296753610628,580.9563481974754,1501.763734638761,-1041.2327875118303,0.013825279391073822,0.01841441842160664,0.01465253406495523,0.015808330615370986,0.017810388974151214,512.7090415175595,7.347952802543581,-1060.4843228013024,-185.41793213215175,-4122.478112492685,-662.5261409478635,0.3594740742592056,0.0,2.0,1.0,1.0,613.7618145295787,2254.098524111056,-1114.598033073177,-185.41793213215175,-4122.478112492685,-1230.1908901332135,-9917.037497421514
-578.5275824176924,2054.5495150210154,-1091.2716733164452,-600.8656697950515,2020.8807149258587,-1064.4571819993785,-628.2972787763032,1973.8304830147822,-1021.763186859237,-651.9092839240287,1914.9544899034258,-986.4315518549273,-684.8446573287384,1876.9034383807075,-955.6982139107453,-704.9422317107068,1827.7264702998805,-925.2868212433232,0.014276185002796399,0.01687268467674638,0.017902545624053884,0.014387510353105981,0.016505780712111756,-1298.0463850810052,756.4084873837605,-966.4359608017467,-1544.4505592219186,-2811.3308737658376,-1952.6245889178908,0.3832612290829275,0.0,1.0,1.0,1.0,-355.93154395563226,2471.320320380921,-884.8745197632852,-1544.4505592219186,-2811.3308737658376,-1496.4401878047306,-9648.23597683327
236.14651971365595,1908.52534416054,-874.0921716528305,276.9482192942728,1841.9554076991678,-926.2288569851339,314.02187878167985,1768.6749576702935,-979.0713666981816,347.51245045557704,1704.7003649165654,-1031.172389892615,380.1122260326252,1639.1896082825076,-1086.403755398866,412.18909058795856,1561.8174240889616,-1139.3674911736164,0.015401747183797582,0.013280961063867253,0.015344888343624963,0.012011074100146762,0.016619574483724336,890.2341625595988,648.2650503410282,-520.1877938913938,2461.3758513884636,-4763.194163512459,2299.193717361477,0.1920075803937882,0.0,1.0,1.0,1.0,-45.088660968018075,2458.278832475765,-533.657184760954,2461.3758513884636,-4763.194163512459,-2357.483419869068,-10053.19230869392
524.7484522881962,1531.2389898435852,-657.4791888328374,512.2605000035011,1453.031308875552,-603.7529994295907,497.8222704657555,1380.5443240476523,-551.1887965968207,488.6715241076015,1287.1766792068272,-497.2126225623386,477.90626508445996,1227.5335354533588,-454.08619902387466,462.214247740005,1158.8342270090723,-416.9906642429622,0.0140582451839677,0.017088763072785756,0.015751467715249046,0.01319030838453955,0.014049669243219154,284.0079626674931,97.15319050504766,-29.46677222954055,-850.4816739035773,-5002.956257096962,789.0560979372135,0.21117602568578442,0.0,1.0,1.0,1.0,628.4530405984403,2123.350474629316,-1148.385839252909,-850.4816739035773,-5002.956257096962,-4750.0110322708015,-9804.00742594589
-104.8224445329322,1471.1794105538143,-1134.3654813757646,-114.87534783327582,1360.859379985716,-1144.7421770075562,-122.01835609451514,1253.0627914926547,-1126.4157640901824,-134.5513668204647,1139.7590372634613,-1103.3364517409113,-142.84731248799997,1040.6447074011337,-1086.9292941771287,-151.36920872601775,937.8279231098663,-1073.0860825256502,0.01584296586604654,0.016994378885639955,0.015902016607067387,0.015246613577380691,0.015192788105652777,-232.40465583933417,13.825922579996828,-1043.5892647345393,-591.8605760263066,-6787.484775526563,-459.32819592955593,0.13561661219344198,0.0,1.0,1.0,1.0,-34.13136287052157,2287.6333223813967,-1034.9551447540766,-591.8605760263066,-6787.484775526563,-202.05932824087853,-9875.938953219076
-162.20181166803405,1672.3824666836156,-1118.7605787147143,-108.50609070143256,1616.1534931563585,-1129.437007385787,-43.716539448561306,1559.524859929511,-1089.1699727811915,40.53055173776374,1485.9207020968609,-1035.0631739178802,112.58350511505373,1410.9240451988815,-980.1713630920701,187.90643543005183,1349.7733254011969,-935.4749930120173,0.014761268162141128,0.013078432387373079,0.017581949075666514,0.018640324767188188,0.014264667635110001,722.5842472439499,852.6244561721022,-672.6787989075241,4533.203501955435,-4192.070689286916,1647.480156772514,0.11800592156081016,0.0,1.0,1.0,1.0,-796.0389259111205,2256.9681370832154,-742.7519262328449,4533.203501955435,-4192.070689286916,-2021.9414833705948,-9800.713640271895
154.49968915485763,2009.0028994338136,-960.887904435081,208.72008129543974,1938.806800380838,-880.3419776756047,264.6428373854631,1862.2302087993576,-803.9338700828874,312.26036668389713,1790.5076784823082,-732.856348305808,351.9324769350213,1731.1882750302927,-684.9485741215716,404.0571997021767,1671.285355647728,-620.5149695058068,0.018032048562819203,0.017839992757807177,0.015906696065727338,0.013351544623399575,0.016162000072167837,853.4586250616741,1041.2135388639695,-155.05139945949952,3068.0064444045524,-4256.419863559097,2422.6407276554874,0.14633957714410817,0.0,1.0,1.0,1.0,-312.3838238120554,2658.653087016428,-643.8207432958945,3068.0064444045524,-4256.419863559097,-3929.9183701042675,-9794.497528700631
676.2078163921235,1861.431239755604,-834.6822138502512,658.2499393009668,1760.7402383846486,-748.3419723294865,640.7676729021686,1678.2927351367475,-690.1365041177132,629.0945575149674,1596.1216465711943,-620.4273361529838,613.5684455868893,1523.1882144466329,-568.9212149255671,588.9691155816745,1433.7477057877886,-511.93785385716467,0.018915243086796568,0.0137522997257441,0.01467582616282051,0.012209976783634252,0.014660441222607346,347.6805528000789,257.8121802286902,80.0075643080434,-1208.0167188224207,-5824.864080290553,1933.4521102828046,0.20261731807055422,0.0,1.0,1.0,1.0,794.646738764372,2413.0118899361914,-997.5281113058747,-1208.0167188224207,-5824.864080290553,-5006.302393190683,-9895.125343956859
-206.46894971587963,1460.311883815713,-894.357559571042,-197.94323782661283,1366.026400252088,-910.894727416378,-177.93268360031504,1231.5039102340343,-917.8972889860049,-166.2736780091803,1107.9449440114122,-933.190664970664,-150.43235825192693,1009.072969378147,-951.8363001033013,-137.16858849530928,894.429930002399,-975.2445330303668,0.01519858930511693,0.017419728076431204,0.016659709988909394,0.014335579003938143,0.014079346005822446,10.97300683381501,-313.4873379408179,-1014.5592129773347,866.6621406053852,-7300.678616635799,1627.5115803300293,0.1666430433758778,1.0,1.0,1.0,1.0,-292.35874237807025,2241.75017788171,-887.8025653971554,866.6621406053852,-7300.678616635799,428.2405294864819,-9726.04942584508
632.7320333629652,1670.634809589286,-703.4505183223438,630.7410363170533,1591.0082491136,-651.3837437812178,622.708121708364,1518.2719083355662,-599.5353390799162,625.095815806368,1439.198732115141,-553.5467058165124,617.1693548111039,1362.584614673421,-511.01102790130176,612.8324675250251,1292.8752785485249,-469.9564933718423,0.014623721735328277,0.013359743414656289,0.0147954126033365,0.013458608560479951,0.01341837885121866,559.077660850334,118.44522293124714,-36.08082773177307,-247.31966563137453,-5455.29506000787,963.0331814739736,0.21530485223776089,0.0,1.0,1.0,1.0,670.3715103844552,2573.3279999347824,-885.752021914441,-247.31966563137453,-5455.29506000787,-4169.402176310251,-9683.8939534558
-713.390112761986,1689.5932054717453,-669.7815955260669,-689.5532980355808,1575.415989879102,-699.5786660097535,-665.916062023068,1455.4991320971637,-731.4671952057453,-635.6008635389506,1355.0338580238442,-768.4192075708447,-609.4853250531633,1245.541524175913,-796.8854461209731,-577.2045811767482,1150.4000280139821,-826.4446276163061,0.01557364308413492,0.016939044758211286,0.013120589501037325,0.014134573251672139,0.013304114880746815,-283.59683874445807,-77.3427603082869,-960.107099698078,1796.8388389549054,-7347.010671188566,2963.887309034981,0.16694916235509522,1.0,1.0,1.0,1.0,-840.6168788204799,2200.230547760171,-571.3582861745114,1796.8388389549054,-7347.010671188566,-1069.3975889775509,-9828.324700251213
87.9496496488752,1619.8583499546187,-1039.612559866158,127.51843874171954,1515.9574776942065,-1074.369570194992,163.577617544125,1420.9392572375216,-1115.9664674512214,209.6168079820388,1312.1864624858038,-1139.814360142799,244.08010775278277,1199.6247640682845,-1102.5990453546463,280.54814801775484,1098.5987544623179,-1058.7312482471161,0.014730889929032542,0.013617312197801365,0.014269534442287707,0.017486185349781275,0.013816561413256184,608.4481998109276,229.1118883874567,-817.1469422153098,2601.05736009287,-6986.737902867708,1331.2585382617108,0.1251603506420529,1.0,1.0,1.0,1.0,-80.83200061368325,2080.5974326473993,-896.6064965177268,2601.05736009287,-6986.737902867708,-1831.8813295067414,-9960.548666909843
-448.7885768735433,2006.9996637450938,-829.7662444886151,-471.2634967650308,1958.3813685298485,-794.8025824102308,-511.35549082075096,1876.8291022832843,-733.4114607902118,-538.9465881851703,1814.664450353701,-694.6543751285558,-576.6417238673771,1742.972016825715,-640.1934809863792,-603.3555887183076,1671.294366649473,-608.9748131415699,0.013131218731833455,0.01839029475018586,0.015948521857176184,0.01711496128669407,0.015402944418498127,-1142.5763091136196,481.6188617190709,-293.59442408785077,-1934.8554148334829,-4270.821189928726,-241.0046254777535,0.2788712245060331,0.0,1.0,1.0,1.0,-204.17143291937998,2552.9671388345037,-989.9506529288827,-1934.8554148334829,-4270.821189928726,-3700.4154339778947,-9789.927544616057
-166.6637548647926,1881.084522908288,-646.5282751657044,-116.12946186407427,1737.4443586896966,-643.9674316048747,-77.82021142527839,1611.9869538554076,-644.6571622747086,-28.191339414335225,1481.6932926148368,-650.8145912617885,19.411338697636438,1359.7732773375637,-651.2026018921896,59.61059206901407,1216.4901806896228,-659.5802625547063,0.017757412404184124,0.01557176156958482,0.016086013307758093,0.014523818644573291,0.017466501216879593,445.50714475399985,120.48641820686566,-826.0111246588863,2859.452204282616,-8203.165104326992,-1895.535725593959,0.13325032967822426,1.0,0.0,0.0,1.0,-283.6531673380672,2212.293519810249,-665.2640358098822,2859.452204282616,-8203.165104326992,634.7742444252848,-9922.784196153892
461.84867029671824,1679.029795363479,-1131.7436303676227,457.82750418580866,1605.0867495490625,-1114.1146633000646,448.38497764819436,1528.958370656983,-1091.1921968228453,445.8639059985264,1446.683823697394,-1079.6743320979585,434.64629038143676,1382.6157746699314,-1070.714321336012,430.412139092805,1309.2536593012658,-1059.51331010408,0.014895094581495516,0.01743620489447223,0.015595764011995639,0.013915864645647757,0.014067657242127912,294.8588470630734,-56.78294098240552,-1062.3270476097496,-463.4337432056789,-4773.235705841386,522.7101491821135,0.28775748051913774,0.0,2.0,1.0,1.0,531.2100560979693,2377.5672689967037,-1049.1000111344886,-463.4337432056789,-4773.235705841386,-103.26298634442725,-9959.828083119297
568.6987912975337,1840.1680761796913,-765.6854158213607,529.5203051649179,1710.0581283577587,-805.4710845771141,493.751936303488,1610.381206824389,-839.6507571823815,469.80241495902965,1509.7577900482972,-884.054645794971,438.3261931501561,1407.0184780597685,-913.9468181811185,407.51949794748026,1309.1704950376795,-953.2566690331483,0.01713630932042242,0.014054285548513429,0.013754657502488804,0.013140696815020128,0.013473623885618971,9.179667531034902,22.638601229958667,-813.2510540266184,-2312.113950065345,-7462.5928716957005,2474.57367408792,0.17184056503115425,1.0,1.0,1.0,1.0,645.0110037990055,2074.851640946275,-698.5342033054187,-2312.113950065345,-7462.5928716957005,-1968.8190383959284,-9797.179686486541
541.499628575875,1656.81112669979,-771.797732050238,497.1040954864236,1587.6401603308059,-726.2941064576577,464.64773767924373,1521.294175748665,-685.1624069960209,423.0642298835513,1446.502454271199,-649.8919674298945,385.65547065936033,1377.4649522289271,-610.4733042347042,345.0239419701747,1300.813050634119,-581.3943124567978,0.017606946240121296,0.015604363390036069,0.018220044864553475,0.017986429509557228,0.016323352714202988,-300.31797973767135,41.66750406762266,-492.6813424550616,-2160.5726473702935,-4171.489596916726,-1184.9478079518237,0.30199474084776246,0.0,1.0,1.0,1.0,866.3912498422887,2294.2718864026533,-1034.5017889000112,-2160.5726473702935,-4171.489596916726,-3462.649158203247,-9768.232594761366
-17.19018938176334,1472.8663482666523,-926.6975778581461,-14.852462158198827,1369.1305858044648,-955.4410234967517,-26.313556359862627,1287.059392891677,-975.6137467453096,-37.90819598902782,1175.6495872340834,-1010.9366779382407,-46.95733626630319,1081.3320307927681,-1047.278750458493,-53.58947279633805,981.9464771353138,-1077.5286969794684,0.01618881011956,0.013388679737169285,0.01852207405142478,0.014237388157188086,0.015639592162212668,-143.68879292843712,20.681906829270705,-904.8454839228846,-590.8412578859239,-6296.299208452688,1381.0574643777795,0.1531462110360029,1.0,1.0,1.0,1.0,74.92247248935473,2350.3126139567657,-809.0852377003589,-590.8412578859239,-6296.299208452688,-182.46623677807548,-9787.310095953126
-84.25475538207745,1955.3387193991236,-1044.84399454966,-74.12913352569409,1850.1803982867555,-1063.1096642487207,-47.55092389109598,1711.8515807973836,-1077.430029269542,-29.133596744989482,1570.5999050903029,-1096.2942265296035,-9.540633256979522,1441.9029821750107,-1118.5135486429458,10.906019194573215,1313.9766052749574,-1144.7222541647109,0.015499348739633632,0.014587958662499179,0.018120170977689497,0.015354151036769098,0.016590684044367185,200.02539054114257,41.99179781605812,-1009.8433639082905,1194.3961213624946,-8081.064356028845,163.55284177813905,0.15701553591437556,1.0,1.0,1.0,1.0,-116.48958161991868,2183.473852163704,-1025.000201414725,1194.3961213624946,-8081.064356028845,-571.6134578127014,-9877.542391448627
80.36631710218028,1932.7776590179828,-825.0068291418182,121.63953289334984,1837.0486116950017,-833.1849972871504,153.9411143658952,1737.4285049751602,-850.6646797456617,189.76289536502284,1659.5899303858255,-867.3333580738523,220.50929534151416,1574.2170552891455,-887.0314902093595,253.07217762560103,1494.665004660788,-903.9989807611606,0.017057826418554647,0.015416579954237314,0.01468798570858866,0.015358763376495749,0.012448128278204629,729.9632011669117,286.93090228835274,-953.8538694656487,2298.1852305280117,-5832.489058198719,1752.9112129597002,0.208144926540798,0.0,1.0,1.0,1.0,-131.8562602810931,2474.114299112876,-797.8144948057524,2298.1852305280117,-5832.489058198719,155.2869541780483,-9768.882966270825
-455.2797455168721,1951.179611956721,-1101.7581896247004,-477.0651151750251,1893.3981295331362,-1144.557292488555,-493.3361006600312,1835.5380292262391,-1117.007378306755,-510.85193870656286,1789.4510153295194,-1080.4363827469247,-535.2876949990435,1722.089082747813,-1039.8457201110025,-561.1638058389095,1669.2949951285611,-1005.8737487210607,0.014270268631718264,0.013464948770950391,0.014741869802089136,0.017114619316692337,0.01592188204525563,-1000.5103716205164,321.3001533053011,-882.493122582406,-1245.9054286976148,-3753.6660545596014,-1399.7950257338684,0.3587452353113979,0.0,1.0,1.0,1.0,-259.1966415454327,2554.731455768261,-829.3529178880389,-1245.9054286976148,-3753.6660545596014,-961.0202724468571,-9751.137955881306
116.38328228286514,1916.0098279026124,-1127.9287284441666,82.7512874042666,1846.2427593040236,-1024.5526021653418,60.53381267318634,1779.946527023598,-944.3128300241749,32.47986635670357,1706.2996097508735,-856.3660743673294,3.987630954645401,1650.7714076996724,-776.8090204029387,-24.928315843559197,1570.5378884311722,-677.4585619553555,0.01691771636664094,0.01646562127961304,0.015512397330700256,0.01268010178256962,0.018158801418862447,-304.9891803505248,908.376584342584,5.691547640511104,-1845.1047424214528,-4372.673830013025,3796.122038295588,0.15173401237576858,0.0,1.0,1.0,1.0,359.24852692119816,2482.539163147272,-466.78302680335287,-1845.1047424214528,-4372.673830013025,-4850.926188481185,-9652.145949483242
187.74231659331804,1965.5577216162196,-1029.7225614252995,227.98521438434503,1906.039588527871,-1004.1886686031486,254.60534760662952,1859.7657480064397,-983.1805824073656,296.31209005221547,1804.0293431749385,-963.556775034705,317.54904551508724,1758.8404614425676,-943.3096579466711,358.7774913304782,1710.0144635742336,-924.3500319826493,0.014816229647845264,0.013931633589259251,0.013957258303491316,0.012991697230405871,0.016322337771509154,1021.3869727853662,714.1553292357469,-982.7835987466736,2333.354167945241,-3506.9041968433735,-1575.8131604289538,0.2819781869501195,0.0,1.0,1.0,1.0,6.377909729188332,2239.658654862615,-1092.8848073309969,2333.354167945241,-3506.9041968433735,-2149.1697708580987,-9698.121125017018
669.1371236802432,2021.6610533995683,-807.5174233077737,657.8705876463673,1942.3006470809526,-742.17341193377,644.3730222515654,1886.0008901251576,-690.8338018798855,635.2340329858911,1816.9557818025473,-630.4840823365479,619.0997073799748,1736.6250629654548,-573.2787337587199,608.3139676665263,1671.8341924362103,-508.68855061177237,0.018614079226270036,0.01234371992508862,0.01661980611085201,0.016807633346533707,0.01538584822088801,240.2132658211326,-265.96506986737313,17.348920248726966,-816.6086873197847,-4341.513876767867,-1017.5764559013136,0.44668506653844203,0.0,1.0,1.0,1.0,791.4241297619878,2664.556796950937,-810.1136183534286,-816.6086873197847,-4341.513876767867,-4170.0173129309605,-9881.761190019464
554.128457177687,1564.4943666384988,-870.4429592261572,493.11702873493266,1472.0211750878875,-864.4068066121459,445.0976171716758,1372.3312838739216,-854.7177674021569,398.9463014258516,1281.2892476343682,-847.6824758879682,335.9242154793838,1186.6639202576844,-844.7289819588658,278.1617616416081,1084.4989657124056,-843.010075881928,0.014297274788825684,0.014486516275905414,0.015024404287000165,0.015695511628376846,0.016411323834117697,-265.8043511022516,154.69484461066475,-948.9226788206072,-3586.411044324992,-6187.6159709839385,-1437.2675451748862,0.15086229220392658,1.0,0.0,0.0,1.0,971.5074591898713,2289.422354600119,-1033.3886800586693,-3586.411044324992,-6187.6159709839385,1926.925523366565,-9751.284256641893
506.0770966634085,1441.1268890604497,-1028.6052934057152,515.8382400922737,1367.6718926559056,-1052.9826778523895,526.4519254072604,1277.9381788858627,-1084.5320015465547,537.2973058760313,1179.0549409145633,-1121.5454237867345,548.828804538512,1089.1515838851267,-1148.289170876178,556.9299455073482,1013.2752767676706,-1117.708367930062,0.013234236933236276,0.017664398963381178,0.019621785855362534,0.01271304069137269,0.015750909229513166,678.0691045704857,95.71862206509513,-901.0987249005349,709.3414411900544,-5477.83967254736,459.99478601019723,0.16723485234945082,1.0,1.0,1.0,1.0,383.6924064766133,2369.02208617225,-890.3311729528552,709.3414411900544,-5477.83967254736,15.904082824396824,-9838.954311635214
-163.54210130112938,2010.7034449163948,-807.0766413341888,-191.5850671953981,1960.3981734931845,-862.2542716671943,-240.43667495477573,1905.2036887600102,-918.133525599591,-277.38262766116736,1851.7675178345655,-971.6337248745167,-329.5730126217517,1797.6074371404643,-1034.0034413135127,-370.39198796406305,1741.3043598226554,-1107.9530813775493,0.015052734689669764,0.01593904335696472,0.013547026860733391,0.01662228526296808,0.017111522045597405,-938.8599145084662,991.6218129353952,-485.87372504852294,-2719.1296620185153,-3586.0097005554953,2412.5364701884696,0.20739342244185163,0.0,1.0,1.0,1.0,148.79195029893913,2426.0256931575937,-472.25831754307956,-2719.1296620185153,-3586.0097005554953,-2357.0679625815055,-9736.905777580661
17.53526886097881,1956.031387528431,-873.0172373921173,-15.267481676955745,1865.1718216538552,-851.9936278762027,-38.85720459211927,1773.5504775042064,-832.398782270653,-66.18993273727126,1675.8436527879633,-820.013098755484,-93.38201344051235,1591.7867498736553,-812.1282929890754,-119.42223448430809,1511.4287049035354,-801.401292100699,0.015786457104322377,0.017663223858164996,0.015076635672036008,0.01598254215302529,0.01339635371137865,-533.0291151528069,165.0549907843636,-948.7825137395918,-1765.0441304030396,-5732.677951917402,-1782.3477855504746,0.23470584054514898,1.0,0.0,0.0,1.0,67.0858891842272,2114.165494436283,-905.2324188298519,-1765.0441304030396,-5732.677951917402,1526.1707566696468,-9730.936888882716
509.298997071464,1545.2144705699984,-1101.9072565053427,447.3940210711657,1459.2823172951767,-1012.3299344821115,397.7898970601041,1379.0883851951858,-930.9560855286182,350.5371718663156,1307.0085440051776,-858.1344330543319,283.65271881120026,1214.2237981921357,-771.0422840428794,234.51653031227593,1135.8658146161015,-700.015762574192,0.01720032098400992,0.015709486134002776,0.01364622127505527,0.01666922142740801,0.014788562460924554,-141.3163402543514,574.1283202919321,-233.3885459113156,-3466.8415765607792,-5170.866925705866,3697.528696227248,0.11004236790225008,0.0,1.0,1.0,1.0,985.4071721279006,2254.6600711463407,-511.3793599062036,-3466.8415765607792,-5170.866925705866,-4369.38711946438,-9747.190452458999
244.4895590834825,1794.282576882625,-923.3187609017253,267.79055136551335,1688.070521531765,-842.1308584499664,288.9025205916181,1583.2614754362928,-761.3823230370178,310.9354485176699,1484.3067356516694,-696.0686526717828,329.3310094869005,1371.4814488018226,-617.461848454867,355.7347998105053,1285.4164911024495,-557.2168312234023,0.015122263686406692,0.016092432935866652,0.015324532790943701,0.016852067477853366,0.01390177088927022,518.0606260138302,485.7167397258517,-107.4045691644682,1359.139063323387,-6501.616771232383,3043.2897578325583,0.12332411836886104,0.0,1.0,1.0,1.0,89.93182106696258,2533.726022664053,-789.4300364409257,1359.139063323387,-6501.616771232383,-4783.662022018877,-9986.168770798513
129.01477982897842,1807.5363633934794,-757.7665978857824,160.5902087694216,1742.7063038525641,-763.1943642078634,182.14436938043764,1673.0918172637353,-790.0584929234303,206.3764134000952,1604.6043510528136,-796.1817612037017,233.05485016351585,1537.828669532317,-825.3246808277273,259.17837164557693,1463.0334531206017,-844.8074087500449,0.017991458926891038,0.01704969703276596,0.01463430827991058,0.016996337614911455,0.0176622691334401,691.1320357054706,274.1357691110169,-836.9476298540851,1501.7279049787096,-4117.22925738889,1366.100733718859,0.28968521230818234,0.0,1.0,1.0,1.0,-29.69735868430962,2250.4058126576865,-751.4836492146312,1501.7279049787096,-4117.22925738889,424.46022774919237,-9865.986707660604
177.73920760772134,1820.9810548445362,-948.2082369771047,122.02125034265734,1697.3398931413835,-1036.5914481802595,66.8496739543729,1561.712906824864,-1139.787097135675,20.43358183191124,1444.3318742385723,-1070.6202606238692,-39.44279717588583,1317.4556652952963,-980.0365242684479,-93.95779711497927,1185.7828835165433,-889.1270514461912,0.01657821107257894,0.017534392368490637,0.015726992371394286,0.016208206476735307,0.01679029014751962,-410.70356032055264,456.1703288107666,-416.4765833008458,-3271.055982367761,-7590.972588087869,4430.303086296349,0.09668948631375512,0.0,1.0,1.0,1.0,341.6393156240324,2202.094024070979,-681.7344439042754,-3271.055982367761,-7590.972588087869,-4979.6200946903755,-9742.3750198629
-589.7307707595397,1798.3007534735575,-1059.5528810405553,-590.9511205197032,1708.1202206977753,-1025.9215702649676,-590.6097119225562,1614.922444166497,-998.5308301079031,-605.3320212083617,1521.0644381993964,-966.9668980270486,-609.5128817450411,1427.6763819066216,-931.4615399521894,-617.2345478081841,1329.625449613339,-900.412595315178,0.01538467358141199,0.015859931234501495,0.01593140521070205,0.015557866045201874,0.019482185212536557,-714.0751992030722,29.24610788450912,-804.9591948469906,-431.1509949493658,-5789.743425889596,-668.087701867816,0.22305427545571946,1.0,1.0,1.0,1.0,-532.9917813243364,2460.93834675814,-969.5091733952513,-431.1509949493658,-5789.743425889596,-1920.1151756749089,-9845.04168533981
480.53264720421384,1760.5691709357734,-846.290117480981,517.3360992413951,1674.291915086098,-778.7429303095641,539.0384990073594,1577.5551831124196,-713.3886853738348,563.8189184833867,1501.8346838482212,-662.6440047514311,589.404714974509,1411.0629558271492,-609.1272421376575,612.3745267017451,1323.6003560398997,-558.7065835781364,0.01662656948677016,0.01695153192496579,0.014092206180968292,0.015825427694553196,0.015121180069430112,862.1577878605391,493.2121984471118,-179.82735786962837,1659.004475762832,-5582.397787483121,1789.8934571453287,0.14908527517352094,0.0,1.0,1.0,1.0,298.0962661011781,2391.2274461913707,-961.9439069433341,1659.004475762832,-5582.397787483121,-4310.9042449138815,-9832.051582587199
128.1985364401107,1952.7651416878393,-907.5395109947762,148.42334854381892,1909.488136681295,-886.7639585802023,161.86832999198813,1840.661713149395,-873.223057428685,174.90042581436728,1795.3557975485762,-856.5986410989267,187.1882841742048,1726.599191467786,-842.66638621534,201.70743944243569,1670.933516917143,-832.4353680961943,0.014115605721116586,0.017346982517890575,0.011433724108077331,0.017984637013590765,0.015504135899226973,589.7992727867097,131.3669979082213,-943.7031438276881,950.749532631466,-3752.0790768936477,1552.4723750322637,0.4108662078172381,1.0,2.0,1.0,1.0,-18.680428097430195,2532.6976071201525,-1091.4898879280267,950.749532631466,-3752.0790768936477,-2311.3632552119498,-9918.35391836362
174.36833160011753,1788.898780438764,-861.3235724888848,97.21117585831861,1682.718845834077,-916.6368076027782,39.243124074376546,1607.2772185281458,-960.5619427682849,-30.452423729524583,1514.6980074674768,-1013.1174608275805,-99.06238225793139,1414.2753873282077,-1070.3429953057257,-168.1488271540625,1334.3640697429307,-1120.9081167753056,0.018994269622880935,0.015124166229212713,0.015520199975156801,0.017388063783922214,0.01648400490515442,-718.7599752168916,565.8483191608625,-772.153489492415,-4036.068524511018,-5540.67424759337,2321.5597902451846,0.13763939504214706,0.0,1.0,1.0,1.0,592.96229524919,2366.56744962871,-637.3887893129493,-4036.068524511018,-5540.67424759337,-1673.8236378556821,-9603.333282862892
2.8985112778027142,1668.1297256784612,-1050.7142113624618,26.393663635320728,1537.990191671454,-1120.1667893993156,48.455009594840845,1435.811012881253,-1104.4163040902206,72.96852791976588,1309.5022842655037,-1034.4358044564287,93.4869641937815,1175.8389266307884,-965.8240347552791,122.6577336329109,1042.8197594264082,-898.8592540406711,0.015889463433933895,0.012970572901368937,0.017865769232452686,0.01688817852205085,0.015932195954185963,285.20914546051387,194.5191780723925,-519.0987446622722,1524.3812145612362,-7901.497482817579,3006.0002932821376,0.10699830547122802,0.0,1.0,1.0,1.0,-103.50806425260134,2209.401036190872,-774.8383770420506,1524.3812145612362,-7901.497482817579,-3751.365794673426,-9847.028523302211
-92.31448622781024,2005.5489098930097,-593.5331472919726,-69.51374217227333,1908.4748863371474,-641.1149515346211,-49.20554731550803,1822.0540495131424,-680.0964392285993,-31.01488570846688,1719.9586085586345,-725.655179126346,-11.117254322704765,1627.8320506448124,-772.814457708713,11.160426504492923,1535.35025568976,-820.4131540005865,0.016730643579726333,0.01651831955679451,0.01713671920170235,0.016140901010515254,0.01552649216897331,238.56601503060014,441.1412278064662,-802.7764789159711,1213.530067853087,-5764.366909370579,3104.383033609658,0.19032861786781569,1.0,1.0,1.0,1.0,-125.49300532532618,2170.4513006176394,-529.4143909793553,1213.530067853087,-5764.366909370579,-2081.9318154510024,-9700.207887068484
-102.65284718815931,1999.0154728453517,-958.0763143798558,-133.78085396856736,1937.5527926819188,-980.3740624422461,-167.2046198526986,1860.414972780317,-1009.9214181750655,-197.9406301492528,1778.6793450825683,-1044.3941252746733,-232.51048964853868,1702.5335640591172,-1082.1151638318686,-277.83696886303346,1620.1246592872185,-1128.5045008519905,0.015559072625410411,0.016018869701324892,0.017485885970957057,0.016052920651820096,0.017577092635223376,-836.3718371590509,382.15473888759993,-818.882294424514,-2102.67176533018,-4653.104490644862,56.33119956486497,0.26575099887378856,0.0,1.0,1.0,1.0,4.696868973021765,2243.3965351455436,-885.4200682043203,-2102.67176533018,-4653.104490644862,-1138.2364807757951,-9709.68017238316
536.1077129956735,1959.1448311944212,-828.3699458724432,498.59174249660913,1879.1698403862333,-840.6114812223531,475.4392030894649,1807.4430382329936,-855.7544962729081,440.7649356932584,1737.2446621854376,-875.7178310878071,412.11878314668706,1680.258819666747,-891.7226852459809,379.3508840723692,1603.8364800745894,-917.8425238027969,0.01698854745948135,0.015406613737490665,0.013928257466250135,0.013564656615458928,0.01699416218642967,-247.264114207763,120.75288823441878,-801.9721088034078,-1942.9616521017424,-4569.983489382952,546.1105198037003,0.3246324845233781,1.0,1.0,1.0,1.0,656.2130540195471,2245.795210797494,-789.604007183397,-1942.9616521017424,-4569.983489382952,-236.9335678887351,-9809.310182534195
483.6862784629949,2050.506704139402,-744.0607884148461,458.8541440711272,1961.6444270158895,-753.5218486234445,435.08343182804293,1882.5091108123925,-753.3229930734651,398.62859306098386,1786.8129808987878,-773.933527470461,369.3557943978295,1681.357381950235,-787.3118881617803,335.03341599106176,1581.6739610745121,-802.8403032410674,0.014676892079240847,0.013054731502068553,0.016632400699820568,0.017985234865706412,0.0164292145243356,-154.8709610153654,29.348623456363228,-935.7246970676127,-1864.595050549481,-5884.022597095587,1968.9297537840616,0.2640122079054424,1.0,1.0,1.0,1.0,656.2278859736587,2588.8984531929423,-754.7785314464784,-1864.595050549481,-5884.022597095587,557.9826332294592,-9852.774607291773
63.98755165966354,1969.7036625647854,-799.9864263263637,70.35329112151071,1904.8098582745513,-809.4474750966368,87.08028827809433,1830.267140422994,-817.9764279868511,100.3916363674964,1757.8452197423069,-835.2584050637663,118.31663101209782,1701.3410536667038,-844.6113675893829,126.98790907650105,1632.0289226333678,-866.275123294281,0.015961252895202588,0.01827820206474623,0.014002687665898045,0.013638791373111275,0.01829960481389381,469.1316096594584,127.26991242725137,-818.0833777551615,946.98603904673,-4255.646633041691,644.3279947794204,0.35253964460776066,1.0,1.0,1.0,1.0,-94.3250835733453,2659.3796590870497,-874.3055005910129,946.98603904673,-4255.646633041691,1235.5746672786127,-9879.368807444711
-215.95093646350372,1561.2836619583995,-773.2805459739633,-187.23202221049772,1488.8710159784805,-801.326903062995,-161.64542884455042,1388.225502453207,-825.889534252268,-131.9934171551637,1306.6474545537078,-846.9618618227847,-98.09791687763045,1217.1015568481973,-885.4086566137762,-81.12415047755583,1130.137046276741,-909.6831077162738,0.01352554143516077,0.015293150127031585,0.015658249927595264,0.015009065247807735,0.012848001849828955,274.04435654596045,105.57520589998455,-911.626295106957,1974.0451957425519,-5832.503249596346,2256.8467795873544,0.1771593784063084,1.0,1.0,1.0,1.0,-545.184399687199,2526.064054482472,-648.2261220191629,1974.0451957425519,-5832.503249596346,34.414973951555,-9666.944344274312
-197.3371684714916,2015.4753399846593,-1116.7622944834595,-236.15482921256833,1921.7933640535557,-1105.7226368487118,-277.7646737995089,1846.6929434092274,-1099.0846192223107,-311.62086639132207,1766.6285513038406,-1091.269647571656,-354.86691096236984,1679.9628900820012,-1089.085792792373,-385.2054857517826,1608.8151013459062,-1097.6347303014907,0.017819265645655245,0.015432776059828124,0.01577050485243467,0.01691186240126598,0.013748744789969888,-941.7415662621783,451.5874804291408,-1094.3486618730915,-2437.47387297882,-5092.641547052495,-149.83758160216553,0.22668690726131296,0.0,2.0,1.0,1.0,-64.25097198980143,2284.938437368044,-1135.6849641807387,-2437.47387297882,-5092.641547052495,-902.4694138617898,-9576.334297982525
692.8570966482022,1958.7709864015912,-694.6548059914875,683.1422698153456,1864.628182967997,-694.2622027696964,678.0453511519308,1764.6698905076194,-708.7133388323566,667.3189929870308,1688.129693518369,-712.7738064689523,660.3426362275553,1599.8952997847646,-728.299381325233,654.8675360819848,1509.3005601891323,-742.2240249056429,0.015086716510171044,0.01579056363777845,0.012996264561658144,0.014609570969708635,0.015167501039602932,518.8753457195803,-93.38984496451529,-982.3859496871153,-514.6554948995395,-6042.93334375473,2387.2463077899138,0.2646775958858735,1.0,1.0,1.0,1.0,719.5909887303987,2263.354159099831,-692.0810591508039,-514.6554948995395,-6042.93334375473,195.90287084528742,-9750.371501580374
-289.8372893885959,1795.6456534782053,-686.0457001405844,-250.57745588778027,1721.1794854579016,-719.7017731802887,-217.78365534108968,1645.0310780248872,-748.6417024994892,-165.1195765399105,1561.1295631210398,-782.7297528001259,-133.0800038388222,1485.5441425200652,-819.7628944956396,-88.99953707216847,1411.9868922510816,-862.1970843544442,0.01592238904017601,0.015104793788559098,0.01800810976862971,0.014756902521825904,0.01583202303303012,445.51184486068394,366.3532327903476,-800.3917223801677,2466.5314778848006,-4800.17180666627,2306.251689994134,0.21858463912781403,1.0,1.0,1.0,1.0,-430.1068297884208,2070.414224156875,-601.8696984713939,2466.5314778848006,-4800.17180666627,-1214.3280998862447,-9683.083796638897
-207.89288446886331,2056.3192240268118,-787.4839405611615,-184.61939367502757,1994.988218111904,-762.7853087080364,-169.7727780805541,1938.305277406025,-735.1826748601052,-145.9961131341385,1890.3866181269161,-717.3840642918789,-132.3852835689639,1820.9906273182005,-690.3362290763748,-107.75414429368757,1769.8805603066123,-671.3557442638862,0.016723495225538537,0.017905824089506778,0.017198708229703208,0.016550235293791515,0.016196477071170723,458.3275803470157,127.2775914126298,-959.410930051465,1164.9963087791048,-3391.1363467628653,2552.973330298043,0.48496609503103016,1.0,2.0,1.0,1.0,-392.11972506173174,2602.807124549524,-1097.7813734870695,1164.9963087791048,-3391.1363467628653,-3044.3481035985974,-9934.591547072194
19.171777903465635,1326.7412125021629,-956.1440350094384,7.0329784275076825,1242.7289089094597,-905.8603333077009,-17.48054630755272,1133.7466051963497,-851.9066220049439,-39.90187646774625,1031.8592896524365,-798.0068773348605,-63.66205993899677,925.9073439176669,-744.9397869560361,-86.98317207322015,823.1437537969817,-695.5075378506604,0.012877235514200877,0.015286139670851157,0.015627630378039548,0.016727434025618604,0.014697265735309634,-219.59115901570357,192.58665777415462,-431.0222670512314,-1428.9574521731292,-6670.064555133075,2277.29890582143,0.09479648273610367,0.0,1.0,1.0,1.0,201.9512893753697,2160.2557015384104,-834.5130508519931,-1428.9574521731292,-6670.064555133075,-3615.3873517644947,-9770.434267594264
-282.58105632029316,1614.8154072605955,-1146.6837446847449,-279.4183600659225,1482.1832256249374,-1082.5639880277886,-257.2029628019729,1357.213171549953,-1016.2690732653296,-249.18192524871415,1239.694345006634,-954.2687296138017,-238.48672024576797,1125.5517688854031,-895.5104323770229,-227.87479777696217,980.6322505647968,-816.4763545266779,0.016471319901095738,0.014057463520769559,0.015369727650963574,0.013518193660290959,0.01797687672968218,-141.8062851044835,163.21420904972678,-462.3715154400069,816.7414218569497,-8249.181281662515,3087.9693314333576,0.09877892737266275,0.0,1.0,1.0,1.0,-341.90793345943655,2184.2636230570415,-836.020762456134,816.7414218569497,-8249.181281662515,-4110.498700198129,-9849.333416292522
-20.749919217139627,1774.5964977560814,-837.6210687644505,-16.975431195644532,1687.4326120847916,-884.4850782370565,-19.983663005478704,1606.24864253768,-927.9542576240538,-11.988578284146646,1525.7350563634982,-960.9646272458926,-9.750653936402841,1446.7522693906205,-1005.7680082481648,-5.78191829227881,1360.13460831562,-1053.0981803067903,0.016133968487353156,0.015732468731988913,0.01441092108012787,0.01582832205914822,0.015941606781412015,40.80072090394366,62.00439005874841,-642.7364526826352,193.04354257967722,-5280.393191612576,1280.8414440274914,0.24611103952782368,0.0,1.0,1.0,1.0,-51.86017953430144,2596.593122032789,-594.9479328737538,193.04354257967722,-5280.393191612576,-845.356499404853,-9693.901207717381
-57.131774114745916,1912.0658041876043,-1004.394906636547,-64.11676015790229,1842.169971007295,-1063.4518037793557,-80.69567841379583,1737.4569783435454,-1137.3009932528505,-82.49388353471427,1661.6851553083789,-1095.0577304676747,-86.1248741384928,1586.5612135116337,-1033.9912908741371,-93.27439444577749,1510.2394736894635,-976.906112857535,0.013849834762980268,0.01686068794284562,0.012731855818759269,0.015401487608164455,0.01317405066867991,-204.60563301536808,234.05348429873132,-276.2442945412786,-470.73551511424364,-5534.300190405036,1892.6726742054984,0.23051050903337308,0.0,1.0,1.0,1.0,-2.1893615162432525,2613.802566172897,-547.775260501367,-470.73551511424364,-5534.300190405036,-2993.0571991284896,-9899.295844476826
-305.71118604298715,1894.6468415694808,-830.4884872284459,-286.6259698454666,1808.608627598737,-852.553936631468,-274.14174569307875,1708.699602263298,-872.6453279019295,-258.1827181682109,1594.0538714050194,-901.075854761268,-243.00016430786735,1498.710388225214,-937.0159954441923,-220.24088295810552,1389.4479446479284,-970.4340790647227,0.013370146508769262,0.015073686147166046,0.018385145286439433,0.014836408899008391,0.016333111689761176,17.87211862094845,8.642274000669488,-831.0914928141202,1113.7585082100693,-6474.419642337441,1495.4896446329099,0.21345347711079143,1.0,1.0,1.0,1.0,-394.21852941677764,2404.177541665521,-742.8182473818172,1113.7585082100693,-6474.419642337441,-718.9294823225248,-9740.740667357779
535.7847869649263,1939.549561661523,-309.0721772900144,536.7739383896345,1891.601657291393,-306.26296911172096,548.2750766060277,1841.4779146058902,-304.7664792822788,562.5951791769148,1793.3159373772612,-304.03506591893,569.4883111755397,1738.0261949206283,-315.4324772215215,571.8461062889038,1698.026421316346,-324.67702544912095,0.015369128689729172,0.01545283425251981,0.013166451842166221,0.014995605899796899,0.015836951805566185,880.425149519556,185.85119663707067,-893.0865913339254,698.9606138752027,-3485.608958717531,3396.0644848227917,0.42914866591168765,0.0,1.0,1.0,1.0,408.6267351537995,2538.6372437713967,-487.0124520285714,698.9606138752027,-3485.608958717531,1883.8676858113076,-9831.565206012761
-673.5546909066173,1898.018501532172,-1046.0431203335875,-681.7208397148553,1826.7483755250532,-1017.6562634696918,-694.9143725108113,1778.7283081011701,-999.3279806640389,-708.1797162302524,1698.0117406292889,-975.0818694221828,-715.326348054722,1630.583430008641,-960.3748123358396,-733.1677361302704,1571.1111690779499,-942.3922536943055,0.0168032614100342,0.013930441803818458,0.01717177119688322,0.015496880468204827,0.015216116088695997,-1003.6816131944454,119.49925551138804,-1069.1444041507045,-798.7969742589293,-4241.532109086011,1737.0982745554506,0.34167193173275057,0.0,2.0,1.0,1.0,-604.2831260649825,2240.265310054396,-1103.549775459742,-798.7969742589293,-4241.532109086011,-1923.4870068394869,-9898.68987291782
-560.8956067243251,1861.272021284662,-1056.6785565061184,-508.6642128304997,1763.409016165215,-1058.421972513429,-457.1608347827984,1663.184971340475,-1046.69708927777,-412.81722254332317,1579.3140868868495,-1041.3494217959014,-356.2854807298591,1471.936493926248,-1042.657519974194,-319.76863781820606,1396.7806025137802,-1048.3778464933673,0.017152599578459576,0.01890253829842964,0.015972761946668218,0.01754646277303948,0.013609056001444159,333.78977321872776,155.17829856921128,-1053.3279464375019,2919.8243421339057,-5551.306331323057,416.1665464408179,0.2245480485414547,0.0,2.0,1.0,1.0,-907.1355721881832,2514.483489381512,-1116.6897908943113,2919.8243421339057,-5551.306331323057,-1190.1340597461162,-9806.985089610407
-631.7636378355835,1659.7043016095286,-1008.9575094927736,-606.4317120621987,1586.1448685069226,-1058.6086342347262,-584.1163486322068,1491.5791540498744,-1124.2613981988095,-560.8213035055657,1403.3812294062607,-1105.7867843621507,-532.2524414696162,1338.7362040420014,-1062.5862131268811,-511.5124808212989,1252.5081789521253,-1010.5662023473457,0.013097585221897218,0.016842441904441036,0.01664947094801561,0.013006672981538514,0.015164931070182519,-157.8970817264529,44.220294956460805,-483.17254915363316,1579.3068384245826,-5364.8373921256925,1205.6761548752895,0.2258372880357412,0.0,1.0,1.0,1.0,-844.8955564411443,2377.9245605311357,-640.6905217358623,1579.3068384245826,-5364.8373921256925,-2143.0254581911613,-9962.978927547882
397.3006745695532,2053.4284572721,-776.0280491602394,366.3728160879694,2023.404389913685,-848.2493988308754,328.5988076426987,1977.043562672358,-920.4446929620872,287.6984118898464,1929.5752349377283,-1009.4170195658961,250.0477431027839,1884.079836686331,-1093.5079409530233,204.6730893518486,1838.9036210343645,-1106.7464334086594,0.014166467399465421,0.013058528128598382,0.015076367135630472,0.014337792631996693,0.016341878856311234,-304.4865087876884,1269.9206652500204,-167.35507275642755,-2706.759784269013,-3023.919821959532,4083.0395997905644,0.18822553968427652,0.0,1.0,1.0,1.0,548.1428232570506,2222.455409167274,-499.81743585694824,-2706.759784269013,-3023.919821959532,-4822.120807747502,-9898.200334375924
159.7324591572247,1942.180223060295,-1145.7274515736206,153.96754895110018,1875.9182846159301,-1112.288315532318,158.65260052792522,1823.4256091431014,-1082.2572294464617,147.03633561740222,1770.48967233605,-1053.0965007308978,144.65906245104424,1698.9088137639976,-1019.9545188138293,145.0838493593551,1643.5865561163175,-983.4673307084292,0.017120635321276986,0.014674130581121159,0.015676018599057734,0.016263381037299185,0.016735871381767797,18.086625160107907,-152.53106318366062,-1015.4139754980727,-246.12581135800522,-3656.5788688722273,1846.392245343768,0.49117719909314517,1.0,2.0,1.0,1.0,178.06840254281155,2224.245201583291,-984.3951199543139,-246.12581135800522,-3656.5788688722273,-1675.8017696670358,-9697.94721840473
-218.42144973726388,2032.063158953196,-1054.688410727591,-153.77750041289784,1953.5572210371156,-1084.6693763075598,-96.07997699094744,1869.4566906304112,-1128.838502398579,-33.268310437485084,1784.7361736871233,-1139.6759598442268,21.00428602818466,1724.8713066569137,-1099.2515544277985,73.82172066527198,1647.9025763723698,-1070.899979155628,0.015719622490831947,0.015841631079178853,0.015992988084460508,0.012339529970376406,0.016965899218083086,843.335003116462,661.7001123046991,-808.9999760263653,3950.02260176904,-5115.169275880956,386.7220863172498,0.1915553999102897,0.0,1.0,1.0,1.0,-657.6735855557735,2605.464437139466,-863.9499315925405,3950.02260176904,-5115.169275880956,-1112.1886027772243,-9889.582842452255
-339.36996254021903,1731.844925453275,-920.0291009425076,-284.9587368106978,1637.2114878258774,-972.0319303711385,-239.05484168240878,1542.8101110630412,-1019.5503593887827,-185.92729550834977,1455.5783846417924,-1064.2221270554273,-117.46348314846861,1340.9288720433965,-1123.1438200850487,-69.29852011040197,1244.9458840519776,-1122.4492038483838,0.01605059032226483,0.013615481208885047,0.01513134956229513,0.0165432418367831,0.015081347802250344,451.4869064591814,310.5285179884908,-698.8216151254502,3553.631494748281,-6348.147764697381,2163.3130914026247,0.14749032339966814,0.0,1.0,1.0,1.0,-614.6025419653026,2214.9728473977066,-719.3801003543196,3553.631494748281,-6348.147764697381,-2254.671986240951,-9812.679597306553
193.90485356817436,1834.243839232515,-943.6306009874189,157.5350867303637,1697.0846373362822,-1032.5384218254865,114.109042399681,1553.2871688026962,-1125.7661032418007,67.86894709618473,1407.191665759666,-1082.0740495475975,22.14226007851153,1273.1916747167265,-1002.392443653354,-15.103939609116564,1158.5406518835964,-923.2305233662594,0.0174337452450165,0.018267054216114784,0.01814416228200351,0.016250840670236147,0.01391601227664968,-281.6931703712503,324.3044374065153,-467.918861408847,-2552.847719546793,-8019.34125288348,3899.0289807249783,0.10433134995727267,0.0,1.0,1.0,1.0,356.5187595154482,2329.139750627385,-658.5755049226152,-2552.847719546793,-8019.34125288348,-4342.826727392418,-9591.009331720637
-134.82995019858538,2002.856579090821,-1012.293333866891,-81.23803174314597,1932.6041369674313,-938.637129265107,-13.153398220550805,1841.1535925198652,-853.0501025948553,26.24705857524356,1772.8145991497659,-788.4697041730319,75.95721157419085,1699.09135080415,-727.7650913290026,126.39737868542302,1632.365039388328,-669.0520597689222,0.01657052185167371,0.017702413585129584,0.013869409977048136,0.01444288283822004,0.01615450932091833,674.7775641486872,854.5472846448044,-138.805557735236,3331.014961515386,-4726.1376203477585,2428.9978954085827,0.1641235016041327,0.0,1.0,1.0,1.0,-674.2834952650443,2768.6330208856516,-567.5378077312669,3331.014961515386,-4726.1376203477585,-3748.8161018572177,-9508.333621140542
102.83282293551204,2044.0686104289605,-1012.0170045769133,57.950230119789026,1971.4111432066034,-1057.497594479123,28.06562745507049,1909.0464929769007,-1097.0871614588093,-24.04781245589984,1833.9697624146866,-1148.774591736649,-58.107265252379285,1759.6073008110209,-1111.298959498142,-94.56650936619003,1702.4379990158584,-1069.5138632478838,0.016769490444617452,0.015724894954518148,0.017384990750538537,0.017598398528418657,0.013408464124980951,-812.739661514763,461.78047775207324,-721.0964858536171,-2394.0331475387616,-4145.016696652078,-292.5312563332076,0.3005296436467156,0.0,1.0,1.0,1.0,456.097906680782,2658.639326977666,-765.1720676782832,-2394.0331475387616,-4145.016696652078,-967.5332871001192,-9647.200258187371
286.15957326163453,1883.6243450535708,-883.6894693892895,277.77232472628344,1815.807701635679,-857.7776683876799,263.4913094144472,1740.8372871576178,-827.8917549344487,252.17314968507802,1671.7220309286038,-796.261961061715,236.56512477871888,1616.9950395257624,-770.2744281961112,232.13291512342877,1557.1191414350278,-750.6829177095709,0.016005363397619446,0.018323127203439482,0.016738738711485485,0.015565669991553677,0.015525628540419084,-21.147973289645694,74.05421358126341,-1010.5444098107373,-665.1640613965351,-3915.1398107658524,-2557.927956034351,0.37864447344847485,1.0,1.0,1.0,1.0,364.6471823203449,2344.8353038254622,-1104.025815652985,-665.1640613965351,-3915.1398107658524,-2898.7665538317056,-9946.141971821597
-432.12445509126843,2030.9467141110426,-840.8795420395282,-381.11125335197977,1916.26921825827,-864.4805342942536,-341.01446680893076,1797.3286513173489,-897.4368224598708,-279.6539509079981,1667.940298205728,-934.3673096229163,-228.30138144531665,1532.1471336163002,-969.401309133551,-179.42945136380135,1425.9141677664102,-1003.1262608798573,0.014555517895762808,0.014919086705908642,0.016071921763404044,0.01477641580019838,0.01422046355021693,341.69109434174703,160.51174993765352,-887.611265317566,3364.135136458783,-8128.703156282054,2061.115378792142,0.1553257942642062,1.0,1.0,1.0,1.0,-532.9840411375369,2273.9745705709893,-789.5198286566712,3364.135136458783,-8128.703156282054,-1526.843044114312,-9774.254242475217
-630.6783546628169,1733.6867372992406,-692.7254898839524,-625.4904927168388,1646.660219966714,-639.6765758640557,-613.5660260970867,1591.7360978596337,-608.2941152279642,-600.7515309901377,1512.9971041990368,-565.7671222902205,-588.3734594801341,1437.6871347273968,-539.6864570940179,-583.2666782324119,1374.4563403729699,-510.64523563744206,0.017390887300598956,0.013244673137434354,0.015592141338458598,0.015185132501636861,0.013062280528260445,-370.34063007688576,-181.78211236026075,-374.69581503088943,647.2421148343484,-4825.992147669042,-1160.4058279858473,0.32224566737963695,0.0,1.0,1.0,1.0,-716.6151615132645,2400.1236866426802,-1142.2614082542761,647.2421148343484,-4825.992147669042,-4052.4048009607404,-9819.914718663893
-380.7888074261923,1730.079188956209,-1098.1677736963213,-323.92694147231055,1563.8957650665964,-1021.4298697009891,-260.648372070563,1418.3260393259463,-950.9067703460757,-209.4289692897499,1247.909260705198,-873.0252380124117,-159.8274935233993,1111.2629427621318,-822.0066584372928,-114.6689767837432,977.6563245941863,-769.9353560530842,0.017746774640457853,0.017579048636141216,0.01769793472623722,0.015460627294543297,0.013133697814160933,170.09167100621428,176.09215440909497,-485.34493572255815,3250.3839146608134,-9163.473313992605,2797.2883860267057,0.08824011758897934,0.0,1.0,1.0,1.0,-512.4889510725565,2100.4215503475425,-1022.9195100480661,3250.3839146608134,-9163.473313992605,-4272.577749459971,-9700.710540037797
581.9448196899087,2004.4702628920938,-1080.6871233668599,539.7541714713824,1924.9624968885098,-1041.787171351261,472.12714502744603,1819.411444764193,-981.4548982005624,408.9357779450292,1725.9689799753921,-935.1030861367669,340.9790085282455,1619.612572283797,-886.8391447657394,274.9244593593571,1506.2087308795215,-833.1800361360367,0.012568660416295674,0.01693121372528679,0.013039538642398998,0.017820751000579824,0.016966274828376426,-442.59096698798305,356.7896178759351,-475.99710875525165,-4039.624360253921,-6489.411191604506,1128.1237220965638,0.17697959344479208,0.0,1.0,1.0,1.0,789.4944628894636,2336.060031315308,-1030.302733298018,-4039.624360253921,-6489.411191604506,-3504.2154617013302,-9927.968716555251
285.26658148805205,1954.7213960682298,-871.4198241169892,257.3845341033986,1870.0965280323653,-905.2127614965945,225.69682163367938,1800.4488391010264,-936.5596947118104,196.89034003580363,1720.852187580586,-971.5011466068967,166.41667200002234,1646.7545903114199,-1013.4834419539505,123.2822744088337,1560.0907193256658,-1059.0463187175944,0.017697600994063506,0.014851681357663932,0.014790394610442403,0.014815201022261998,0.01674237642549875,-406.11875769162845,173.73612183832654,-698.6498341395652,-1933.7283329661436,-5010.164935825964,655.6103467882122,0.27710386160742073,0.0,1.0,1.0,1.0,541.4081254617818,2628.716940393046,-697.7385331117911,-1933.7283329661436,-5010.164935825964,-642.0916866640289,-9781.670012104061
-684.4308720430132,1613.9452545841414,-673.2102487337279,-632.2409766977266,1505.821648455001,-691.4400839257739,-577.7721174221365,1399.5486665692083,-704.6887151649836,-514.7336372329254,1281.6321221233768,-725.6055088707899,-451.43923569197216,1128.4819352054915,-755.8825508869144,-371.77071084664726,995.3128361483792,-779.9968894129188,0.013051798577464843,0.01285665955935053,0.013961640932996386,0.018982139655391805,0.017656627287813614,54.45313713546257,142.51704895212228,-1018.1434846396464,4094.4661019879036,-8149.075428148099,-2766.6261222545977,0.10376916086699917,1.0,0.0,0.0,1.0,-1010.1080493813927,2261.2766602706256,-626.5761759162027,4094.4661019879036,-8149.075428148099,-245.43009869498812,-9696.907782921568
-103.64633891857213,1727.926902481176,-1131.5181772208518,-138.57487017182967,1672.8613938987771,-1117.8600397246933,-179.2894643136013,1614.2615391632087,-1104.8620416158647,-203.57927656598312,1549.3634608629757,-1091.0403958790016,-237.29650909481896,1500.750610863809,-1077.4300510136968,-271.8416296991883,1448.1135825164392,-1074.7132524446129,0.015262448710536669,0.015016584787568815,0.015527702460367526,0.013368120660377875,0.014510991255788641,-843.2776837788753,485.0631610355181,-1082.068390538856,-2293.5529664212277,-3858.890287975055,554.4799110035381,0.24923640793356933,0.0,2.0,1.0,1.0,257.6277401033133,2337.3304992635412,-1067.201444144209,-2293.5529664212277,-3858.890287975055,124.96870908221058,-9837.686874766221
37.73318861795575,1978.6191797073325,-984.0831673744899,84.37819232697858,1921.275695128533,-924.5047839430904,127.43049932876588,1875.6137223514531,-869.8507034281453,167.67086669183595,1819.7313367673407,-804.9192542019625,215.3789863456862,1753.2095756044725,-749.2826715127763,266.20064541179846,1695.2913982008224,-691.7911647111212,0.014446588929808948,0.013836175780863741,0.01594080755719879,0.01812183131326424,0.016389590905075774,887.170507762572,895.5674890915184,-215.8451347891536,2819.0208513221205,-3609.8757057013427,1072.7062452208802,0.22147003043929142,0.0,1.0,1.0,1.0,-141.77210297000283,2213.1721216725027,-1046.7685273447098,2819.0208513221205,-3609.8757057013427,-4176.531708594729,-9803.78969525662
-596.3392201976671,1541.6730603735791,-1098.7578857451447,-572.3509997799745,1421.6194166219907,-1150.795703329271,-534.873726597849,1306.7901801851829,-1087.176742075728,-498.0206227974384,1181.9244449152247,-1015.5353950202914,-462.0465845353372,1048.3020081167188,-947.146960640804,-435.78200979660073,923.3042240538126,-885.8293726006448,0.016735757237805238,0.017269897240119486,0.014849206848128016,0.017593036521552807,0.015908210429778913,-192.09509377553186,67.44646644025104,-551.7780547095991,2100.612444062364,-7541.929747805691,2402.0631741835223,0.11394971099889897,0.0,1.0,1.0,1.0,-769.763515892682,2141.477147086814,-799.5532580024128,2100.612444062364,-7541.929747805691,-3273.720211051951,-9982.623182886651
308.17501628287005,1907.6706987226385,-1028.5902868797311,259.66520407835185,1839.842306156972,-1086.1504062523413,209.58554948031116,1761.526984670181,-1135.9249033398987,155.4844420493075,1684.6810598598822,-1095.855255541422,115.39477125134417,1611.624146807656,-1037.8070260877491,59.94421831745877,1534.4931531582529,-977.780865941378,0.013858274149423117,0.012795133369568834,0.014263007067381789,0.013340841083664262,0.014772312669325188,-566.3728969815336,578.5555856957367,-414.5191970156943,-3528.7235761994275,-5386.159248225437,2318.7030685420464,0.17750670211366795,0.0,1.0,1.0,1.0,827.4729156172391,2706.088488744782,-516.7379580335462,-3528.7235761994275,-5386.159248225437,-2714.6417337608586,-9745.332514710622
144.55312838221266,1845.7696866734245,-835.8417428864313,185.43012938669304,1774.8622082390866,-759.5933975566384,217.81051883917598,1716.5512335314752,-676.2669521514172,250.68333276765014,1659.5179452945338,-604.0627506955317,273.3372227452126,1606.5502466795233,-549.6413957643102,301.97882236780754,1563.032248275918,-490.8920187075612,0.017683410978526243,0.017285196121824054,0.016426621562518007,0.015529995424330922,0.013054544712574112,626.4662508108786,936.4919078540784,53.10266977242258,1893.9710661463614,-3583.855594960236,2280.638140965103,0.17256363237129393,0.0,1.0,1.0,1.0,-112.18246498620249,2334.1955898885726,-769.8739847606982,1893.9710661463614,-3583.855594960236,-4635.249906380771,-9893.257611222149
-134.31456069632506,1684.5579571301132,-1128.8571910148974,-181.59319679032384,1623.7551326018356,-1072.009185823025,-214.12232308861454,1572.1426966544489,-994.422219028448,-262.20877086553253,1522.4279883778656,-913.5607552367015,-291.27094453201835,1471.872742423447,-846.4526604551488,-332.9443069783001,1424.824386548907,-776.9549307885262,0.018192313942694438,0.01552765297103531,0.017331133582674574,0.013625035123140006,0.015423919407203363,-617.4239091785115,1048.7584729074542,-334.2560015504628,-2487.882269158609,-3238.7218508059836,3294.2364968458874,0.11523740832373347,0.0,1.0,1.0,1.0,203.57723964382876,2117.536683673433,-526.7218596999004,-2487.882269158609,-3238.7218508059836,-3833.3058123068213,-9980.05842971444
686.9676788381546,1413.2132790291548,-1007.7787812448446,669.0117467264254,1278.2752382163224,-938.902437638605,669.4395519272497,1156.6084424221585,-879.4783890009771,644.535723062057,1054.1514757932732,-821.1279548127364,630.7061052433053,913.1767553749454,-757.9054111953218,623.5869131599654,808.2760794811869,-714.7783939805846,0.01896893674753551,0.013160457106170448,0.015783755065333305,0.017304103939808385,0.012946875807296615,552.1727775783168,94.26230034243558,-437.91612995065606,-774.5440351146879,-7616.6718732102845,2457.360085861663,0.09492013757356255,0.0,1.0,1.0,1.0,776.7905477615784,2303.0971435734164,-809.7586858178156,-774.5440351146879,-7616.6718732102845,-3645.7541969187228,-9752.172071659299
-658.8104285334922,1539.8526778290131,-676.8033653473042,-656.6476129027387,1452.1625382077018,-676.2985112886381,-652.786495355458,1348.8294621410353,-679.345810264624,-660.2574526323643,1254.3513187140006,-689.3917484853389,-662.2620524030328,1156.9968526359742,-693.7528137237038,-660.9348834049448,1076.2074375135708,-704.7374643485025,0.013824362178679689,0.016420406428638817,0.015513720826047572,0.01668046405436488,0.012865000563524714,-673.5355904696521,31.68375869650743,-959.8174030104219,-56.41745499735309,-6194.201084056822,-2351.527464557759,0.16830572466761534,1.0,0.0,0.0,1.0,-651.814870295669,2416.4511760583873,-777.3816196206569,-56.41745499735309,-6194.201084056822,1403.8091092862353,-9754.120971023369
121.45822352349417,1642.661917704004,-1028.0123335898234,151.61611040102088,1551.3288109759767,-999.7645098983445,173.00754003181353,1431.208582584184,-966.9491919143439,196.18683939947604,1325.3855849120698,-938.4037306774502,216.61387608062725,1219.143636048512,-917.5890033111787,242.57130503495767,1122.082048787496,-899.868972801346,0.013368601678662273,0.018126297954900825,0.014151640534342314,0.01617840214528167,0.01275172004985875,461.6501905632373,100.90614125797585,-805.1099637384659,1519.2452537921135,-6972.638319806489,-84.21907686784327,0.1470244050784638,1.0,1.0,1.0,1.0,13.472840694564184,2157.8344456008904,-1098.5589049676905,1519.2452537921135,-6972.638319806489,-2401.1351246707945,-9810.94259732226
-193.9939537717296,1785.689640652358,-1014.2727119581416,-199.15172677276897,1685.2193539399802,-936.8662563891713,-208.89169747376522,1590.458574939438,-870.3544237531452,-220.01285838707474,1475.5042269647397,-794.2609714299151,-222.98933028709595,1389.399336193348,-741.1084857372949,-229.1735311089331,1294.7261457133561,-682.6511207875722,0.01654530411606056,0.014121079191385194,0.017750262637626413,0.0135245111832695,0.01412853454646712,-292.2131866764112,272.9822967647842,-183.37831505054172,-423.87683819751066,-6392.347726702258,2304.1505047664227,0.1613968711460674,0.0,1.0,1.0,1.0,-145.97567749827056,2478.3422624770615,-794.0409092075934,-423.87683819751066,-6392.347726702258,-4172.760885250477,-9909.12178336543
-45.563681172671394,1707.1686175793607,-987.8269145263902,-50.935842159538154,1629.5986857199664,-900.0489152370844,-73.46498440273744,1542.0189873614947,-817.180633802557,-89.92908971325207,1448.1576793133056,-726.7586770929291,-105.48962408182364,1370.710738119681,-651.4810938410131,-122.3528249016385,1283.2904157965509,-584.1436659802335,0.015880015820052246,0.016725872716326834,0.016702429753367304,0.015526849061193781,0.01485169233314898,-250.53949513877782,602.4816427320507,-49.37128607416131,-1008.3295257702918,-5318.923116896702,3484.1142447056745,0.12868549453151865,0.0,1.0,1.0,1.0,97.3341912519727,2437.5101180614165,-583.1488763917057,-1008.3295257702918,-5318.923116896702,-4747.702919061037,-9742.859273338241
706.3189205589052,2037.6850554006746,-516.5647868847423,657.806616001431,1962.2040445320142,-520.1232081685739,612.9257947306946,1880.5204725429041,-532.4205749508496,562.451458108451,1798.8506670199513,-546.1345597042096,519.437541699892,1720.4307694920483,-562.0408989356066,464.2528615630996,1630.9337280776497,-578.6524689016361,0.014787253669251044,0.017220495521565488,0.015136112895465209,0.015331483595762058,0.016819213923051413,-388.5953149637587,179.45587856435247,-992.6695732941228,-3021.6202813880545,-5155.33269855589,3118.4488039065445,0.28218201799893333,1.0,1.0,1.0,1.0,986.241913067805,2525.1322564072757,-514.5175384583754,-3021.6202813880545,-5155.33269855589,467.43291059413184,-9941.225809980051
5.344833871216227,1861.092201910299,-982.1817887751741,-31.417624581708562,1761.5871936413332,-932.4355407159097,-84.31398455122242,1647.0420625734303,-882.4297960767518,-120.39172388558593,1559.2836803105606,-847.2117892612868,-169.88854632582164,1456.35554138698,-811.4667531000462,-210.28388519870384,1354.6295886359815,-776.99571337454,0.013788244622568363,0.018749258963594154,0.014115794632855005,0.015732902375438895,0.014360162839864243,-664.8862143067239,312.0781963832482,-533.4260119225909,-2847.7343808229703,-6563.725258439162,693.4394278080052,0.15933935549713352,0.0,1.0,1.0,1.0,317.58214707720185,2576.563410544762,-960.2537052712206,-2847.7343808229703,-6563.725258439162,-3019.4168491635114,-10115.768674471734
-77.77670105357588,1646.8762941805264,-913.5548092769218,-10.260431336353296,1581.3725037569086,-958.7032263248908,57.368576521201845,1509.5518390077839,-1021.6009579727853,111.48489947329237,1449.657731326613,-1073.819441964689,166.92410663193093,1384.0696694100236,-1128.437364926333,222.96183232065863,1324.273595983624,-1114.723051841003,0.015768499238240474,0.015095331706349996,0.015072789014711041,0.013224695392570068,0.012990749836678944,725.3393720207889,787.8974790994793,-702.2871223142076,4133.758859086474,-4470.266652634221,2827.0489829816065,0.12121982870093087,0.0,1.0,1.0,1.0,-721.4762286594762,2352.4908075214507,-485.29144126787753,4133.758859086474,-4470.266652634221,-1919.7337066556336,-9924.45750983749
411.8490738116201,1528.9820420777028,-655.4045152353264,440.1006468119648,1468.6192395850585,-676.6554714147866,476.48393380962375,1403.4724449314851,-689.659645404778,503.55809078059247,1350.5412745303267,-716.2751816385647,524.4676012274244,1293.8945315646033,-731.011545411285,551.0814911407261,1236.6566821805443,-764.0024789746421,0.016414703197611125,0.01792583941499548,0.01425257936132343,0.014347452063309368,0.016344647137606694,946.132132571528,416.0262973804105,-952.8040069483724,1759.6329582602143,-3688.237856095771,2589.7950184787637,0.2232499493183107,0.0,1.0,1.0,1.0,145.49913656313288,2094.174521903992,-633.7923276795816,1759.6329582602143,-3688.237856095771,594.4978670000298,-9959.241428521957
75.49832488536816,2028.328328622341,-1011.0145366945513,24.68263921849086,1972.123032459354,-1049.9196332085794,-32.23478321588167,1905.5395121389815,-1097.1267010506222,-75.10436207987075,1860.5639324094163,-1138.2480544824668,-122.04896800510721,1805.1014061298226,-1111.154482676482,-171.09085862888554,1739.6637470833293,-1067.5875409405662,0.016804868401264203,0.017128227581954952,0.015324977710612406,0.017007249753644205,0.016553935971810818,-954.8280787459684,839.1059748067956,-736.7120871826701,-2978.8218610745384,-3431.6938352375255,-47.105304548946094,0.26328421071923863,0.0,1.0,1.0,1.0,311.17121221071056,2297.575854782752,-858.669099614299,-2978.8218610745384,-3431.6938352375255,-1559.1813063798459,-9955.36474073278
390.1796357106493,1757.484249098108,-1107.6896876751523,394.58296629484363,1680.9458671983416,-1134.2789134159693,391.22405013555044,1587.5608110545888,-1135.495725002231,399.61583958562903,1487.884413978023,-1105.911364065347,397.2910195939455,1405.7665086859959,-1075.152822396626,392.5962613019204,1325.1950989549568,-1056.8690665154313,0.01269051979577468,0.018150938797442034,0.018354196986020005,0.013400749465620115,0.016327159517680434,405.22920115074123,13.972324101795092,-1018.1566568950849,36.975758316763915,-5485.649126254441,-1003.115988535277,0.23896974169684157,1.0,1.0,1.0,1.0,388.7749886997831,2455.0861852850194,-976.5716915787506,36.975758316763915,-5485.649126254441,-436.84222089175495,-9808.434449281243
573.1561988009668,2051.48876064219,-723.01823120264,561.0031281909274,1985.6874417413069,-677.4129486231275,546.9769716018217,1914.767465076879,-629.2892717656895,527.9241905999141,1858.1905553173456,-591.8832253795666,509.48223024415717,1786.6391072759677,-545.2474363807532,497.0187336957488,1726.9081543906982,-508.66734470031,0.015482793597988737,0.017650143865183182,0.013658755321773908,0.017105775654456812,0.015104145242819611,35.71927119907234,-235.59419088409845,-525.4955770945634,-967.3489055181037,-4080.3708284558575,-2416.2313359528143,0.4804141335003882,0.0,1.0,1.0,1.0,717.700249589336,2641.067243177278,-1025.7990155519785,-967.3489055181037,-4080.3708284558575,-3969.161815842383,-9909.907149576948
620.70217016825,1960.3373001621508,-871.1176991304674,603.0269312263831,1896.522961864184,-905.3003509694723,581.7375147744933,1843.7546213294825,-931.8094725005798,566.9452488762894,1797.6127811179117,-958.1406851113532,541.0623818733156,1730.939828614337,-994.3949475583881,520.2856383515965,1674.7497085552607,-1030.1261111239644,0.014506647195285036,0.01598963285707096,0.01545361908284329,0.015152928335427876,0.01758814524037529,-68.88464364925898,2.5270353408829678,-827.1920598055466,-1264.841034641166,-3564.3668733261343,-1244.5012466894957,0.4685586074870718,1.0,1.0,1.0,1.0,683.695771962236,2123.3253249699296,-812.2904271753487,-1264.841034641166,-3564.3668733261343,-1124.6577946944299,-9543.503775649026
-167.2906175691483,1362.5548269335616,-888.9762648863219,-171.1152826007629,1248.3566932401711,-953.8299186003516,-169.79586248853016,1128.077019418481,-1030.0733361432963,-176.95901842072618,1011.137434363449,-1104.1736597629294,-176.254307378936,917.0354571147832,-1141.7701922726133,-181.956074650119,810.8869648675819,-1074.7910835729722,0.01818049827370863,0.01788907541748097,0.016553698681497225,0.01313396850091586,0.01632260016074702,-185.16827144465674,363.3083390362376,-810.6014354755036,-139.78179588240604,-6756.616617771514,3625.182208697399,0.06626722725729675,1.0,1.0,1.0,1.0,-146.02936859758256,2255.1609920122633,-467.16673588401204,-139.78179588240604,-6756.616617771514,-2535.541282149339,-9773.733863927362
640.6998728315837,1988.5828965346288,-1023.8347950385061,605.900113916686,1915.6245871549836,-1047.0408585065913,586.8997905069361,1840.1524469185492,-1073.8559706447736,566.6759804160316,1773.8849310831815,-1102.8961916614244,541.3169580606827,1705.2418422136652,-1126.378540013646,520.0382412498569,1633.0542691783944,-1142.8993490271953,0.01783000704983531,0.015225097459507314,0.012832003433558448,0.016251339714923596,0.015539963722660588,15.759888840894991,34.55578339035509,-1011.6777233504934,-1464.5794983678745,-4654.078546234001,-1333.3325805633099,0.343707971030737,1.0,1.0,1.0,1.0,821.2786129432279,2594.298983819053,-923.1038556266408,-1464.5794983678745,-4654.078546234001,-123.65430920725439,-9952.4630552756
66.10499526043169,1984.828314033676,-741.5604245511273,110.70858642182502,1927.3226715943697,-699.4244233801957,144.2934118980362,1870.4797272316791,-651.0739406477401,194.58969058875087,1790.7573364136952,-597.4086064393528,227.16068258353815,1726.4035273198726,-548.7162058976476,263.3445928862262,1667.4997889551823,-508.69835750721063,0.01242103009802481,0.01332429153766998,0.018149236265839613,0.014451374345659074,0.01279209443800286,869.6711397733541,628.9648013803317,-91.91964455447449,2628.288143730329,-4491.235639613975,694.6305589519824,0.23115252731660763,0.0,1.0,1.0,1.0,-391.9071692172049,2784.757908395034,-817.2842728667738,2628.288143730329,-4491.235639613975,-3819.2696742978897,-9722.024292218273
-135.19472721990408,1663.5907303402337,-1050.8066043368565,-169.877007832439,1583.2651972282003,-972.6850262570192,-200.8465575780377,1486.0685795717218,-875.5958122498055,-225.68725962206452,1408.9040316260919,-793.1978795188562,-245.92634360751583,1329.289608497337,-735.1265234827814,-279.00934445753444,1229.7865770095218,-648.4984299766411,0.013821213791852222,0.017350240439981776,0.01423069466053424,0.013827481396119029,0.016874251384527,-469.37610310234896,642.9757717646307,-188.3102156419306,-1821.0897469904685,-5645.410660774112,3870.4126984602226,0.10416548726229832,0.0,1.0,1.0,1.0,-4.998217619779325,2082.5554902620324,-835.8421026473864,-1821.0897469904685,-5645.410660774112,-5273.916962008055,-9909.594776184316
633.3501188451987,1839.7678120858516,-541.442490454157,659.166344861161,1754.2854811236266,-535.6032076746982,685.037112473667,1680.3752361122426,-543.677119603198,704.0083225723728,1608.4372009791352,-558.407816816514,733.2709474035235,1503.47719271211,-572.0246180890425,765.4233363210252,1419.019415323144,-580.0863977986357,0.014948200329262223,0.013776106005754851,0.01340164325756063,0.017786575455871173,0.016450997170766368,1092.286189940586,378.2486511795671,-958.5094031411641,1731.2933095204012,-5512.336207464661,-2917.274293929975,0.18814362359871367,0.0,0.0,0.0,1.0,382.45593303722217,2638.306496240082,-586.7757259469065,1731.2933095204012,-5512.336207464661,1103.9392832262897,-9807.837993064055
595.9395242845557,2054.6740492624094,-1001.8215639157127,546.375399078971,1967.5002127741445,-995.8484689381354,488.51095702855065,1871.776389097191,-986.1242313684419,434.990492978877,1785.441797036052,-982.6233680749533,395.7464913739858,1723.9499241354308,-990.6391675923886,350.83636472028644,1631.650749358539,-986.3567228449955,0.016796703761760345,0.01851058879740894,0.015086651554508557,0.013659532299529764,0.015896931427708594,-521.441257609171,186.71632655320215,-1017.5879015458236,-3180.8577481491434,-5309.589971053211,794.2567004110706,0.27191571845176954,1.0,2.0,1.0,1.0,1053.0833277246556,2814.9633622245387,-1100.8586580021224,-3180.8577481491434,-5309.589971053211,-1515.5820328679076,-10000.601480733269
445.78921067146445,2042.859472281792,-687.1459389161553,418.3155735064296,1960.9654903763064,-637.2129320477151,391.1405446226786,1889.000701027587,-588.1448872387592,365.43171120363604,1833.1445172188257,-545.7832051161188,337.43201717239964,1755.265584850447,-502.2058385893351,314.1743133421508,1696.207198474492,-466.77742617454373,0.01614198623152477,0.016940425617794908,0.013228990017234737,0.015578384116180372,0.01596356031033333,-352.5094957726935,-71.50487588603986,-233.2935547495807,-1669.0903276794445,-4416.8903172527125,-1380.2223528054803,0.3996280250426829,0.0,1.0,1.0,1.0,682.3265073885607,2666.967120810647,-1054.4937797264158,-1669.0903276794445,-4416.8903172527125,-4233.326638738993,-9751.249897458203
-560.4233879477795,1630.5888340682561,-335.17453420947726,-549.2093883135948,1558.9388556330186,-331.63282704322006,-549.3064625376334,1491.7438268966991,-334.0175532698453,-549.6773982975825,1414.6797804242099,-334.1877309046902,-545.0956286598806,1345.5323625853032,-344.1071125769741,-550.5465630033361,1278.039652595316,-347.12603956025447,0.01556951180278121,0.014199580075805324,0.016659767298002337,0.015774807944138464,0.014680932554709814,-515.7570003898326,-14.091505282914028,-893.743458280996,111.32022220512403,-4489.365090771076,-3292.4855188047227,0.28854495663934093,1.0,0.0,0.0,1.0,-574.2001170475265,2342.8251673719014,-500.62133959901325,111.32022220512403,-4489.365090771076,1794.8774476352676,-9690.215174171417
355.1405248387044,1411.6922724970682,-1099.722459532301,306.3683795378598,1283.5510412999404,-1116.5804231790516,267.6619512933049,1142.2053320018988,-1143.5693285952968,231.56330564825512,1019.2327882004867,-1125.919331724576,187.8093370558311,890.7451135619691,-1106.020199346006,155.87896766307261,776.2672592837797,-1086.3598038249997,0.016359025619566606,0.01697989920578158,0.01639188271403519,0.017350473015688206,0.013895771491510445,-78.4938965331748,20.782580747951656,-1010.6886731583729,-2421.3268191586476,-7828.905148693033,289.58804338621127,0.09687922030120971,1.0,1.0,1.0,1.0,611.5842469270397,2252.020548125468,-1010.7058697295719,-2421.3268191586476,-7828.905148693033,-291.17825152521857,-9716.023151247548
82.79932069562513,1874.6481418611452,-673.7985274499795,123.09761783286011,1796.1471168629243,-714.3010096572999,147.07388739806368,1709.2265237617921,-762.0438158537006,184.1989736041679,1608.0807584137467,-809.3431511988732,224.33419623464638,1501.7097562435097,-865.1529419473176,253.97403475095683,1419.1183698676564,-916.7366353183422,0.01432144733272249,0.014303999702518319,0.016713283344303442,0.015800551106166766,0.014758555434397608,656.9336691434559,347.5263935082967,-722.1380934528214,2268.078045344702,-6074.023311695522,3069.13977109641,0.17647045882807377,0.0,1.0,1.0,1.0,-102.87247604701884,2382.3242029262947,-464.4461619706001,2268.078045344702,-6074.023311695522,-2085.5399222854603,-9838.777505077258
597.6223077110251,1881.612024881251,-1022.0900776411253,605.0078976009124,1795.5567239479376,-1061.0893786348734,609.7718082245491,1731.5760289443788,-1090.6407887911175,620.9151134383567,1647.9799869135632,-1131.4324506296489,627.1048282926874,1573.8562048650952,-1134.8449501663656,636.1077146402637,1488.2186547680471,-1096.5355301780255,0.017263699786870645,0.01157456269264312,0.01675318397484582,0.015439735331919613,0.017947889978321363,773.0873396402732,75.27319074918603,-814.3739233497612,486.36712211851847,-5044.626752393479,-388.5738207426801,0.2790795842806268,0.0,1.0,1.0,1.0,534.7674498022038,2547.140299421987,-837.2928899596741,486.36712211851847,-5044.626752393479,-775.5341415160466,-9820.735666008935
-303.0153102189771,2019.2508725106802,-994.8524200462462,-232.85225534433863,1946.2186961566288,-975.6184529484625,-172.78340920419183,1874.857446261363,-968.9573430671458,-124.04724303605168,1823.711416064095,-954.1607877286589,-58.88246574749476,1748.3445639920685,-954.2537562081205,-5.846416977614515,1688.905380165401,-946.9988255734006,0.017402157746403413,0.014944069594257814,0.014355184798911652,0.014179330278965063,0.015114580586582826,804.652453749491,784.184014259862,-1107.0868302391018,3926.9627718204815,-4387.49672848387,-1786.3449998589736,0.20583483878173398,0.0,1.0,1.0,1.0,-942.8459797106243,2736.620058435193,-1055.5778176198555,3926.9627718204815,-4387.49672848387,-1479.7442904909537,-9722.427697788691
410.8038976107413,1562.8501787997943,-1091.8490337632566,428.30763028604076,1498.973240647292,-1081.806707482282,426.33713179744683,1423.3433065066092,-1082.8250012468177,433.57330748574753,1344.8378825855627,-1074.7299049096835,444.4321107456133,1259.0477252618289,-1087.9943018066567,446.23236314229814,1187.4658957890367,-1085.127337725372,0.013597440304310315,0.016252736817065044,0.015230444500259399,0.015900801852079427,0.01448573614476864,531.2339306643591,38.056183073794045,-1080.392564775539,371.6109472371885,-5017.925554349758,-156.00752302234517,0.23004104731698002,0.0,2.0,1.0,1.0,360.2928949352538,2346.301938074686,-1086.6263030199834,371.6109472371885,-5017.925554349758,-384.346578105855,-9810.335527827485
-296.536745319941,1827.1340094368113,-1009.1429033496242,-333.6425693559482,1735.7729338223435,-1061.7249793811911,-355.796448130456,1656.2407676991706,-1114.3604561296015,-392.7658540062525,1555.1377316376806,-1122.8987118885636,-422.888550280921,1480.351646032629,-1073.1800643042143,-443.4396453185997,1396.4099502817885,-1020.2063860294851,0.01542584391837129,0.014869477418662597,0.015199228779928714,0.015109218399350755,0.012853463995213171,-786.4975830733363,375.9651267489423,-531.7679770462522,-1943.0735975329799,-5778.973633786616,1863.4914443213388,0.17757033047045614,0.0,1.0,1.0,1.0,-18.983512047810336,2658.659712094653,-591.2258904052376,-1943.0735975329799,-5778.973633786616,-2156.8165273223713,-9911.609316727916
695.847715350019,1492.914496979457,-839.8309528094586,667.3374652634654,1423.56802190571,-865.4295624487609,636.8491497890428,1333.3451328966728,-877.0127135846793,600.5297399380336,1240.56331549749,-893.7081792124173,567.6482494156605,1143.5854702790402,-923.6620493103469,532.5012220665442,1060.9501427718885,-938.3308341270118,0.013693144963849407,0.01715218766329296,0.01677590047967259,0.01839452133320174,0.015019296910275065,111.09302775729836,-66.46500695288213,-933.3094463192514,-2007.9811653488734,-5353.968258798699,1485.9648703900625,0.21063643484327355,1.0,1.0,1.0,1.0,1014.6845521642936,2342.8207095065345,-847.6264449348737,-2007.9811653488734,-5353.968258798699,751.3769261487225,-9593.65247706878
-418.60097294553174,2028.276026614773,-638.7635001782439,-369.01124853967724,1956.6567871707275,-670.7207484187122,-331.00322972133574,1898.0958898796384,-688.5973358143084,-273.68192405463054,1834.5432556227431,-712.5232506482996,-226.30369151402607,1758.9786848089896,-740.1183720911797,-184.63759335113315,1696.169042057926,-769.3575927520609,0.016823985937184538,0.013826414580805718,0.01465624263916182,0.018415156649136344,0.014792350717586167,654.3697590508722,518.8839121113002,-793.7260742760432,2991.740310521593,-4205.201408968457,2044.3859957771901,0.2798951698498071,0.0,1.0,1.0,1.0,-916.2939039729652,2726.614651819736,-590.5013260729611,2991.740310521593,-4205.201408968457,478.4632539668305,-9721.188623138116
711.4606086098902,1621.730227129841,-969.4269321117705,660.6580527910523,1524.0426590717252,-1028.057550251056,617.1427975980778,1417.6420477970516,-1111.7064487280536,563.6006938371373,1299.8615335439838,-1112.0968198657995,528.1340220167746,1194.0939047223412,-1041.8803978622686,467.29881668979675,1080.9756111338954,-966.8566879871124,0.013766758959041558,0.016114802052517266,0.01773000384650976,0.01545517442761181,0.015827671092649154,74.24796259256408,148.51575954561724,-456.6794749766782,-2952.0356454397047,-6895.731067132673,3118.44677338751,0.13474328362791133,0.0,1.0,1.0,1.0,900.8179433156806,2079.3204583427682,-693.7127453293351,-2952.0356454397047,-6895.731067132673,-3798.239614506812,-9917.611958948548
-639.2873145241043,1943.647786707384,-1047.3329599221154,-592.1670177503609,1872.0042403045297,-1097.5511270523666,-523.3566176377461,1786.1480178277075,-1138.1591563352101,-469.335715049802,1711.8741781206745,-1087.3580382890682,-422.65143301484625,1641.107577959507,-1038.6319196252591,-360.49992389484015,1557.4610117141613,-983.7286483608182,0.01436448663646122,0.016830862788354634,0.013312114276962564,0.012988627880888587,0.0166354202547878,439.8365332255283,410.1138294385877,-478.858730923247,3829.813185571085,-5461.882689655596,1386.3056365736752,0.2085029433887124,0.0,1.0,1.0,1.0,-766.5546202293631,2130.606876680103,-934.8508331525237,3829.813185571085,-5461.882689655596,-3296.2486034080193,-9806.481232196053
-63.75346799382068,1554.3677190241665,-829.3651177880844,-106.99107629371196,1455.6042451659187,-862.763474874737,-158.2837084865803,1345.9602123353259,-890.1415592160247,-199.34261771290127,1247.451147544036,-927.4317960139828,-254.90343153507547,1130.9808186864254,-966.0773541948705,-298.23152161586006,1019.114800556276,-1013.4901654552269,0.013211448621807606,0.015776879976028585,0.014944034400852582,0.016411575853186172,0.015688507892605258,-660.8516559508379,183.30950942715344,-941.0221033274393,-3053.652841488384,-7027.085360226689,2507.8210214262394,0.11889690769780126,1.0,1.0,1.0,1.0,194.17113966590955,2150.893410290627,-692.396103425068,-3053.652841488384,-7027.085360226689,-1218.0792632579605,-9665.072132694084
-8.68257806885349,1861.4922045043882,-979.0883642118388,14.921542023357729,1774.9114791223442,-991.4865219888073,33.89198888633948,1684.5249466155803,-1000.8904620707137,61.474264658987806,1611.9171969498798,-1005.0346506439088,79.6057131902186,1543.4585430364598,-1019.2265418871839,97.59209156578689,1467.2257683628404,-1037.7083978953015,0.017168257710837756,0.016889329145702237,0.01355355781642377,0.015058466567088091,0.014388519671500843,471.31167612082425,116.10077765134866,-978.3697225880077,1411.5955637182735,-5142.101587900339,29.73535690069086,0.2627976516964068,1.0,1.0,1.0,1.0,-135.67441627803407,2327.2044604484945,-994.3667389060636,1411.5955637182735,-5142.101587900339,559.964723383132,-9770.397309598386
367.096185506796,1980.0298895747185,-1146.5210105437675,317.55370942469085,1920.0067072394463,-1102.2805002717764,253.43569667644599,1864.2147049052105,-1036.700371858829,207.20724075228685,1806.3191021555585,-996.6654073668259,157.16744187671193,1758.0834109887137,-948.4517542095647,90.6696908917551,1683.8181048052993,-897.6995468722081,0.015064196541761082,0.01704263771567127,0.013780822722989666,0.014916973733138605,0.017779148387635002,-766.6025053396168,772.121141936191,-470.7338401695075,-3532.4993103643938,-3755.1261772982643,533.9673700193841,0.2429818389516818,0.0,1.0,1.0,1.0,911.3346670834696,2555.8060761528723,-695.5216573749556,-3532.4993103643938,-3755.1261772982643,-2177.853034817971,-9915.447900270716
314.66741885696274,1951.2143327294864,-1032.5364628369618,348.68279543540154,1894.3886313580663,-1064.7948705624476,378.02151308232243,1836.6206620110056,-1098.4783241027087,415.89481340295043,1776.0688862285133,-1130.8784289797672,447.9543150874548,1721.6915999960445,-1126.2818751438804,480.28917309618043,1668.739772525718,-1091.7683455129636,0.015986299810151233,0.01412661000023474,0.01526078107029169,0.01642904891970673,0.014135682008343142,1088.8541803624207,628.7368635685815,-823.2224117441667,2228.4928632379574,-3803.0249788027622,-369.19653569586995,0.2723624180032798,0.0,1.0,1.0,1.0,-58.819644205128384,2587.2947276520003,-825.0004718035552,2228.4928632379574,-3803.0249788027622,-414.89265592539357,-9908.15640020606
-653.9932967125488,1550.334464770903,-872.1485205316961,-591.777333289997,1440.2262163588011,-932.055485057131,-516.8621048294041,1290.8585003984556,-1008.9532524813753,-458.25775897451194,1169.7746764459362,-1068.113356901102,-392.1937370868033,1073.409573609172,-1129.5636520557896,-323.07313643597826,930.62571807104,-1095.687251502658,0.014150798737207496,0.018141522328358126,0.013052596383951079,0.014344291257728736,0.015845362925970025,-21.88994992074745,365.57619957071154,-810.6783149384403,4354.266171352453,-8224.688707500947,3823.8194960980863,0.06917238518972996,1.0,1.0,1.0,1.0,-1001.599838475049,2216.131158758425,-587.0462548892059,4354.266171352453,-8224.688707500947,-3209.7508081585934,-9657.33267535185
526.4349817876627,1321.937577575755,-963.007246577476,475.77541603248835,1228.7515161965425,-1002.3142818200968,416.4625522432559,1120.723931551507,-1055.7622278665192,353.44094906050117,1004.8735699817613,-1122.4448680705696,289.0112917977972,885.009765835021,-1132.6145944181958,223.52721959248822,767.7635363028505,-1072.3896003352586,0.013297490932969933,0.01601468447779658,0.016940018083128422,0.017013194261851466,0.016331969632378096,-101.58717196735182,130.28443706048546,-802.573547256454,-3655.258531089005,-6968.131078216392,2462.8260079567203,0.09185988916444385,1.0,1.0,1.0,1.0,940.1615093930141,2116.201794352159,-680.3805861911442,-3655.258531089005,-6968.131078216392,-1895.9179161846662,-10112.079800565112
40.70177719525058,1991.7963662265047,-1073.3082803487237,23.049059588921782,1897.356053147417,-1133.4784478876386,9.295295252367893,1802.1494960516611,-1045.814213509679,-6.290256770854677,1701.7415441913151,-966.4520213966169,-22.831269655008445,1612.8172558220351,-885.8188435348646,-35.76033211536506,1510.4621333732453,-800.0264689828738,0.016815524031819865,0.013891357760379044,0.014638949748286917,0.015110905361441357,0.01650549481438232,-215.73384468287844,491.3735415722039,-93.24290594281828,-1077.189458930289,-6283.2615615988825,3573.779922891111,0.1615960225196068,0.0,1.0,1.0,1.0,145.12462405876863,2596.2661647078307,-573.5453417634333,-1077.189458930289,-6283.2615615988825,-4722.426280124477,-9920.028708270376
557.919793948584,1977.7148883083262,-847.22265883962,558.039785424393,1870.4778538677735,-922.9017364745218,550.7022344846406,1754.3627595511991,-1004.2338442494429,548.9478869807746,1631.9478909311463,-1084.2289301266812,546.1797609546051,1499.6673888631344,-1111.5430415653898,552.4498632496407,1370.6083571819895,-1021.8916046225872,0.013454641052885574,0.016590784653013856,0.016317454865646758,0.01702992383477213,0.018247333417752754,535.0362392574152,273.9930573563251,-372.4436618860009,-95.41561162368438,-7427.601943407477,3725.459167542802,0.1472979765688197,0.0,1.0,1.0,1.0,559.8442982795732,2205.1695626422693,-708.3483013607408,-95.41561162368438,-7427.601943407477,-4520.441876968245,-9757.306974088367
131.97498172810364,1868.0192765842935,-861.2581259622609,144.13982113055266,1778.3354240903411,-900.243528764412,159.64589957404695,1682.3989420158155,-950.5755268431155,177.16917090513203,1583.3587915010696,-998.5608545801896,189.3359392374201,1498.581272947214,-1041.3161842288364,209.45232664145666,1389.7283715278977,-1106.4105145581773,0.013721895420616428,0.016168379719166404,0.015554173625766624,0.014091120358146608,0.01766938857317496,422.5309346360902,163.63794676885277,-634.2684092583651,1061.8046307079753,-6147.947788691804,1816.4135108221947,0.19945941315300103,0.0,1.0,1.0,1.0,29.663221274138778,2438.3786285848228,-645.5866990968614,1061.8046307079753,-6147.947788691804,-1877.16310317059,-9886.844681648952
378.14161413857516,1694.3612469043055,-942.2479390727013,380.9525073952449,1564.9119613787846,-991.6939419948781,385.8334629424814,1399.898487153669,-1048.0006112788585,391.17595250873603,1278.9945684582392,-1096.2707141352835,393.8999423136051,1160.4041239238675,-1139.0811847429777,402.9010767169105,1019.586245178989,-1101.548534846356,0.014389346577500309,0.01790484831785858,0.013579023744905327,0.0131072520229127,0.015156540694772694,426.9702894959164,116.77403571101354,-800.661885710963,291.5044892751786,-9090.847482273533,2562.6048382990152,0.09944281468848996,1.0,1.0,1.0,1.0,362.83930185537724,2116.7604818111886,-813.7210946956152,291.5044892751786,-9090.847482273533,-2611.9147133807332,-9746.428402669622
691.6272394752424,1677.1369172921745,-1149.4934530982096,670.15251652382,1602.1354373599468,-1082.8673708377205,648.6344730017462,1538.4859783260815,-1017.0045355776507,628.9397416101691,1454.5591130327632,-941.5857970716937,601.6543049093642,1372.1204134969112,-884.6206937324796,577.5305800812603,1306.3478341779316,-823.6470931355229,0.016962347366540356,0.015414529937887084,0.017983937536828865,0.014257081454501108,0.01742597243609509,222.817604041305,91.3524305579208,-220.74313228483567,-1376.0915619862308,-4666.930035644871,1063.6515395834958,0.25836239488918644,0.0,1.0,1.0,1.0,848.9392647450404,2214.805596776338,-710.3666763760154,-1376.0915619862308,-4666.930035644871,-3276.8659849245546,-9809.94331582914
-286.0217772623805,2011.7469791093054,-937.227216447424,-230.6537940397173,1956.7253618289196,-938.50761005913,-192.25399440285022,1904.1091618142243,-947.8953502913757,-153.77057798189216,1851.738466563483,-965.000281112285,-102.5840282625706,1793.2267286419478,-976.0267205353252,-59.42834937738634,1733.8309604176418,-999.8750382753366,0.015017664411569237,0.014871377700278465,0.013269969987414088,0.015318573119789763,0.014537576834351862,814.9969975212069,640.6898554386789,-923.5629346560137,3036.0391977341105,-3808.7968121822487,241.0304156092926,0.2878545389513451,0.0,1.0,1.0,1.0,-794.1037772778724,2659.3521658952664,-992.0068065805419,3036.0391977341105,-3808.7968121822487,1182.3939598698082,-9784.418377751846
-137.14463478902587,2011.6431131372253,-1014.489583040626,-138.34661357455983,1921.3214241246496,-1028.3650989756798,-138.5916783279295,1841.546400149709,-1036.0106504789776,-138.69749094961034,1762.5151973662353,-1058.8159719176447,-132.82224430087186,1671.694610026325,-1077.2400222710214,-136.00550210314285,1581.1354859597614,-1087.9967297570804,0.016720018279138254,0.0145668782142208,0.013939795811522701,0.017814520025034544,0.015133843924023976,-127.20435319901802,62.658189697384614,-1019.1840923253031,28.41549261033083,-5502.234946230095,-594.0092511841491,0.2760028481950954,1.0,1.0,1.0,1.0,-138.14431785399597,2181.018643995972,-1004.6892611272651,28.41549261033083,-5502.234946230095,-268.8355727267103,-9697.850714781882
124.45150219722592,1847.8701234605112,-1058.469076555393,92.36032002883525,1765.5347893348726,-1118.4056175722947,36.78149181024751,1651.34961444958,-1109.6299846758875,-12.8446231097276,1555.0763333215525,-1046.2320731104094,-65.46325288892652,1447.5113713859932,-981.6401343236103,-110.01280277114296,1357.3861501885726,-932.7286250334442,0.013943120410939092,0.01668096033848132,0.017788663737478033,0.015803104460550055,0.015158552193861335,-556.1351214816431,422.3815293309879,-479.6849081089598,-2947.754494491885,-6156.546436825021,2182.14079773624,0.151290640869705,0.0,1.0,1.0,1.0,534.5340414803538,2700.303710956242,-591.9257469957863,-2947.754494491885,-6156.546436825021,-2646.6758539263565,-9990.066865648902
-347.48392504939517,1921.6026928899075,-1064.3730790905693,-292.4204027082082,1859.100696984355,-1111.1939722147222,-239.74432950898105,1785.0301080938477,-1150.9261476006156,-190.35152833082148,1720.7294108508927,-1105.7099045833436,-155.08066908379095,1668.1230804341747,-1073.012133922386,-107.80780345766559,1603.7469161772228,-1035.2118032771934,0.01683709210198179,0.018922989038952634,0.0168275209283352,0.014095790839357067,0.015599105117987136,713.511363041463,537.1699761524176,-800.5833526112743,2933.2356252402633,-3829.9319507729247,-503.0318230390893,0.27912014377224315,0.0,1.0,1.0,1.0,-489.1152433070449,2107.442075969316,-961.632470682003,2933.2356252402633,-3829.9319507729247,-1836.7529926899351,-9687.469998122944
316.36252021616434,1359.8438452271382,-624.1010524258002,277.32216183815035,1270.540429532152,-639.2915000802806,253.22886373440693,1190.883168599374,-652.9688684585176,232.26959268395336,1118.3157272822755,-671.9352553628215,199.54394977824566,1041.3981608442411,-691.0436184945855,176.18069961430422,963.2467445567805,-710.5999391079033,0.017462220273443324,0.014533172042985876,0.013547235158229254,0.014324374511906018,0.014998676272279271,-78.35291329010967,232.38739381588266,-1012.2549341726657,-1846.0923038618494,-5285.899631163008,-2861.087550408088,0.1381107725183174,1.0,0.0,0.0,1.0,632.3926236967029,2267.458751813642,-632.8861689118144,-1846.0923038618494,-5285.899631163008,890.3407178842047,-9743.969528031936
-70.76626518703304,1876.669559671626,-990.6438825396164,-43.143440852126034,1791.6235131245867,-955.3553908219935,-14.283416901487648,1701.2051619664153,-916.5174104629989,23.883403206517222,1612.3714651962823,-880.3514488686138,51.1146562257124,1528.5449664273342,-847.2893554273373,81.27088112435258,1443.9185058827773,-807.8825926345405,0.014489699880291612,0.01589529083738872,0.014703524666385193,0.01562738043340925,0.014478491827465995,537.7572091276921,191.5500770376998,-598.6153026873226,2069.0601755527186,-5690.326199558025,-111.7528014075471,0.21988384484127751,0.0,1.0,1.0,1.0,-382.97456899326744,2723.745235841023,-876.8654350593207,2069.0601755527186,-5690.326199558025,-2335.8672473890106,-9781.110427337146
54.51741086888312,1753.878992194086,-609.3266504138994,12.019441272922693,1659.0422032741164,-544.6871939667014,-22.493470900714723,1569.1250398248312,-502.8512418158343,-47.67066581798985,1495.1471397051453,-451.171527639096,-93.44351078115609,1395.73200658413,-397.19766322242947,-123.17275480771572,1318.858104452305,-359.8024074661516,0.01727977636320585,0.013883014771718494,0.014779249842412245,0.017110695626844502,0.012050266827066697,-497.0125582603202,388.8799543844801,-25.688812007866165,-2277.2745325259675,-5661.958092082014,1225.2217894090825,0.16565063496553475,0.0,1.0,1.0,1.0,368.3517640995467,2540.4240293756484,-1095.8223797457829,-2277.2745325259675,-5661.958092082014,-4766.121638269491,-9911.966276298816
261.0406063776392,1921.4534676025567,-896.2921439697252,230.295854434702,1836.7938381113893,-873.634650437552,199.2265815667383,1745.447345249866,-856.1271148411538,174.80341162934417,1649.3282099082296,-832.9489323322376,141.25682433585,1572.7126798438678,-818.8178998444085,116.26278393555853,1482.501352083296,-802.6892935105062,0.01430210364485307,0.015309559119687233,0.016863234642289088,0.013512711301645997,0.012557846282641505,-337.06534536073514,107.4087489582556,-860.4614518889864,-1968.8139163499925,-5976.534751314275,-1381.8108907457502,0.23111137572041052,1.0,1.0,1.0,1.0,509.52463866976245,2677.318692023397,-1119.1238872447097,-1968.8139163499925,-5976.534751314275,-2653.944661890217,-9923.120128847857
218.26059609466995,1939.766052036641,-547.649714860494,175.93533110684297,1868.6993237849167,-502.9708707505696,131.26828906115773,1779.8629178700394,-454.57281002378335,93.97677603636022,1703.365536070757,-410.3773540389286,54.20478061247344,1613.5965892244317,-358.00239185192044,11.758340864120402,1545.4896387671567,-319.4535850619703,0.012459133083008084,0.016006090556894753,0.013258944836224695,0.015551214462018764,0.01288573387719133,-572.9776436891551,428.7185180804031,40.5417259876929,-2890.190988148487,-5537.230588201323,818.1529913145204,0.20205963204477995,0.0,1.0,1.0,1.0,640.9025713332107,2754.355365124961,-1127.1993789617502,-2890.190988148487,-5537.230588201323,-4872.800223514327,-9880.065404596218
75.3076717996021,1975.3041627200607,-1137.2412038234788,50.897545031981245,1898.5495095920778,-1107.1287536580837,37.32376141668616,1838.947449763094,-1082.6101086291505,4.634722118162117,1750.5946852613129,-1049.2573437975846,-14.240603854839279,1677.4317315476128,-1020.10252433044,-43.32297068750813,1596.8834087189302,-1004.6392540974492,0.0143927092758602,0.014473192294303494,0.0173800383987244,0.01612731962200506,0.01655976042097071,-477.85170161329637,228.21678726094598,-1018.3244795433332,-1521.4285309179477,-4796.398404261624,-1469.988916244736,0.2850978353251676,1.0,1.0,1.0,1.0,328.50541977321564,2770.307941519604,-927.1465476298367,-1521.4285309179477,-4796.398404261624,-596.2986136783909,-9901.381459539123
306.39815638093506,1952.7993561236042,-564.4182336945208,277.7578443330758,1858.1771429279888,-565.746658552919,249.6431989410296,1766.4236380076777,-574.842801784548,234.37786403024612,1691.96183815587,-588.3925143251396,192.32802582176308,1579.7430605978402,-598.3836491437322,170.68114314739128,1494.1076992289886,-610.3079288019134,0.015076715350249213,0.01523959862619785,0.012821060393970081,0.017917567153615088,0.014345935005758897,-194.68110530817484,301.9942187506344,-1009.634356063983,-1826.0366454724176,-6022.000700582919,-2977.3869041071757,0.19815678608719445,1.0,0.0,0.0,1.0,353.1298883335505,2108.5944289255126,-557.9287211961496,-1826.0366454724176,-6022.000700582919,-33.98399501172785,-9811.343030318169
537.4532494137659,1418.2839614893994,-895.3775274750626,465.0427417712987,1323.289784962458,-825.5881794507784,411.2468735711543,1220.7560487796961,-749.2707954687522,350.0270250195798,1125.4354835409374,-678.9165911592968,289.64553235997977,1020.3935466297485,-615.5095886278721,229.4894410690183,934.9842065325741,-554.5647231259676,0.015902241735982536,0.016935187149380748,0.015350496838288485,0.015713311740483432,0.014989562372413723,-88.38443430333929,405.08746353448157,-249.3898510360855,-3765.8284207211755,-6170.503961845025,3130.1013730087707,0.08545762801918858,0.0,1.0,1.0,1.0,947.218381394985,2101.9760530418657,-856.1983824026537,-3765.8284207211755,-6170.503961845025,-4654.6980563321,-9779.430653566971
-716.7858126339179,1891.4996359218483,-500.8941426062567,-717.4376987205087,1824.1961722335022,-507.3514581506848,-726.8776411896523,1767.173723235292,-516.7823174064354,-724.6334219128987,1709.124319018428,-521.2657908702525,-723.1739618395952,1656.0347396270045,-534.6240400044337,-726.3579219264432,1600.351068008795,-544.5741295466495,0.017375376253998827,0.014401047808879769,0.016081336601854276,0.013410512478275391,0.014627734468358453,-810.4908548992397,100.28504224614201,-787.7228403545249,-199.45492403655425,-3824.3832756521642,2372.234924108143,0.39307561732714447,0.0,1.0,1.0,1.0,-706.7742944002293,2088.9643455852624,-509.510941218998,-199.45492403655425,-3824.3832756521642,356.3054532596496,-9886.58683655776
629.4818033645934,1473.211281534705,-756.1166421951656,606.8123559194763,1362.2106344992114,-809.0598180762408,581.1424035369587,1264.4955420979993,-853.0004175824968,562.6642405193013,1144.796907609167,-902.9435570050516,543.2136170234639,1058.8990279599732,-950.5339952536968,526.9023552298632,953.8695190493734,-1007.1076550143214,0.017229928834226887,0.015140261269197347,0.018142069582295944,0.014422721296977803,0.015098232979399329,354.9589500461062,38.39765751151646,-806.287086410155,-1235.624589097634,-6538.390880126474,2904.5868691149694,0.1400040642825767,1.0,1.0,1.0,1.0,793.6056791757678,2359.5264199564117,-477.5087954799676,-1235.624589097634,-6538.390880126474,-1407.5011524576498,-9818.196240707102
34.871442906287506,1998.9356857748032,-1006.6511874137564,108.77736885754959,1945.2594236856582,-1013.7389585072926,175.1268435906953,1896.7199270132444,-1010.1869757200326,244.45797820500982,1842.5248137980375,-1014.2811038996213,318.0272201244352,1783.3685576403893,-1022.9436069090373,375.73337679866904,1734.4646632649558,-1030.5698163325187,0.01591411323609626,0.01448520202797457,0.01495873900381997,0.01786763510465139,0.014058228241138171,1036.0614091878836,1213.5062082205536,-1090.8355892654988,4382.157166075395,-3478.191826025114,1233.519904394687,0.1499299174590196,0.0,2.0,1.0,1.0,-629.1583139207673,2535.219102110103,-1149.671000748098,4382.157166075395,-3478.191826025114,-1632.3101381549518,-9705.628602919995
-676.5500072301721,1861.2766179212474,-729.6876731123372,-613.9514963658942,1753.8532533875368,-780.1099852432469,-545.8485164665694,1641.350772590824,-831.0883533564681,-490.42954245764747,1560.112509325996,-872.5192592758418,-432.72527706352656,1462.5216222403665,-926.8674488872119,-374.64765335280754,1366.4723073294645,-981.3787673976373,0.01728725318561928,0.016149388280413027,0.01407525707712931,0.014241971606843803,0.014589498436336376,304.69576279925616,276.4583860693547,-711.0106858914257,4001.1786110049634,-6465.106237562579,2913.9920366925894,0.16868567615381372,0.0,1.0,1.0,1.0,-895.6578205022325,2215.990257338128,-576.2770550133233,4001.1786110049634,-6465.106237562579,-2418.73977090803,-9801.44199164724
-119.60343777562012,1984.4737138812243,-1031.0423232898186,-96.85411935673174,1919.0269092576734,-1001.6031688013585,-93.11955808104625,1854.5903310944234,-965.62575514106,-78.91173760572498,1769.2632212622505,-935.3710703954027,-71.09537115854216,1705.1227227626362,-894.3948795571551,-57.095690648700405,1623.2413466891264,-862.2289964970479,0.01447733414492007,0.01546724826728936,0.017988360177024862,0.014558818450091937,0.01747965250225239,211.53602781635217,10.255416368619166,-867.6487747425742,764.6586504653372,-4579.191290568903,-1732.6745996577638,0.3524793481150382,1.0,1.0,1.0,1.0,-186.0864704256236,2391.43488746445,-1030.9992000771513,764.6586504653372,-4579.191290568903,-2489.8395024424835,-9785.192774751398
-460.2063435731918,2022.8872205719479,-922.5405006255089,-437.20706020277703,1963.5322014240453,-906.5540849455066,-418.1231595971596,1908.2919330882794,-908.5962335592016,-397.2290643262042,1833.9968782118879,-899.2719390435942,-369.0882121992171,1761.580017287253,-897.5347598834728,-351.3889164712142,1684.0827263784988,-897.5025097759583,0.014578781840382637,0.011737850342174533,0.017649137914668933,0.017999773069570596,0.017781522718851528,138.35866307386476,41.11659968436004,-913.3443409303567,1268.9428436825979,-4256.203708138106,587.4857095974861,0.3860164731693977,1.0,2.0,1.0,1.0,-667.4200426645847,2743.805954352066,-1124.6419428853624,1268.9428436825979,-4256.203708138106,-2122.8965506127943,-9844.843074107137
-447.8309468778789,1639.672631354019,-1140.6660098740979,-457.32036105620597,1534.473524194111,-1075.920955114672,-472.27350615014086,1442.3973151071837,-1007.0666814595025,-475.7414834473757,1347.6434222426494,-941.0485214856886,-481.2004709834377,1249.3444664053775,-875.6026216258242,-493.54232417768895,1139.7167138963534,-810.0431563203479,0.01648193968576947,0.015535249580165306,0.014587891367094957,0.016421264171683353,0.014628706309879003,-558.9301782542993,297.8902738291881,-347.6485735052519,-508.23653962528573,-6353.372274574445,2810.162819035245,0.13321529500333845,0.0,1.0,1.0,1.0,-386.12975478170176,2458.0368471845004,-599.1407322218353,-508.23653962528573,-6353.372274574445,-3581.5263338112663,-9801.585482901117
13.56114711903484,1775.9864633397924,-937.8027491091503,23.926131745255724,1706.6727502725944,-907.9433624454739,31.052646697230042,1634.1050828337704,-871.644422740194,44.01356919829478,1568.9008914835606,-845.6096367089464,52.747293029589095,1493.9475181415562,-804.2093767516881,74.77971722170042,1432.2628330165567,-776.2538587067155,0.015821761293553643,0.01536027843956611,0.013131467179274076,0.01955847917292275,0.012788000711079911,349.44212902704544,-195.20143547735634,-808.9169967126729,774.1210094110869,-4476.233596715934,-1865.882486804393,0.36313888082035695,1.0,1.0,1.0,1.0,-103.41866147844121,2423.395218601466,-948.8774948383352,774.1210094110869,-4476.233596715934,-2497.5736471631426,-9845.624482634608
694.7265622787592,1723.6237529540263,-897.9291197358651,656.6497929881672,1633.0021856576984,-929.8753285781568,607.2994551834698,1512.442294963257,-982.5019710542985,559.9210667241488,1412.5683987111822,-1033.2256316217333,514.6480882182224,1309.5722319144104,-1081.5662929706314,455.5937888215092,1192.5554508548732,-1140.8380240089523,0.014133458758111006,0.01844186335140896,0.015701319304935513,0.015544144281161132,0.01730298070165104,91.29285844512945,388.07310204923397,-808.1694826170159,-2997.7888441556925,-6581.653302891823,2298.447455575539,0.12272719843439292,1.0,1.0,1.0,1.0,1005.6184559126145,2395.4773594312446,-675.9353652397871,-2997.7888441556925,-6581.653302891823,-1642.417911669673,-9777.054779843564
616.1896200609939,2040.4192671989144,-1079.4278466297617,574.1059362297123,1966.077574557099,-1032.7215088179948,527.3786054167286,1899.0243709559982,-994.6432543277976,496.66785549937174,1853.1798030805915,-969.2178787410087,462.09334654292593,1793.4023442976115,-936.5730190005703,417.4819459166759,1719.8843221472007,-901.9966856220384,0.016382727675715247,0.01694877682266288,0.013167175308563733,0.013854217825322868,0.017903259677995498,-482.1883853813261,281.0411056347458,-829.4723429631091,-2545.0313211959588,-4071.5273947065507,-1525.5281859452505,0.3529780118234477,1.0,1.0,1.0,1.0,1044.8304073362501,2723.957542458685,-828.5828802018169,-2545.0313211959588,-4071.5273947065507,-1519.865517461911,-9797.429782729416
-688.2942617077019,1338.829020457472,-883.1631655740473,-699.2427517736226,1239.215882379644,-829.8672478912982,-710.7919871965671,1140.031818257689,-778.3666139965836,-723.4538220737795,1001.4444785498836,-715.9919934668704,-743.7330524245602,915.0918346517157,-677.4843158511735,-752.0116984802206,783.9801258027577,-619.7552764923477,0.013642328113275315,0.012768785465524624,0.01856467006034107,0.013014741987518785,0.01766087623774268,-811.9008809275816,262.97766207015763,-425.9858192282048,-842.8794414797599,-7340.340131032434,2401.109540734042,0.07014119090667473,0.0,1.0,1.0,1.0,-567.4658428984542,2391.6763000695632,-831.0110982538058,-842.8794414797599,-7340.340131032434,-3691.1155063254096,-9701.264984756297
80.36447041219235,1955.2920504541746,-1131.8277096331572,103.16844018268682,1885.0629721807738,-1111.5264178998198,120.64051059754979,1810.4168376733594,-1091.854665298224,138.6736875892425,1725.4779641505359,-1070.4341000636184,164.15539584089214,1648.5278680122265,-1053.0377290117767,182.25781871245675,1571.8754389463254,-1033.9471337194993,0.013641554931228345,0.012278144955187295,0.016083218682962183,0.015070241547681357,0.014450533286568062,549.1237560447463,211.33495050514512,-1098.9760240131752,1434.8409492057754,-5324.7882185281,-1492.4283457614767,0.2557507648421783,0.0,1.0,1.0,1.0,-60.68364736770752,2474.369943379588,-1028.6362057413278,1434.8409492057754,-5324.7882185281,-919.4115215406813,-9824.710093883352
-265.8374428146321,1594.9230308143692,-998.5877794627003,-238.11730604147476,1506.6101662945603,-997.5949143002716,-213.86857760912358,1414.8178636805085,-992.3059221061645,-194.52934819809298,1326.1088176816297,-986.6751581968429,-168.14373398013583,1230.9529476839932,-990.906335884484,-139.44711296008418,1124.045355996713,-996.4609252909169,0.014813287581607257,0.01429139772757014,0.014659105293111763,0.015187699948768757,0.017017623145774596,162.21221865195852,-14.85978334044075,-1091.2498891574721,1633.97845411728,-6239.336371311644,1405.790868838387,0.18289191361740054,0.0,1.0,1.0,1.0,-417.85013255967544,2200.1046284751915,-1079.9852334748507,1633.97845411728,-6239.336371311644,1325.5736875627813,-9751.584678855703
393.94464886296436,1634.6517677948564,-675.7631827532018,361.9948350709709,1527.1901629629263,-689.7139058691977,336.8365566746041,1421.263127949155,-712.3891469873722,301.39049975645315,1311.0734104515925,-733.479953667577,272.6202237379642,1203.0513781316247,-757.2617010577435,242.81363095480998,1110.418820591042,-779.0591588417897,0.01815004365735498,0.015335113336760492,0.01796297581190831,0.01830004904671864,0.013530497213129933,-105.18554653363985,-132.959521398748,-1013.5956225801226,-1799.13809398161,-6355.385038358177,2724.909178705295,0.19510730963809955,1.0,1.0,1.0,1.0,659.4481434085435,2568.079119903476,-654.1194217093056,-1799.13809398161,-6355.385038358177,560.596017447665,-9891.279724587932
371.35785864635716,1770.062429275032,-1140.6737457986867,395.4716167947713,1693.4036325997592,-1101.4764382972091,416.56550882565165,1621.488200764892,-1064.6885322075907,433.61781830815335,1550.171670695383,-1034.8751584059112,448.0741049665503,1489.5988247734726,-1005.5898312855729,471.78654674969766,1418.6186095997632,-988.0007624279169,0.01823005449335241,0.016156880403579238,0.015614254608823042,0.01357651931634371,0.014067244142621949,807.7406022629796,225.35488789720216,-883.5533534756273,1274.888185658025,-4548.452484525703,-889.1620014090063,0.2631882308757022,0.0,1.0,1.0,1.0,214.91759593199663,2340.3852932016525,-925.8115907984504,1274.888185658025,-4548.452484525703,-1268.931275713939,-9692.272645728675
-529.1005356781095,1995.5640256714835,-1126.8846532495927,-477.3033014414865,1925.9410573739544,-1095.5227957643772,-420.8452341694143,1843.8074815855286,-1065.0386736111443,-361.7636108585209,1767.2186877987835,-1038.3383872115382,-293.01239997415024,1695.5917442701548,-1023.1702225652359,-250.32557072012776,1638.2204967919847,-1001.0275372167404,0.017824204436750243,0.016548635693320768,0.016307249916419464,0.01697406345304156,0.012378413150792994,626.7713668279082,520.537371431995,-1039.8771875656628,3547.1487462692276,-4524.023493745177,-1368.4370796235062,0.24697704868409087,0.0,1.0,1.0,1.0,-845.295362873821,2398.007121336246,-1026.5519696214128,3547.1487462692276,-4524.023493745177,-1267.5688854155853,-9985.448066336548
-470.40906776424725,1841.6912437994893,-728.6025427605842,-503.5913748323649,1786.5153331578615,-730.6235931357055,-530.7131894476462,1734.6340695853125,-736.3185431790866,-561.2391618203548,1688.4575166220152,-742.7146492698442,-592.9270291121076,1633.9354705790856,-754.7677485512866,-623.1008495292439,1574.134965129279,-766.7264770030479,0.015489585088253627,0.012956564339913795,0.0130765233294097,0.015065989155317788,0.01582824738818092,-1174.231005997951,633.4587520804406,-969.1244065750973,-2058.360506437498,-3546.9731007262776,2206.633893162539,0.2665572738731479,0.0,1.0,1.0,1.0,-145.05075277920344,2406.945302443579,-806.6309553170885,-2058.360506437498,-3546.9731007262776,1298.5209547133006,-9795.732588503783
65.77198386404,1999.030974057613,-702.494442922551,115.32954643553681,1945.4039705119344,-703.4238161398648,165.15109992576535,1888.17198393254,-707.9056956622202,203.0084932729665,1837.1032819839118,-710.4657405176505,257.8426979356397,1795.267278455915,-722.0730444794945,306.29008919822763,1733.3353433787888,-727.1200644387638,0.01584209015536439,0.015601075038366857,0.014160305856061706,0.016313410103659665,0.017082996403532474,1095.1886257778826,877.3874578303702,-1077.6407377744515,3111.9127388837082,-3368.7994830375455,2716.6635736751878,0.2529383937129285,0.0,1.0,1.0,1.0,-367.4103614974608,2460.7232148580183,-801.3800048606229,3111.9127388837082,-3368.7994830375455,1396.732472236858,-9827.119039223671
-71.46390272741047,1710.874689145173,-1135.3671487290444,-32.581004575941854,1640.7458612666999,-1085.183670716672,10.964687913102132,1571.1186188945833,-1037.6786333118405,53.22536082980312,1485.7159123334966,-988.395603532278,87.11249945473715,1426.404650335644,-947.9304929292979,127.59777859883366,1349.2334912560382,-905.124291596946,0.013800618254778421,0.015320117201258768,0.017914835988430716,0.01329882254103032,0.015440917597192072,639.877915644892,406.29762341615356,-571.2483481298704,2625.615304377366,-4858.054314826243,781.601774774039,0.19376308564413158,0.0,1.0,1.0,1.0,-305.3435939309596,2155.1971767535965,-891.5098321247359,2625.615304377366,-4858.054314826243,-2612.091068952438,-9698.10769169141
-15.229207168475597,1497.2989363944512,-857.6347431719826,-4.237562131076892,1406.3922117376956,-811.7075340066114,9.129908724237701,1330.7243934299224,-771.3281426424268,26.008264119805435,1239.917403374903,-729.6926725892681,41.26901208371885,1177.1165273947513,-699.0686250387839,52.32124147377995,1093.921176550347,-667.3951291567997,0.018041128533958076,0.01632892271166317,0.01762746410061633,0.014726334947533337,0.01677005333280454,241.04792991912493,11.270800710013635,-497.7282532753522,843.3516566369275,-4899.954741374349,-332.51374042750047,0.21970325958442113,0.0,1.0,1.0,1.0,-117.37652415156936,2093.7515657941144,-1057.2082976061179,843.3516566369275,-4899.954741374349,-3346.628676098454,-9909.900598546934
-665.6976131077985,1568.9407652562722,-924.5333101510606,-641.8053978007906,1488.7393524407598,-946.5159880859229,-614.5441409119587,1412.825040094539,-969.4876669817191,-603.10001731595,1354.2082887860497,-991.2691718069522,-571.2646288512159,1267.6005629285855,-1034.6191415932503,-545.2337860246736,1181.63082507555,-1064.2301905317104,0.013518357998448555,0.014609527954051932,0.011360339610387155,0.018969994542042873,0.014936085162904122,-164.683128396072,-40.28292276342722,-825.3428637984354,1607.3278519918165,-5170.551955046318,632.5329694651159,0.23650951566325204,1.0,1.0,1.0,1.0,-896.017301052349,2312.3182167826476,-805.5782287830011,1607.3278519918165,-5170.551955046318,-103.75280241088858,-9856.423678696061
105.72597268083524,1862.7636846769963,-813.6436428137774,124.85525763698776,1763.8125906706573,-821.1120815355036,139.36157465121087,1660.821888154354,-833.1832597242569,165.26706275706715,1550.5058469166465,-847.8994722034529,180.16765162661693,1453.6680782816422,-860.6756332604074,201.82992475267199,1352.8718014807355,-875.7192059358397,0.01519779264345368,0.01711044085827193,0.015806342152427516,0.015550046711781534,0.014965123959910287,450.97466487102355,66.47577509883678,-1016.0230783846638,1259.392952586784,-6428.096708213029,2014.960668961821,0.20117279546851133,1.0,1.0,1.0,1.0,3.89016670271576,2348.4501065144627,-811.4560574288828,1259.392952586784,-6428.096708213029,294.86979744545476,-9712.211965566832
-471.4784207286443,1365.6752047368554,-833.9321212072457,-416.30593822196806,1286.9519818476874,-811.017215328183,-352.1885417418876,1208.4298942742398,-792.0322943328499,-297.584453342692,1137.8560894573657,-776.163436059294,-249.2347926765325,1060.2033324818897,-761.3908743622005,-194.39794353278285,981.364180129113,-753.6923073206062,0.017085756037159505,0.01685896323379288,0.014828720982291183,0.01673410663231059,0.015265661499196143,429.64850442549596,129.74028275974837,-804.9121350153073,3409.5288157209125,-4690.713229335743,-1178.3970099953335,0.18217397829567022,1.0,1.0,1.0,1.0,-1036.4488863344955,2146.7469713741157,-1092.3534131062208,3409.5288157209125,-4690.713229335743,-2660.966928625747,-9900.637055854622
17.4991639285536,1548.816026990358,-951.7703937895426,78.7425709811758,1438.794148669683,-930.9634620721082,143.90959625926044,1315.4193416220598,-905.5639532840748,193.2793312736703,1206.442781240376,-882.421006733905,234.8513930843853,1111.3692527693804,-871.8666963190235,284.0314178960763,1016.6586117533492,-856.4648687438846,0.016143616474784572,0.018360070768263098,0.01576888497502424,0.013145102065662745,0.014962114899098933,638.0863870438723,294.9987156448735,-833.5470887393755,3340.3318856475507,-6834.219585893995,-237.97616745752399,0.10577851787689921,0.0,1.0,1.0,1.0,-397.4164975068686,2413.6067872720137,-1082.6214920393047,3340.3318856475507,-6834.219585893995,-2213.733185050121,-9723.164663536812
-38.13380889381684,1674.768452425894,-787.0330936639853,-14.875203684144743,1572.507322771751,-755.7188368724684,15.583647958141835,1489.1328192246306,-728.2932558799599,28.422174047382946,1408.1424711248676,-698.06373055994,67.85541011690907,1302.3835986730721,-683.8113771606571,84.71023036648832,1223.581241791247,-662.2270764067699,0.01745866981633612,0.015217586710938952,0.013663768204986576,0.016590952612462073,0.014555881800298348,430.1564458906513,98.09858822505615,-619.1621966628044,1742.236876888779,-5819.58125483977,-726.2743944509223,0.1934042043412781,0.0,1.0,1.0,1.0,-292.87185801819146,2513.224808983559,-1126.4901612437816,1742.236876888779,-5819.58125483977,-3261.09490376085,-9960.664989633382
661.5364947783559,1688.6016530281006,-841.2036545762064,586.9830791569592,1585.729251945113,-904.5811224143254,514.8817577876132,1490.6358797791297,-970.8639715485298,459.81543417482357,1410.3555025345356,-1034.0675838158481,394.8146864290525,1315.3060474350928,-1094.8996804725364,329.15838432272346,1215.8176198754238,-1127.4865526687236,0.017687064362013977,0.017084582087849853,0.01446248358183419,0.014923492715165299,0.018780804863971295,-293.61387359430796,358.2960035019938,-579.8224394716237,-4083.6331861871013,-5692.422208802522,2896.5820401077076,0.15039297842662724,0.0,1.0,1.0,1.0,1033.5669119165004,2208.333221362812,-542.2829696525315,-4083.6331861871013,-5692.422208802522,-2766.3204827777104,-9829.746916917553
-309.7547203088011,1580.97060751026,-1042.8029021058262,-268.54636609803987,1467.283172385676,-1131.3696325986102,-224.3375810742299,1348.3809446043197,-1083.0210183390382,-175.020875791732,1223.8729851972205,-973.4556024748754,-137.06148094049456,1122.7489237731922,-905.2826600624575,-87.61023269017862,993.3078918954876,-810.5973637254359,0.015258399798169842,0.015556758439534635,0.016997389266835333,0.01436930044533162,0.017557717136277712,154.50855200638532,356.38880073022085,-395.7749541335047,2795.6099117057465,-7291.272088424352,4329.6838663118215,0.08713703696410013,0.0,1.0,1.0,1.0,-502.4597772444648,2069.8377415099408,-690.8952009928487,2795.6099117057465,-7291.272088424352,-4948.9755467826335,-9734.869252870067
51.94952816219982,1999.7685519662982,-787.2373250391274,106.01821934668153,1940.375943443068,-715.6010250804308,170.0879698224557,1873.5649293449326,-633.7258920122865,217.1335870270343,1815.3323629855452,-574.6644137024975,270.28753581276817,1760.7166661981405,-517.103444276579,322.1262159117416,1705.2825478218704,-465.1179348565076,0.01538895789767078,0.017245112581303595,0.013363364411378892,0.014329516209683563,0.013762424966064946,727.7603700754213,1250.529871128353,-76.02861545054114,3635.0730642494664,-4043.190531128156,2911.029792995468,0.11187508619266373,0.0,1.0,1.0,1.0,-526.3398370906451,2645.430604367567,-713.6252689400671,3635.0730642494664,-4043.190531128156,-4576.883837885832,-9781.3997627557
114.75654909246808,1888.6771468681172,-1005.7886353933624,67.93120137290884,1819.6918859751163,-1027.19399528984,26.566457660601543,1757.6595435025956,-1054.7887386533894,-17.0170063470928,1684.7588944667182,-1089.7225204447745,-62.22030393777246,1603.6815536679462,-1122.9222942439826,-107.12984088911111,1521.6680723400661,-1139.044498857913,0.015703834710091263,0.013653407141559548,0.01608247375535718,0.015524187680658968,0.016247673987940747,-759.4109025596663,489.32517447421293,-884.819977560812,-2936.085923412729,-4693.222307490065,66.87044024247405,0.22139904852941525,0.0,1.0,1.0,1.0,444.38432603955175,2413.5463205451388,-895.7454030220329,-2936.085923412729,-4693.222307490065,-469.520463975354,-9876.256401229546
-72.25140214478601,1367.2930203386843,-1022.3551116368052,-50.532369657665996,1268.589093899279,-1058.4524522686172,-33.85281056374754,1138.4622318957956,-1111.8205489683805,-13.990958960986699,1036.5229095792472,-1144.3823495757802,-7.305858155454329,942.7669599061837,-1105.2090072858477,10.404691477696845,817.969938274643,-1050.7040549990147,0.014749372069560951,0.017679271009822778,0.01434620035848544,0.012976820066091133,0.017692498923424532,114.6715824352176,121.49624903531141,-803.2862002161035,1050.034781332797,-7205.1217247500035,2037.8205020251037,0.0969797741420485,1.0,1.0,1.0,1.0,-216.0893736846134,2391.1095923315634,-704.7727652409242,1050.034781332797,-7205.1217247500035,-1479.629738317522,-9966.322113170976
73.12929728394562,1976.46183826209,-1114.502023455317,137.8427150191551,1904.5757930709503,-1121.8178627929444,178.8140087771877,1855.1079848469274,-1122.5625075665337,229.86512036144006,1797.8479321649468,-1138.6683325931765,277.1418119095997,1735.503347802734,-1149.5115715757383,332.7144153816347,1672.498114791031,-1135.774266487151,0.01607665818221274,0.012539036869774506,0.015684141675319452,0.014078637823593199,0.014634745055461057,971.9588117262306,909.8361738128926,-1179.49582618929,3466.310496168193,-4110.237960344754,-1116.9230289214506,0.1855925740598007,0.0,2.0,1.0,1.0,-501.2231491452517,2656.687306959414,-1119.6988834536983,3466.310496168193,-4110.237960344754,-285.2074568587835,-9755.576661367088
-320.8923282833454,1976.6803693211975,-920.5455200600882,-321.75264518394675,1917.6702876366396,-972.4063647678331,-324.3569361263789,1841.2247481466661,-1043.909156057392,-327.4209566122777,1781.6754635873576,-1113.4744043027883,-334.0694177993373,1704.5860176266597,-1102.6645854783137,-334.45318197520277,1641.7170795852617,-1040.0230822908088,0.012981074891750335,0.01708851399934075,0.013469955203353867,0.017784466503528495,0.015850394017447034,-417.3986680204363,214.890218948854,-153.0379557250647,-235.6597519541083,-4326.619601752987,1116.8829627745363,0.3288657332821121,0.0,1.0,1.0,1.0,-292.4989994847589,2507.9986078779443,-501.64146713895127,-235.6597519541083,-4326.619601752987,-2824.4695792478396,-9652.374636134944
528.6362674386664,1622.8345237357787,-948.3716947183021,493.662195375068,1552.640783872311,-971.3435070333799,456.8944082074846,1465.862300251517,-1002.5676363049491,424.37838457859334,1385.3789560173625,-1030.2465446908218,397.31361780928046,1298.1873021646732,-1071.0986683733993,375.714961891461,1234.8587186248055,-1095.7770193971205,0.013344752928857256,0.018138143617712932,0.015583213799637147,0.015617707677625992,0.015463861961666936,-92.61435740201988,50.183075670371636,-835.5915137503118,-1965.6094669130796,-5016.4348099123345,415.56991385210733,0.23517913499238133,1.0,1.0,1.0,1.0,801.737950043432,2332.660914180484,-828.3324027317333,-1965.6094669130796,-5016.4348099123345,-177.18740413898306,-9740.971165235842
-226.03979117204707,1762.7248401840204,-915.4987887037072,-211.03824968109996,1654.3965353729773,-931.0732768933693,-201.86793911789607,1543.8127352255226,-943.9604086642781,-190.19553096753964,1449.7427164902829,-959.4690090085511,-179.6089661084045,1354.555094626929,-967.7094416308498,-176.36324898411644,1269.1312084352146,-987.3496583648874,0.017231848071930483,0.01642806112870117,0.013251505536884908,0.014206578316245597,0.013793851556428094,-49.344558497461165,-24.866650489958076,-984.7518867853006,653.8989929974293,-6671.063678912511,1224.1406269772606,0.19354640440473936,1.0,1.0,1.0,1.0,-274.9397110815747,2276.650318734858,-909.8591196387385,653.8989929974293,-6671.063678912511,222.09434468693073,-9678.98552240553
158.01940037245575,1306.3516622705129,-1007.6046803165825,168.1477659645568,1209.928058836867,-1066.9064489873851,183.47275708175997,1112.8842064516916,-1129.6638747937227,191.9247501970699,1004.2465673463269,-1100.5954042304688,203.8644958354254,914.9388964190757,-1047.5757898830466,213.13387100609697,797.7170001981169,-979.6867609242918,0.01420205968752572,0.017216469502095044,0.01484204010851245,0.014284910234793169,0.019956018665161585,285.4246674315381,118.73688877055005,-651.9098455093254,674.1582721164764,-6447.450805352722,2617.6030119038332,0.10427481502713112,0.0,1.0,1.0,1.0,66.32322899368319,2214.158400510185,-583.855812781966,674.1582721164764,-6447.450805352722,-2346.9028107771483,-9876.99351981096
55.09600182505455,2044.7891722778095,-987.0634475177274,21.424865346605987,1983.9850618543542,-1004.7714088021545,-2.8599936149617156,1918.8042004465963,-1007.808913257119,-32.01334225486086,1853.3617738787411,-1014.9047235178703,-62.39657429071613,1798.8627695445746,-1027.70917719832,-83.95759303569534,1736.593129153966,-1055.728102819968,0.013883170837278247,0.01672638148254471,0.013299854607310979,0.014797066660256708,0.014074634601337566,-712.0699499732624,334.98169211249154,-1004.2440287323722,-1894.8087934812347,-4237.470931812103,-741.0899642244507,0.33056957617005955,0.0,1.0,1.0,1.0,358.4970183436337,2729.1527685863257,-1034.7039904518592,-1894.8087934812347,-4237.470931812103,1068.7720942329765,-9730.600600347723
473.71032456687465,1586.6987068119806,-831.3450827487826,432.9445388881399,1513.781464004147,-878.4133679035484,391.3398378367691,1417.9978429853475,-942.9735767046246,348.3317676057002,1325.1634863146799,-1019.156941220356,308.8367599309604,1261.884391731861,-1072.350916554814,264.6457268069431,1180.563951208942,-1130.2507535097432,0.012879346078923243,0.01729247759590123,0.018303807947756073,0.01295233895204409,0.015033101057996018,-181.4330376848481,265.2169981467616,-563.6215141346091,-2586.703683006288,-5238.222454860503,2611.066118312203,0.17437588649458965,0.0,1.0,1.0,1.0,749.7802881974158,2150.9770818965408,-512.2706633719285,-2586.703683006288,-5238.222454860503,-2406.7855703429195,-9981.917872722293
-522.8645114304087,1999.4297213070154,-885.6762576760614,-534.9676495878149,1917.6838088749098,-807.4361523502039,-548.1658966926846,1853.4764962535219,-740.504401313536,-561.5854963282455,1757.2370983212745,-665.8246091132979,-573.7843595382354,1676.0420205008859,-598.1315423476633,-586.5646447425678,1580.8474698166967,-528.1757256442886,0.014470174160845922,0.015475397986391776,0.01525558146987091,0.014506259409425015,0.01670594962228128,-741.9656489795218,542.5215223429989,100.04519932638101,-820.139356288229,-5473.438435335233,2376.149253573535,0.1909556884289178,0.0,1.0,1.0,1.0,-426.2119968085548,2649.7953199470653,-811.4302073867735,-820.139356288229,-5473.438435335233,-4826.087853397436,-9679.186162292817
-719.7972123640462,1463.9153884658049,-601.3457802197244,-700.6238243583646,1378.5736528446691,-622.9326746368287,-686.1207833193374,1277.5301130187509,-636.1700862242666,-666.0746034583426,1178.5668986785981,-658.5993965441935,-653.893396308629,1075.6247196174072,-679.1088447962164,-640.3484538857884,995.0312170925683,-693.9474416100528,0.014020204482768195,0.015496894918629378,0.01670439004464261,0.016016886052079765,0.01405644859028049,-510.64499649416933,154.0107382481856,-1008.3393466267585,956.8755838755667,-6178.111999289374,-2957.403223243008,0.13558011010346632,1.0,0.0,0.0,1.0,-864.6889625281258,2439.912177985255,-586.6749865163235,956.8755838755667,-6178.111999289374,678.1364118352417,-9825.782797508788
11.176188786812837,2020.5279237425116,-1145.9969220193732,74.98747756750774,1929.8591957359426,-1139.0020534471776,131.65452599260334,1845.7406199601292,-1117.9859121556633,180.12320143485536,1778.056574204889,-1111.6027752533425,228.66881993736501,1706.1264584118524,-1099.6276150092729,277.2524555899804,1638.0274939169647,-1089.1605117175625,0.01822657389947943,0.017530972196253436,0.014601980345351429,0.012505197150805225,0.013955758575356358,977.3655948420254,639.9808956577976,-1127.452748326501,3448.7503201724403,-4931.411640245513,1029.2265621502986,0.20345818635148458,0.0,2.0,1.0,1.0,-471.10953963039924,2711.173784560916,-1075.2640641715918,3448.7503201724403,-4931.411640245513,204.8489856498524,-9754.81402852994
562.3470448440847,1747.4455272668265,-935.9606723956779,514.2015781593292,1657.722134526873,-860.4572455495846,451.60324778151414,1559.936566343912,-787.9159903706764,407.9562618513369,1474.6988899420696,-729.7712452624521,347.21254909295857,1375.578864986311,-645.8001029934504,281.6359042539052,1264.4427984341376,-575.8231314944574,0.014632095730163885,0.014459653539395767,0.012820477541552494,0.01702527252765451,0.017485081975731592,-155.6675848009639,477.7063138642927,-106.19734387216693,-3583.368554301155,-6315.285109027645,3099.905936196329,0.12451679450729397,0.0,1.0,1.0,1.0,991.0103525754066,2498.5975487531355,-751.6704440261608,-3583.368554301155,-6315.285109027645,-4745.528350645985,-10000.418608691614
-610.2098566423834,1833.9119205275158,-932.0933183268988,-591.4542623006287,1778.1845156091058,-865.5398346883823,-566.0556959537289,1725.9171883954573,-813.9446730526871,-544.2950490809252,1669.3158121947604,-749.0659922072894,-517.1902083089338,1617.958066382441,-694.1317780272313,-505.6859361873702,1557.470905748215,-642.9351296673514,0.01513145948461278,0.013504054067240923,0.01581913285311401,0.015248479266200016,0.01389742688419815,206.65717653301996,-145.03596718078097,-29.54530734115287,1532.3172954681334,-3681.3920199319227,-960.9891954257719,0.4634598456654404,0.0,1.0,1.0,1.0,-873.6265167720125,2450.3454068712163,-647.5180028010586,1532.3172954681334,-3681.3920199319227,-3615.570248066397,-9829.489997935108
-445.5089181686054,1979.482745667747,-651.515564680727,-452.531668994317,1879.543297786427,-722.1989262689078,-471.6487697840721,1764.1666808451714,-783.7543180907948,-484.3587230179763,1658.28511860721,-851.9783050342318,-490.130111879368,1547.352768004435,-926.3775968867066,-507.97370354911527,1444.3261991225072,-999.26393923094,0.016532804925126578,0.014828390322929388,0.017385632967769973,0.01719472819178608,0.015985162473007616,-630.066749094271,251.35567021097498,-535.6179295028181,-714.8395393228723,-6643.307961254682,3473.6224083441375,0.178418532055675,0.0,1.0,1.0,1.0,-415.6148872974112,2244.348058587381,-513.7142446115382,-714.8395393228723,-6643.307961254682,-3411.6537211418313,-9752.29367644439
-537.8133310566028,1384.1531312280624,-1089.3818719465328,-553.4658017401848,1282.7868850305272,-1124.7854214545018,-556.5229552809091,1190.5437137153774,-1053.7764292609268,-565.3510448085602,1070.3684826041188,-965.6591685954573,-572.6893745849598,968.2976091304057,-897.6666404420336,-580.5092411039476,850.7902541624082,-808.8813724762005,0.014676973927195497,0.01396027574584413,0.016690780852928577,0.014552321947925023,0.018414715442563234,-624.8530136260442,281.900930087917,-451.8439589373438,-514.944398234075,-6816.90217203918,3888.597391538555,0.08350037946821365,0.0,1.0,1.0,1.0,-480.66858212050465,2190.633538258887,-538.1042654230716,-514.944398234075,-6816.90217203918,-4102.273873565886,-9895.242409680799
22.214594625031836,1732.1678349498777,-639.4887479633131,47.07259045718271,1611.1103323494535,-651.111061111053,73.75797163198914,1523.8001918932414,-667.2082159439076,90.14397891296662,1433.3269970770432,-679.5108167511753,111.45569967696257,1346.4052437165915,-701.216645428897,132.1197200514926,1238.1352205011294,-714.1933805420671,0.018121888935670377,0.014921130880154121,0.013411015180000402,0.015495265025078753,0.015212550406271008,322.2032543758164,364.25998948027404,-1008.5314751579117,1379.8622994667758,-6370.958160049072,-2769.8316766088287,0.13767003872816627,1.0,0.0,0.0,1.0,-133.15130444821978,2466.6761822964663,-629.4320272854875,1379.8622994667758,-6370.958160049072,472.2592652607851,-9824.518005665492
440.8049534471543,1555.9401114669115,-1080.065701050972,417.6073423163046,1432.6202552966151,-1009.6707260974944,398.51868683332776,1339.7551680749696,-943.6520014952541,378.2389839496837,1234.4465250019769,-886.8552179186064,353.115894073667,1112.8724006480295,-813.6397901430976,335.7846071159103,1017.5990190683727,-760.1424758410947,0.01611502201192795,0.014162494526141323,0.013533487661504584,0.016738341674609525,0.013693370131355964,184.5510257903226,182.35111000206575,-375.68288725046455,-1335.0604146094313,-7225.29930555527,2785.202347508597,0.11603154751585368,0.0,1.0,1.0,1.0,551.6926398079156,2169.3084190297677,-837.9870279854317,-1335.0604146094313,-7225.29930555527,-4100.4469516873905,-9794.583938956574
-532.8925883371917,1759.5624723214241,-972.3077155151217,-480.0807247554927,1673.0500708927907,-919.2249610637269,-432.3858973385555,1581.9141753986528,-881.9629560281164,-381.82761777520193,1501.5859798018332,-841.3116223910752,-316.93617026036776,1396.0205049027338,-789.0916753765586,-256.69887870970996,1291.0312027514944,-741.9895376882748,0.01574759306377496,0.014014571254091973,0.015708745261799953,0.016100936661580217,0.01738424901374533,357.68536096345724,271.06676420207197,-456.71878102284444,3518.522693875345,-5869.513246276201,786.6684295352893,0.1744219861119839,0.0,1.0,1.0,1.0,-821.0197414847829,2237.3537017046006,-1039.1418439756392,3518.522693875345,-5869.513246276201,-3473.5205576660446,-9826.34417872573
-160.0502656099794,1819.3385789541442,-951.2370756941374,-106.47261082918224,1759.6290182680464,-985.6994479486374,-50.16952284305558,1685.2018148310267,-1012.2204900066847,21.80186257285984,1601.1494986783391,-1053.2090541430655,93.09949611050142,1512.5717394943915,-1092.178218056783,143.99382621146344,1454.4746778002805,-1124.8042294999864,0.013795561193686745,0.015554476765642922,0.018594558649892456,0.017152192667133442,0.013682770861419558,788.6083720715776,681.4628084251854,-853.7196356910798,3938.652778194184,-4735.315437276895,1197.5108520911035,0.16258884460811862,0.0,1.0,1.0,1.0,-806.5460030970664,2599.2655605223263,-782.6546365605569,3938.652778194184,-4735.315437276895,-243.53121613333013,-9676.096026085894
-415.7033842581347,1531.5476400084467,-1049.7258011928723,-376.0746130006059,1435.3107528149098,-1041.6590285591947,-347.7702966455809,1344.2988409254096,-1020.7731342000537,-310.1350481581034,1238.5660924710771,-1004.1448103627539,-262.3899508793832,1130.1816562569734,-990.5399047089596,-222.96473358544327,1021.6547284243925,-978.3854747779844,0.01620604436869763,0.015095599977875268,0.015518973511549294,0.018313776470938098,0.016844966523631155,123.83348394597438,83.14889896868715,-1018.6449608645822,2324.738569168385,-6253.068538005504,-992.9434394014877,0.1500328280192535,1.0,1.0,1.0,1.0,-747.9434794921692,2428.0496007207466,-1028.881891485717,2324.738569168385,-6253.068538005504,-1089.930835219126,-9840.557671628521
-645.7483299309505,1250.718838592416,-856.3445887690881,-609.8609562618932,1156.72625525833,-794.2098161460927,-568.6486788199028,1077.6164564758897,-739.920550983686,-543.9746244186658,994.112110774091,-686.1113420099172,-492.4302044508585,896.1803741702627,-628.9379471189533,-456.81113955345404,802.19113550223,-570.9163178130644,0.014893868618752831,0.013677803851372988,0.01471588546994676,0.01745385491347981,0.015233296255068862,-195.24136102159466,177.78161574268393,-264.2324925174077,2450.1138537413044,-5861.671856613758,2356.3697126060924,0.10694674424694448,0.0,1.0,1.0,1.0,-1052.78120983105,2229.3667655574977,-714.304053973461,2450.1138537413044,-5861.671856613758,-3790.048548109293,-9788.93429128496
-531.817144799453,1837.3892114262217,-1130.3504708196301,-546.7564221099788,1778.9872071600562,-1143.1985596061504,-565.0544067528213,1719.5718409583822,-1130.3053756101588,-583.2516214645595,1669.800115972614,-1121.6637200927066,-602.4467043599115,1614.7847366354758,-1110.481281769574,-618.7257954458545,1560.254534905428,-1100.682467300027,0.01690255056761092,0.016258989527999368,0.014809815546369648,0.017562092262106532,0.014090860667878236,-1013.7449784389727,387.8537289755744,-1119.7939452555854,-1167.5148199143046,-3473.296965327963,-712.9517945607884,0.3380007157385075,0.0,2.0,1.0,1.0,-330.74880878910733,2419.7324536924375,-1119.37344514606,-1167.5148199143046,-3473.296965327963,708.0025080731717,-9611.466103130713
631.1053086748323,1785.8529822437197,-834.7017340573785,651.769156012558,1719.6868063187899,-780.8183414600087,669.5773667263272,1653.3837541930143,-723.0888164113005,698.9534408065848,1574.4387260247074,-657.16387966077,724.9977528755225,1494.6117616664435,-597.0562922824729,748.8645690332892,1434.3509387759793,-551.7687914394614,0.014335732399935963,0.014018706200352227,0.01759455318636305,0.01627549386882371,0.013241597143805656,1018.7847888401111,632.223879938316,-112.52876141883961,1632.4337393416665,-4811.052700162823,1798.7440597759644,0.16567815399970062,0.0,1.0,1.0,1.0,357.6491244067347,2580.7002235042564,-730.9395919316675,1632.4337393416665,-4811.052700162823,-3949.016920064507,-9992.717418407177
361.0815182305289,2010.687877457479,-563.9643809465216,366.39361061750105,1956.2006166946187,-563.4642089303443,359.3533912914232,1907.8001474761395,-569.6878919959025,359.2748289339823,1858.1455809218132,-587.4793806628624,360.6956293760412,1800.4058570921832,-594.622620149696,358.49195977386137,1756.0547436609731,-610.8969117279872,0.01576653889794491,0.01560903882229106,0.013841495706727547,0.014120427662039747,0.013753320027705601,323.80225533261086,77.48074200521916,-613.3581088759531,-72.40478972701757,-3525.8881418653905,1115.097876921754,0.4755754145501157,0.0,1.0,1.0,1.0,375.20965603879677,2580.8613227296405,-630.9259317271287,-72.40478972701757,-3525.8881418653905,1261.9533576946237,-9931.061756369498
386.37117894135463,1560.3244915027242,-913.48309510981,388.78641150361454,1498.3935057440824,-833.9480734451225,393.7866381343157,1435.836297385574,-772.8097093386411,388.25703558248676,1387.9924035019978,-702.823461971195,395.9770674151105,1329.411406606113,-644.1043231354179,400.9607078791446,1262.7811348305577,-570.1004728468655,0.016742400019193332,0.016697651849402778,0.012268163970676704,0.015036454111351988,0.01543880628930383,421.84235408516736,575.1369183919367,8.580226574996104,124.79540774205705,-3888.272787379556,2403.919356786266,0.1782273541215237,0.0,1.0,1.0,1.0,373.17214506576556,2091.5633054699592,-708.6404090852512,124.79540774205705,-3888.272787379556,-4450.532904466792,-9779.594416472313
-474.3006611801102,1506.5649135236606,-786.610940021945,-478.60724383816694,1391.791697032024,-759.7470033925636,-481.6924054729226,1296.6418837584501,-741.3044340886581,-479.83980922498864,1185.3615117734753,-715.8050223647705,-485.4345632309668,1084.8197223417803,-699.3976045085819,-489.8098015466419,971.9761605806216,-681.7364396862598,0.017318704095604764,0.015421893468577808,0.017572516429798762,0.01636200669531429,0.017363640863258784,-506.3695476216043,-32.035114423859255,-686.5590460162368,-108.92417650329875,-6334.6714722347015,-790.1085539138589,0.15819809150788697,0.0,1.0,1.0,1.0,-463.3444979028021,2470.1601171088478,-1149.8919075172034,-108.92417650329875,-6334.6714722347015,-3139.317803657526,-9961.433409695446
9.528446744988788,1561.7874199360915,-941.5972116674615,28.345113046592974,1456.3176711169053,-980.5168441400896,57.53902256812047,1334.0220246223405,-1024.1197090473534,97.39832817649116,1204.94784205137,-1070.1730058542873,128.58541830532621,1085.3059944563252,-1116.0821667423122,158.6926603262027,964.5387887422615,-1132.9644530091944,0.013740146168646744,0.016323668952415896,0.016799487381350245,0.015341785659237217,0.016171962972299614,386.5784637475833,103.66731881821482,-841.6739596299489,2031.4870260486439,-7701.7506456416995,2080.9670203672804,0.11167113950960911,1.0,1.0,1.0,1.0,-172.08046841579392,2221.6487463696817,-763.0593247429074,2031.4870260486439,-7701.7506456416995,-1670.6201590922562,-9794.393677175141
447.26174718630205,1907.7798108662855,-714.2110067986674,420.44978237705976,1821.908737379257,-661.1905174524348,408.54082007266993,1746.8476927412014,-614.8861321867602,391.89222352479436,1660.8027923768975,-565.1072638546241,377.41429958259863,1593.1282559126705,-514.9815112734561,350.7296989613585,1490.6431365983103,-475.8493038537347,0.014637833020810537,0.015926891813643013,0.013896631839082157,0.013399174120311108,0.018440997605331855,33.64707597097754,4.990128305251666,-85.44144590222015,-1186.501104972742,-5506.012026318474,132.06176229223854,0.26937848613207016,0.0,1.0,1.0,1.0,603.167606357893,2647.875900938121,-1033.0836588586499,-1186.501104972742,-5506.012026318474,-4306.951457961949,-9777.891771018336
328.23155803367086,1489.4267515949177,-1052.4619485425678,274.57781046065963,1431.3441514893427,-1022.8334297996263,225.47797742825196,1351.8947353197786,-991.9987573773093,177.91790233542716,1286.506302664789,-975.6631173170738,135.8790050290323,1215.9851233518182,-956.4750296284963,80.52710784481054,1154.5189950075378,-941.1230070638377,0.014039581362292358,0.014968109502806554,0.013860963664981463,0.015159780087447144,0.013618861506212582,-503.3345922981606,335.3140471587899,-880.23131001382,-3396.895837076557,-4762.45942868022,-520.0536274782066,0.1715790689844145,1.0,1.0,1.0,1.0,923.3616592739945,2335.5470072044805,-927.6683782862773,-3396.895837076557,-4762.45942868022,-1101.216335045981,-9925.502400767171
421.05329806817906,2047.566341936663,-864.7429632451226,442.07103783326954,1974.7359664609999,-825.7453862659219,470.43564356430335,1899.3451379757573,-771.3977634401051,498.32801734236205,1827.7844933112972,-734.8719875945309,527.3021987476669,1763.6350674296423,-701.0862639675121,550.3369250159476,1685.9943949832189,-664.687037351521,0.015455689275989115,0.01618445142975683,0.014840196368735736,0.013918567953576572,0.015923370341487886,1053.257137286876,356.92163836394366,-404.20219728488183,1774.9435827610841,-4716.613169763562,-463.16438633910093,0.2827285180789674,0.0,1.0,1.0,1.0,121.41175633730882,2833.1435524898193,-864.3989863475083,1774.9435827610841,-4716.613169763562,-3031.3027729769797,-9749.895439709342
49.239867981184304,1859.21803153634,-1023.7633881704708,64.73957062214008,1739.5908451019516,-1057.1919699448385,75.46081786328287,1623.8755247985853,-1093.743767266037,89.31224622269383,1511.6143753315216,-1123.685095227127,97.71660938558408,1399.3998779835263,-1131.9352135924637,115.37556506669047,1293.3188931483683,-1101.8992729380686,0.01595806537924481,0.015982666242873124,0.014315891355504748,0.014920613339400063,0.014241495265207946,248.82161224653427,31.73565723472104,-835.9021268067806,839.0054269438358,-7631.375764307572,802.563309760562,0.16483887170168804,1.0,1.0,1.0,1.0,18.09511983697962,2130.3639924193044,-954.842339457924,839.0054269438358,-7631.375764307572,-1723.9966133066541,-9785.89186079674
-347.50545479409107,1330.0784886654833,-968.4539515540722,-345.58716371578873,1241.233113115091,-1025.9780866104275,-336.9643626464937,1150.1480949647676,-1080.8045853185401,-325.23280744466547,1048.2422997499293,-1140.4625425054644,-327.51125535081474,948.2982324308508,-1107.9517377700208,-318.70744110200525,858.1665882745539,-1048.3233917273021,0.012873375807546855,0.01466886696912667,0.016289576665220906,0.015981932525916648,0.014352245524807572,-296.30207855679754,401.3018252996593,-809.5464044165882,335.02324963550524,-6313.750350510101,2943.7823383848113,0.07225974625076612,1.0,1.0,1.0,1.0,-395.13393719927103,2263.85817870014,-571.8606301720171,335.02324963550524,-6313.750350510101,-2001.8517572945932,-9800.085407129738
-552.6166008472029,1830.9183046296112,-656.2690142209317,-567.1554635962694,1767.5094936055784,-617.3312610234045,-572.9656148898814,1705.474517531545,-578.7476892418318,-582.2269940567057,1634.4290828109074,-538.0680942734951,-604.7945969914437,1565.887967338515,-508.1118423389653,-610.3523361134452,1478.7921450595954,-467.51975130794176,0.014433918725977463,0.013244195722934726,0.017001809316085997,0.013146340718451166,0.018707809098564177,-847.5704848363931,-19.23974888426719,-306.73199692387306,-709.3002997866023,-4543.616310044549,-1157.1477231932568,0.33080886114146,0.0,1.0,1.0,1.0,-443.2693139580282,2570.6215478411273,-1050.9935544690604,-709.3002997866023,-4543.616310044549,-4010.403783472625,-9905.12044887222
