x1,y1,z1,x2,y2,z2,x3,y3,z3,x4,y4,z4,x5,y5,z5,x6,y6,z6,dt12,dt23,dt34,dt45,dt56,x_hit,y_hit,z_hit,vx_hit,vy_hit,vz_hit,t_hit,is_reachable,bounces_before_hit,has_bounce_before_hit,intercept_valid,x0,y0,z0,vx0,vy0,vz0,gravity_z_mm_s2
91.28590566561601,2425.7925169081336,-1031.125712705462,104.89321042191742,2391.175005290175,-1067.5376839425128,114.71197747308982,2361.175129675248,-1123.9637388438828,127.29842666154147,2323.6316070748044,-1131.087719749487,142.4240877711999,2288.7318334069523,-1084.658246452948,149.05023520768552,2254.2159379466602,-1040.254425560499,0.01660472888540271,0.01632530136756266,0.015517314760858048,0.01781771416660627,0.01539702160788009,571.1380747030989,889.3484337146001,-1333.3613104375618,663.3867214822233,-2147.2097839575767,-3555.474035777414,0.6344694820265306,0.0,1.0,1.0,1.0,-45.81157627536783,2886.25353279513,-698.7383301860572,663.3867214822233,-2147.2097839575767,-504.42631559228624,-9759.748988278083
352.8870502078666,1613.029532762901,-876.6110799938239,346.2685916224976,1547.9550206789138,-923.0343872051783,346.45587706714673,1462.701510614733,-995.4213143075747,337.3067993992923,1375.2140704905837,-1077.6902328014405,338.21788470873946,1295.9665126861378,-1140.1162787115416,337.1037938254264,1226.4762263850726,-1097.477919513267,0.014543385700725608,0.015782063403670055,0.016482459208556316,0.014652227398099404,0.013671615786389979,315.07762731356695,265.0681303427483,-392.39772972825466,-127.46842939829965,-5183.811451780379,2846.289281909595,0.1864743718537773,0.0,1.0,1.0,1.0,375.62513127775946,2727.3785699384252,-199.72711849745667,-127.46842939829965,-5183.811451780379,-2075.2320564427523,-9849.21785164157
475.7030868721864,1945.7974896799567,-759.3331833473575,461.9751568305828,1903.3348497576753,-798.1568830670698,450.6749796061427,1856.203552625138,-832.3890513114899,450.93693402765433,1819.0249594299776,-872.7757797266981,436.58083404871047,1779.6088843663772,-914.1683015570866,421.0389519781181,1721.020258610827,-973.4585785747215,0.014808629806986079,0.015076837726455766,0.01236135852220499,0.014715738754450591,0.020495036214691176,-40.9514238249288,-321.96823978832066,-803.8253352430072,-674.7850624038686,-2981.1742719265085,-2595.2505732814025,0.6840925965104507,1.0,1.0,1.0,1.0,627.0857879549014,2629.3942894189163,-465.4168681350084,-674.7850624038686,-2981.1742719265085,-159.34851275182353,-9914.572660640268
-7.58273801330462,2351.672508189935,-1070.3519400598705,-36.858690181951566,2293.915391623066,-1132.0632631489225,-62.3253524266816,2240.0769244998596,-1114.1204840077899,-93.46030378136447,2175.428293715434,-1034.4557941005517,-111.09006195374268,2121.0513710554383,-993.9510546039962,-150.7305314327607,2062.7619316135124,-935.251090631056,0.014063946030660066,0.01577980890754914,0.01619260823603237,0.013748610582018692,0.01836947818760401,-981.0154137957736,297.83264464517015,-376.9438990903292,-1763.1426114156386,-3735.051851751679,-1131.8750056881056,0.4718277931838331,0.0,1.0,1.0,1.0,120.9487183389981,2632.2400519899757,-811.080775866751,-1763.1426114156386,-3735.051851751679,-3124.970355341925,-9771.289237447474
-195.06912746617658,2001.8389980714546,-593.9250269120841,-176.4796610388883,1910.7609850877914,-624.3743746479171,-161.23952620643192,1797.4344824317748,-664.0532303599099,-141.39448505883794,1688.632946596013,-710.2837874182072,-122.72052309721923,1598.3775628337723,-761.449461180796,-108.99771750735754,1509.4438910193608,-791.5612912105832,0.015821653396802887,0.018664284209769455,0.01897761297105155,0.01760008967628443,0.014000630196621011,109.21733201467704,291.9742085225664,-802.2423702201842,1040.1955108122709,-5819.650510068292,2864.32938613804,0.20902984339929512,1.0,1.0,1.0,1.0,-296.4589172021085,2561.637907449197,-441.6679576889784,1040.1955108122709,-5819.650510068292,-1072.0438652703676,-9783.86738723012
228.90913221277748,2426.3753280936394,-529.144244794269,264.3812881930821,2361.587586552935,-573.5526868660821,295.1877099049346,2312.2388467714627,-613.3322571260844,340.9871299442726,2258.608689918448,-672.251051823843,374.000455310928,2200.9545138795206,-713.5371031325386,418.4165987690336,2131.7654068123393,-776.6188911245054,0.017308291088326017,0.0148909777271449,0.01779218606968755,0.017101636923451236,0.018101516515184796,1143.829545130744,1010.5659926817061,-408.81102818650925,2107.6732249571905,-3266.2256667554175,1811.983634552081,0.3461228021203341,0.0,1.0,1.0,1.0,-99.69765759399831,2937.6391360674024,-276.92128718488027,2107.6732249571905,-3266.2256667554175,-806.8131913069305,-9979.939768490714
-121.16985809521212,1690.0383015337673,-438.4596773153821,-111.07754585609226,1618.5627296768178,-483.1063327889945,-92.15472409153676,1548.3187742290443,-518.026511400761,-73.02924844636432,1469.0571725013224,-571.3758783067586,-58.44961760664559,1399.6798012701001,-607.9941945579918,-41.26254700756148,1331.2067523267704,-654.7065589446961,0.01645986019402282,0.01750832877038963,0.01736035740757419,0.01789403696025965,0.014766192463096184,158.53496750468983,378.94900908321443,-804.9898234090284,891.2001070368038,-4217.424339251767,3383.8857412274006,0.22792682641238565,1.0,1.0,1.0,1.0,-318.25708976000044,2635.2710305829096,-220.87842343952377,891.2001070368038,-4217.424339251767,86.5087568097463,-9795.527436468421
-221.47353329850492,2362.7929410952593,-1059.9012261099253,-251.5159787820624,2320.5811664430476,-1007.5703130145395,-278.1600127252429,2277.5473185301894,-961.711934060947,-315.20215957847114,2235.4881116642027,-912.4268386253243,-339.89860396708445,2197.44251615439,-862.8427241944341,-373.3950569240636,2154.337848372629,-821.5253192284023,0.016549923078162887,0.013616328846289938,0.015367686601906128,0.01680269032914078,0.017391318839457826,-1362.7210226519192,812.2730864048729,-654.3229938423316,-1969.4364640712793,-2669.985000219847,-2108.37420798781,0.5005881371457905,0.0,1.0,1.0,1.0,262.06406020688416,3015.010711586245,-556.441026185235,-1969.4364640712793,-2669.985000219847,-1594.2456920151399,-9727.040652685524
23.22810437617476,2376.836174349224,-1084.081201635209,20.94352308823732,2313.8954850788614,-1130.6391256929724,17.89419409064214,2241.2854794578157,-1100.8141334189545,12.50705081327919,2178.7502797969837,-1048.139667072733,5.498702452518367,2087.5209109787847,-988.7469082431,-1.091954021265371,2031.9736297122631,-944.7909549366107,0.013979150423139283,0.016631382501166303,0.013738818167219058,0.018717384425648492,0.012231011247641171,-122.7680940398171,-111.06459905473305,-460.5127370911257,-275.81637344591616,-4589.48643345536,-1255.627445925982,0.4677635366541997,0.0,1.0,1.0,1.0,53.75438496556944,2826.2067183566974,-768.7684584664416,-275.81637344591616,-4589.48643345536,-2759.169199113299,-9791.229154905215
205.5818209272931,1876.4342791632948,-1042.4761190639247,149.74730048855488,1801.432911847224,-1130.3074132881036,114.99402429803212,1733.3449683644833,-1112.8698907133905,63.83023751363113,1652.9432719496383,-1027.8668346233899,20.11579813694947,1575.8515819916552,-954.4569657208089,-40.15353086970518,1484.649316941094,-869.5701507639752,0.014142603471056003,0.011710466355988769,0.017814645530028345,0.014835166609944106,0.018033969644973002,-525.0471986583958,703.0713007428302,-286.5113944822047,-3124.2151676317894,-5041.349952438871,3000.668026538023,0.15540342333745197,0.0,1.0,1.0,1.0,740.2599442324795,2744.818031480566,-350.39776163973363,-3124.2151676317894,-5041.349952438871,-3205.9734639505277,-9968.050494167814
-50.9966189606895,2403.6701026379496,-566.2567565386584,11.761912834885845,2324.445303543262,-615.1927075072355,81.72152683489179,2253.696628570276,-664.4647574576926,158.90051244192304,2167.4156602041244,-721.6135881467252,222.39938766924328,2096.2375804618036,-771.570008147187,309.19464903730244,2002.053219942772,-836.0916719960244,0.015945280728894562,0.015574859151035167,0.01770016897298353,0.015564047164516898,0.018604821950325562,1097.0326465971773,1155.9378741550663,-741.6822550166232,4309.925170901143,-4659.328965458694,3394.624326649645,0.1827971252647773,0.0,1.0,1.0,1.0,-411.4411632182232,2786.703012065615,-360.71094550939677,4309.925170901143,-4659.328965458694,-2032.7633028237012,-9700.776633087467
-113.55015153009411,2430.386611710876,-308.5913895233298,-88.40161337724813,2385.8831949293426,-327.2684629595514,-74.48062924085835,2343.1405819220304,-354.53096955478884,-53.61532445391474,2291.3196520336624,-379.75769531103253,-25.983099563351374,2240.1186192084388,-417.8914489113861,0.5875264628425549,2189.5472206359027,-456.06538363268663,0.01388913707452194,0.014587559744612011,0.014942635220463213,0.01801811231799058,0.015299379643891164,743.8734515169187,583.3994639085595,-261.4538513843879,1390.734883624908,-3001.0795028360326,1141.4809972877229,0.5371099484645401,0.0,1.0,1.0,1.0,-389.57547863738256,3029.2792587199187,-208.57636595980102,1390.734883624908,-3001.0795028360326,507.6187355473362,-9887.577648847659
-105.99976139602707,2128.299648555926,-383.56857473419586,-58.2503529152602,2073.9646819652353,-392.87580321552804,-18.121908293174798,2021.1470917964893,-404.7239649776932,9.848494337785041,1971.4989225649888,-420.1185443807561,52.377578906958924,1924.2435497704473,-428.0657458835088,101.01899693831669,1868.1660287047607,-447.14785937637953,0.016657733156144328,0.016482185127155324,0.013649334456613843,0.015201529673244785,0.015457389312891784,963.1318159358087,735.4648904524056,-910.2105769318283,2576.9444989673298,-3340.760882582352,3248.3434729608284,0.33765146042383964,0.0,1.0,1.0,1.0,-479.957103485895,2606.2909846985185,-423.1044565578904,2576.9444989673298,-3340.760882582352,959.6784042005619,-9886.298980869231
634.4007915312694,2411.108793609573,-890.7136364161503,659.609987282509,2370.775882221073,-931.8539187562524,684.5007351149177,2314.138925059354,-978.7873643615936,708.7078950879628,2267.2584965781925,-1037.9975668035304,721.8918350334164,2219.671056252566,-1092.45955005171,752.35374138689,2177.3106170763067,-1145.0654152230409,0.01331397416643601,0.013641302584309511,0.01750285349847497,0.014185031328628195,0.0161254351091914,1494.869444876843,476.4127211232349,-499.7490666125766,1407.9937024160856,-3202.070667429197,-1384.4072320527573,0.5297918762862104,0.0,1.0,1.0,1.0,347.35457740773643,3086.1003150780384,-457.15981099559247,1407.9937024160856,-3202.070667429197,-1038.434012243544,-9843.805741156011
201.27820292132827,2253.6686780535097,-727.8971566380716,211.7185928138191,2205.1356441763755,-736.8892981255516,236.39810703422424,2160.813169209936,-751.1333285977337,261.4869760226964,2104.907735213741,-777.3784235296233,271.1583410604803,2068.878879284132,-787.7163964560348,292.2676513811006,2013.3691206311864,-821.1997401639519,0.015812357247978664,0.015559874968824328,0.01580259183212293,0.01486603585984178,0.014907198661971044,982.7825968593511,344.715663332537,-733.7148497858751,1243.8523643525652,-3027.668028158652,-1003.4032273217007,0.5537892818994694,0.0,1.0,1.0,1.0,-37.176341909755024,2827.4034464226324,-736.0904364632192,1243.8523643525652,-3027.668028158652,1026.7874858931416,-9899.133793405415
-35.09243687961118,2255.325984372657,-325.5175706156997,4.4181083173551885,2161.0866780786564,-354.1966196508411,41.7323673553503,2065.889173016719,-391.61061291895504,71.7404297392881,1971.8527184034785,-444.239644145479,120.28108606522176,1868.361564763381,-474.40000441878595,168.60296467411334,1755.774640135333,-521.274856121039,0.016553544159824185,0.01586211005759426,0.015631759270946344,0.018557259517032715,0.01826011778006606,777.7992390369774,341.3980056937319,-855.74038143596,2492.303081146305,-5833.873831217134,3780.3835348909324,0.2437439491097943,0.0,1.0,1.0,1.0,-206.66047801581385,2645.778169024501,-218.38783308319057,2492.303081146305,-5833.873831217134,-1271.390169794119,-9943.752356655606
556.1365154284761,1677.3134676827874,-760.6461379105994,628.7387455823091,1615.5384999363132,-804.4821676953379,689.6761002042837,1540.6076249374823,-854.5966534504473,743.3931593723039,1484.2277195385318,-894.7190319622902,807.6664464512808,1413.0075940765792,-950.8314458087841,878.4466854875261,1343.735827832596,-1005.5690897297399,0.015746436186351492,0.017014764813774758,0.013214583046899209,0.016941371851823206,0.016822274580185648,1188.5928547939684,1016.7866358188465,-1009.1317224339339,4008.920471690794,-4213.060254815751,3453.4372696734567,0.07839290301392354,0.0,1.0,1.0,1.0,-354.84152680698656,2638.814833922909,-415.3389996606655,4008.920471690794,-4213.060254815751,-410.80667827749016,-9900.679495980088
607.2792983734263,2090.058991985287,-1055.7517664524662,614.3025078663343,2028.8909100893202,-1104.4120545298642,613.11811642467,1974.984467496517,-1134.7228082141985,618.5092250672124,1901.831598466213,-1074.3455313449535,611.5493105439809,1849.8942697889647,-1021.1925710273824,615.9113108943293,1782.5071869577127,-976.7514778431687,0.015754669437622965,0.014051890245894205,0.01644591049859273,0.014584126684348386,0.01628429624502148,642.2015323451575,-112.94295039772598,-593.4850573925316,53.24530037005698,-3935.342224121082,-1554.1085105550537,0.48172971995574126,0.0,1.0,1.0,1.0,600.1377450528148,2995.9774066579316,-535.8765527065751,53.24530037005698,-3935.342224121082,-1136.4523960057259,-9758.211279778485
189.74243701081846,2142.7769115031047,-577.1949722161163,173.54340278203597,2085.820421066,-619.6248053349836,163.69286054575554,2019.2593443459607,-681.7352950012851,141.58722370580554,1965.6091821697928,-729.8927645408019,129.5524534019615,1906.3395672292638,-786.9413885191565,104.84005709764905,1850.0257250697828,-850.7407747214378,0.016587209631400257,0.01932688587901024,0.017082540063315027,0.01715928249308077,0.019358624183271583,-408.9998862019085,80.7314063508264,-199.7232459805415,-964.9935365426645,-3302.624234648504,-184.79817965471142,0.5339532370568305,0.0,1.0,1.0,1.0,329.220169253231,2607.2389458569282,-287.18125764863544,-964.9935365426645,-3302.624234648504,-1323.7297002636794,-9820.829820682558
375.2284580395906,2118.8275267637996,-688.3468688987689,371.4712167629786,2036.717113730985,-748.7009484777827,355.8315497376474,1972.468424934006,-801.515788757611,348.9366634088756,1905.017346495078,-857.8859427262948,356.1299003835834,1839.2164462100516,-921.9110454878513,339.5657606266066,1753.2513868629987,-995.836276546444,0.01700906117476947,0.015387675576617382,0.01666940424810784,0.016373946079794838,0.01855448091320605,197.56530935361698,156.68435236657595,-235.96132968401082,-381.202625987461,-4309.459119169938,1123.1161335923152,0.3708561446111061,0.0,1.0,1.0,1.0,424.3808718161573,2720.8125282726915,-338.50949476252623,-381.202625987461,-4309.459119169938,-1808.49821485695,-9793.819604233631
17.882861830454466,2303.7554385341273,-943.9075070217721,21.0139837154257,2210.856585677747,-1000.3366157291971,21.070313560034073,2123.8286495583657,-1061.273910248914,20.732077396711986,2040.8675701321777,-1126.8119844772343,14.795680131605076,1974.7676077214753,-1122.4237835772694,16.379037853186457,1897.9335979751916,-1066.4659022480205,0.014284747973715498,0.015147778445628077,0.01361007499474784,0.013145292644690998,0.012485911121796145,28.21365330132565,95.15664905314966,-279.35426747119976,15.809087629080011,-5693.847165115236,962.6670302299747,0.31807154578130625,0.0,1.0,1.0,1.0,21.09956386823967,2657.3878733550023,-733.7971040490577,15.809087629080011,-5693.847165115236,-3118.5636367668963,-9680.258714824087
27.129575745508284,2011.8694478666175,-1031.165207736128,10.416971118432267,1945.311349305824,-1092.5542585832188,-6.566586141240095,1889.451587703389,-1134.3583654181903,-17.136601664799556,1832.0949093576753,-1083.3868336610071,-35.86397485416321,1772.327946056431,-1014.4198617045971,-40.29042917512633,1706.941768966692,-956.408737587476,0.016377092683320715,0.015458050911608512,0.015679773686943732,0.015368516558213696,0.015738131311389014,-422.39291351082824,-72.73771217943471,-342.4405259604924,-791.6336207035192,-3714.4096642896047,-1096.5021728844729,0.4807389538451518,0.0,1.0,1.0,1.0,206.95581494847045,2880.217970930804,-398.3978177173114,-791.6336207035192,-3714.4096642896047,-1520.1983326658303,-9904.892055036176
232.80277614358144,1345.7287315447522,-532.2388312432383,244.7437254867964,1267.8329237722696,-559.5895945541024,268.3516213582538,1180.8757061018791,-606.0061401577675,281.7245209109939,1102.6878565048057,-643.4921127899219,297.74095799474236,1013.4133529030306,-679.5600185492589,322.6114826956746,925.6138076760699,-725.8875065582866,0.013440021537279634,0.019507338521845663,0.01326420561516467,0.015745331638997495,0.017915033691164595,510.79091965201746,40.42252047183149,-998.1966373693491,1173.3554914837837,-5443.489976506214,3702.225111628869,0.16065356583604462,1.0,1.0,1.0,1.0,-40.68616134535972,2598.8628094297565,-300.98374256645,1173.3554914837837,-5443.489976506214,142.02639318620993,-9815.246547591229
45.21879904522816,2356.5334882030293,-1078.303351674194,32.76059125728629,2295.249491560465,-992.0340904693546,30.015913053631152,2250.501181486906,-929.421624730448,24.939776035775132,2192.0595882750727,-851.6504822146289,13.108601790751642,2156.325671110085,-803.2467998136924,8.779445072779499,2097.1712807191375,-730.3028137948146,0.017546638689389965,0.016092761185675486,0.016653467810124944,0.012432385350133413,0.019029527419025333,-249.57564108360202,-306.26450447057204,-574.2303286265951,-360.3489944119023,-3297.6782524704827,-3389.210736928365,0.7256245969934206,0.0,1.0,1.0,1.0,98.16113852388344,2875.995009163439,-572.7414673771636,-360.3489944119023,-3297.6782524704827,-3384.919511317393,-9930.273926562237
41.157421380736814,1478.2900283013398,-548.0771568330383,61.37954384051903,1409.3697872895336,-572.8762872927794,87.56516937670858,1345.39077859441,-588.4389424556538,103.51868245447336,1268.102544012315,-630.2397941261345,118.67628368317571,1197.8477705424855,-654.9491800616854,142.12185341907124,1119.9938060813054,-697.8862363347923,0.016432578876607984,0.015016993191842687,0.015758603655809222,0.01630167519513126,0.01776063987222265,425.0389173249188,115.86176463897995,-900.3430661166598,1246.9421878906708,-4403.25996171749,2993.334583767651,0.22799660387883924,1.0,1.0,1.0,1.0,-279.4834188333098,2603.703643009366,-501.50547048615755,1246.9421878906708,-4403.25996171749,1075.2901391367454,-9783.421950431519
-2.2017133313777624,1896.606375388909,-329.6994033904779,-3.8537035218398255,1801.4016895756502,-353.90191542565117,1.256261003688992,1704.824832111985,-362.1632404236606,13.30861175447077,1584.260856463516,-379.9509357394035,21.066604363766007,1465.1782562765247,-407.53409761057515,18.633134522948737,1365.8304757315236,-421.3395680707836,0.016529847605165543,0.015104725029230631,0.0169656421279952,0.017665123185631043,0.015882714555831512,88.83982744047066,5.02958927991061,-934.6059994081043,332.12339152202685,-6583.044574546638,-3499.8550031306495,0.20617014848255977,1.0,0.0,0.0,1.0,-47.330763083560214,2704.077864844031,-331.5804865152637,332.12339152202685,-6583.044574546638,558.2671353606922,-9897.858874369136
-124.26456712329185,1220.3266108481791,-1020.12628839354,-172.98853614115646,1120.6674956199092,-969.4231412918444,-205.50429257819042,1047.9414906574834,-939.8087624521584,-242.58043050518407,967.6557261139005,-900.5891134530578,-277.63540929133535,875.5047298168439,-856.3294415242276,-323.8641458066331,774.9873959850399,-819.0819307419042,0.015559032842620363,0.01303981781667618,0.013537656829351652,0.01632043407065309,0.017170512331914967,-533.098117343868,292.8379484764215,-661.6209699486104,-2606.4806880579354,-5952.251937006861,1537.067637495567,0.07989202746733359,0.0,1.0,1.0,1.0,522.5265613195954,2703.499982964203,-643.2272873877978,-2606.4806880579354,-5952.251937006861,-1416.012132313268,-9729.893981958608
141.53908397818395,2232.66015468833,-222.5513890852492,86.36104412905652,2166.627491126174,-205.03476668349495,29.220925233577564,2098.732514455857,-189.50545192968983,-41.05475959243262,2031.0404216722864,-176.7825599993142,-73.33291704330637,1969.9389044694046,-169.49650492207763,-141.3006053882209,1901.026089420501,-162.52949776611854,0.015673998891175905,0.01282489604129966,0.015683840701682078,0.013822507927405359,0.016465465041704735,-1144.8954076465386,733.0415921812438,-368.8477839010139,-3899.320310526393,-4551.646261201884,-2067.213300865163,0.2554828820946111,0.0,0.0,0.0,1.0,590.3021305377072,2758.5241784160826,-423.8935160489434,-3899.320310526393,-4551.646261201884,2314.6098498446177,-9846.793597100637
-281.28211901461424,2247.80639742215,-607.9939906153425,-240.29230177464086,2171.174733896082,-664.1123941804168,-206.17466423769528,2111.507206393851,-704.611974315244,-178.27152488808704,2050.4007391388254,-746.8506384155284,-152.70480802480185,1979.3825734296904,-790.1129441221598,-119.49512403097211,1917.9484718662534,-844.9979444996563,0.01909414954185297,0.014333906722331535,0.012405876436592966,0.01272399270108418,0.015183688796458206,560.4744050829631,503.3142919352404,-371.2114601173626,2119.5501590989566,-4421.028006391014,1975.2467891167826,0.32134039943596326,0.0,1.0,1.0,1.0,-488.7029236710209,2691.7231550987935,-364.37260122330963,2119.5501590989566,-4421.028006391014,-1941.3141268918355,-9738.777918915535
-22.162622560997796,1805.6430005250174,-61.632875549561476,-69.23576557857363,1732.9340683482344,-39.586957669008,-133.31635221124944,1658.7694564957264,-48.41682310314289,-188.33672122826755,1580.872506369463,-40.74552692607927,-243.74286127148395,1519.3969339881664,-46.53662401735134,-284.59109927736375,1455.4290964863756,-45.59783302820331,0.01736872773590653,0.016835209174374893,0.020810296881775048,0.014245003885292234,0.015517487628247728,-1047.3770063526927,464.2728900450872,-393.0207486506268,-3183.4928109647826,-4149.7410787381195,-2641.1575120981975,0.23864906778866968,0.0,0.0,0.0,1.0,576.2043272393462,2580.6408402015327,-330.3843806860525,-3183.4928109647826,-4149.7410787381195,2395.5246965508477,-9875.847467939304
-331.3151502313102,1839.3658712896422,-833.7937407895847,-321.43549519344356,1788.8143339603268,-806.6196296622309,-322.5203941622188,1718.4322232134798,-763.4674583042639,-303.7983711399322,1644.7696124943611,-731.7553956220643,-293.91394464513206,1585.1185985449522,-705.8174063925289,-287.6890789419423,1507.3641615844533,-670.8563742793731,0.010869163142378124,0.01683031971094917,0.016217857128294877,0.016475056955137235,0.015769819284453757,-38.74629269139399,-322.7659631587783,-804.6443879300796,575.2978757136697,-4297.192977728273,-2361.0539689246175,0.4262145047162838,1.0,1.0,1.0,1.0,-478.8491676123517,2964.5866648033457,-721.2587997353753,575.2978757136697,-4297.192977728273,-1992.3165907016146,-9628.302921985141
-115.9792953561704,2083.199444616375,-262.4058302265964,-149.8230690304744,1977.2456713605334,-257.67443210415775,-185.36524748881322,1891.6083718838838,-264.04353872377203,-209.11108378303533,1807.3522134830018,-263.2363560931941,-244.8295843052921,1707.6796244634263,-265.27930231280357,-269.95535076978194,1629.4752770976136,-267.9255469331985,0.013598916993610377,0.01558776978199547,0.013850045243600034,0.013558385144295845,0.013325434361668775,-774.2931993685222,139.46072640984266,-652.1869510606583,-2132.8393416762515,-6328.678038002579,-2799.373105232655,0.23558607416190178,0.0,0.0,0.0,1.0,46.84994717683526,2576.0017710408356,-306.238559864182,-2132.8393416762515,-6328.678038002579,1002.2386055106962,-9874.316131800913
232.56620869396662,1236.4659489853354,-808.6370740506977,247.25300937407155,1133.6871415387302,-860.9915724839519,245.56826909168666,1063.2941806764911,-914.420131101574,247.06255959526374,962.4499341300478,-978.5084057469943,249.27869764797484,870.2413377836535,-1041.9682196228666,250.51811726689087,797.1619291270334,-1099.9731651853047,0.01667785768874691,0.013886256527568974,0.01624175327104216,0.016347757746653202,0.013563148085370569,282.3932850218587,228.34490219297874,-812.9614159644248,236.09445235874722,-5668.956354018373,3409.3116408751193,0.10093850784772634,1.0,1.0,1.0,1.0,184.41408729297837,2580.9617891106027,-276.13491340477685,236.09445235874722,-5668.956354018373,-1083.3448889194106,-9733.439478099379
-24.740066054844444,2328.6503974429493,-918.2050130552457,-59.73692200451876,2250.9919393029422,-975.0017275851684,-93.21203341597074,2170.669902229281,-1037.4934527958026,-139.65566220712523,2080.7195639544757,-1106.867187772054,-163.7465466415957,2014.7018609600048,-1134.7560894282929,-200.71764098976885,1926.3103492814223,-1066.5208207557919,0.017047843472217744,0.015126162069869623,0.017972481797145015,0.015131195093062669,0.01671458073826368,-826.0839585473883,492.23655029170504,-339.8897607407284,-2193.749183084255,-5031.157281710967,1161.4954338397629,0.2838256942504206,0.0,1.0,1.0,1.0,106.25944426342119,2630.4783950188657,-722.2783143414907,-2193.749183084255,-5031.157281710967,-2977.2325288318443,-9826.119856685367
657.1619940741477,2422.3783265575694,-1033.738109029473,656.3901256811092,2386.3862635450437,-991.5334990817399,652.3183920062453,2358.727835419762,-953.944034995185,641.4493177413942,2330.9821348690775,-918.3385202333922,642.5271751833428,2306.9070884722178,-891.5374173045234,631.3250762005928,2271.0436083082604,-860.2560272132932,0.014081265144214705,0.014608683090785446,0.015267703218894979,0.014759194577670443,0.01437833942879152,454.05561838783956,1135.4416489253745,-1490.7884602194747,-300.3707418603001,-1897.2565227304776,-3961.1150874395385,0.6032742419314585,0.0,1.0,1.0,1.0,731.8985546086144,2890.403932451049,-736.2103602262406,-300.3707418603001,-1897.2565227304776,-1035.8647019385276,-9685.94843058991
475.3792669162688,2323.325605979768,-876.1470775322978,441.21414819684327,2265.555642352875,-903.5471479875558,418.6059203843244,2214.5361383864943,-936.7476829494018,386.44296159735666,2170.0038257436427,-961.9061570575125,357.2183299815835,2111.4166665607468,-995.7530883308319,320.532034296392,2054.268575086232,-1035.2841533191518,0.014482254299303596,0.013245576706746476,0.013776886889718343,0.013641626463499368,0.016070438028428835,-672.792435248548,356.14660364396445,-745.6653556360847,-2190.1332623918724,-3738.851139805089,-1012.3857329857316,0.45398109378189255,0.0,1.0,1.0,1.0,750.7941853061695,2786.3998445172656,-715.7718072046704,-2190.1332623918724,-3738.851139805089,-667.3292551712856,-9702.786976848212
12.973685022215056,2312.6819259543167,-489.7377429797986,6.600839438494406,2249.1513556009713,-497.9680521421333,5.451510274020313,2187.903121269292,-492.1474659879643,6.670055297020173,2136.0264295171505,-497.5577788404011,3.145383664493643,2079.9451136620105,-500.5394338916558,0.5572662402460185,2007.5377904142188,-512.3319858013293,0.017653656374633432,0.016138832289193134,0.014236586945478663,0.01511565090917015,0.01679322676550933,-34.06039735005439,382.6437440310144,-809.1701010468603,-78.24358405074797,-3841.545945442299,2482.9427222283516,0.42338292220045903,1.0,1.0,1.0,1.0,10.147227638618233,2553.1172032059167,-533.1417039544536,-78.24358405074797,-3841.545945442299,859.3505785700124,-9830.737013202233
-7.562331882108891,2295.677321770896,-175.38368115740155,51.55857508573044,2241.299777652608,-186.70253756932726,94.86398024387933,2180.541731016091,-188.4175290635713,150.71715516953915,2132.604170472772,-191.54609097264918,204.41880376872817,2085.802219535778,-213.5984716800917,255.2163625904898,2027.5799293497341,-224.78231112897595,0.014732121264536921,0.015112296448161672,0.01468685187762965,0.013005465729138993,0.015177323860294217,1187.4219848110597,1104.76196435177,-804.8453422113267,3676.5099821975905,-3649.9419532060097,-3519.7373112561495,0.25308938091668526,0.0,0.0,0.0,1.0,-319.9471078899519,2601.23816516624,-180.1501843748199,3676.5099821975905,-3649.9419532060097,472.44385839513876,-9737.027243051918
4.9902417656001035,1681.4860168906505,-858.5693722647875,32.604353375955235,1596.6739336023206,-912.4691337730757,61.68701163148667,1530.922846063902,-957.1790100401963,86.35234495500136,1454.1505709018645,-1013.765659132709,112.98063933295158,1386.3899962280407,-1067.4378906875254,139.4906626582373,1305.7542381382898,-1124.7362216815338,0.015228018215647232,0.011135056194495452,0.018348092513891856,0.012942429660666832,0.017006301163235316,515.3791730984763,332.82993957214694,-569.9185246043314,1901.42427838868,-4993.7963963838965,2162.0233467631256,0.1938491008596397,0.0,1.0,1.0,1.0,-444.8400874878084,2854.6971197460202,-373.0762189641036,1901.42427838868,-4993.7963963838965,-892.1730673432643,-9852.934021573716
241.5392128032259,1684.6860180525148,-468.5748185592831,282.2890610317818,1620.9699982892823,-492.7578983223935,313.98004447082997,1561.5168146786943,-518.9100383737818,350.08327729491054,1512.6550535764509,-542.0480152672633,383.77177537575653,1456.1881224182862,-574.5812705325505,411.50201193940086,1387.0286042535604,-618.8380844199781,0.01464606617459338,0.014690306200224795,0.013877942227909668,0.013707973653406424,0.016578389842435814,954.5228975651042,494.6420031184763,-977.0354607195924,2463.7538525136556,-4077.0309090295827,3506.5818741664457,0.21769736306453985,0.0,1.0,1.0,1.0,-301.9915672168589,2573.927766723569,-354.15622912094597,2463.7538525136556,-4077.0309090295827,518.5137383540729,-9654.968712919353
255.4976686163816,2270.3735108879237,-727.052031858423,276.65060480870443,2184.9468528134985,-755.5445038217314,289.92964229871296,2108.5923045327986,-784.4329371430264,299.6265637295617,2044.4806963507415,-816.7374934028056,311.6430892503275,1969.848674641428,-848.0306027184253,312.24883640269127,1902.8021261133733,-885.6133555311873,0.016978634315725466,0.016139142650657676,0.013809248232816429,0.016456032141183657,0.0138110079767364,585.8725081550253,115.12083791487066,-606.2602263617301,704.195410560808,-4708.679446746647,574.6803108978295,0.3791290904058593,0.0,1.0,1.0,1.0,191.5230782409742,2751.9813280929925,-608.9373570870384,704.195410560808,-4708.679446746647,-618.2272097805699,-9595.51004188457
-411.63809551650843,2240.1597285998787,-934.1662330946895,-432.89020430023635,2190.7039151744125,-999.7735680667789,-446.68712652641466,2131.6637746632196,-1059.2830916079522,-471.1003467335054,2075.7001583051806,-1139.0093971450547,-483.50594750054114,2042.5261811062535,-1108.9700971737207,-499.20396228335807,1998.9089903242505,-1054.5089123425632,0.013585595078564217,0.014817801234737527,0.017508605634744268,0.011041899444733105,0.012927905913244275,-1124.4333991045867,247.27337997917004,-28.99170806524841,-1185.1848089854095,-3334.2837874958736,-585.2662019954757,0.5252639285276348,0.0,1.0,1.0,1.0,-170.3596278713344,2931.371828913342,-261.28818214290743,-1185.1848089854095,-3334.2837874958736,-2196.7302222923477,-9648.380613063446
-159.9251034104111,2404.575550443286,-949.0254355023656,-177.75669357052976,2372.480053793265,-891.8716760301573,-207.93652678165907,2328.3835128198884,-839.4602981623622,-228.11132347140952,2284.2365095615332,-786.6894140440095,-246.2145408102669,2249.261233623331,-740.7120265796107,-266.6530088214205,2203.845636892312,-696.3122899076963,0.014575977793473555,0.017835343131744175,0.017457139232127716,0.015460469564274715,0.015529545546754508,-1112.1679366016554,625.1473242084248,-915.3259051703174,-1353.481159213131,-2539.7367567183937,-3404.7819824280446,0.6212998640496646,0.0,1.0,1.0,1.0,72.12807770983454,2847.4169863370316,-743.5530010056318,-1353.481159213131,-2539.7367567183937,-2867.037117760908,-9818.789050478845
-346.57720556417917,2204.308971470603,-871.4848608212757,-395.3864211258653,2156.8815786842324,-914.9253819667133,-455.17521167060977,2106.8492141084184,-977.7298182969226,-510.83109553008796,2061.19965403737,-1038.6097782209984,-556.8103772160769,2022.388405552269,-1079.3892528473643,-598.4411763593756,1977.0023209640551,-1137.1007572498693,0.014293441945046448,0.019340803792715633,0.016516132223493185,0.01173451506039025,0.01716593054480009,-1167.0729439501613,1461.5774386234334,-632.5291507865621,-3174.0386909759636,-2893.763713176458,2061.9436272347853,0.1784702200587065,0.0,1.0,1.0,1.0,435.8165949926997,2922.9281137775497,-433.47541441367895,-3174.0386909759636,-2893.763713176458,-557.4835646016757,-9900.19546267907
256.8931101880156,2355.0897032307134,-155.70363901431023,297.23974075682764,2278.7126268291427,-130.84616487296816,334.37898881971023,2187.4615642322005,-103.235949712874,361.9621263289294,2125.007669706574,-88.30561562808839,403.58732100943314,2036.2027569721572,-68.15104005889754,441.111052914134,1940.3051950560568,-50.53402616688837,0.015034835337129786,0.017915747298456033,0.01167424428770443,0.016802692776592285,0.020346059628964755,1185.6598607576052,253.27694854311926,-293.5242023957422,2307.542680512733,-5205.933444968241,-2324.8265672963444,0.3217189423984089,0.0,0.0,0.0,1.0,112.65251431918409,2674.036000453357,-269.032852146564,2307.542680512733,-5205.933444968241,2219.4874264396653,-9772.718266098946
500.0246642197424,2150.9419531738326,-611.7360054459589,496.7087101264593,2096.5629426892638,-633.1918879195005,481.1005703318168,2040.5273123006239,-663.7268445255141,469.3844261380257,1968.2337379114058,-707.7443587337848,460.31521716066385,1909.7552663511717,-757.7511322364029,455.71652392870243,1850.9706881131294,-795.9122883357392,0.015342493573451077,0.015898769576827565,0.017914388489610078,0.01740753329406103,0.01618310824259911,163.2982275139529,-56.56223589017124,-434.5074316979822,-553.2089578537922,-3643.6299406513976,-289.4220175097994,0.5242438413534188,0.0,1.0,1.0,1.0,572.6728563257602,2639.7239201918687,-447.0832244923144,-553.2089578537922,-3643.6299406513976,-573.6764990430486,-9742.988694264493
132.28479695630625,2433.0343220015416,-1055.9502488139094,178.65548517280433,2381.7762294607573,-981.9591704229082,205.92701919997072,2333.973427183862,-929.6972856013601,237.14955831095386,2287.1037986177594,-873.8519586047878,273.0183742994422,2241.466320772687,-819.439719722789,298.00304248753105,2190.5552643430296,-773.2798504563324,0.017525744069650462,0.014659693399034529,0.013888798203155556,0.0145522048134486,0.013697204081170589,1364.9686170965845,653.7627815299913,-304.6476737975283,2164.43771119601,-3133.8964178795995,-1516.3695763723958,0.4945472743053335,0.0,1.0,1.0,1.0,-171.78215785258317,2878.829238224506,-703.825210809796,2164.43771119601,-3133.8964178795995,-3200.6717328270843,-9950.869454043055
538.9944653057,2308.16067273066,-655.0028165633723,599.0137928279175,2258.2250703237846,-690.0932332688872,640.8525264319975,2207.9809044116514,-729.6908187628613,693.245376330408,2159.331995118601,-780.8655995010413,739.6425439372584,2118.578631381264,-822.8406630536342,785.9628768570827,2072.8514535315594,-858.8854415651613,0.01794749617462088,0.01751582102814675,0.015107559858220987,0.015076196638014017,0.014332961690568025,1371.2186037904066,1495.5282626810897,-791.88253621144,3133.8403939551235,-3037.1691449116674,2863.423848327967,0.188201459321932,0.0,1.0,1.0,1.0,-242.7091990964833,3059.6703723106043,-380.4162779094612,3133.8403939551235,-3037.1691449116674,149.829743529523,-9936.542103434449
292.7553122426245,2126.9408136893403,-725.0664346051182,223.4976395846152,2064.8642808831773,-778.3710315809319,147.48867157966643,1990.5575639735932,-854.3964153712236,90.2725396466498,1913.1043137340578,-919.1178531963518,29.129708307892315,1844.8446162028001,-973.1225132561689,-48.24400686746763,1766.458066271382,-1053.8111380118128,0.014855377432879832,0.01679716646067328,0.015022914883876803,0.012522042407869444,0.01823601285713841,-779.5875430495755,974.0893721102299,-549.8456108396798,-4464.30109228555,-4843.581680323419,3499.16164506382,0.16229793131128145,0.0,1.0,1.0,1.0,671.3103119432278,2548.2534182153368,-422.26661983875573,-4464.30109228555,-4843.581680323419,-3125.0836759805184,-9713.674644112227
-233.639278575419,2311.0350256635943,-669.828689199576,-268.60477489494406,2273.3449693025846,-694.1041003563854,-309.87503674028994,2231.2741614289116,-715.5486273032622,-347.05514027527084,2191.988836779685,-747.8941300239035,-388.51291797413097,2150.146157946748,-781.321760611102,-429.16863947067344,2112.1538422985545,-823.2863434114964,0.014910153410621463,0.018134166655272288,0.018430520842163456,0.01682097809301114,0.017917905542062185,-1205.0692163450556,1321.1881434915401,-638.075848371758,-2296.441525416166,-2338.5212422024993,1208.0684837603012,0.33716987422712075,0.0,1.0,1.0,1.0,333.54660568377597,2887.9973757672005,-614.1861741635512,-2296.441525416166,-2338.5212422024993,995.493358543069,-9816.33624534613
331.2747786650936,2233.086709099971,-961.3825898963382,392.758013855382,2185.191577790832,-923.9995753810117,440.8265881095449,2137.7407289816224,-877.4628305971158,505.737178565308,2082.222867325587,-834.1755168416005,565.0456393894896,2023.3217157829763,-796.178457111746,624.4595298418019,1954.9152692404057,-759.1197109622542,0.014541716914738961,0.015066821882132264,0.016138655530963553,0.01990981313574075,0.016131790957388703,1234.1297678545213,1423.6094108450106,-533.9112618281298,3644.4012425305928,-3314.1802360436977,577.0683116668697,0.16399719989061923,0.0,1.0,1.0,1.0,-442.294803709553,2948.132319425122,-717.3836000365644,3644.4012425305928,-3314.1802360436977,-1973.97703906624,-9709.961525814078
229.3361163800616,1964.8709718165612,-729.6184422416638,316.91870805747504,1881.482354405646,-778.6737870850246,375.15116577522446,1816.8125299265357,-837.8534183334554,462.2931683753044,1749.1219456628976,-892.7676457066781,523.3784040880823,1687.1824531202515,-936.0251709800318,581.7051590124245,1619.2946039317005,-1000.9757982775542,0.02008730092501204,0.016255465919431833,0.017339122393078665,0.015422468037351533,0.017422494597770788,1080.1447494692372,1153.3780908652875,-873.5085457106859,4194.115773400824,-3974.6939756968445,3173.96140775507,0.11661901801642666,0.0,1.0,1.0,1.0,-513.6192444230746,2663.761801630089,-413.2535724972299,4194.115773400824,-3974.6939756968445,-927.9040691877517,-10009.28035616477
108.3302613446283,2206.1322182848367,-259.0475134642175,83.84670356626413,2149.896152287348,-273.5930109310884,59.95436387114715,2091.0540437532663,-285.8594991296266,39.02219296622272,2045.11397209553,-308.63354225165057,11.019927673524265,1975.4183286011391,-331.989149910428,-12.832074062776286,1921.3791886686602,-362.2644220224718,0.013761685673217838,0.01646802896699545,0.01677981143090368,0.015564903322670048,0.016239163865021916,-641.3737750611575,461.99688952934343,-687.4304807093823,-1581.3339729595955,-3672.704937883417,3027.1985652896897,0.3956680165396682,0.0,1.0,1.0,1.0,307.4266087146011,2665.619852259387,-219.8685231769731,-1581.3339729595955,-3672.704937883417,322.0739663733275,-9689.385324319024
222.78169221826928,2404.073722660675,-1072.364275424787,186.26475736920835,2361.232820858792,-1032.71375640614,141.464589864565,2305.024116947212,-993.5761607818001,92.43074189155715,2239.0488386999345,-949.71002640051,41.804081105241316,2175.4177498199506,-910.1856201976788,-10.288992172295654,2116.9837566612273,-879.7979408645773,0.014813319764804989,0.016537609840341305,0.017409240222058725,0.01908624255287586,0.0174495025727896,-1051.435573433121,829.1293879648395,-856.5766007208091,-2777.836320323291,-3441.425774091715,-1826.2657994181552,0.3745204411040108,0.0,1.0,1.0,1.0,740.2688531753997,3048.849012254001,-794.283793517779,-2777.836320323291,-3441.425774091715,-1445.2830632956222,-10007.49947721535
62.86298851629167,2096.284135470378,-535.136135613564,34.79182881837424,2042.7651058632273,-561.515811860213,-6.048290982383445,1978.2067986666789,-610.3262496921283,-43.22053675738017,1906.3610721374637,-646.4796705660233,-87.55935425393743,1828.0251960744517,-703.9492000175173,-134.0649497748971,1759.134488625378,-749.1488507586048,0.013958787177514628,0.013726229795269718,0.01645768825373764,0.017551383383727498,0.01509092129944431,-776.8784461931796,630.8806808736883,-627.0849500234635,-2549.3001002696874,-4438.985067479716,2841.8181370025704,0.25449709649084346,0.0,1.0,1.0,1.0,370.3065989281811,2628.423961239567,-302.98629778797954,-2549.3001002696874,-4438.985067479716,-1313.3679647650788,-9798.824801841492
62.74125185038292,2398.5366245848054,-338.91389896659865,68.32895520258359,2328.9473233509325,-342.07629749318215,64.82394796819476,2262.9238500498127,-354.51928767538965,73.96727767223966,2195.098982025006,-357.890865582616,78.86998351276443,2119.8204208891107,-375.4594234707162,85.71595587430458,2046.7546865946385,-381.31929781090855,0.014469032900483375,0.015171030575912944,0.014556635246605956,0.014853588916404231,0.01784238628833637,204.4249942374563,178.2787437646012,-807.0166999235399,295.1415324685448,-4551.064793538905,3021.336071274877,0.40958652273472196,1.0,1.0,1.0,1.0,34.718613068042714,2795.141000049469,-358.9061421721922,295.1415324685448,-4551.064793538905,653.6139638054296,-9709.429921025026
406.57100341345745,1869.8735581935803,-890.6449810806769,387.41883452377334,1819.1741752632274,-917.3161735819073,377.6990493435783,1751.5412088091723,-940.7439784603162,365.90206193720155,1674.9380077867766,-978.9330920827016,360.2320375251596,1618.99283985906,-1003.5408999235599,345.1525463486789,1552.0312132140164,-1034.7126658219017,0.011342326281662457,0.014271168090687791,0.01739027158521289,0.013020732171042354,0.013922011928044764,10.624431226498555,-381.98099283029825,-801.7121753395409,-783.8271951446576,-4548.7371025493485,-978.0277023437573,0.42487681194051274,1.0,1.0,1.0,1.0,531.8695159976965,2642.929180365013,-753.7534282815626,-783.8271951446576,-4548.7371025493485,24.110283354116078,-9968.128417839562
-295.372219729909,2071.4008964933796,-676.735321049889,-296.1453299470174,2007.18997662842,-627.0042232662167,-316.22567060517554,1939.0665609080613,-571.441492877083,-318.76740691304684,1866.7394414488008,-511.6738807901977,-330.84707908454124,1798.0226034961406,-464.4178425236132,-327.25204867177297,1739.2763432583124,-423.95331469511166,0.015611036294191472,0.01667901684506437,0.019532262081572355,0.01649651501160726,0.012823897344325486,-554.8157599273637,-262.5415350361196,-283.5169412655738,-451.90554603371567,-4021.775225426325,-2156.457628544376,0.49945641564943627,0.0,1.0,1.0,1.0,-197.8103785607267,2914.6608930506836,-755.4807182068607,-451.90554603371567,-4021.775225426325,-3726.433736897556,-9784.369963238854
-538.2082117348493,2373.9257601493287,-816.0660766889467,-541.4240481694429,2330.53210159681,-858.1981102845531,-545.5508228539762,2287.283731766058,-879.9550311467774,-542.9130289770068,2245.9495956360897,-940.2087097655619,-553.2542193277842,2192.2026472576367,-965.6681451903512,-552.9905076051151,2137.0901280483,-1014.1052437375948,0.014075692603174178,0.013811196993040925,0.013688105624598657,0.012341649701223478,0.018898405581637967,-662.1618918560683,-0.28313714505760146,-850.0695099736743,-175.34261487373897,-3268.6708574813347,-2498.42207822121,0.6529874581553612,1.0,1.0,1.0,1.0,-493.83298157727893,3137.6408860370375,-531.2667238328611,-175.34261487373897,-3268.6708574813347,-71.16674382699482,-9782.718753657886
543.7933383450764,2438.5482755542116,-755.0860147632548,541.3717686852581,2391.607962058196,-782.6545670583095,552.0848807096937,2340.737055921994,-804.1474708035341,555.3072367663225,2287.9627455495615,-833.4782504511046,569.2650172450014,2254.7887251124666,-850.0058749322968,569.3531847098538,2200.4385538668457,-884.5537645241963,0.016505421851432195,0.018632755957164793,0.014457142432753173,0.014721594397229004,0.018435406530844467,896.5596131477458,220.82600773631262,-995.9905677697005,483.5312262143521,-2983.3644082702276,-2449.1504272387647,0.6622147343131282,0.0,1.0,1.0,1.0,446.8755727683937,2995.3549074276343,-709.8107752429285,483.5312262143521,-2983.3644082702276,634.9968147800217,-9776.558045556443
495.43548596817175,1689.1642637144314,-906.2992800145373,496.1901454968837,1619.7620021764596,-955.7590386891857,492.8201996639401,1537.1240667462646,-1020.4337052939051,499.4194728435662,1479.854665888122,-1073.2566911273768,488.55883445389657,1407.7106597499003,-1121.5866859464643,493.31953856536006,1328.4546084934416,-1102.9765328532453,0.014160208595919599,0.01631397812430352,0.013821485198304562,0.01426677943132254,0.017360865170245987,494.52410154815243,157.86563129466657,-423.76513244684907,1.311340582220211,-4777.606095709402,1593.5623205619877,0.24437824306417022,0.0,1.0,1.0,1.0,493.78975082210945,2833.325044891936,-357.6141931728189,1.311340582220211,-4777.606095709402,-1115.7113995414918,-9787.295069146729
-95.60495896616479,2343.4751031257892,-1092.3904646507742,-162.55958090350455,2296.9566897487402,-1026.612026547934,-232.87929667142794,2239.998304965251,-968.4116606824299,-299.6270954160552,2194.995734986567,-913.7610660064539,-360.59450926245404,2134.211788599397,-853.491720717122,-420.7177966729739,2087.5687870672205,-803.4610468402976,0.01747441655800644,0.017105605131742863,0.01344822268014742,0.016442817727519987,0.018001263427406322,-1062.4737696651564,1583.624546224253,-429.0794488634549,-4087.0245505715584,-3226.4022585149805,1653.9286121328487,0.15359323439380523,0.0,1.0,1.0,1.0,715.3819098334707,2987.109528678275,-553.9626181462854,-4087.0245505715584,-3226.4022585149805,-2285.9043106840104,-9967.497919852087
-54.79107956814266,2442.040101742242,-996.5847101430179,-66.36213118222877,2410.4152866266263,-1045.8141765007565,-74.5859992473849,2379.9511144614253,-1089.6734817015233,-69.98158993177772,2346.1353751297047,-1137.332377676266,-78.74092660761335,2315.6464808521673,-1112.5027169561768,-83.99619704614786,2283.2367012424133,-1075.2190259854092,0.020550169927820217,0.015908511928961755,0.015343889104050934,0.0171580844775871,0.013656336795633994,-319.9390418500664,1022.5312330054726,-1408.475710923601,-353.69340743191816,-1925.5017967489996,-3717.125216380444,0.658693935613337,0.0,1.0,1.0,1.0,24.91203039605398,2899.8954848357425,-701.9381861253722,-353.69340743191816,-1925.5017967489996,-120.11229693801778,-9768.056905381574
37.679098360828796,2030.6693544469472,-1003.5326041313934,62.054360036815396,1980.7608798245835,-952.3656071456792,96.08358103580579,1938.830702101092,-903.4538594369469,123.19852415929013,1855.0241492924085,-845.6385210183131,154.7811849181167,1806.13189539391,-798.2103704519182,181.89170690310655,1741.6267739618575,-748.2209945949957,0.013057461170042889,0.012968981368678023,0.01905963653042625,0.014543837994688225,0.01697685299452356,888.1728873481951,352.5179237257608,-304.7159581077882,1911.1089405851176,-3774.2299453699993,-611.9370072055938,0.3688700840277654,0.0,1.0,1.0,1.0,-411.3811922496841,2918.994286577365,-531.5279437962961,1911.1089405851176,-3774.2299453699993,-2192.236140339165,-9767.86873343775
-484.9342327737859,2246.778771223518,-746.6869386330519,-495.90207301479546,2195.844383594184,-770.5766574675089,-496.19812379205496,2150.3666460581394,-810.253395383352,-495.91620487169524,2093.152383139128,-838.8324854400132,-482.95017273367984,2050.691452264892,-882.0104804316591,-489.06179968120756,2000.2733977100029,-911.0059262181169,0.016597971101758674,0.01679689829364825,0.0166292569035478,0.017128206756580527,0.017717494191599237,-471.24079363095757,44.89538647669187,-950.6875668316188,31.84078487802676,-2913.0120197173233,-2548.7493885639005,0.6720528855192803,1.0,1.0,1.0,1.0,-500.056703945568,2681.1712643208616,-620.0718001906962,31.84078487802676,-2913.0120197173233,-138.33006701613039,-9795.572089698206
248.87344439791957,2338.3078779503726,-558.2254724533946,281.0764673284008,2279.145162691397,-592.3981483349918,326.54888304486036,2222.3465177006983,-626.6695530320742,353.8906461984384,2177.5072220398997,-650.8277457616499,371.55631766035805,2132.8052565048984,-689.611395883483,405.8913710452717,2083.5294785696174,-721.8890074110574,0.0174219518839297,0.017473230834229664,0.014559821383365312,0.014163982029748695,0.01618114474833926,1158.22614941411,882.1299119516719,-539.5499016474146,1981.6311193176414,-3184.949781823632,1445.993451399611,0.3762906612227819,0.0,1.0,1.0,1.0,-50.56883336965154,2824.9492788640787,-433.52668099945987,1981.6311193176414,-3184.949781823632,-66.76670701719037,-9839.7290365557
487.10549260264133,1922.9279466514374,-455.89843239470986,509.72809314917487,1855.0368769925515,-472.3487673309298,528.9520076952217,1784.5419687666658,-498.1526639602025,548.9895265702437,1717.8473542655197,-521.6857479363715,584.8989294745151,1650.4024850427886,-558.5544938312203,605.7070383705532,1583.277949415207,-581.1444351643482,0.016197715097842236,0.01625342413317421,0.014947652640098119,0.015927189784782164,0.016125572044062342,1031.1621618427887,398.14583189273264,-885.5512990850784,1600.588145506241,-4429.102896030761,3176.7962548894875,0.2667210960798173,0.0,1.0,1.0,1.0,158.8416225418904,2812.006910229505,-392.1636541924157,1600.588145506241,-4429.102896030761,680.3167488273515,-9758.315701473659
450.85331193746794,2280.3117407783443,-529.5272756605264,461.6307669404286,2177.565601294542,-573.5739087660149,479.6692872389223,2082.98870741073,-607.9442081965628,493.56482509213834,1986.2682153086641,-650.3894674621489,514.3257236549947,1881.2883038017517,-694.7911737434702,530.2607770313268,1790.8710948159803,-733.0909307717548,0.012137929621944911,0.014122678007633872,0.013631260609599155,0.016163731427526598,0.01588507550098607,817.9741621965454,226.95120292811728,-737.000706974651,1225.7407070650727,-6802.380230212401,3091.4187935359873,0.22796103780191912,0.0,1.0,1.0,1.0,395.0936182590948,2573.7723823513925,-440.26231973670565,1225.7407070650727,-6802.380230212401,-1921.9345359684548,-9880.05455873308
-182.72965530458615,2046.5034924644442,-1089.2296714810057,-207.703377928051,2004.4229126279477,-1031.4942885953901,-236.28202947695948,1953.378950030179,-963.4098351004599,-264.4665145727611,1904.8393049032445,-911.405980732739,-291.8882810618077,1858.5527017740476,-845.746509551497,-318.96585243534,1796.14533337174,-786.464234419317,0.01183351209513056,0.017801978335498098,0.017041448917369778,0.016181678065154192,0.01700317756859554,-1142.1636030039128,364.7114401617147,-325.56682741229884,-1702.9964549542792,-2985.6066872917454,-1471.1429445669728,0.4827900513190075,0.0,1.0,1.0,1.0,169.14366731087966,2663.6285893763625,-503.0076055130611,-1702.9964549542792,-2985.6066872917454,-2393.86980429821,-10047.642139096291
513.5683083205016,2166.775320793949,-249.95111222595975,501.62577434004453,2100.8622143884804,-268.4245647401632,496.4599583280334,2041.1333411135265,-282.22674646746304,490.27042684402613,1966.634814643345,-316.58327274053016,486.93272540942536,1905.2103540943806,-334.1038504211759,479.5662897105922,1846.6643221983563,-365.4095335445924,0.014956863886550431,0.016191462719155808,0.019242754596632855,0.013748423643859253,0.017706386243230288,327.89615086819447,196.67794128517258,-578.3760053197284,-371.5737492446117,-3956.420844608402,2744.9935290828753,0.41499016518583165,0.0,1.0,1.0,1.0,567.5612191309694,2748.5693860575984,-209.8110408618047,-371.5737492446117,-3956.420844608402,457.7568069399951,-9938.464464942064
111.48727485655144,2167.9797934799676,-571.4002817642602,149.68490481661365,2110.8135958986923,-609.211849162439,181.4641215795605,2067.051854314104,-644.0525177392669,198.7128099183402,2022.282691138865,-674.9991726097147,226.92354363141527,1967.9386961276907,-715.3729795722645,253.96794381870043,1923.8935663597645,-753.1499068149536,0.01627762620763823,0.013836840947300755,0.01307112658822257,0.01420412957490147,0.013678937524803536,930.4917890840918,728.222555873893,-490.0800821668847,1939.084703323057,-3426.479189861461,1701.8840320165077,0.3492767684232183,0.0,1.0,1.0,1.0,-397.78123269220157,3075.360800929,-354.16082366553474,1939.084703323057,-3426.479189861461,469.7110753450115,-9845.473011192855
-171.235470641972,1778.21945819953,-1000.1868998490355,-161.30034942510355,1713.8102369359242,-959.2469407909339,-147.76293109441772,1639.2441404756544,-921.8228585171713,-124.54700862271895,1577.0400020831826,-877.4638567502541,-116.50823216015499,1507.4648317584788,-845.7593877831983,-105.9999999374167,1453.29613529482,-815.4134442465547,0.0163217618601999,0.013291445388998957,0.02079361388261497,0.013867747895846494,0.013390890658682542,285.95555445353637,-203.54207576658513,-806.4890328791103,972.739709338549,-4184.0318077184465,-1918.2369148441642,0.39567977965413315,1.0,1.0,1.0,1.0,-429.008131910296,2871.7213029064756,-687.2813598467959,972.739709338549,-4184.0318077184465,-1155.6356034588546,-9834.028538173063
-248.208455205606,2216.7500203705604,-1018.565875829908,-230.7766605148948,2143.013550931384,-953.6278395824089,-208.11601622537069,2087.2380781411175,-900.7295744080748,-191.4422934791818,2016.013318281313,-824.3574539017368,-170.24138958279906,1942.3549201527335,-771.1414633564307,-158.18045949185915,1877.237414417829,-716.3149180393493,0.017133367038211778,0.014744654581265004,0.01709031026058036,0.016869598393980695,0.015232495153018694,412.5030291850452,-52.88453761766796,-239.04631612398342,1246.166877754311,-4267.085426218973,-1164.5453743794944,0.4520215765222078,0.0,1.0,1.0,1.0,-441.1212820766566,2870.06897934233,-690.4093790434905,1246.166877754311,-4267.085426218973,-3203.4064097155224,-9864.815438507774
504.2290226811023,2400.311995982325,-170.06519976486373,454.0963239887822,2311.5277166300475,-159.0468011646461,396.00482653722867,2226.6992999533954,-161.03349179058245,355.2727186032837,2155.1742775151474,-155.99396766684302,304.8805053538962,2074.7279147199038,-156.69082468530843,251.86563881613196,2000.8070942305437,-171.45203514052977,0.015679176138417933,0.01611153044586057,0.015146671584013893,0.014143553341200002,0.013905544332778047,-744.0985642873943,374.11764002727705,-747.088796974936,-3217.818790124545,-5252.244459190525,-3379.986030984406,0.31048455953598,0.0,0.0,0.0,1.0,703.9198912686525,2737.627646663019,-206.13085499708905,-3217.818790124545,-5252.244459190525,975.7285110828599,-9679.365649038362
-333.2244395367848,2435.4183126305325,-1085.986520872473,-321.54215878665616,2389.100661888824,-1008.6857808782979,-308.85059429739687,2339.009449118329,-930.9872998505712,-304.24286221326116,2287.635095303031,-860.136728203852,-293.81980163755634,2238.5158403114606,-778.446306148661,-283.81942090747015,2196.8731194129637,-713.4926867528087,0.016946779632719067,0.016755108914434963,0.014726691763915167,0.016128339368772837,0.01598490888634435,164.11256051681252,-372.3402129753537,-820.9837332306446,513.7951109727713,-2928.8343646529684,-4448.917000604105,0.8789344834100643,1.0,1.0,1.0,1.0,-444.734645985923,3098.3285091384164,-282.363514545983,513.7951109727713,-2928.8343646529684,-3030.0936671857517,-9851.084066946474
264.5670817274213,1956.25137251744,-974.7002849330482,259.4510622264467,1900.6242238533875,-1044.9292625703185,253.96016785937493,1850.349255419439,-1114.482667711627,239.8259649628275,1785.988405433859,-1107.2619768591849,226.57630829309696,1739.7143123691696,-1036.5732884330298,223.95385623953914,1696.7975442213713,-984.2802675126617,0.017791661057527303,0.012484673529049722,0.019248136014769185,0.013468914928925158,0.015772372504300414,-176.8324296166109,-339.02639385938977,-96.58040302425819,-647.8154798091346,-3345.905399802812,-1551.2870317945374,0.6067909963799223,0.0,1.0,1.0,1.0,406.201502211611,2672.2884659631427,-246.3775355032643,-647.8154798091346,-3345.905399802812,-2314.6418766684637,-9848.710203236451
-311.46625673657604,2347.422964307453,-344.52054418223486,-289.2561500482168,2279.171944302652,-362.77405197967926,-250.5630348844196,2197.1470296160946,-392.63309038869943,-225.56737031183636,2126.0341731350036,-424.31246739652835,-186.3976780198452,2052.7716338426153,-455.99646974892954,-152.35008927783858,1981.9469967470138,-487.3380220467543,0.014957885547323857,0.014454104701454557,0.01567481372097196,0.015466872199621895,0.017410685661320063,508.79065806557634,351.89603620623495,-652.1102614077075,1961.5951679385244,-4769.194047885257,2907.2482895485905,0.3403194016259471,0.0,1.0,1.0,1.0,-481.8149017433791,2760.3390303882893,-242.74899828365176,1961.5951679385244,-4769.194047885257,-704.0678251633525,-9718.450573477376
248.3075901622817,2247.7171677258507,-745.6306554792792,199.8833674752079,2175.422299416417,-797.6817038483093,149.91964692844385,2108.7331548872107,-845.8633071796443,98.98115625587064,2034.656112900894,-896.9016796481147,47.9593918379649,1977.438068221481,-948.2390976655245,-18.265601436064422,1898.6543911370322,-1017.7735270061262,0.015847055740627447,0.015177026609553085,0.01656500419916901,0.011499755221175884,0.01902318112101123,-822.321527045168,817.8902236271297,-500.6001345748558,-3356.73100310895,-4478.875502201479,2119.7112249787924,0.24110557227705068,0.0,1.0,1.0,1.0,721.7747343849476,2878.172954639811,-413.01167027887766,-3356.73100310895,-4478.875502201479,-1661.3885012242952,-9895.901807674807
254.11802162191196,2310.3433431298636,-874.7401821122202,188.91277198271314,2262.0144492166824,-954.0289691804858,136.80506580555237,2211.7964301741845,-1017.3400167266674,67.8235563069358,2158.2231936250455,-1116.174622112662,9.51559460575425,2103.5107910041374,-1098.3945840188494,-75.17591530180464,2033.7403397593323,-992.4269764216396,0.014890217570784806,0.015149145634796607,0.01456950300412152,0.017837384732295763,0.019474119389550987,-710.00129808957,1500.378776333276,-296.9892786097962,-4012.2707878308847,-3378.824545482317,3618.1866375168347,0.15811813032916833,0.0,1.0,1.0,1.0,734.4161855295476,2716.7556127069133,-355.54662672784434,-4012.2707878308847,-3378.824545482317,-3774.1999331226025,-9842.681282396568
141.5867813820576,2185.421933996591,-409.82904087645653,156.61437082103365,2112.898590707915,-392.7192954170151,174.93897200775552,2055.5170474828246,-385.1396541284847,182.28562252878928,1980.9855462260853,-370.6258824786096,201.73890636366923,1924.1494566751824,-359.84464566109597,215.6271494486049,1845.9746292436394,-355.39604502485963,0.01790738026008372,0.012680341861736028,0.018005492985076116,0.0136231226742968,0.019780669210865715,590.9379174782762,227.2168072211427,-994.8581827722915,948.0968474096641,-4161.7081129220605,-3581.4439187072576,0.38907665534036173,1.0,0.0,0.0,1.0,36.30126174362374,2661.816053280542,-607.8631155318362,948.0968474096641,-4161.7081129220605,2258.3838597655285,-9982.611587132975
-195.68229836439824,2397.938289635468,-548.9746251522944,-200.65392142958012,2320.617283881928,-597.0538781640861,-210.13650791403438,2248.4601588832024,-644.3796512201017,-217.07248940742517,2198.6576259249505,-693.6257090126868,-223.40942697080646,2128.511569149431,-748.3997072696774,-236.78811851935356,2048.746250938188,-821.3711072345441,0.016383126571695356,0.015182164051640107,0.014656420566650202,0.01710620127239093,0.01658199795543608,-491.8763837372223,270.33764380735533,-190.0851471131779,-599.478856239117,-4246.100699775791,1167.2168478799053,0.41953310839813784,0.0,1.0,1.0,1.0,-123.1968871501661,2881.6895741694702,-279.57533013808415,-599.478856239117,-4246.100699775791,-1771.2591654349537,-9913.773590753446
-77.86067294086527,2110.529483866795,-906.3118052064002,-74.47212639943342,2059.2916973142387,-966.5076067399497,-69.04389208614857,1983.9830275731529,-1026.9364202251668,-69.2865632150222,1922.804734218646,-1086.9337981849546,-50.6116647822792,1866.9941882524713,-1147.07606084269,-45.751199734665896,1818.9605728398978,-1079.702996532293,0.01827497461296365,0.018816839060462914,0.018106146837252896,0.014816189277092412,0.014347087067395042,196.6629534045739,-171.92559101136678,-506.27360177786636,426.05236582011264,-3492.8538903304284,-1762.7166486770443,0.5712433706623348,0.0,1.0,1.0,1.0,-139.91841559331488,2587.428982349669,-546.1476715652818,426.05236582011264,-3492.8538903304284,-1971.382046365832,-9765.030148266334
558.160601768819,2322.2980682774955,-754.3202665394315,578.8688657186344,2286.8453314455237,-807.6470909092415,607.608563935933,2262.1131156652345,-864.9857066656399,638.1027769699733,2223.9864956859133,-917.5027581893357,659.7307682197169,2172.7109260651273,-997.1448551723549,691.7964775807409,2144.845707216558,-1064.9729663893995,0.015582149831217529,0.015399659907469054,0.014174722473910495,0.017444335247905673,0.016123696668945975,1278.3389946729003,1340.4841067920443,-177.24793224887205,1655.4551544753383,-2260.6164954667247,1264.1738766106444,0.3565455116958134,0.0,1.0,1.0,1.0,177.46131694679957,2843.794076277419,-186.75845971216336,1655.4551544753383,-2260.6164954667247,-1335.3672689070886,-9707.592254912774
124.9419099072642,2384.495736824958,-826.1910718723567,138.1764780658151,2333.752708150392,-868.0278643277799,143.02934082880378,2287.3985741358747,-907.9970478108779,159.39097413106418,2238.008512696828,-960.7634527641134,165.8231898628388,2185.8535469537637,-1009.2225606734119,172.6922351619484,2156.9968866138483,-1044.5386994309363,0.019408038488266,0.012675802382437262,0.01844449935198572,0.015236502659637441,0.01217438235018925,578.7935891471427,160.00905675850527,-945.9243975872641,596.6679860976806,-2926.278784805411,-2829.955596872788,0.6830519510638912,1.0,1.0,1.0,1.0,3.008982562880419,2983.868084095728,-540.8022265944207,596.6679860976806,-2926.278784805411,-423.96832410572665,-9662.808758542169
-6.729530635635697,2261.4017787364605,-932.1111841105326,-40.960453721263626,2203.637443474286,-990.6464677695703,-64.53094962068239,2157.2759569384425,-1040.1390163841866,-90.52893057692702,2116.861327307373,-1092.737279167946,-121.5661661547117,2057.8764391668083,-1146.5102740158595,-130.6912325079978,2024.4088755893656,-1105.0762986475095,0.016944098375962308,0.016440581709623425,0.01443431106915849,0.017963770599214335,0.012863305173447803,-1016.7987923203779,388.1805258724644,-608.6142705167208,-1622.8346381901385,-3026.557810529223,-1713.7887718000668,0.5415398542673526,0.0,1.0,1.0,1.0,370.7248233321925,2975.887453874962,-487.63909925395717,-1622.8346381901385,-3026.557810529223,-773.2199499543874,-9669.766222816545
-165.36692393839718,1520.6666559887515,-689.5001124988889,-170.45028358873995,1435.425516816221,-714.9904439647831,-179.61762676502698,1370.7538943377294,-752.0069869826652,-183.35882428819818,1276.0643378618197,-794.4581175633631,-187.48284458419633,1192.9051841115527,-830.7267566383882,-186.4992296677778,1116.1382338163316,-870.5821555528515,0.0151394743973495,0.012533474687530383,0.018755365068204466,0.01563371680357095,0.018353880815378087,-258.89131683088306,99.20281440167608,-811.0763002747022,-344.7520965391989,-5077.18546776945,2469.7601172959626,0.19882925743570373,1.0,1.0,1.0,1.0,-83.06774759589064,2688.5674029640936,-509.6254398440864,-344.7520965391989,-5077.18546776945,358.1200452242244,-9905.549040734206
268.7031923131412,2442.2895816526157,-965.2818539357594,312.202805708982,2389.131124260319,-1007.1652426312071,345.19292844824423,2319.702994896755,-1060.8028283276947,382.7394284219568,2261.9995153997243,-1109.4831478875085,422.04130383904084,2201.1826863726274,-1135.095221762686,471.6154830414146,2124.5755360414296,-1070.4279737704549,0.013657476424119422,0.0154193700929936,0.013125358411428867,0.01674156725002149,0.019429521908984865,1277.6836404064234,808.2845138975441,-470.9121501250652,2515.5564231110457,-4107.910871890019,337.0157346250214,0.3193264591040046,0.0,1.0,1.0,1.0,7.327646735344501,2882.7795042019948,-686.7008035610847,2515.5564231110457,-4107.910871890019,-2067.2032543342043,-9637.147776749945
-138.02102024322832,2313.828662712129,-675.5018323483367,-176.71497272342873,2254.367739067523,-696.6263611884472,-219.73157064272908,2196.92421295453,-727.833092624,-251.60955155441192,2149.1444414786215,-746.1393080712279,-301.8418415494833,2090.4200640836734,-777.4496732144831,-340.39252224374496,2026.3600896917742,-800.6713762213684,0.01756874715107115,0.016582574386855536,0.013060617492928445,0.014340864997392982,0.016804716635271666,-1151.29114893133,911.3979091608825,-738.5060953676854,-2662.387668090082,-3675.116474128008,1589.761943477787,0.3039382874434381,0.0,1.0,1.0,1.0,259.77431515641433,2859.2096404487356,-613.8521593169519,-2662.387668090082,-3675.116474128008,277.78540546907226,-9827.945310722173
261.07843017689794,2324.0525707660736,-1105.1556688291503,307.69081989315544,2286.206509031422,-1138.5211936771034,344.46158343230235,2241.2081743693793,-1104.3731525800267,378.4867075571096,2203.283518285507,-1068.0379479553662,420.51212132592264,2158.8222083595547,-1025.2510593136844,455.1597345004234,2117.461155752538,-993.5242461086433,0.014184012127440332,0.015354190281597596,0.015548254641926856,0.013885223214589487,0.014956620776287066,1330.9391738054967,1126.9208837054912,-730.5393568140461,2484.2639062828794,-2815.3976585761625,-956.4817916481891,0.3521925801511524,0.0,1.0,1.0,1.0,-234.14708715271615,2900.6214086084647,-724.3124867268231,2484.2639062828794,-2815.3976585761625,-891.7787513880546,-9631.265897679372
284.3400786232764,1925.9734494253973,-1048.4475841893302,355.78831116892087,1842.2694650022606,-979.707983492273,412.37656171958486,1769.091442076051,-929.9203845913505,482.4881914185789,1691.5147532809228,-884.3838215922383,535.0792986248271,1617.1548729311105,-845.6405657365862,591.7611255731227,1539.649955666247,-803.3533735709146,0.016369689641013596,0.015819698918365738,0.014928055923071643,0.014512036040520149,0.013586342770132376,1052.0915634438197,979.6485562180767,-555.6843992411337,4160.29811211799,-5159.307456749196,1730.6068086876937,0.10881929866395806,0.0,1.0,1.0,1.0,-466.4172474792473,2862.795777931536,-683.1563809329723,4160.29811211799,-5159.307456749196,-2346.735365584984,-9852.034175301136
99.96668133428273,1617.4589907924326,-943.8803828106859,123.98176957749754,1544.1842767248636,-874.3102376581933,157.12970238093644,1465.2742137747462,-807.2956546289994,184.44556791164229,1387.5161338818077,-731.3991477295026,213.33918972693843,1331.8889639074841,-681.3213885163354,242.59779549964853,1237.34515344395,-598.4896513309359,0.01629429099484131,0.013016797429460158,0.016356259048302763,0.012298555127944227,0.0190533153432616,488.8863101445943,634.4139549945046,-174.31749091845347,1981.7665015729958,-4906.302954023854,2859.3745634207044,0.1229647637238544,0.0,1.0,1.0,1.0,-274.0937929610095,2523.3405922936895,-497.3054069255256,1981.7665015729958,-4906.302954023854,-3818.7430731339073,-9917.434615376766
-70.91815866575719,2175.8117575199417,-830.4977466165465,-11.308724713122453,2109.903571808541,-858.1080332036911,42.19653925973116,2034.9051318863717,-906.6335537771093,93.48325450222725,1968.2001134991747,-947.5678326074466,144.87029532568764,1899.0916301923933,-984.5596919125361,196.3935103995157,1837.0060964845193,-1025.7744092659652,0.0155099922864112,0.019132971651729225,0.015881010858459402,0.019217507359385322,0.014262853456365937,991.7695732887931,821.7876189227909,-697.5166998423417,3106.039647254323,-3957.401442856092,1049.5898522732286,0.25703121604237333,0.0,1.0,1.0,1.0,-343.8274750305672,2523.4702393509133,-696.4963572685799,3106.039647254323,-3957.401442856092,-1040.0122464988124,-9912.25505660061
619.1446794004706,2316.7734183165185,-589.9081405291611,648.8870823599418,2272.1230642977366,-603.0838738884287,669.0455343982836,2213.313985772329,-622.0281832745728,701.0795407410459,2165.1519477433944,-623.2826054721523,720.1769361493785,2122.848395412043,-645.4168982696738,748.9396753434082,2074.495628807997,-668.3446045713325,0.015230401908430863,0.014661429557556421,0.014878586781029435,0.012918407988895542,0.013419439777484554,1403.312617585709,810.2591235182931,-744.6348185109773,1794.4222631033945,-3441.05211793808,1803.3218967116202,0.3672410337900837,0.0,1.0,1.0,1.0,218.9939239374711,3081.353521357439,-706.2168911483043,1794.4222631033945,-3441.05211793808,1580.6516552796418,-9814.574093278094
-105.66431384327926,1980.1601256691981,-862.2371744210898,-121.45189238186286,1912.6977150365035,-924.8145616632743,-135.2908859625225,1837.8838478275609,-987.8671689169777,-154.14482071109225,1772.8900639875342,-1044.4724234241414,-162.70356758683084,1710.2750474690843,-1116.9949127792431,-174.0287744868128,1630.0513933466964,-1116.523033037994,0.013526345810758705,0.016202871358741766,0.013745646907759035,0.01501455805202992,0.01890041768485859,-425.1117309739876,301.77899178435985,-232.82784654473178,-823.8145855183008,-4400.690332401492,1444.0851251218585,0.30104126670047215,0.0,1.0,1.0,1.0,40.3435098438523,2788.1690295912035,-329.8619612181176,-823.8145855183008,-4400.690332401492,-1992.9057272074633,-9718.204573160016
118.39457573959737,1973.3280029561245,-433.09964660580783,65.23605009713845,1887.6321923559185,-452.5759674924446,28.831369300348914,1823.0247985525432,-475.51572365273216,-13.988052904048189,1734.0139174105966,-490.56829806264005,-53.01019918701314,1672.2037455520249,-518.9700530997375,-92.99289195685147,1611.7472752194926,-531.52554970408,0.0171924664957043,0.014589246485946311,0.015465973807532202,0.012423299572559554,0.012364082336106086,-804.5306588464109,375.9622813760583,-1023.6312645304566,-2925.4339700186206,-5032.497226978164,3613.0998403385265,0.2451706956141681,0.0,1.0,1.0,1.0,541.1689673621536,2690.911005786015,-374.1081413913104,-2925.4339700186206,-5032.497226978164,305.75686794168615,-9977.705345792936
-12.125474862295594,1651.893928573395,-807.9092214991398,-20.301511509360804,1590.5985058816552,-754.540984913165,-40.589182750199875,1512.9790743573094,-695.5447620982513,-59.41747962997564,1430.993617619665,-632.6626583281226,-74.78117047877107,1347.5795303609984,-582.1009551893702,-94.35457758120839,1269.286659302514,-527.3934790390936,0.017332959459529673,0.015104201540597273,0.017249479700371995,0.01671588255736406,0.01866346557732318,-350.46603484891597,152.8673118838151,-122.6252266458154,-1043.0378087766676,-4601.449903931095,477.4074879854402,0.24190474288716834,0.0,1.0,1.0,1.0,249.28070519766788,2798.7010066441962,-536.5349996072937,-1043.0378087766676,-4601.449903931095,-2903.2942503703,-9906.950699944371
84.320771539151,1549.8272906938837,-580.3377016979138,25.634756004934296,1468.0620944600653,-580.4200059317533,-22.01917842251453,1395.9654184717895,-581.2738692040505,-66.07969370025816,1321.7576853704434,-594.3057841824032,-127.2833389524905,1243.7636554287003,-599.8304291587353,-178.10656592536554,1171.1307605744241,-618.8031502131951,0.01930357722736395,0.015121017324275954,0.016812674593318644,0.017133929213070054,0.01693096900958163,-667.8669017006501,441.9835791690924,-888.374646058022,-3034.9188285149044,-4464.338039876264,-2474.112188211841,0.16198379970911225,0.0,0.0,0.0,1.0,758.5449477013542,2540.2224579109366,-819.7987714277843,-3034.9188285149044,-4464.338039876264,2182.299955742753,-9907.259880754447
-224.2410561112296,1835.9374971330894,-640.8485742441811,-239.11152462316178,1777.1691752568088,-658.2542851334232,-258.6825727037945,1712.287663309643,-665.1504500855079,-286.6725257164728,1634.100034651768,-690.5138145733143,-295.10008014527926,1591.3491794149638,-707.482687573188,-321.73716251238784,1536.563461634765,-732.9966158976525,0.015464687943313099,0.016879446177064217,0.02033481628936168,0.012652669351006729,0.01735905556551748,-713.5468355591321,286.8365678636492,-763.5814756164988,-1166.4384434961755,-3695.782442885953,1686.3236595246221,0.3366016272780996,0.0,1.0,1.0,1.0,62.13472936582377,2744.5318923828104,-778.8166514080452,-1166.4384434961755,-3695.782442885953,1773.4243889384472,-9870.071036661659
528.2206606906822,2009.8158103516578,-1102.5222532228627,554.9231450796814,1934.411316745158,-1062.0932565858695,593.5440234833658,1854.4707349656674,-1007.7075302523294,625.5514965813804,1789.8640679999983,-975.1376810050634,662.8874489005391,1712.0263562347493,-941.6780662981108,684.2532752840442,1642.9775252383613,-912.1336513639019,0.016607192860170872,0.016219969238305737,0.01476916804558262,0.017088897221962995,0.01489715730741853,1204.8739621378222,540.5792801063269,-724.2232808148486,2127.3851909017576,-4560.21473161792,-427.1640164710558,0.24254328411585407,0.0,1.0,1.0,1.0,87.99673691439864,2934.6920142057306,-776.9253947718423,2127.3851909017576,-4560.21473161792,-1106.7308373905166,-9889.14510137677
-197.24126284942216,2388.3649979315287,-479.2576314267798,-217.50996372215144,2350.5875267819397,-488.9122955179211,-229.4194161833156,2302.0825765341333,-501.37456619812184,-244.3252172055527,2267.550300349541,-511.2588575857821,-266.2606665772704,2216.580880239343,-526.9412921206499,-287.94279150372347,2174.183765302164,-551.2716718389757,0.016773963490531202,0.013983664609909408,0.014496340791375656,0.014963112570410664,0.01773484073658077,-1010.874271876282,435.8606099910444,-468.01429506120763,-1184.745607680258,-2843.5116356941307,83.87204602172397,0.6100573150101296,0.0,1.0,1.0,1.0,49.47304699754466,2980.803523937277,-589.3556093887934,-1184.745607680258,-2843.5116356941307,1545.8830832027154,-9817.355657484803
-422.8261857401966,1913.8868385712613,-215.08534409386715,-431.54641755680507,1864.2924634604483,-227.44393604356722,-428.43543019145255,1818.845758678897,-240.45923023696596,-433.73670163249835,1767.6557826011203,-256.91821522592136,-430.58157929091254,1724.017126537442,-282.16314601954525,-435.49137806819624,1683.42327900149,-300.9677291375777,0.013114338551995647,0.020128145316338386,0.017215394697431052,0.012740171327279781,0.017043134187546605,-493.18018135767727,347.8631598624089,-541.8716795230174,-126.99287558248118,-2885.1201385342706,2640.034501262792,0.4607570340148036,0.0,1.0,1.0,1.0,-394.1257384033412,2598.2568679191377,-331.4322853482986,-126.99287558248118,-2885.1201385342706,1667.15751270136,-9957.35749601827
411.7458334922019,2348.6486964037317,-1136.4046463628945,416.21112183397173,2301.0613788689634,-1078.0759357885102,414.43400110041813,2249.189170246984,-1015.3439113558499,408.9271055617849,2191.313056482624,-932.5634023564248,400.6350157812321,2127.164446725668,-872.0346684830446,388.89964984661583,2063.20335183002,-793.7700960944646,0.014261609336853137,0.014167035634623931,0.013651561018775571,0.018653954972299658,0.01877567281961806,220.94303144330604,-436.9465634689914,-276.845388257106,-255.17509115957907,-3733.123233944289,-2545.1368565347607,0.6683657727740444,0.0,1.0,1.0,1.0,453.15236439852595,2960.195579420317,-494.393035379725,-255.17509115957907,-3733.123233944289,-3284.678026168244,-9908.299338543735
58.124178327643584,1813.5946557328657,-1121.8675269429189,104.41003819455595,1743.8244576294271,-1077.5841661200416,138.97598560923996,1698.0506413978296,-1047.828391547127,178.04739214099587,1631.3236124516059,-1012.2765544928784,216.48253848577903,1547.1813641915837,-979.4693197604779,258.28550833510377,1495.0527035345444,-948.5134431475472,0.013520627155568371,0.016966173597003364,0.013584749690014691,0.016937063692092025,0.0152958744758388,849.9980984351461,523.4700675207141,-755.3830741677975,2652.8028192537936,-4341.614855505606,-205.10247283506914,0.2215533437831454,0.0,1.0,1.0,1.0,-489.6673252880196,2715.9855695510437,-792.2609426935911,2652.8028192537936,-4341.614855505606,-869.0503094192583,-9662.028570702745
458.1815834115007,2398.9903550268086,-800.5007133640535,447.4795382985328,2374.2920189248375,-835.7320752929973,432.5779119548458,2338.2859313742033,-874.4971426627129,418.8317587675671,2304.2973565782713,-916.4731490510737,411.9975302514188,2282.898810849098,-961.3262146385821,400.88660326068435,2248.0127676413194,-1014.1895158387011,0.014667582915450145,0.016726328820202224,0.018032762061045732,0.015205453938644364,0.014422763891727058,-188.0991540759717,734.3205423869772,-1243.2338795945896,-739.4931907523408,-1909.1408466205319,-3804.355147787437,0.7937032348012698,0.0,1.0,1.0,1.0,592.0661621677484,2748.4641355716462,-521.9191157023528,-739.4931907523408,-1909.1408466205319,-600.7549446358876,-9782.697047392287
557.0561495188681,1991.9898582944934,-705.0241500789091,581.9745533864645,1938.2594153754555,-661.4806202208191,605.0691985889861,1874.933142156761,-620.7828514563968,610.1799137636273,1814.2082714480214,-579.1601485557212,630.8594649193644,1749.7208664683717,-532.3393869721368,655.3506424370208,1679.5961741677324,-499.185682264669,0.01786981329542142,0.016377771298385885,0.017937320770108733,0.01746792392174573,0.01702573797309248,1101.781019840948,99.1633164341226,-566.3209896699034,1023.8663034796004,-3608.6213703956237,-2320.7040446750816,0.4380528645106869,0.0,1.0,1.0,1.0,333.8812922312486,2805.629344230848,-792.6567061885253,1023.8663034796004,-3608.6213703956237,-3139.9650619401373,-9881.878943485675
-483.8620266286839,1747.8898302643909,-181.34508746503718,-510.20696455000575,1668.9912403234077,-173.67797144787244,-533.7111604859782,1603.9118924409045,-165.9446572282782,-546.1844719629587,1534.7387251552457,-175.3094447455142,-579.7532384272765,1479.2490804019271,-168.97385277190685,-598.9568365558351,1409.7309824007305,-174.27385810880205,0.01835764270102974,0.0156484809525487,0.014173939196135854,0.014578119789934563,0.01852102030142,-1023.8738653429215,206.76020327725615,-682.5162872354276,-1446.8576566853856,-4141.531705773638,-3161.740858312636,0.2897671658255747,0.0,0.0,0.0,1.0,-155.7592713316883,2691.6792267414426,-547.4454027677269,-1446.8576566853856,-4141.531705773638,2711.5045767536362,-9788.742391777114
-317.4544182270022,2092.7623219609313,-750.9254146708428,-326.8238984313769,2040.4265184812439,-799.657167950685,-325.75227045045114,1995.213690961869,-848.4390640128013,-338.07719198381557,1951.6625599478457,-890.0801502550916,-344.91638201827755,1900.1670004081107,-954.0188143269589,-352.7485336465927,1857.4782072706914,-1001.2714013368028,0.015224426198996777,0.016484309934403307,0.013776383682378823,0.015987285119890615,0.015470077678192529,-649.5924705687523,-129.7040566425736,-582.302136067508,-440.9279290905439,-2936.3142380532527,-2160.6025892600405,0.6786463146422008,0.0,1.0,1.0,1.0,-210.86918112365697,2791.9286102204246,-353.2857735403702,-440.9279290905439,-2936.3142380532527,-547.6928291576576,-9537.41250815256
-354.0169406581998,2379.025111046929,-973.5313556160361,-366.2628921982391,2340.963690198066,-1016.7942209459184,-363.4915362018459,2307.215977459417,-1042.7755356481448,-379.3037587816314,2266.050566749899,-1085.803025735487,-383.1497106213114,2233.568845306834,-1128.1044072665363,-385.6125945160674,2201.827120341665,-1138.3936729013205,0.01742415953087642,0.011054264262635866,0.01782217908398523,0.01505710069381011,0.011846530512345688,-619.6649917230529,611.7475976349908,-1276.121024841641,-365.17613592803934,-2464.8961017635156,-3395.2712047597443,0.6451177650393969,0.0,1.0,1.0,1.0,-285.52882734889437,2867.127530748595,-698.8439301116357,-365.17613592803934,-2464.8961017635156,-417.90977091896974,-9833.840022768258
280.47534358685755,2070.0770876666897,-498.8999966748626,311.5616576254298,2021.8967321031016,-551.9337746588125,353.14821543345175,1981.4811096402193,-581.0599489684488,383.1449844043391,1947.7335169215926,-610.5998538009532,429.8369280247517,1902.873622605297,-649.5212721570666,453.4533692672623,1865.563359807912,-690.0184823342485,0.01675402768911924,0.013943876835434688,0.015773910228592203,0.012952944151878865,0.013442392972029232,1098.9906919086588,1149.3667106994164,-724.1218084011174,2546.755526107857,-2847.1811282410317,3001.4727460672307,0.25178524104910305,0.0,1.0,1.0,1.0,-148.91951588419101,2544.48546353752,-278.5276818057712,2546.755526107857,-2847.1811282410317,-535.8189980999039,-9787.05632187895
-330.5768529775044,2099.3346138641136,-953.3360249399601,-330.8867709116514,2041.5249047615537,-992.0887019237817,-323.61323432831546,1976.8894385727524,-1029.8077198065696,-323.3746549220764,1918.0283801293356,-1081.8010466010605,-319.4050298905138,1849.9195067035603,-1125.5651335430202,-313.69422089727425,1781.6244561837855,-1121.473928045474,0.01377028610851147,0.014713657424694326,0.015740376119370153,0.02057488821003528,0.017734106252209336,-203.8906734095675,-167.53707201150192,-801.852181631708,227.9241137795883,-4004.7679058104345,-1720.1511329807936,0.48365856629375314,1.0,1.0,1.0,1.0,-378.2526204509544,2896.110375933476,-662.9898456166037,227.9241137795883,-4004.7679058104345,-491.74564310761895,-9784.273583177524
-86.23096688294228,2287.1420235526934,-990.5826777563732,-129.83839414106467,2236.3589685519537,-1037.8960985668068,-157.59243710701793,2206.395096621356,-1079.2201081959379,-198.26308409991347,2169.065709440173,-1129.0285836189316,-242.37094248430617,2116.230231883896,-1117.3956174180034,-282.18125819492786,2086.1137436295294,-1076.5672569653757,0.01668799503321089,0.012886505250574165,0.014417243645861999,0.01771259536225822,0.012875249613243989,-1212.8683715881753,1082.3049434472096,-564.8026400740506,-2519.7717119575727,-2679.92814263627,-448.02878254820206,0.3720347586317225,0.0,1.0,1.0,1.0,563.570685341916,2971.6542840057687,-562.0487790910265,-2519.7717119575727,-2679.92814263627,-383.2349804168763,-9779.25292581374
-137.2943199607232,1558.2154507231012,-994.0518778343799,-193.78081548010437,1455.4657437925287,-913.5559550725844,-240.41175235985017,1384.53798213676,-849.5821110239937,-287.2186910360485,1303.307471247148,-790.3487290814091,-342.1613798804897,1206.420340043502,-711.3008726270817,-394.7721278404605,1117.3528676855756,-656.2961607130875,0.015742747877430824,0.016253051006072633,0.01636404926097601,0.017518708950597484,0.014966007404378256,-655.1266892941969,668.8416240826937,-370.1945392234983,-3109.244887241506,-5330.968120829393,2917.6519053529173,0.08435609743802935,0.0,1.0,1.0,1.0,495.2939189851604,2641.2998287895725,-463.605076518437,-3109.244887241506,-5330.968120829393,-3215.998096587904,-9794.64356552615
-46.64918184522771,1933.3646310244796,-965.3889616194948,-74.70397257308804,1876.054089367362,-1011.4519220275603,-96.83847235337736,1816.9597069437561,-1059.0407246187353,-126.51868343017325,1749.9142552676967,-1116.6848553802215,-161.01870117831155,1666.5910728245851,-1113.1462425337636,-184.88785848228966,1599.646825840624,-1051.5968785536347,0.012075083746955512,0.01451264941195754,0.015098077004481292,0.017177219827374968,0.013772691286795813,-683.3619397773765,449.8562893244263,-352.88426263680043,-1852.5406814330872,-4310.946319684703,1279.2933265748961,0.26917589911527434,0.0,1.0,1.0,1.0,363.323545232317,2885.5409599462887,-382.4238637076201,-1852.5406814330872,-4310.946319684703,-1489.413300998041,-9837.647486155465
-81.29651710050327,2002.0176924430946,-910.6916543314929,-134.36142270099614,1948.5116793863174,-968.9146568117069,-182.04124356198807,1892.3147417502437,-1013.2092393650454,-229.94553532624732,1842.2647084222942,-1080.5289620869582,-276.6811043429484,1788.4813616595154,-1128.7977021316594,-317.96387228463914,1736.7769454941076,-1111.9725609909535,0.01578479252916548,0.015597243081079543,0.01618343214552076,0.014238521678306554,0.014687205771792722,-955.9627829819574,972.5005654662531,-527.4355945813924,-2908.4784504620775,-3450.0421855964914,1533.3380015341268,0.22194508961798626,0.0,1.0,1.0,1.0,381.93730423059765,2559.519970840639,-532.8405001012505,-2908.4784504620775,-3450.0421855964914,-1568.2955836967847,-9977.890576575277
-359.21771870246494,2059.1287524469576,-1078.6830106459256,-358.9747672932357,1982.6430138416663,-1130.1021449776676,-356.50244030392076,1908.5561550489979,-1110.2658183776766,-350.06843168615427,1813.7261105309908,-1050.5191551308014,-351.4803342493709,1720.488593608104,-993.1738704037207,-349.7872006405164,1657.4335804477096,-944.0263881441822,0.014205000979833377,0.016949371317941303,0.01893437689080857,0.018579801553271186,0.015473693196938476,-320.5929534587102,-53.000988028945926,-548.3278922847796,92.14040533505934,-4843.345514611542,-574.5584852637484,0.3514429977181854,0.0,1.0,1.0,1.0,-373.5736865263672,2731.922682872683,-717.6878234179323,92.14040533505934,-4843.345514611542,-1909.57733171987,-9790.10832620938
82.750636683484,2327.984729655007,-590.5769477241548,34.11168933578019,2278.5192731445395,-618.2102543045227,-14.546115407982695,2236.2336070610772,-651.2594232060385,-48.11825415450991,2200.7889802107893,-674.8387498271887,-94.71799867355193,2149.3811848252517,-712.6184930226829,-137.4696564467568,2106.6538469345924,-748.2121310599315,0.01534633921815165,0.016627100132633854,0.009914600739516,0.01716945873956477,0.017264836784334214,-1040.1771359053846,1145.5009719680952,-597.7089249586761,-2686.3131648843487,-2852.1363112935783,1691.0436349435745,0.3359099288891087,0.0,1.0,1.0,1.0,746.2211187427099,3042.171618978316,-483.93933065204476,-2686.3131648843487,-2852.1363112935783,796.9990203047139,-9776.497494809184
28.93886713081327,2326.780118705287,-757.4035823582412,2.742771190193015,2295.2651260587522,-702.6749811597904,-35.67480777660874,2248.0100660623807,-641.7044788213753,-66.60978116696134,2208.6805914189845,-599.1164132678812,-101.34114081025155,2168.8350858218882,-547.1923644566267,-123.94688194514472,2130.1163695587325,-503.18361052982897,0.01581796287305204,0.014509743234125017,0.012901953881962747,0.016786803699943564,0.015097563052262841,-1344.24678639365,559.601447439012,-409.1468755522863,-2054.253644534752,-2646.5579335010757,-2671.9684536715627,0.5929100502174174,0.0,1.0,1.0,1.0,555.9378348009957,3007.667535927519,-532.3474172710439,-2054.253644534752,-2646.5579335010757,-3080.323770685173,-9531.960586823681
373.5058165850438,2436.557516491997,-410.60909306650177,427.6059029502462,2400.7911916954704,-420.80208725514893,486.17021253285935,2355.6594302714116,-442.61610407000245,533.4613147680531,2315.9863102454533,-459.0559806198768,585.5831968621046,2281.1652406008907,-482.67505770449884,633.0413824336837,2246.9728735411827,-503.02270665833714,0.013587972201485693,0.019310526340540368,0.015707840009961727,0.011286093460866065,0.016513918744178957,1260.476674074155,1793.5166975948332,-945.8907578547065,3439.5811657035556,-2500.323512191862,-3376.074118503058,0.18060689705752103,0.0,0.0,0.0,1.0,-442.11600294910727,3031.176836129814,-496.81778101844026,3439.5811657035556,-2500.323512191862,1561.637848457547,-9975.175690829512
636.2840450629818,1223.1809564245946,-770.5404832435315,670.2958516658178,1153.7969324520336,-785.916332969428,712.2569164140966,1064.761872498349,-818.8734790632993,753.2264471624216,978.5643192394857,-842.2688250182522,791.9802131398677,886.9443696224373,-868.6204047855063,843.4859789573512,782.6776647779333,-897.3343091376834,0.015196803337106934,0.015349988457645625,0.01400698108398829,0.017144127185262092,0.01813730970200378,970.7171217157367,508.4003574175555,-1017.3092758419331,2507.167979627496,-5482.601044168706,-2496.87675814282,0.051530063651168356,0.0,0.0,0.0,1.0,-7.078390338988584,2646.6147646433506,-784.2141322402385,2507.167979627496,-5482.601044168706,1301.5170473648823,-9739.471296173595
445.28126624721074,2190.3936971036437,-1061.3109102763867,426.43376566420733,2134.5046241623236,-1112.937150014138,388.2088338865876,2065.9143120943504,-1135.8035351110575,372.0774122443608,1996.417836520882,-1077.3548798881645,333.8426010074893,1915.8115714646563,-1014.8896397087188,311.8726462165024,1860.7866293341278,-974.0067560033334,0.011868076213774531,0.017223283482349416,0.014546784368953153,0.018974455443530797,0.0140420104678603,-394.0601558215403,65.41467702772918,-502.80704222388107,-1690.8799024603657,-4286.996536938048,-912.6107929039076,0.4173979586898383,0.0,1.0,1.0,1.0,705.0117807776985,2851.96242603746,-650.8305764639794,-1690.8799024603657,-4286.996536938048,-1925.7966637746792,-9712.728914336421
184.71022969377654,2297.2633845574874,-707.0251588973304,178.0297985732515,2194.8465659041226,-729.9468799920376,178.21344890337713,2115.4958516847596,-750.9302059026688,168.0227016884605,2027.3239144850977,-774.074382093109,164.90711773639921,1949.8419703315467,-813.3496422990223,165.4861810904605,1841.004498298834,-843.5164006753924,0.016822285532604078,0.015008616529469831,0.015070739783346596,0.014059724408295157,0.017659452046686813,59.05611146035639,48.811201598449365,-683.3515534368368,-323.147371590046,-5736.615566060608,1295.6950944891546,0.3138185817904671,0.0,1.0,1.0,1.0,201.2409549599762,2572.9220506651163,-646.6717219539843,-323.147371590046,-5736.615566060608,-980.8794470754038,-9775.289273314636
93.18911414079493,2123.9776520770456,-774.4009340580152,175.3664770217441,2066.2475022059334,-793.5661044314479,243.07820792901498,2014.944311217463,-804.7423028016196,286.19724049358325,1987.5857957350825,-802.3030043173676,365.9892710447617,1913.0935502168352,-854.1761199227005,436.0738376201544,1879.4322220995505,-857.452804802918,0.01978157258895169,0.011406181829922674,0.011744170153518252,0.015660442135984776,0.012709621023511808,974.472881885342,1475.7579080777048,-1105.7392049796754,4799.48465192285,-3513.864591310491,-2710.1920193435617,0.11359354655015216,0.0,0.0,0.0,1.0,-513.3673602107423,2565.0559313839512,-738.1170895796857,4799.48465192285,-3513.864591310491,338.43643611780567,-9834.28534019797
-231.99057186824786,2253.337200444165,-582.9906502552659,-223.17884091387666,2201.1127419423788,-580.4387999160826,-198.56131234737663,2152.4466149603018,-580.2020166910717,-189.9945598689369,2101.325612941047,-583.4029953405491,-183.00101291689236,2044.4009520090106,-580.8059726935296,-168.61761985480274,1991.031296985009,-578.0083150580492,0.01527406978949973,0.01502824308315745,0.014832173952644384,0.015304020453906012,0.013554817246911072,227.631777810642,444.3177726792102,-800.9818293265515,897.1945226784753,-3534.414297612164,2095.8466180497853,0.43813461560226424,1.0,1.0,1.0,1.0,-301.7129905696579,2529.6222082703807,-645.0602857664638,897.1945226784753,-3534.414297612164,1159.9488116466414,-9772.885038813205
437.41830093004984,2362.78768285501,-699.8462565109726,450.385030303101,2309.4561063799733,-737.0365061675553,469.3941903307597,2236.474948177,-770.1687919619073,489.11936871511085,2179.241994791914,-819.2779342454427,508.66174776332275,2122.7635962473037,-874.8458793820049,534.8196265648149,2057.8587445517182,-921.8456538311372,0.017037573880514828,0.015352715733122857,0.02135913765846617,0.015572496151352977,0.01822900799035998,1062.640663837172,226.5075804000969,-511.4359162926007,1036.792957987262,-3507.081795684605,-802.6958752967016,0.5204646590446649,0.0,1.0,1.0,1.0,228.02233265742518,3049.708425926213,-479.93679790755084,1036.792957987262,-3507.081795684605,-160.11882265037872,-9828.622950285979
41.07652387133123,2378.154477179574,-724.1172670265041,34.87133785664496,2303.4550760993175,-791.7524534799105,38.50910101523461,2229.2818172081556,-862.1824637721966,36.538051417713575,2168.398199837798,-922.0928171708254,34.5405992042973,2115.6274747145326,-980.3566445934692,32.79822934927456,2043.410667329892,-1051.462449577571,0.016217814181488543,0.017318633119822763,0.015811059946884837,0.013543883417755892,0.01723189060734212,2.0758373199738642,67.87278262881509,-30.40600473204517,-77.4041506200753,-4229.621777880487,356.9117157143048,0.4661965888417409,0.0,1.0,1.0,1.0,55.09768049472564,2965.163700476952,-309.2526499292745,-77.4041506200753,-4229.621777880487,-2351.9546881992496,-9690.121369639244
-151.87365671932747,2450.0,-531.3448980092677,-225.1470381170546,2394.7030910936014,-566.6532584264065,-264.65015714920054,2338.8466618168204,-587.0884716771465,-326.6125248688676,2291.1421816891498,-621.9575085416759,-375.47216167496845,2238.4151177812114,-652.1836588289217,-446.25925345010893,2183.6915493121355,-691.7418729909048,0.018584786695104383,0.014672111855771164,0.016914065793856375,0.017395098634150646,0.016902604169669322,-1256.5690686589858,1434.839433002488,-847.8154036148333,-3386.456003895837,-3104.8152729026683,2873.529807759673,0.24025868951654028,0.0,1.0,1.0,1.0,487.4557733473704,3033.819298547363,-435.0811673731922,-3386.456003895837,-3104.8152729026683,391.68219821112507,-9817.697914669165
-169.9780656756059,2262.3241003485155,-1034.348784913852,-230.41303259957428,2203.9196693979634,-1065.253191847943,-291.6654206421077,2142.519397771562,-1108.4438554621838,-360.0345303308364,2076.8901737407186,-1145.8102297073267,-421.63965917645044,2021.047908315585,-1120.5366331761568,-481.6996846920503,1960.7040510960546,-1088.0560260271398,0.014583513805259518,0.016383103526614817,0.0180703738289541,0.013964725108539688,0.015813659811318798,-1196.311115048739,1262.8692418466285,-814.6571126616524,-3897.629569463751,-3783.2459397249563,542.1402242630606,0.18409402436071165,0.0,1.0,1.0,1.0,538.1340433626292,2946.4136850242317,-805.6605022833398,-3897.629569463751,-3783.2459397249563,-343.8597036295579,-9796.74541166806
-362.62649085474413,2129.6213237718252,-149.12143731014,-378.0079819209317,2081.6381903470774,-159.12218726749714,-393.0796660735966,2033.5603104080444,-166.8948644364865,-405.0443401959102,1994.6089564659094,-174.04933126826532,-420.8391276805327,1947.2087153711768,-186.60486143194174,-433.9802088695617,1893.0825884735566,-197.95539368077831,0.016959079072662808,0.015949996822681,0.014670622353596896,0.018350766516942174,0.01713271248740128,-833.4204103716314,538.8733972703097,-630.5895463802344,-814.3910596880654,-2781.9177708210045,3052.217677971954,0.48856082042083443,0.0,1.0,1.0,1.0,-161.54778612897542,2833.9555581976465,-424.47416935524575,-814.3910596880654,-2781.9177708210045,2297.836360691678,-9791.290379987026
291.58172096038203,2367.2883120737083,-1015.4362835682597,252.5649942658864,2326.78961191544,-949.422016107203,212.37784879162984,2281.2486676726858,-889.0893524486294,182.8267310224753,2237.6918938550198,-825.2123149579836,140.0918466082922,2198.4364043698515,-769.4652895811138,101.72573521923019,2152.6929863490536,-704.7717078269794,0.013934388522575558,0.01614387576236781,0.014993829267113928,0.01485662638505933,0.01631123439488616,-1203.729381556806,625.8728953087511,-124.05876113771205,-2463.1869581222727,-2872.584643494037,-1485.3055847224914,0.5317312944143469,0.0,1.0,1.0,1.0,705.2405109879546,2852.1259940166315,-595.6667872657166,-2463.1869581222727,-2872.584643494037,-3371.3541138880946,-9710.719955010089
163.44686856019365,2409.7533981683005,-891.7798190988805,150.0681582641226,2366.635412752738,-825.2228048988106,136.7836708184478,2336.417732835228,-779.2920008651581,126.19066409541352,2294.957928495324,-738.8077425594292,113.35376080560432,2247.7454831329005,-684.5755032279728,105.38383304014067,2208.431505777213,-641.6807350687106,0.015085290970917792,0.014830515565610936,0.015112569103708007,0.01907196987544102,0.017109174504867652,-347.59038817757676,488.3652957172735,-1148.382321620835,-657.9869764669129,-2507.520842850806,-4125.2045157908715,0.6854344104877117,0.0,1.0,1.0,1.0,316.97645805400634,3020.9613469965775,-583.5684577571321,-657.9869764669129,-2507.520842850806,-2423.784651894366,-9864.452339539
-72.68550504538915,1651.3854228152106,-688.6615884391408,-115.14013304829325,1542.3191005951535,-728.5431997855251,-172.25879370504884,1419.4484106202656,-771.061630882244,-219.2999546812923,1308.325478938472,-811.8273007139911,-267.3438621134409,1196.0938889868826,-852.6770146615606,-312.78545040372495,1110.0599952789337,-897.4216219482355,0.016855719811071368,0.017355152010866542,0.019569093349444816,0.016079431588944676,0.015140265390167995,-685.4648130629145,277.744324096378,-960.357508386083,-2812.546582995096,-6280.597352579917,3080.4340165181557,0.13249100531323918,0.0,1.0,1.0,1.0,327.0519568153202,2538.7593710251517,-499.0138162560671,-2812.546582995096,-6280.597352579917,-660.561235077784,-9811.850347163718
-256.47954464389767,1878.5793680069137,-388.1648681108135,-242.51849219157103,1802.8385303858656,-417.20184325361845,-230.87689073460626,1714.0337973017774,-452.5050112932676,-211.28086236365505,1630.6242100673314,-477.49346451023155,-201.129030564889,1555.371037943295,-508.2357172945508,-180.2027828069787,1482.3786325595763,-540.1442133652034,0.015226508552700024,0.013921095276200168,0.016672886881505866,0.01438849189139027,0.011412288245007146,84.14449599371305,47.36690430262776,-862.6668783304426,1034.40687001139,-5569.048444130654,3501.2109721751485,0.2588171501264651,1.0,1.0,1.0,1.0,-376.1665611613553,2525.5934619407703,-254.10557339839727,1034.40687001139,-5569.048444130654,-611.5059527678688,-9764.621015081137
588.1739724424116,1969.3614722616219,-548.4454142580008,587.5691263331505,1887.5438407749266,-578.990643540207,596.1226409309036,1818.0157396866618,-597.4831565864095,601.3824691530524,1743.0083892753487,-635.5567504964387,611.4079788231448,1665.4925573255687,-670.5482920861757,613.0353581243168,1600.4455773317625,-707.1128884544476,0.01779619002054522,0.01563396763209174,0.014666715836221478,0.015531380691818975,0.014749555199868786,734.9215811764609,186.0998199085716,-652.1682067037776,406.45925381524194,-4746.386680867021,2308.0794950092827,0.2976884051795926,0.0,1.0,1.0,1.0,515.4335841162253,2749.148627576755,-381.70760147137696,406.45925381524194,-4746.386680867021,-173.26555616348838,-9793.656706019574
714.4849713471834,2052.896279741503,-439.30248092876576,726.5070470053677,2003.0463311066005,-461.83357843403087,750.4659321738472,1955.1930125005233,-486.61267428375993,764.6070209091073,1901.1705585426937,-506.1681203467841,786.4932969345069,1851.8725013827438,-524.8953347272586,798.194364405192,1815.2901157616009,-548.8236264905202,0.015549408563517803,0.012835095976468647,0.01686257172028105,0.01229060234636059,0.01327515058111739,1208.6342038021894,555.2165551320629,-683.0697407102823,1148.8007374677095,-3491.0270895064423,2435.592483914472,0.35982833583721874,0.0,1.0,1.0,1.0,467.6577281355118,2806.929027863714,-415.1945624616661,1148.8007374677095,-3491.0270895064423,895.332798878798,-9577.132569148174
329.9261207025565,2210.9181490767864,-800.12527790124,382.88947574769804,2164.3395310358937,-753.6109482838946,431.0390125423386,2113.4763130297724,-703.2142324601155,497.9527669310387,2043.4937984550484,-642.9933074921955,551.5762262350916,1992.664859032248,-595.3467983647536,606.0151545785803,1932.547335182069,-544.7345361113395,0.013436522068771745,0.013855849782357932,0.01950652016354565,0.01336028550924867,0.018333855697009238,1152.926723759052,1366.4216462706013,-216.25657359743767,3511.538851287717,-3623.3112727705034,1330.382800775163,0.1551247000943236,0.0,1.0,1.0,1.0,-515.0542306026135,3087.4945008365876,-578.4195308203794,3511.538851287717,-3623.3112727705034,-2978.054302056063,-9799.970675086914
98.15141378573801,1850.7605432968498,-806.7708790395005,113.87849948527544,1761.841374105597,-861.548465322828,133.4427463102943,1706.4423236555865,-900.8842368465646,145.58204653834176,1632.3161004333035,-957.3814113056791,160.74496141403196,1570.9123708868065,-1010.5868760226102,178.68556875466817,1492.869625892073,-1072.5356369298481,0.017642674627830368,0.014964185752674386,0.015058217392587003,0.015640674776566166,0.016344548186707497,431.4784218810031,212.60508858044426,-461.28726494685753,863.4032153431777,-4348.546861911729,1172.1047424589165,0.2956213348455095,0.0,1.0,1.0,1.0,-112.46560378519973,2952.1896115848403,-398.0302862308784,863.4032153431777,-4348.546861911729,-359.6665401525625,-9840.265161068563
-489.16412545805133,2437.572927405209,-892.8224272468533,-498.63220941020637,2394.4522692800883,-818.8584113979356,-522.9284332098092,2358.916150656257,-749.1649230871609,-527.9448804189745,2333.816185166087,-694.6302447675536,-542.0033493721385,2288.2716691273563,-628.8785691025719,-548.9259170940991,2263.103639715501,-572.782925769556,0.017689743929980656,0.016501227904795468,0.012630574624963697,0.017441036105661334,0.016358529825259593,-1242.8032334370107,410.41441354774395,-859.0136673161493,-833.6250710700352,-2233.7596627443786,-4392.604280888191,0.8252961483822485,0.0,1.0,1.0,1.0,-284.1344017064682,2979.2380257037703,-375.70108179968554,-833.6250710700352,-2233.7596627443786,-3135.60730618567,-9789.895163669924
-226.17585405920704,1317.5577337240322,-564.8071548308119,-298.7577916060637,1222.5497218156613,-506.41592230641527,-345.4504532734853,1138.2411186899649,-459.42502726628226,-408.70649690090573,1039.974443228461,-410.0996805962386,-459.45037177023744,964.5102071008333,-373.60164197550245,-504.7541483187179,883.3609804150041,-340.51632480881585,0.020103352844506844,0.014462773865448697,0.01750008504988043,0.014641712436152088,0.016200443910319218,-659.7564925029899,632.3482174295415,-237.91902022307337,-3358.304220521452,-5358.176401785047,1887.2513291388923,0.0454813928248331,0.0,1.0,1.0,1.0,566.0245479873395,2588.082604081085,-792.5888005800387,-3358.304220521452,-5358.176401785047,-3799.255555939217,-9800.971484966085
243.4819273290659,2450.0,-693.9007545023645,228.6024176770791,2362.386579884129,-712.9325306672476,216.57174585938068,2292.5513115330114,-728.155937176773,191.4608399721868,2181.839654884585,-768.1344206261983,182.58602438659784,2088.029087204532,-796.1997514902762,170.98199654678336,1993.8907581940714,-829.6949137551685,0.01312847767411543,0.014355103499840732,0.017055524102892627,0.016385378877965248,0.01503792982031911,-140.63757869846822,67.36906949042813,-684.7371013818934,-946.9298564217308,-5853.831830333975,1243.0042445265162,0.33021545717796497,0.0,1.0,1.0,1.0,280.7462074092017,2672.324233989047,-651.2782596678119,-946.9298564217308,-5853.831830333975,-946.6527758125885,-9705.807292630929
265.43021124345705,2420.9609649137246,-810.24562589255,229.0757615178216,2392.770674328988,-834.6068881260989,187.4135126074513,2363.176365632902,-880.0694168119734,153.6754500722606,2327.2543040898286,-921.4891884663095,123.74913397537155,2294.54929590706,-970.0731719495827,70.54277885720165,2263.508675193791,-1022.2185306331615,0.014470800595227207,0.013149689962320216,0.014240955173531189,0.012087587871418226,0.016265154816184874,-1160.3953168120702,1146.1976256935664,-476.09062483677343,-2510.3898341968525,-2257.959974552109,-767.8164349866843,0.49539013711943625,0.0,1.0,1.0,1.0,734.9490080065516,2850.957406480396,-478.48926779654084,-2510.3898341968525,-2257.959974552109,-798.2472006891021,-9809.30873437347
116.99695280446608,2230.778552974841,-662.299204833241,83.8785008067317,2167.4309562995554,-694.7822436688439,44.20886297551891,2106.1686354194762,-737.1209418012169,12.299471853823686,2023.6399376466481,-787.0177849251629,-28.298294127538778,1948.8594962638754,-826.7983913787806,-68.19187430887204,1861.308450632721,-886.2171389890567,0.016241916338685297,0.013818933182169757,0.016655799647872893,0.01629855244917383,0.017754851460004356,-751.5464941714527,513.0248268670678,-543.0859690172022,-2320.128534845606,-4600.935682896169,1739.241417441236,0.2939606123975501,0.0,1.0,1.0,1.0,408.5177732513513,2813.4926683151452,-449.6033285640915,-2320.128534845606,-4600.935682896169,-1094.4716918711592,-9775.439208457736
436.3750969067609,1800.4256151903323,-417.4052116186851,428.16965728098216,1729.4358819123017,-426.79220989622075,415.6978418949562,1664.385498390538,-436.37188036159245,401.15210064062467,1588.3610762378923,-454.7862595682588,377.1321904868936,1533.71708656134,-480.72694660507904,364.5941834998571,1468.9229120948235,-498.52599285217076,0.016814272972323685,0.016172789234698837,0.01891406394359485,0.014156572281784352,0.017292213622155106,61.065393410358105,99.47284143999207,-809.3795471769527,-893.4518581101019,-3988.4778184733636,2877.6941945396647,0.3429769790499389,1.0,1.0,1.0,1.0,668.6126569252256,2811.637758001873,-555.5308749276328,-893.4518581101019,-3988.4778184733636,1814.9593816857328,-9823.717724720971
-188.96628856000913,2426.4567640533396,-12.794248180777457,-260.49106946599363,2388.2747249824006,5.694308017118189,-342.08092841977975,2344.1660578950527,12.53887141222436,-407.63659766391305,2306.671872226455,30.38048698951036,-479.8732900099232,2254.717095760834,31.2721308482255,-540.9501955970601,2217.962520400556,33.311869530209556,0.017135718434146963,0.017391520998673998,0.016936822411288327,0.016448966288899525,0.015153346557277014,-1327.1619024642928,1763.7932758677077,-110.07271843837589,-4329.704158273131,-2525.7504075818924,-1680.005011623962,0.17979884765785276,0.0,0.0,0.0,1.0,664.5020103413456,2925.638463355389,-392.20997354793565,-4329.704158273131,-2525.7504075818924,2906.6887294916105,-9971.073350251248
-15.138438437499381,1875.2544713204584,-499.5267163458827,-13.103982066194336,1794.4586769786972,-527.6256323461217,-8.456604126579153,1684.8132868791383,-565.4619044626995,3.1824489687897337,1574.0138691789348,-607.9336554256914,9.8471621721521,1488.344076860394,-636.6511128075623,10.57820334991495,1404.623527357169,-669.5655262025668,0.015013178948621142,0.01905596930522685,0.019044683562711523,0.015533214757904562,0.012556677335536642,102.48386553081296,35.878727696468275,-827.7933687358726,381.09905864713465,-5823.825354381394,3096.7198097000714,0.23677120507886493,1.0,1.0,1.0,1.0,-72.82170144686904,2714.8383907119105,-344.56817865646343,381.09905864713465,-5823.825354381394,-383.89830669260834,-9770.521530877846
301.784257647228,2441.3164010669734,-927.2570818431908,326.7857639534921,2403.6362655676776,-966.3553480544684,352.5884144687305,2361.7980425770143,-997.7800814827398,370.80538009259055,2307.3014079388604,-1047.2872364330897,389.05280613264654,2268.51163199086,-1086.0507102610504,407.7287195496747,2232.6770604372064,-1122.5095073475834,0.017976847093020748,0.01696768306545282,0.01599728280532886,0.014737407349608656,0.01662927482306914,1141.7904349116993,722.8233710568206,-1073.1097824076137,1263.1282287489018,-2603.652161987311,-2686.3980265287314,0.5795094011187363,0.0,1.0,1.0,1.0,-7.656253249801807,3092.1468384652776,-715.2300406279305,1263.1282287489018,-2603.652161987311,384.933865360174,-9876.327561852937
339.2490787235929,2379.883611140516,-1089.4613146942652,346.0711712463928,2347.305872433449,-1043.464379392964,350.5679025277344,2303.4421142206274,-991.7118785332642,358.5239167006721,2262.869988472628,-938.6060155711182,370.72212728354145,2229.933398387867,-904.9939344580102,374.1197071217975,2198.75341854067,-852.1238020761216,0.014285252758886868,0.015768583404208725,0.016256407701204734,0.012813138208307207,0.016554305029260308,711.4679842620076,518.9930753947401,-1160.814902599316,504.5460282344844,-2510.334963023352,-3697.399476799771,0.6672120786967952,0.0,1.0,1.0,1.0,204.39922588634727,3041.8797132331997,-541.6297834941433,504.5460282344844,-2510.334963023352,-1285.548504042437,-9705.044388077678
411.60133519707273,2292.8511995287786,-312.6575972831038,388.99395713750596,2228.7897061452886,-314.1530345707947,376.5034328489974,2170.884386286356,-325.17271229120666,354.4190385779332,2101.60812174699,-333.57852079128196,343.89906764839225,2047.3974349607724,-344.59923630287557,322.3839543286845,1995.9465720860874,-362.4097741608561,0.015687510493786,0.016292452121361045,0.0191596998033835,0.012597441666427345,0.016033812061851616,-180.50564611745565,241.3818024226739,-615.7769178201231,-1070.7502862314348,-3720.112088412225,2450.537289509659,0.47058303667006623,0.0,1.0,1.0,1.0,622.5570685561202,3031.4658687318424,-467.0842065359659,-1070.7502862314348,-3720.112088412225,1746.4109645801425,-9938.674824725733
74.88031864720858,2324.998486131028,-410.56640750799033,102.29910731129551,2216.285829393061,-463.7706275093518,113.66190340092426,2144.7567561765304,-507.09135587541533,146.13456489349727,2025.8502042496673,-566.3383042334783,171.04307104683824,1915.063382021661,-622.0269952278904,189.5341782258808,1806.9178283618114,-697.0964290220113,0.016297886946938296,0.01430617165372658,0.019442195080810562,0.019215273045756792,0.01860542324215675,529.8013787853527,300.6680310168831,-568.0662051731617,1279.204017074664,-5742.119324112705,3169.4631941792395,0.26278026499238294,0.0,1.0,1.0,1.0,11.723751870113688,2626.2263572825314,-286.2400250058214,1279.204017074664,-5742.119324112705,-2118.2932600949553,-9861.85109673609
247.52198491627843,2317.051762690004,-1068.1596418799713,206.03160768369966,2260.615372768274,-1026.9384577861267,185.90945745404784,2226.7106844186383,-998.4209419165352,155.35411996150242,2182.2407644772265,-961.876066076893,116.15862273192265,2141.42300014681,-932.1751694176655,91.72832672112997,2099.3087600403474,-903.7943510684252,0.018970612907736217,0.013567186813095211,0.014965420343180602,0.019144145862771578,0.01368522415541562,-800.448994129742,883.2824912886899,-1190.822584402927,-1957.5008542478088,-2674.3606257031956,-2854.9148882047007,0.45446349863033875,0.0,1.0,1.0,1.0,697.0391593698346,2929.1683699516407,-805.5505133152666,-1957.5008542478088,-2674.3606257031956,-754.7840327607727,-9838.774777512348
69.14556093402724,2269.2910082652324,-425.55567135947166,139.69183548956823,2209.8938535159455,-458.5222156147616,199.3745944231693,2149.5613436385,-490.56638081464087,262.21291931318825,2083.4970964715417,-527.501280871019,320.1162219151142,2033.2892351511139,-575.7006882268266,378.3665410682555,1977.760392276805,-613.1157728856288,0.01860674165150858,0.016611980716692953,0.01608825838111605,0.013630816808999274,0.015240013892438231,1174.0478235253615,1229.8244972295586,-932.8417792450111,3883.2369241705637,-3633.332583679515,3765.362272843494,0.20656861858393305,0.0,1.0,1.0,1.0,-456.9116846262766,2755.8241823749486,-240.4255347519155,3883.2369241705637,-3633.332583679515,-673.8683919911518,-9910.396499167677
-72.44895238257314,2299.5589552430465,-881.8657637277805,-60.18097936577215,2206.2127937013174,-918.9221761315486,-43.846809444925995,2099.371424656436,-963.7190158809277,-25.080054239910485,1987.70569726335,-1021.9764028782705,-13.82704205431276,1873.6229618954396,-1068.6815097264673,9.567137098709251,1767.8930670227805,-1125.4797502973825,0.0159102751991856,0.017536997327897638,0.019274343735724994,0.018020171426039733,0.017101963340837134,252.61468921431887,79.60717485653691,-622.584399351929,875.3685918665152,-6047.672906726103,629.5902524720929,0.2795634021038765,0.0,1.0,1.0,1.0,-101.9095904916199,2528.9147020806085,-797.3904353869135,875.3685918665152,-6047.672906726103,-1956.790169573241,-9818.317240395918
198.02169883004575,2195.4551039695953,-186.52241991485573,177.84462860586936,2134.7026836039067,-171.45734281802456,158.91977996758544,2072.9421951513777,-157.3887197679723,131.0498968982899,1978.7881213756812,-144.12511267287837,110.21845589548282,1912.703036125703,-135.0302373319133,82.98064209066774,1825.4881140658676,-122.21705820219239,0.014513264483304297,0.01254236078866583,0.02098136086916033,0.015062477495999288,0.018756800036059784,-440.06164600613505,27.844553952385677,-813.2642895084693,-1285.592206085402,-4411.566071158908,-3689.3486349273694,0.4092890345058756,1.0,0.0,0.0,1.0,324.8657166146795,2652.726366291934,-356.3367742700549,-1285.592206085402,-4411.566071158908,2153.4578274032806,-9819.84279383302
477.1573921299241,2427.4434095160664,-431.7209380963351,449.3432533384649,2366.047131123021,-466.3567097012003,442.2156028269709,2300.0625609535505,-492.74102220774114,412.70570771329704,2233.09120831546,-524.3591413706514,393.8005040973395,2154.0813339923857,-556.5045398770329,375.49664975371405,2106.7913621582093,-586.4301001686915,0.01661321958660085,0.014984465472354588,0.017639060471492274,0.014482208141328112,0.01657421058462691,-187.7810304143531,216.62794599357312,-402.3873134758145,-1229.4686147410748,-4131.281718046623,1290.3486925065658,0.4561535917695831,0.0,1.0,1.0,1.0,574.4895107251136,2778.0226111824795,-343.6222342319014,-1229.4686147410748,-4131.281718046623,-716.683883340056,-9798.868597474333
72.75173848706785,1382.5879714040407,-594.8435264420214,102.76845610557118,1290.6051653009858,-616.1215009757597,138.94593036726,1193.596632749323,-648.4346844740284,176.7407980833582,1091.6870185866574,-693.7427264085032,204.652539810945,998.9724458557786,-720.2514799839719,237.1378557627548,905.415624118267,-755.7232833235089,0.014518256643037353,0.016679274049173798,0.01669765100312634,0.015404222400731193,0.015833521949860763,415.90624036404324,359.14300680014753,-1012.6318013831374,2054.158879028349,-6150.811732673401,-3359.884601980178,0.0873994531894593,1.0,0.0,0.0,1.0,-344.1325448764461,2634.9433478893015,-436.58977986922565,2054.158879028349,-6150.811732673401,246.14394514823493,-9746.023100347056
-165.97550136779805,2287.0562886320376,-904.0075969378383,-167.3286490890027,2241.6491021192296,-847.7735945876614,-164.8890905989217,2186.2492401864342,-795.5948957636981,-155.16286217706852,2140.0164519992204,-743.9795723332629,-151.75448998603696,2093.7286195227116,-694.1326346923122,-147.4173659798991,2044.5367799232854,-657.7062156517155,0.01786598098987352,0.01583720581027756,0.019079707367867044,0.014754761356353091,0.01805706510258126,-17.561010858603083,232.75738888194513,-1004.8857334289362,210.20741340588842,-2882.4967404476897,-3645.6702631921007,0.6290384173403434,1.0,1.0,1.0,1.0,-206.74768292390343,2827.004455284875,-743.3594705873799,210.20741340588842,-2882.4967404476897,-2856.855137686825,-9807.42296894918
114.29001207610337,2256.00379993446,-808.4549192030973,93.76598616302384,2206.0032788842564,-771.7840621064072,71.68958443757427,2163.658544905599,-741.5479016749457,48.805665563558236,2091.8957088025422,-696.3649486794694,19.65617198336528,2037.6748904329716,-667.081684928108,-8.27668850964037,1980.3992811570008,-639.251178124306,0.015488443744090724,0.012049234089084732,0.018052754062158727,0.016777275148409987,0.015552995051317242,-754.3829411845361,319.07695582950464,-866.6793362268355,-1600.47600579544,-3539.763054952252,-2779.0653310431667,0.46922354800861854,0.0,1.0,1.0,1.0,485.9859633069299,3062.393323417502,-785.8932191217049,-1600.47600579544,-3539.763054952252,-2478.0709533113763,-9795.64309209125
-142.94520545048448,2372.2210808494565,-695.5660605666441,-143.1256557230053,2335.618496165149,-721.6591736098161,-152.76536564300835,2297.6037465125555,-752.160902908478,-157.1881298656408,2257.2365624200397,-784.3333036019454,-172.90021539830684,2220.0901868355536,-820.4933526013352,-169.58570206836072,2178.5118237653187,-857.6504276261071,0.015728677420643655,0.016035838046671247,0.018620495229360545,0.0174423169557702,0.015748512284243954,-452.0488403086214,312.1823125058536,-1091.9059196611236,-359.49485768846375,-2415.7994531303807,-3183.3772102834314,0.7705109526101479,0.0,1.0,1.0,1.0,-53.00954827442399,2993.7197054805883,-623.1423267699649,-359.49485768846375,-2415.7994531303807,973.7340199275698,-9798.463981134164
-96.38434690654488,1771.2359213974164,-383.9616799703983,-76.36392611937723,1719.8013485367817,-395.2428862125545,-77.87238328626617,1646.4871822713467,-423.7145469073055,-57.13409917327133,1572.8246367692047,-442.6285574341579,-46.279480431107864,1507.0995737112141,-464.18088028824667,-34.719207564239866,1433.0964238254014,-491.978221485162,0.013211661256776364,0.01667225150928267,0.016923361137470616,0.017680918101826648,0.01841844632518863,175.18821175897773,88.27416947304948,-834.6580889596294,656.3684897024235,-4168.469235359385,3077.8658641464253,0.32191654634179867,1.0,1.0,1.0,1.0,-235.04209430503738,2693.567441572674,-436.03039192810104,656.3684897024235,-4168.469235359385,1287.5740974225837,-9802.987959771759
244.34889199162077,2202.708171666912,-624.0294743668203,219.34712706082078,2121.366876684655,-703.4952272362515,196.69964066750052,2042.7563816877032,-776.3405225450667,173.3804901080447,1979.7922166535568,-832.9008507138246,143.8166258600045,1900.050354467151,-911.7850234316439,132.17149160700174,1838.000628795266,-968.7060439058213,0.016597573792276138,0.018608871762441984,0.012766443208048123,0.01976842914971924,0.012753264641169382,-263.9160895903353,475.04914496871856,-177.06239746322632,-1323.8913586857768,-4530.062650822236,2423.103467700206,0.300315401681096,0.0,1.0,1.0,1.0,345.07393540512214,2558.8779643469425,-360.4161374291658,-1323.8913586857768,-4530.062650822236,-3068.929120840991,-9670.8829446358
-139.71711005420897,1943.8113498690557,-933.2450084861009,-149.07060623350395,1903.1465650440016,-859.3313287708588,-176.55904753039223,1824.3081712669637,-787.2389957789205,-187.21300599032836,1777.1465168281886,-716.1534293094222,-210.43069449632407,1728.4979462474332,-645.5032215497922,-229.21135089241955,1680.4280280334067,-596.3793017335285,0.016155303744603944,0.017350155259439365,0.01659516541374559,0.017528881521872708,0.012561890805083742,-864.3902980135922,-134.54851319881408,29.362569677539515,-1158.4862532449572,-3315.6097363081,-1549.933756195735,0.5472380896242411,0.0,1.0,1.0,1.0,102.94572344594599,2633.9856166184472,-458.1471366591739,-1158.4862532449572,-3315.6097363081,-3462.139191529994,-9829.044767689451
497.78202510593013,1953.0501979048136,-974.2788129762831,514.2185177742971,1905.3179547148413,-925.1913954951585,524.8584814962121,1853.2288133947463,-884.8291537524718,546.3787652595119,1801.1237800589167,-839.8251084437576,562.2804526613135,1739.0526995263758,-796.2225578010871,578.8674659347912,1685.090193989711,-761.4435698949419,0.013388156583151067,0.015315486867203798,0.01598608955569103,0.015349986851264652,0.017213468671776533,1003.2342401162659,138.52163980706968,-630.3309351414118,991.1198646281665,-3569.7894093510145,-1886.17204064159,0.4326418105747794,0.0,1.0,1.0,1.0,240.07194435257372,2887.2594850073556,-586.7359617427217,991.1198646281665,-3569.7894093510145,-1637.650387071823,-10046.158653276678
-153.05878403716505,2158.9624800784145,-343.82376842453,-188.56467206205426,2063.38799703063,-379.17673651475644,-212.9003353027405,1990.347965081027,-409.8365855823272,-232.3562758934548,1908.5643435176687,-442.862942194342,-259.02595858187357,1832.703947008585,-481.2736032549568,-289.5855205536366,1731.4352320613211,-519.0127669752088,0.016953099673407163,0.013129620303979253,0.015306145859044815,0.013726633105793307,0.014748515711716675,-738.9544585800278,280.25055315694834,-817.4215768943693,-1758.8032358186204,-5655.663442287969,3629.1666254114853,0.2585174230406896,0.0,1.0,1.0,1.0,-17.845131894394058,2599.0725644950166,-222.21363712430662,-1758.8032358186204,-5655.663442287969,-1234.9554096543427,-9783.414430602448
364.7407911702797,2422.8019329940803,-199.08186899485992,368.00502904351697,2380.912072211571,-207.03980121996568,376.8331108463456,2343.984266566626,-216.4047732733906,383.97966117458407,2302.935627657208,-228.48024980740135,394.51099434242144,2248.007905524083,-243.72109920077796,401.52693197182964,2213.880721641607,-262.9957640406417,0.015203594987376112,0.01889616768060462,0.013240793288387648,0.01878159988584882,0.017130269565874268,770.889213795604,-280.6033547664336,-403.3495931887476,383.8796129200191,-2540.1261799493,-2006.6839912800888,0.9805101061568819,0.0,1.0,1.0,1.0,287.2009015163858,2919.955631969695,-331.6589225783096,383.8796129200191,-2540.1261799493,1622.834723231671,-9717.44300612745
-181.3112913592291,1735.105504018855,-490.52311075521675,-210.6307911707434,1668.208737020985,-522.0976556552644,-247.95282862883715,1604.3386716661005,-554.5090588731867,-282.5112392100639,1553.8560085574018,-581.1775909850287,-321.87164706800115,1487.5058256391617,-607.4698754873854,-342.1272338636026,1431.5193610863728,-625.1550116924977,0.015066868250707632,0.016986054213600055,0.014010087050895736,0.017837957354767953,0.011707084725093297,-886.205801109188,483.9842461772382,-907.5858064837122,-2200.2128715242175,-3890.428752421479,3128.5433876489087,0.2451767867104543,0.0,1.0,1.0,1.0,389.9176643748583,2740.4329225816996,-472.67914397359243,-2200.2128715242175,-3890.428752421479,1150.9535192946803,-9729.82172198888
-75.08142360579562,2407.4517640098566,-837.7849546499956,-5.870212555323433,2356.3631120872633,-861.3672013358682,61.988475686014006,2310.3448611152576,-886.2735195540447,124.47994658710198,2268.3564353210454,-911.9783317775782,189.53415373218795,2221.010961262754,-942.3608937855377,245.9827263434381,2181.3087414254637,-962.049615869391,0.01742045841040815,0.016425861066826253,0.01651270868927647,0.01579480863626609,0.01225961260280109,1106.4959287127756,1586.4441240571866,-887.259321650069,4285.591564682151,-2983.0204610063624,1582.1805269538586,0.19899383805734525,0.0,1.0,1.0,1.0,-414.88907674938844,2645.416387714439,-770.8004834087678,4285.591564682151,-2983.0204610063624,-490.7905555565185,-9715.368087816787
92.34616980102592,1799.304281646669,-453.7059197641088,86.23639134667127,1730.143030198916,-473.41747708842456,68.59651369760802,1647.7523222136215,-498.28668599869223,56.24424009644272,1581.0963913147148,-518.5019173764314,43.193011352016185,1508.003789455661,-550.9314867111748,43.41137922469447,1433.750801564401,-586.5012053758919,0.015053942783894214,0.016626786470245042,0.014388186550579468,0.015743081757240124,0.01468715304396867,-186.7752198118627,80.23849404871703,-824.28008604579,-771.2982921052333,-4739.805004480759,3002.336175339991,0.28658461903484905,1.0,1.0,1.0,1.0,245.15182376706832,2734.5292965579424,-388.3382814686959,-771.2982921052333,-4739.805004480759,656.2603536698056,-9844.976807310784
384.45611013420654,2356.817331971387,-1096.5290103516636,394.5285716541068,2318.117513285193,-1134.6003869174947,414.2428198530129,2279.361653432657,-1117.461327149885,430.3072348720686,2234.318684329916,-1072.6014489361853,461.9261177188302,2188.910203004652,-1028.5534003805428,484.6828646363161,2137.7756202883593,-977.5708971762233,0.014447034022661731,0.01555304252055098,0.016036768182205646,0.01534519829944439,0.0210370365096606,1177.4544942676607,718.3687431264981,-1034.971393450412,1308.004532545731,-2674.503160139758,-2722.7192684077254,0.5315416387210898,0.0,1.0,1.0,1.0,111.43080024288747,2898.088818640388,-703.9282893792573,1308.004532545731,-2674.503160139758,-964.2374133499507,-9792.910288686719
70.8978021544263,2354.5800383014666,-370.8722795758014,60.27141076813594,2307.6588546119356,-372.66901834410174,59.833745740029116,2267.9145063317665,-365.9572931960886,58.33501021452338,2229.395703855195,-376.95883870420624,47.55165556022463,2175.929259696732,-390.32720213665334,50.18180953510796,2128.131520485947,-399.85041763449806,0.013839909106202392,0.015893638466948218,0.01394758814384811,0.018332698525369562,0.01684117404991048,-158.95219274344177,-2.272287466736767,-365.79422582548693,-281.7839390263463,-2914.9152552930764,-83.97694545035193,0.7302892936278179,0.0,1.0,1.0,1.0,117.19606750237756,2854.3446627204853,-499.576473231724,-281.7839390263463,-2914.9152552930764,1612.950607089044,-9695.38762015237
548.1490154720931,2057.807797290259,-867.4003436506383,625.7953405998185,2012.0646578686635,-828.7261839172448,667.6574044727506,1965.7134704432772,-796.1479910004058,736.5007040292793,1928.38515305251,-757.4501940103756,793.320432685726,1881.4923309041558,-727.179932084418,852.174676644047,1844.2840749558995,-704.475172095324,0.016349175403411992,0.014058464048581937,0.014314687141838423,0.017012251185555716,0.01393647885027477,1102.499069129166,1663.2000407058208,-602.2658844074207,3908.0967547528994,-2818.1356653009634,1200.804106867436,0.06458979318375407,0.0,1.0,1.0,1.0,-323.9562463556433,2691.8195585406784,-778.5230726973269,3908.0967547528994,-2818.1356653009634,-2208.4326085247,-9744.075139307663
280.27143534829895,1953.6892731936568,-325.56616838215984,226.7383541264295,1822.9982884831309,-363.7893494527512,192.7510093926804,1725.1802146728987,-383.07539867654435,143.70736227088213,1606.365102237795,-426.0686198370107,89.84049783849493,1474.4760365799177,-474.83371708612066,38.8277684096891,1364.7737334357055,-514.6389591191406,0.01791838480825081,0.016419863751777758,0.01487151480177304,0.02100603522291908,0.016323759171059327,-359.34887692551064,342.5335175325224,-1013.7128557758014,-2682.4152986107238,-6709.995202580791,-4034.3991397972304,0.15261429621247,1.0,0.0,0.0,1.0,552.6723246021361,2623.9318864099932,-207.7251575529706,-2682.4152986107238,-6709.995202580791,-706.7049673958827,-9787.335801180452
348.9490357539959,1299.7490798505887,-479.74673008833327,376.3287416471953,1200.854593688404,-513.0693778759767,408.0769501721741,1097.1986083739585,-531.079064771382,435.63800982249734,1002.3815608943054,-558.036433731182,466.5267367210609,905.4189202713147,-584.5214226953525,490.73641569878066,795.5621267403386,-621.2177598656036,0.01715738818841414,0.017019729714743498,0.01623375461878937,0.015785385429716414,0.016957804769750673,676.885278672245,145.87862871112668,-904.2330797643568,1722.0305131374917,-6106.3575361928215,-3153.6141166973434,0.10668517566417896,1.0,0.0,0.0,1.0,-3.316774017065427,2557.8898555072888,-431.1732629626701,1722.0305131374917,-6106.3575361928215,758.3745379546227,-9903.768745954356
-22.49348672490615,2444.847351872272,-765.0555950471015,-66.54851611444673,2404.595721711869,-775.5597021353178,-105.14869404835626,2378.984362293717,-792.5320225171313,-150.52973055988755,2343.9744359650554,-823.6318065952266,-193.96888877042662,2304.3692355920903,-837.5531592580834,-235.22415792185507,2259.612338015452,-863.5675263888797,0.016106903080542107,0.012910153746496511,0.014524705051420367,0.015096043613478827,0.018730331519704796,-1195.7566290575764,1416.8014357837608,-745.2627410514577,-2827.8228781445923,-2494.2409647195495,818.4899172052524,0.3363377753007871,0.0,1.0,1.0,1.0,373.6850683126713,2801.105171203113,-718.6886929344499,-2827.8228781445923,-2494.2409647195495,386.575070774017,-9800.451857394271
-368.9741523166279,2447.711133990699,-814.9207389298658,-390.4417884563514,2412.3943351796916,-834.9654435375894,-429.7141521311967,2374.8085067216293,-876.2556523809438,-453.6525690207697,2339.5701083023328,-907.3064766465449,-484.1482689076895,2296.9937677374223,-949.8807554615273,-523.6927461332506,2245.2623466575005,-993.1067415927396,0.012612740978735881,0.01725346519181792,0.010809663953193993,0.01442905992707666,0.019819243295631173,-1444.5417481135507,1095.961100459921,-618.7854378557802,-2083.6536413763542,-2613.3843445124285,-594.1591576998283,0.44103472122457305,0.0,1.0,1.0,1.0,180.70809216000328,3134.400889179633,-615.9248922010545,-2083.6536413763542,-2613.3843445124285,544.8002686118987,-9934.215081131078
323.35238188107206,2372.2295579360352,-750.6200596155517,305.60922730597855,2317.1859430470427,-791.5812085508328,274.26190211949574,2242.3603196924523,-868.4795921367999,253.17414186431446,2174.2561356680717,-924.4740279040948,223.8468979059028,2126.150135897531,-984.9443133092049,200.1571906613392,2055.4627749733695,-1077.4091610171965,0.011660435497057448,0.022609664370810093,0.014994499725219101,0.013799449479993023,0.018144310916303613,-539.9615328773205,278.8166124529082,-96.96716006802365,-1621.7199335234943,-3909.9327554763927,298.01950088732855,0.4536572990241431,0.0,1.0,1.0,1.0,433.07042723677546,2624.7762657387375,-534.3353630502206,-1621.7199335234943,-3909.9327554763927,-2936.6628812951985,-9757.311851665427
306.7801587659092,1372.3067859704574,-988.7303783720444,301.2889451910064,1285.6774145690858,-1046.6561715834684,318.812973964308,1201.0658780887704,-1102.2089808078113,323.66368962976435,1115.718477956661,-1142.6021657445763,332.3212632723666,1046.133777539211,-1090.2516521353682,341.97875561724624,964.4907789067803,-1045.0427063448915,0.01708024601306901,0.015314796154008381,0.015161273742432257,0.01476508157804779,0.015005696802821822,436.708865458804,151.65424472592235,-625.5061414414985,607.3534339107191,-5348.306902858649,1973.5699204432667,0.1517669528985473,0.0,1.0,1.0,1.0,166.43658736853536,2531.6508164980214,-500.3395187549165,607.3534339107191,-5348.306902858649,-1203.8223566015843,-9772.375923484942
-96.88782105115278,2382.8185084308307,-432.89333897903265,-85.63180954196858,2326.084025387172,-478.0985048666891,-77.2976560348661,2255.610164683285,-528.5052030302431,-70.36937927904071,2176.9029351010895,-578.0968449544396,-55.43213555533815,2116.9274336491562,-632.6192847731206,-46.703794137205605,2055.2948545681397,-685.4415532087675,0.01424624859614046,0.016759072660158497,0.016066862579806773,0.01478389454703219,0.014859089522261643,215.5837192783914,360.70872031835415,-224.82286182604574,687.6960754328578,-4470.849637420883,2148.0739510347603,0.37704703174831056,0.0,1.0,1.0,1.0,-155.77216145535232,2774.96752452563,-213.74651325160335,687.6960754328578,-4470.849637420883,-2096.9035508838942,-9832.683094931792
-264.8945894667005,2397.8472579994063,-1057.957617587434,-287.73352205050736,2358.4779551088113,-1002.5406677882446,-314.2876229631748,2304.857896170681,-953.1602022589447,-339.3247874901073,2252.838267319121,-900.5624212971712,-360.8235963103219,2188.199308427519,-851.9098926528509,-387.21276439966186,2156.460625838922,-818.9316004010159,0.016321282014627347,0.016745974108330675,0.016076625160539537,0.015231055010716421,0.01434219543428722,-1201.752793048026,525.8730446328573,-804.2176341359661,-1592.6716592267846,-3183.8744519743254,-2527.1645472844098,0.5117540805496081,0.0,1.0,1.0,1.0,104.23796751793998,3136.6500952517963,-616.5551255021969,-1592.6716592267846,-3183.8744519743254,-1622.3286025679336,-10005.286668830253
82.95394271851198,1972.093351932427,-704.5933883444134,98.7682219090121,1920.499499484492,-736.6796195967281,112.252014318299,1870.4331892481819,-775.3443900793418,123.15970272984997,1823.3145982253643,-805.1394828964771,142.3666619033387,1765.9662136241018,-850.8015320550429,153.8446409777009,1722.4113870952294,-890.7340438220544,0.01803192352068636,0.017118839648517514,0.016778410090375645,0.01673214539197654,0.017758220175774664,602.8454334826891,42.04035426504018,-658.6666281255791,767.5941791059704,-2873.065279035027,-1449.4245415101523,0.5845289806059568,0.0,1.0,1.0,1.0,-61.123531443976276,2527.2418206303323,-552.8873922686483,767.5941791059704,-2873.065279035027,170.61994235997687,-9795.460982924862
205.9742710252273,1865.4116694456486,-947.9852708587525,168.77324313410492,1824.6599866715267,-906.7130530796385,140.46381919507215,1779.5628856997319,-868.1951336244292,104.95115699795373,1734.6919345772137,-819.7294146955851,67.37904585166018,1679.3061987403703,-781.7850393194751,32.49900566705489,1631.2703807873584,-738.061042819421,0.01384573028881142,0.015557229032615166,0.013477723411849413,0.01371467672341381,0.01611506600701884,-804.2789152346668,489.36699252950723,-408.6857771507216,-2453.690747646728,-3358.860829384786,-711.5434160637736,0.339087967686504,0.0,1.0,1.0,1.0,717.009348306306,2571.8607067480684,-664.2631180551297,-2453.690747646728,-3358.860829384786,-2362.930118182912,-9932.484303092302
-205.70795357252078,1749.2513838052505,-216.27192248566197,-250.23369845833355,1657.976315214413,-213.62395993532374,-294.67642470806857,1571.7002543960132,-213.30737261785745,-326.82074766910205,1487.2460044097418,-208.96520313656754,-370.3132832569228,1390.7096170574744,-211.0678201755355,-413.5082824735227,1293.6366566476129,-211.68358515864415,0.016930425832554163,0.016048894478461334,0.01353971167228335,0.01802133285243454,0.018053932768494735,-892.147379470959,234.74398706872228,-465.1105849572634,-2505.968685458538,-5534.753991710228,-2230.542471792779,0.19084939569268025,0.0,0.0,0.0,1.0,147.82962499433427,2531.6668936284686,-383.6473966452504,-2505.968685458538,-5534.753991710228,1837.9487931806666,-9803.593409574567
-259.97358479784003,2450.0,-1044.7277342898037,-241.52486240569655,2404.416214782806,-1000.6547038321501,-222.26523655876585,2368.234157640995,-943.870072230088,-205.85016035288302,2329.0830800489193,-907.9956555762925,-185.55761251673397,2292.7506787384045,-854.4474286367279,-165.59522419133557,2242.2037287367575,-813.2641468750594,0.013887824477619382,0.016220771543036416,0.014417682651383906,0.013332301403628954,0.016805653901691087,626.0260544810434,536.5766746653102,-1097.7366340725998,1226.8600740206573,-2658.081023027093,-3555.7144043510843,0.6422920257092499,0.0,1.0,1.0,1.0,-514.9538143581674,3008.5920260804987,-638.976091500202,1226.8600740206573,-2658.081023027093,-1936.7043940723074,-9692.203985652946
133.59379659277008,1396.1577585490566,-1048.6715824406272,82.53851594697731,1287.6343403036467,-1126.4613384979268,42.82972826152625,1204.456237943906,-1102.9276469402803,-10.920178526755798,1106.8118000976601,-1020.5718041917174,-57.68527167483776,1017.3077501899975,-955.3282280435104,-104.60358529328256,919.514870835714,-880.3886645365365,0.01469431915287675,0.01310149789850465,0.017136232083084013,0.014690082673044474,0.016391449334541508,-368.0816252834058,401.46434014127396,-542.6961755516055,-3128.546826142536,-6168.281332927224,3655.961294577106,0.08321254496590907,0.0,1.0,1.0,1.0,726.9097638664816,2560.3628066658034,-310.7223168912432,-3128.546826142536,-6168.281332927224,-2967.464895318673,-9829.15972314297
-177.4639771718197,1383.5964215250176,-839.764119723114,-224.8083518576995,1301.5290429489237,-872.759648717513,-258.43705621977705,1220.5364089307732,-901.3235101457126,-297.40802008863216,1136.9486718730373,-937.2821489518358,-333.88216189371656,1055.2576783560621,-981.3267957825057,-378.54396309302626,956.035302791596,-1027.659217875449,0.01584757874831938,0.013667136966680843,0.013872243769488729,0.01615537634278097,0.01643728843639164,-675.8954665316353,310.30978447757866,-929.5643047258733,-2615.7135003935605,-5651.695034673298,2549.280338958152,0.11456146655808752,0.0,1.0,1.0,1.0,370.3899336257889,2570.987798346904,-599.4242994747088,-2615.7135003935605,-5651.695034673298,-106.86613458796438,-9825.687292577048
119.73877818817043,2199.562119815279,-641.082133221275,96.54408480471318,2163.200981297335,-672.22790386431,60.94644870103113,2101.6009109273623,-693.4924193512419,22.8034186889885,2043.9820625128793,-732.643001916369,-4.6430386501793395,1986.9511883818664,-768.6518659541929,-30.995891159099568,1927.651082169055,-807.8068671595362,0.013995227492600515,0.01567817431027127,0.02056932955975302,0.016004111613436983,0.012809704521594162,-803.1048921639975,528.3735355741875,-529.844665586654,-1949.961159303169,-3535.178748442162,837.5137008321415,0.39714756066266305,0.0,1.0,1.0,1.0,474.1196671795773,2843.915615803809,-494.09690105812285,-1949.961159303169,-3535.178748442162,67.03028501381985,-9753.791499230587
399.5881736039564,1786.1758525377275,-1005.9210276378233,443.66210462804594,1715.2155813513732,-1082.7125788794372,495.82351994712866,1646.3724651312075,-1133.3998911986337,540.895529169338,1579.0501881852144,-1072.1731504562895,569.7882661100597,1518.2972733047175,-1024.171820868232,603.8926815759362,1468.581037216186,-973.3423456787826,0.01634465407231192,0.018918813950267704,0.014895590368724787,0.012635818659358533,0.013888325723949158,987.4695338497439,880.8469651587694,-511.01829350570273,2684.6690165840455,-4183.1068360863055,2599.2747386318138,0.13975643992789488,0.0,1.0,1.0,1.0,-180.36148836431693,2700.4984388563134,-356.1058685910587,2684.6690165840455,-4183.1068360863055,-1936.4231552347203,-9705.531718992526
-387.84241487923964,1545.2117938645288,-885.0577265444509,-426.5594546093938,1474.9619168461127,-834.6323857477845,-482.8079168160873,1378.3249634532513,-767.0123041263186,-522.1029614646827,1305.5060383027312,-714.2332059672315,-573.0597543814242,1226.5726680759376,-659.8602933164584,-615.7394367871665,1136.1548972362841,-602.7140417665331,0.012597209321896119,0.019352507334324975,0.014883336233962596,0.01652426631728482,0.01574247123536693,-854.4110511150308,706.0251594635221,-362.8892090670639,-2768.3982899235393,-5048.558235727174,2331.7558302783955,0.08675364820020176,0.0,1.0,1.0,1.0,266.7902563040026,2750.6912449330234,-495.1201607112323,-2768.3982899235393,-5048.558235727174,-2835.5021750538035,-9840.421093361329
395.48447971864357,2124.4822140643223,-968.4444671692345,397.2352766622422,2071.3304220151963,-907.9909848111491,401.4412919098455,2024.9700974350853,-855.8640265582567,413.99152751238313,1963.9921945499464,-795.0529290813104,425.0414980141184,1912.7657319725658,-753.1608138292478,428.8756085589586,1854.1663555723508,-687.5319829128989,0.015555119994346917,0.014453886626258239,0.014762533687993268,0.015170108991647419,0.015503642564856146,741.2260435565371,-203.5600557810272,-359.1700190892146,549.0802524536537,-3623.2783525407567,-2152.106646023241,0.5700786396028491,0.0,1.0,1.0,1.0,293.72563780680844,2749.411801539688,-660.5608778345559,549.0802524536537,-3623.2783525407567,-3228.903212234602,-9611.565711543157
-255.63844409886616,2168.7709816019155,-928.1990775139659,-265.57926719456987,2118.971706041182,-1011.7493036066954,-268.67389067352246,2074.078043263809,-1081.5440155971373,-278.3275461677266,2021.0085862381143,-1133.1813603902524,-282.2180373903595,1978.2047591023422,-1059.5401793093056,-283.86443996029,1923.2127147520948,-983.1871197697678,0.0178693872945227,0.015651199605408506,0.017685665840983827,0.014829079594043004,0.017366995953052577,-570.6704917131983,-415.6890114737279,-451.8024711431359,-357.6809192415062,-2947.362795778879,-3199.395253454739,0.7936104507927882,0.0,1.0,1.0,1.0,-180.79828973995234,2796.936435925257,-207.3532791469937,-357.6809192415062,-2947.362795778879,-2338.2240874168738,-9755.123678189004
391.48162338637644,2416.9110984879753,-761.4453826615486,417.4985469278627,2376.377961868923,-797.9853347833606,448.6534382146345,2345.3595806897074,-830.6390523818624,472.65636382507773,2316.1871335666265,-853.0393170092646,493.98471964121495,2286.8178656910463,-878.8247916458745,522.3424282048913,2256.6872580436807,-927.9469705222116,0.017585978938241847,0.01687306922769405,0.015127271251295538,0.014329598637434604,0.01710132082674587,1470.1995929500883,1109.172549256486,-788.1126799877844,1611.339844354623,-1948.5244213275025,-1753.2586587019423,0.5872292753685622,0.0,1.0,1.0,1.0,-4.176364634395668,2892.0723947711585,-662.9879383786256,1611.339844354623,-1948.5244213275025,796.7647646656782,-9748.637298135676
533.9222720628158,2300.6496431560217,-1105.2744541915051,601.7460988593562,2243.2481275088776,-1055.2065959877193,680.9538255379468,2182.095459443607,-981.5626472081651,746.9556560190836,2123.3823969640907,-932.488533171226,812.5538725698392,2064.821014842613,-867.3901852902123,878.9695558200823,2002.5874810073342,-823.204493536125,0.016416849274793838,0.019046353035559488,0.015671779806552433,0.015799713878526245,0.018023503649155226,1267.5813954441983,1676.663143650676,-580.4449932978009,4083.698267100657,-3490.0832981709373,2095.7552012127553,0.09340554243393806,0.0,1.0,1.0,1.0,-345.4794200605602,3055.2460464282062,-544.288513276279,4083.698267100657,-3490.0832981709373,-1918.1721975897442,-9864.295201126177
545.8248881521761,2241.0775620256895,-205.7563085154345,591.8648576035889,2186.666360339185,-226.1256222437483,629.2878364659846,2157.0680388742585,-245.26916161882352,669.2072887595965,2108.669522000614,-273.3997370797705,716.748367693368,2064.18597655682,-303.2407147523936,742.9580436228849,2023.5474920630422,-326.88541117840185,0.02059260762540427,0.015377579101451183,0.017373535271482554,0.015431441906836318,0.01584354038790242,1472.2469702000544,1241.742981236005,-963.0168640783866,2389.2226705738703,-2589.819844754147,4021.3534240188183,0.3027015384575997,0.0,1.0,1.0,1.0,14.821141149992627,2821.533086536024,-202.96593475995246,2389.2226705738703,-2589.819844754147,1106.1681541511296,-9833.533157999591
739.155607274602,2293.2478359109746,-1060.0703515171083,743.0464892122442,2252.452135810646,-1007.9270516676474,750.5826328199067,2208.2544903192847,-948.592527144976,764.2537284307182,2169.2129668898788,-881.4269990214566,764.9665118422687,2146.242859418094,-835.0209840818164,774.4104084865991,2097.859445841554,-782.7953023558019,0.01249461835468968,0.01677737634758547,0.01651017806819277,0.012475963221528608,0.013898766858100764,1065.2013915987775,222.57787186718497,-935.5817792959463,402.0655802332924,-2536.4790957686655,-3846.987939172301,0.7412493859501261,0.0,1.0,1.0,1.0,632.9808928479972,2949.2928998184984,-387.124398004887,402.0655802332924,-2536.4790957686655,-2004.134260012524,-9830.13008252128
57.70708998385228,2366.487083668597,-837.0539762567226,87.29952621418295,2311.4274528589,-898.5008060189346,125.14678724627352,2259.8945519197523,-947.4321637836676,164.58307713514137,2209.0423611306546,-995.8465758722078,198.61871574832463,2156.0032968578766,-1084.5963448111816,240.39692035652786,2100.1766190094186,-1148.6758772460141,0.01783237667144147,0.014156332311138248,0.014126413437750757,0.018852609980246127,0.016853400449967693,1093.15351471513,849.9399516401713,-224.79699087641922,2220.7551136685856,-3244.8715052997127,520.8165694315172,0.3851819395695124,0.0,1.0,1.0,1.0,-428.0637381478515,3072.676932770463,-305.0627368805481,2220.7551136685856,-3244.8715052997127,-1356.575313183829,-9773.348619438479
24.227176628936178,2217.8072444508166,-647.0964465340351,-5.906335320747287,2184.328180384313,-660.2350543363423,-31.92784132021232,2143.29385533887,-697.6824530486284,-79.51522165540214,2098.9923060368283,-729.1380064152795,-119.58143547072291,2051.1224934220286,-773.867057171757,-148.3671333496579,2010.6823249275474,-809.7904493488219,0.011231323073567862,0.017843615763166454,0.018356212546927125,0.018350091093853854,0.01837438008279932,-1041.2462781074794,905.2569840435019,-517.6070803878206,-2048.632842470948,-2537.201971919535,424.2585787574154,0.43467408748038716,0.0,1.0,1.0,1.0,310.8513979233443,2579.8102855103816,-512.2203855560957,-2048.632842470948,-2537.201971919535,-278.67008587422947,-9551.983917711801
-196.61444560231936,1843.1026387911581,-944.3861453773626,-242.30454837074632,1784.196342143734,-907.3167888962386,-303.86273986528437,1733.4122125001038,-883.4165129728567,-373.8107798291371,1668.7234309308403,-845.9739419620804,-433.70380235600385,1614.1597775786033,-819.5658607916818,-492.632780436962,1561.8517960642569,-793.6858475221285,0.01617895216934348,0.013166009177462967,0.019515748576736935,0.015703285763890573,0.016342719906928094,-997.3156801880684,1086.245671263478,-687.7627479878931,-3664.6809856685104,-3425.151387379808,111.14101260441295,0.13781933129625057,0.0,1.0,1.0,1.0,706.7609781477902,2678.94106639509,-779.9869763333703,-3664.6809856685104,-3425.151387379808,-1352.6198428294329,-9851.01679664635
35.80165478751351,2385.329718944219,-529.7829016720258,28.65833794105413,2345.5168862750475,-560.0142334010052,6.87621205470071,2294.552209008359,-588.9330855961837,-0.09038217971142748,2256.4777118039933,-620.3362897110281,-12.300788452251574,2218.3049041638274,-648.1995840951955,-27.30540435912421,2170.398141174494,-688.0875861074301,0.01549586805301642,0.017356800031862574,0.014731488764733264,0.015645686139364234,0.015403007163982546,-674.5660429542137,0.8624735054611925,-813.6103309046431,-800.3975156803092,-2675.4689793560697,-2808.761608832962,0.8120782910819611,1.0,1.0,1.0,1.0,129.83346030449798,2689.708797758318,-427.8043682166864,-800.3975156803092,-2675.4689793560697,-369.68751805987966,-10047.494068386131
-15.803245044921116,2351.4239901517144,-642.7404721764366,25.10601526987523,2296.5151391247095,-648.1548520522158,72.76118678200416,2235.951644891125,-678.687584432696,115.59774396078294,2175.046362381343,-695.3925500382917,160.22718842268327,2131.6376048784764,-715.8640327407496,201.91700165957798,2073.087615734166,-735.6677640787567,0.014158162553797551,0.020050683246828432,0.016839413375783513,0.013562227106874214,0.01604766432837254,1073.7520644445474,870.1384196035037,-701.0074013104745,2461.339621378009,-3353.0717241486527,1403.8466670743446,0.3605244934700209,0.0,1.0,1.0,1.0,-304.5981235271382,2747.8585851267526,-604.3783906454289,2461.339621378009,-3353.0717241486527,302.651387131166,-9726.75931351012
-305.76880559814947,2059.509141967048,-749.2255185159172,-362.41770227148237,2013.160342881861,-695.8388233313816,-418.3471968717584,1963.5447396290588,-648.957427711879,-480.3571334007791,1915.951595460202,-596.0430349776494,-524.1594954282784,1879.665628630698,-550.1911578659117,-582.7100733787536,1832.5767970642514,-501.8072601022552,0.015123988902198432,0.015571104785628898,0.01477583976698954,0.011524477871514005,0.01766764090579087,-936.0386123974791,1539.2423783680313,-282.8849500544247,-3854.160653313882,-3157.252648720043,2017.6610100373184,0.08999862367156103,0.0,1.0,1.0,1.0,567.0840423949344,2770.5709113688536,-644.7557216795831,-3854.160653313882,-3157.252648720043,-3342.9458086289546,-9815.283760893682
-309.0872842873433,1837.769798331176,-651.5562710187443,-278.5445730153305,1745.223886915056,-650.4790505914258,-253.1194154692421,1667.0290618532892,-648.9762445382663,-236.53427638039614,1591.9221321487441,-664.270491480854,-214.2174722169578,1495.4710774408038,-662.4595507706897,-191.45215873402026,1407.3513617780834,-676.6023739153919,0.01701169145053484,0.014028361099872128,0.012858758299816836,0.01494413739346076,0.015369459147166475,111.75684476588944,250.5628533135338,-1019.0569227682897,1532.1191359321213,-5875.418156452106,-2708.7067567609074,0.19721322540403674,1.0,0.0,0.0,1.0,-485.7696182476383,2541.975934329851,-711.0422501004721,1532.1191359321213,-5875.418156452106,1129.1443328233652,-9840.64381944686
60.531077632557874,1889.111548157627,-692.2053717658179,19.78964514216353,1823.182770486028,-723.519356842036,-16.779853194521305,1756.6029959606662,-774.398084407817,-68.99587249887385,1674.9351865006129,-823.0034514830454,-104.83348457009234,1598.2215633959515,-884.8604092342624,-131.52284612725228,1545.227032018715,-921.5063330399819,0.015788607318936165,0.01461941043833942,0.0171142823013756,0.019252504848294216,0.01411707291157116,-697.0496922980517,524.9722474783416,-619.9555103428829,-2402.1034540426695,-4339.693098973109,2242.005485589932,0.23398888239879834,0.0,1.0,1.0,1.0,564.0546210743498,2803.3111244392253,-374.6749578732656,-2402.1034540426695,-4339.693098973109,-469.6708198460701,-9798.125226254828
240.23030237256737,2407.727563549639,-1146.3609975332076,228.25414428415732,2366.9566796438335,-1087.5497857485188,218.14214582981572,2326.6100223008484,-1030.7787639935839,209.92591941509895,2258.9537253567137,-953.0342199112087,197.36367682823328,2211.8943426186033,-899.663732683731,176.12579870792143,2159.569905690887,-832.9575173870654,0.012524425581042026,0.014506404118447697,0.017645009135279277,0.015179544216746471,0.017950946759852565,-350.3569647088524,-172.17608689216502,-800.1785132894662,-728.9759565832544,-3192.830579706794,-3548.9938290329274,0.7309967718295032,1.0,1.0,1.0,1.0,338.5253142623235,2845.048810930751,-644.7604909686011,-728.9759565832544,-3192.830579706794,-3088.681191622271,-9829.83312195453
69.61147523160777,2411.141748890982,-852.4059096083922,52.86691327043128,2364.49754131542,-878.6246883809954,33.14052750400996,2317.5730802856856,-914.0601407499404,21.129458525426937,2271.6431957196028,-944.1240145482158,-1.0404936045650377,2213.3581549855835,-979.396606705626,-10.055037745732545,2165.4845736088646,-1018.1305566919783,0.015218568831327911,0.01707196727286997,0.013452242555917454,0.019121414722381463,0.013049382175246316,-623.2327394643737,311.29523316170537,-1038.8331854767937,-1002.8406509777805,-3033.019230192329,-2561.893255904075,0.6145845603501559,0.0,1.0,1.0,1.0,259.2670333960741,2980.352155730967,-703.8759770684171,-1002.8406509777805,-3033.019230192329,123.39549185016114,-9774.666845797365
288.84469118981224,2400.443589649642,-811.3836358924522,296.97592897625043,2327.069144215068,-838.2159521437677,307.4057683929171,2262.552423560417,-863.2588662598638,317.6499208777279,2206.019240031599,-879.9623357708244,331.48817327837327,2128.4240106720677,-920.4769866665847,341.54406939148635,2062.6895376839657,-955.114577038812,0.01305742187642641,0.014636948092498242,0.015120290809875175,0.01832276669590971,0.015040525954845799,634.7170275594167,53.70961117065587,-720.633638471575,646.8141878704414,-4401.204248042753,-753.4326146419704,0.4555543484179276,0.0,1.0,1.0,1.0,266.0329404732645,2562.3960325550242,-758.9826010187513,646.8141878704414,-4401.204248042753,-1150.715310368144,-9856.294371440586
-53.66419493432896,2260.3293052354597,-775.0815223516471,-7.13371533110159,2207.9955606028648,-854.5362214189886,33.26092081681906,2165.775757961949,-932.4246715347813,81.54157853777501,2122.645390837634,-1010.4155655410832,126.24329411647285,2073.01197513604,-1093.3883988081027,171.7074257724175,2035.3235739012741,-1113.8624363156166,0.01856575168543137,0.014383890283971024,0.013571376828722642,0.016627235722461886,0.017356742886900867,698.3653108947583,1494.9587428759844,-260.22460976818815,2824.2268980225217,-2851.6753878695404,3615.044890781056,0.18728160720963172,0.0,1.0,1.0,1.0,-431.32544831424923,2635.6288980238023,-221.36004058056847,2824.2268980225217,-2851.6753878695404,-3507.0951619349544,-9893.788910517906
1.6831258865561305,2025.3949800152816,-1106.573445744882,22.361841730100593,1964.4735211211917,-1053.9079174577441,45.054230379743615,1900.2869173057761,-993.1391083206994,67.71042934622052,1849.2291203423574,-955.9196366634567,84.80961273616226,1789.3883579249805,-885.8893720515063,112.60950423921328,1730.6635023519777,-855.6434344612181,0.0162314712053179,0.015904083249699857,0.015382669068195381,0.017408443538173446,0.015764052642924214,690.1656743724814,122.84895489600605,-646.4911884965934,1325.2482939710098,-3655.161598097899,-1690.297947527668,0.4380588112944871,0.0,1.0,1.0,1.0,-204.3769240579502,2590.083033612084,-738.8650199704268,1325.2482939710098,-3655.161598097899,-2165.837320943437,-9922.591237834318
-164.15892970879557,2449.2020987763995,-458.1052032858532,-191.61804896169502,2394.422813437908,-484.43644287291096,-213.80572535014687,2350.398904993132,-507.04730477168937,-231.5826413480664,2316.326555181011,-534.0209656067572,-266.4862206568881,2271.456180130007,-562.8163146993013,-282.9897513050078,2231.230333929474,-598.459779408118,0.01703386889048447,0.01753900329200303,0.014414355472713025,0.015762515309510172,0.01584651794170744,-1126.890353024691,683.5135314886697,-375.50405319887983,-1532.7956032435795,-2791.838973539097,344.18015847337415,0.5516739280717621,0.0,1.0,1.0,1.0,237.29773386209786,3168.2502179384483,-440.9491909392889,-1532.7956032435795,-2791.838973539097,1176.8241433648675,-9672.142871027192
-189.19472683049892,2438.4332952936943,-954.9588041926379,-189.68259458892214,2402.762167376649,-898.880952242256,-194.1220228949069,2374.0809680549364,-854.7715829239493,-186.45816522343907,2334.4728156966585,-793.7097836889055,-179.76484112885703,2290.022533418221,-744.0537180370553,-171.46169269037546,2261.9757434757807,-693.7839402368473,0.014134266730288142,0.014801474849795743,0.01846894317179132,0.015863967410041785,0.017921005013850244,-50.096896855383164,577.8537895508671,-1229.3045047399046,173.79846575749164,-2329.0731652537847,-4259.679719070188,0.717757231145194,0.0,1.0,1.0,1.0,-221.28838562651356,2871.9908573258544,-694.5636658301285,173.79846575749164,-2329.0731652537847,-2771.261396036404,-9785.605777884268
-312.1442181053167,2178.2569797421615,-991.6126067969632,-332.8251387661463,2124.436066684685,-1065.0934780129078,-360.4819293838129,2073.3737879933915,-1128.9930288276234,-379.464786649163,2023.1006444710797,-1104.3589662148565,-397.87813390787545,1958.1643457049965,-1034.1351802556965,-420.9313398998539,1893.966075338288,-967.507580875736,0.018484119704558988,0.013512071249209612,0.016390941767399636,0.01972092243250162,0.01621994796118359,-1052.5015778547865,217.91337972292354,-261.1254310932682,-1277.6541706732742,-3403.3757080632076,-961.4449981617485,0.49332542325909606,0.0,1.0,1.0,1.0,-30.378241316165315,2940.6139461734897,-369.8633164793224,-1277.6541706732742,-3403.3757080632076,-1740.1488318033023,-9672.75147425669
348.72744930287234,2371.727246593681,-959.7747427117682,385.58425785488475,2339.172590839168,-914.1595499054873,435.1592519979087,2294.251474749326,-865.2613682489803,473.39011111390744,2252.0134249622556,-819.205964472621,521.0188379805568,2215.379916259453,-782.8091894186921,557.1284391835482,2177.7177268941005,-748.3805465766145,0.01225029983704734,0.018350184248446977,0.018179522554626404,0.015323957510089137,0.013747519378764617,1434.6434043313552,1325.7683321011477,-530.5275677800106,2559.9025186371973,-2480.584330083435,-1010.8398495965009,0.3445336941340062,0.0,1.0,1.0,1.0,-306.09030834193777,3012.5656765578983,-623.7157133247026,2559.9025186371973,-2480.584330083435,-1676.3062586775227,-9594.510052496045
-308.55955518848504,2023.0106115744338,-649.4287085046603,-283.7522007574704,1895.3591306316646,-688.3028658811932,-264.0313356324762,1770.2089398803969,-727.9285414061076,-242.61244185094102,1672.1167791432458,-768.6759072210356,-216.10989990704277,1567.6954296928748,-800.1003114293368,-194.7748716335162,1463.8228006836505,-843.3299782140722,0.015889191624396864,0.017698293985185423,0.014258355725498537,0.014971493877788317,0.01610654626501143,96.53886065133568,74.81880117195624,-812.9756801047787,1442.2434399213648,-6872.438047796366,2652.575328165038,0.20188628036051307,1.0,1.0,1.0,1.0,-429.8799949199629,2583.2586886176305,-521.5732860395954,1442.2434399213648,-6872.438047796366,-1188.7982380189615,-9648.906532011008
130.4685154545848,2045.4192770872523,-781.442248634384,193.1574734685921,1948.0978551134854,-817.7248058457919,241.0488741928045,1888.7173838930573,-851.2312041099924,292.96963754878067,1797.9700349839384,-883.7320674820995,345.8030215617349,1724.7236563158415,-925.8011488213577,409.98071922829166,1641.7953541895572,-975.1043018965079,0.019471261432418036,0.01626350325378187,0.014129012500974536,0.015784553517286776,0.020313757264747073,1018.9416562552981,754.5941810217635,-814.2213703987392,3293.374217041166,-4771.753270579558,2053.693388639086,0.18459824325040108,0.0,1.0,1.0,1.0,-430.14299924281573,2854.1656200767748,-600.3349741552961,3293.374217041166,-4771.753270579558,-224.53885607217384,-9742.67917243729
-360.8343251817124,2440.5555762676904,-796.8710563838822,-358.26703692642974,2407.4359750119265,-746.5333480518241,-353.64251732483837,2377.234297440661,-695.3203236027332,-355.0386001455267,2349.8493008702812,-660.266345886011,-362.39884115296456,2311.7790457866395,-619.5154795455327,-349.8840933779941,2277.8548575778573,-583.0242013615499,0.016294885801715536,0.017311568266744903,0.012253554514252973,0.016764264266400764,0.016581235983144593,-265.18361919607173,915.4771969169154,-1335.045037765849,124.84089110312472,-2030.6382389944047,-4477.201696590725,0.6746034601656901,0.0,1.0,1.0,1.0,-388.1518969326469,2915.6558623264036,-711.2282704260085,124.84089110312472,-2030.6382389944047,-2760.498937247296,-9959.124048333115
52.938552961465874,2135.2415409397186,-880.138886680679,33.857877289452844,2069.937946183462,-947.2900525883106,35.29411598477065,2011.4320596265093,-1019.1126431345909,30.75857005181476,1960.7089362269924,-1073.763785259858,20.658948768598357,1907.263867399443,-1137.6627562518408,7.582294245997395,1855.1238608489027,-1092.068269030816,0.015730270283477232,0.015568998771799042,0.013244262486963532,0.01746396252385385,0.01409890233134864,-302.03334118922345,-272.8404913627128,-276.32264719247166,-507.6039741694358,-3451.034994220328,-1734.7773923227778,0.6173588742091793,0.0,1.0,1.0,1.0,162.42429517580922,2884.856528348884,-270.4246891112201,-507.6039741694358,-3451.034994220328,-1700.9806323756366,-9883.841960006863
52.510432593199354,2280.8501832784136,-984.4700655144165,-3.125149709240462,2250.5759871120536,-931.9584291772446,-59.6349587037211,2216.296953567833,-864.8895507179134,-117.09627658003413,2166.5641345909517,-812.0631600644108,-191.58140041492416,2126.680498094761,-754.8465977108982,-250.32263503203694,2088.625572173248,-702.9107027510048,0.01601992586035264,0.013884464875055541,0.016390800512975506,0.01820615333881262,0.014249199089075376,-873.1170568697609,1678.1902788379907,-314.53113249669315,-3760.951706422889,-2477.274589399825,1531.7826638346328,0.16688339057233545,0.0,1.0,1.0,1.0,631.2636256993935,2669.100114597912,-721.4662960581121,-3760.951706422889,-2477.274589399825,-3205.9674837929138,-9745.434775127347
-473.30410373498677,2431.1434445359905,-605.5885322119314,-501.44542028240295,2402.130353887533,-603.6992671511312,-526.8889986233216,2352.601579036769,-601.4634246364337,-551.9141792160598,2324.764721867604,-609.2733262502276,-579.38305150221,2278.1945244490266,-616.0393766373537,-604.469366904242,2245.1468192594707,-625.1267562828231,0.013547122447811144,0.016644473251652303,0.015201437581596616,0.017294257371634897,0.013705799917116013,-1409.54293505085,1118.5879081430744,-695.4975583901512,-1716.679987449191,-2403.044879424156,1352.630189608116,0.4701189173841766,0.0,1.0,1.0,1.0,-139.1997443384463,2896.8411189169437,-813.0456460842455,-1716.679987449191,-2403.044879424156,2031.355868027191,-9767.291579958988
-27.392976026013798,1908.6565985702634,-370.3108969988953,-2.6569440848692865,1830.0917949280354,-365.3657768789017,28.575854257808928,1731.1182594659006,-370.9890452178647,58.02368809858458,1627.2582249045167,-378.314336974911,92.55384872232227,1544.4223388332687,-384.75820719572204,120.63067914498554,1457.7668652021061,-396.4502512171475,0.015735649034084448,0.01698528549413883,0.019237418119290528,0.015557004334296132,0.016975007118029822,556.234625588924,172.1906619444747,-862.5864247628487,1796.9180173626162,-5332.53591326883,-3104.647064555293,0.24190912873975742,1.0,0.0,0.0,1.0,-243.39389213743982,2545.1691433491073,-438.00979948190843,1796.9180173626162,-5332.53591326883,1196.4375127308379,-9665.358600642998
506.7781071380102,2148.014471279994,-565.9686005428499,491.7669733586951,2095.5345877737036,-599.7669242961166,482.4134771173039,2057.5773952085146,-629.1283470384067,468.41599793704233,2002.9150331851836,-662.2130555214643,448.9640216893041,1943.9256624820928,-704.1400482100031,434.2032118666405,1896.6575055073529,-740.4450516809067,0.015237316676910306,0.014110492741041564,0.01697543288203826,0.018273909180152176,0.013623048816195138,-178.59641587432438,-120.29604113935966,-479.0937155915628,-950.3340242633376,-3124.0638444765054,-1303.2785927552204,0.6472282348866314,0.0,1.0,1.0,1.0,681.4558760839968,2706.981738111871,-393.7056387541224,-950.3340242633376,-3124.0638444765054,-84.89626549709385,-9907.360156876237
201.71961402836718,2078.110937435169,-811.7403126144793,184.2512993945652,2014.0696499582846,-880.5838910367066,175.35166390973924,1943.5361982147874,-930.5563493289529,169.77479762387244,1882.1070380359993,-984.8026709193992,155.73843381305528,1826.2805121355532,-1037.5521245813552,149.55836704958978,1770.0761525780645,-1097.8761510322274,0.018671777098340087,0.016871206451587045,0.014831070067342439,0.013337058699401633,0.014436918006129257,-103.18577227584922,9.715733156179162,-292.41229888107864,-575.3845797061033,-4007.110336713041,-76.47061353971432,0.43882123353716423,0.0,1.0,1.0,1.0,285.19881902577083,2714.515210437486,-431.25753898670064,-575.3845797061033,-4007.110336713041,-1655.0928927769223,-9842.91006828526
246.960101133348,2148.682414267629,-1119.6947530390007,230.9229317704666,2095.230732180849,-1099.5748786184395,221.90020968684536,2050.6389736040014,-1036.7673473157595,209.96839971014055,2006.9698711258338,-985.2952086487534,196.04465457753918,1947.4627702047196,-895.9379413979117,174.87705443882018,1890.9766133467815,-831.3161350654325,0.01718141221209213,0.013227382049022796,0.012611143704449934,0.016587852805968084,0.016088718238967292,-418.74741831735963,-386.87542177086993,-146.65950184800673,-896.1394982020211,-3413.6117481914857,-2272.8026352797515,0.668482012977559,0.0,1.0,1.0,1.0,463.94998741163295,2975.5321501977455,-218.5927411463182,-896.1394982020211,-3413.6117481914857,-2565.5080040438675,-9840.121571485606
-422.6113778379707,2392.8283508192953,-1006.600158675733,-430.0798504835476,2359.6346139926864,-960.9156030294565,-435.5664258241559,2316.7743858521317,-913.0032114583254,-436.9860815230125,2282.7151357568455,-877.2932065731362,-446.7542244865237,2243.2687507905143,-838.4388993206221,-452.763773175393,2217.069056175959,-796.0230886793593,0.013627156278639446,0.016308662347578384,0.013397043119817154,0.013273788750911675,0.012798456482940701,-701.3833155214176,453.71593372572227,-1147.5512053972109,-378.9678709062388,-2659.390481429429,-3750.269774753773,0.6617065525489185,0.0,1.0,1.0,1.0,-339.46899880595834,2993.433843490829,-623.0027648818054,-378.9678709062388,-2659.390481429429,-1959.5313269652604,-9746.423226575853
581.306814190475,2039.8000004420553,-786.4148478306674,563.7451071247317,1964.4893714707714,-800.170731336806,534.4415840666911,1847.7682915765788,-813.7086909439158,507.8210771028792,1729.3082497659157,-841.8599429289955,478.1359857049822,1625.5064319117453,-856.5110007551413,461.2427995579186,1537.9898340315453,-890.4324377052083,0.013069558182739582,0.016293789484489965,0.01819882738656528,0.017531930888265185,0.014228446150513663,71.66257056286656,-14.197472003411754,-867.0661833780314,-1594.9828019344045,-6364.383465387384,1578.962846793498,0.24330355747270366,1.0,1.0,1.0,1.0,725.6055193559732,2595.199748805414,-740.0720991291839,-1594.9828019344045,-6364.383465387384,-80.20346827595984,-9792.57939515245
53.12205909516195,2262.4130014483353,-939.6387187075842,51.64929621667469,2199.8946224884908,-1017.936271985223,41.57951285303898,2149.8357446853106,-1084.0790951951365,38.237893162688856,2099.4476769686016,-1139.3946791778262,36.52780826212287,2044.572167754835,-1091.0302911194492,29.86142043314811,2003.6682299562415,-1024.748207341558,0.018680520814655613,0.0147660665231443,0.016554273995373042,0.01658992473663748,0.014939160140309132,-167.28312053091867,-268.09945801354974,-579.7091856186751,-276.68504226374597,-3160.743568988436,-2889.6279763601087,0.7177293029575486,0.0,1.0,1.0,1.0,80.34999229513346,2560.766036231101,-608.4750238237949,-276.68504226374597,-3160.743568988436,-2985.2930313493075,-9760.151945522666
252.36478010132356,2213.059856159195,-945.432441831495,217.82239503973813,2174.5090111609225,-1021.0067015582299,179.74278797656072,2115.5965236780435,-1110.9673673396608,140.66444607691753,2068.540102312529,-1111.0651623437086,114.26320802666368,2039.587325293825,-1048.2997841413162,63.72166924974178,1980.2118868055336,-961.5015224514669,0.01716564225734482,0.017735292143500975,0.016578473813734812,0.010704553734918715,0.01922899542301948,-625.0159939837115,1110.2164562140435,48.63442537042264,-2324.956790801135,-2923.1045241086867,1882.5795943832968,0.2982877551713267,0.0,1.0,1.0,1.0,595.5863211868852,2644.8463313711036,-344.4537944556882,-2324.956790801135,-2923.1045241086867,-3367.303769073437,-9913.825264309842
217.2162507291816,2357.851350420967,-564.9856697604998,192.0222831084193,2288.4916871857504,-538.2843233371311,171.60114672173034,2211.93469729976,-518.8044869887848,147.1699156950251,2132.5518070153203,-492.5609957481873,132.8388574635821,2068.680394019525,-479.24194863540146,121.21882609665451,2003.89435594701,-459.94892981500675,0.017640200667208478,0.016097762755638415,0.018549561357076083,0.014498960530610921,0.015188540935365674,-346.9477166844567,184.87109349155355,-1010.5974073223757,-1108.1784904729116,-4335.598324372789,-3376.589731635647,0.41935546338834423,1.0,0.0,0.0,1.0,312.4184851469256,2764.552096493355,-753.2681851860198,-1108.1784904729116,-4335.598324372789,2511.6175563873867,-9896.146702559727
24.24934612670201,2189.093324379532,-710.1237769900657,0.36741706040867106,2108.747930037933,-757.4580013648505,-19.844433897215616,2033.9559744401736,-813.4092694406397,-47.304027107210615,1938.9183727335483,-869.0585941204325,-65.95325488934056,1855.8798832649286,-929.4533483773538,-89.03513868668061,1785.5230143740391,-996.5788995014888,0.014704733496879507,0.013892443714183161,0.01819359624966138,0.013537117220942807,0.015092233384015052,-473.2456872648618,362.3432559059885,-381.0515369983746,-1461.104726956299,-5376.819956176534,2288.911937591165,0.2640088173086775,0.0,1.0,1.0,1.0,213.4735344045987,2889.4486353089555,-344.89002202777294,-1461.104726956299,-5376.819956176534,-2129.6378967860855,-9738.3843623075
72.06136293668234,2335.6077989094815,-1074.8387998407143,69.68264355694623,2274.577474763625,-1137.5052941889278,86.11772721169521,2173.758089016221,-1080.3238699164167,81.26045089397745,2085.219058516687,-1007.4926683952485,90.48731320627364,2007.2616620757722,-945.9476562305291,86.03938612136042,1914.277385476718,-867.4309223681335,0.014105898597077407,0.020139414156794946,0.01518686564936525,0.01721370458589025,0.018505378881309625,159.05900298929882,73.74406262731209,-65.40751035941433,191.22544420869076,-5044.71354611123,428.2753270157224,0.3649009230248099,0.0,1.0,1.0,1.0,54.84113589556182,2823.1129452579344,-689.382160544724,191.22544420869076,-5044.71354611123,-3503.29443735683,-9687.269126549236
308.59638676496957,2120.671545649671,-592.9566546455482,255.0945592877908,2020.9262875215968,-651.9969080826122,200.47392134888142,1909.5473255368292,-706.2435460719167,135.28044952482512,1797.0811546306602,-769.8164300600464,91.36494044307408,1707.579139008758,-817.1814389512174,36.81335779107488,1603.0131096821594,-885.3405593797219,0.015105716397270569,0.019726589119345772,0.019641042507922757,0.014601237730136385,0.015759679374598795,-588.6871642529405,409.6675174931746,-668.4577462835283,-3176.7101354663732,-6073.580654431239,3076.7279193699087,0.1972055083454871,0.0,1.0,1.0,1.0,539.044933837622,2565.788649816262,-419.76369378411584,-3176.7101354663732,-6073.580654431239,-2138.9288604941903,-9834.01592605221
250.9107121645049,2387.7068264748527,-521.5052213742609,227.82965686199958,2341.910225916746,-543.9551317322686,188.23109496920284,2299.093231220651,-575.8937049895303,161.70114221914488,2259.553622729086,-597.830184346551,129.69617055871475,2215.1982187197455,-629.3961270958434,93.27849834365335,2176.3204520088575,-668.1202425266085,0.01619089794588474,0.016824118778573066,0.012638469432229876,0.01612522942042821,0.017547932090235308,-970.8084936264488,807.4628803220209,-406.1994762636371,-2053.6609555321247,-2632.317721854015,284.10381585371346,0.5187139423597412,0.0,1.0,1.0,1.0,692.6568803545738,2939.6402350237604,-417.62474732135246,-2053.6609555321247,-2632.317721854015,552.0549803616536,-9779.116545479552
-205.74379128934336,2306.1591734957224,-808.1004679917914,-217.3268184149793,2202.048192607316,-842.1374697323494,-232.17552910835985,2100.618837090753,-870.9724304430433,-234.21974624148288,2017.7164099643715,-912.0386204239392,-252.35830277817348,1944.2780940137957,-945.0332976244913,-260.15685202039987,1870.9583783475834,-979.2051575930034,0.018009587126787213,0.018780124143776916,0.016346747854599525,0.012844067917735846,0.014028409335772402,-489.451986390129,88.50554879160794,-662.5827432732607,-674.4167984564175,-5274.879959178261,428.12327017496136,0.3377224929881495,0.0,1.0,1.0,1.0,-132.01108320822595,2884.19192715609,-674.0100583885196,-674.4167984564175,-5274.879959178261,-637.2505266198175,-9735.434048630126
-210.1620013693975,2079.3513755841864,-1130.5152390374215,-227.5108082157248,2029.6366459525027,-1117.6697788263964,-242.09212282891025,1986.0317380612084,-1054.909142518183,-275.49471657065516,1918.3090231154408,-987.7122105530455,-292.210853711504,1861.9437144389142,-931.4789208058413,-324.61225131461595,1810.5788647056302,-871.8004946488544,0.011792092219797934,0.015639942297987347,0.016679871979010497,0.014831551810118582,0.015598239941786107,-898.5687458142094,314.207524263867,-181.558571448361,-1475.2830328180594,-3742.2691174910265,-193.96182853647923,0.397712947053242,0.0,1.0,1.0,1.0,141.50579232252323,2952.5072520950357,-392.68773348939067,-1475.2830328180594,-3742.2691174910265,-2034.1578715671922,-9708.734383175459
-15.057762279000128,1633.1898660111217,-409.79933082214825,-51.864352209246114,1554.5679448903475,-433.37974881184357,-92.92147479732853,1463.7076473601155,-447.2723856039619,-124.19598742966265,1394.6340967692722,-455.5710767159316,-155.85998907675597,1321.0490776308238,-476.7242118440433,-198.36896376726784,1211.5491121413845,-506.64469797413886,0.01388994916979644,0.015500512197556243,0.011619671406289556,0.01358599262800872,0.01669622767667789,-662.973008838081,173.85739932150068,-949.1202768713077,-2569.7716710786976,-5799.855363563265,-3353.9788801433733,0.18019260354542604,1.0,0.0,0.0,1.0,480.5753847919392,2754.7930361071503,-421.4279462993651,-2569.7716710786976,-5799.855363563265,982.3279562245352,-9744.50974464699
-324.0517620161888,2217.276127234437,-718.1653375145213,-322.8674453600657,2180.540626839854,-725.0971491009869,-325.4732021327009,2151.459963905073,-737.5644242021115,-318.82513237032435,2109.973909320376,-751.1578137501831,-312.52171717392343,2068.9115624019696,-774.2794823936163,-304.7491692258086,2027.231024192394,-794.5573251137808,0.014938466080138879,0.014742291303827953,0.02096449870523262,0.017546531048221375,0.019382806889226112,-120.26041115076663,434.828575246579,-1011.3152755844797,256.66629030812516,-2204.5435835804055,-2435.8298729836524,0.722352879870987,1.0,1.0,1.0,1.0,-371.7933756527279,2595.281287155379,-780.4841299143503,256.66629030812516,-2204.5435835804055,1203.9315677445331,-9713.436072734428
101.4920414539468,2104.3187319944072,-848.7852128760311,133.49537575743898,2062.222463221621,-899.5784972494288,186.02790779914665,2000.9742186416888,-973.1085164258452,222.73345596585145,1956.750235914965,-1038.940360746944,265.0154858710434,1897.4995143493445,-1114.4312271398626,327.40095452671886,1836.517487400163,-1095.9072613511382,0.011141284360348086,0.014678377499408424,0.01719334377574261,0.016485341775775486,0.018824947873164216,885.3319941225724,1174.959956753639,-374.8729411020674,2823.7729902681676,-3368.972807054611,2683.9406331519367,0.19683929588147056,0.0,1.0,1.0,1.0,-371.2469865467608,2674.1528558929426,-305.5110509802794,2823.7729902681676,-3368.972807054611,-2415.761907279676,-9861.66992672936
-65.03700255851095,1998.5271170236945,-1003.706820948257,-87.104955830021,1910.386444824721,-1086.672581198813,-108.47605221143712,1839.7458483796227,-1139.2905963622165,-131.73806461303715,1760.1942494691173,-1049.4578900181625,-147.1855867514199,1697.0677263082669,-991.3713703547462,-173.70648459027825,1632.7803574670784,-922.4831016339673,0.02015090814842463,0.014550602094718895,0.018126996829622016,0.014992254939905303,0.016224720346528776,-506.2360261760141,457.0424205269542,-113.92178811448318,-1269.7034381982012,-4432.837221521778,1780.0355356022674,0.2627607356077622,0.0,1.0,1.0,1.0,96.87310696813131,2562.6401007498034,-500.14442501329773,-1269.7034381982012,-4432.837221521778,-3263.54874868066,-9685.957322733446
294.18900313432954,2208.070865891942,-570.2631972329996,272.3502736199864,2146.4799515052946,-580.7870687269501,255.35742638167696,2084.280795974021,-587.7637857611447,222.28934661380075,2012.2673426187218,-605.2206080273237,190.72923580538745,1945.4840383928058,-617.1886071475009,166.93879935705897,1872.3042328103588,-639.9754243023526,0.013978541941126688,0.013145966854474833,0.01331613795554279,0.015905280097769564,0.013952792452351565,-461.01111121463146,230.5560143543018,-805.5438479620733,-1830.9412115889559,-4771.995469759686,2187.8543540561614,0.3436639098736564,1.0,1.0,1.0,1.0,527.6971430434057,2807.433568024533,-583.9407407084898,-1830.9412115889559,-4771.995469759686,674.0271164842591,-9776.192806835752
219.8832206791784,1815.043376709267,-729.7666165725179,185.60437954560285,1697.7843439541482,-728.8868644647682,159.70230918926208,1585.5497035102267,-740.8691712344299,140.72454243755527,1502.5263491407122,-743.0368286953972,116.92314907790205,1406.3786565293328,-752.660581330743,98.97083729344105,1307.2035851784692,-768.1016714680547,0.018993256490963506,0.016971463484284244,0.014410742406062632,0.01421928787049534,0.01722336367738722,-142.4627304054423,346.83358018826846,-1015.6254125982133,-1558.9388395141978,-6349.814368856903,-2412.535182157163,0.1497072858511907,1.0,0.0,0.0,1.0,395.371169226956,2537.5195374439036,-776.2384349643255,-1558.9388395141978,-6349.814368856903,1024.7845871781246,-9963.245708218223
-282.1000619692316,2125.6618055746085,-442.6330958475734,-309.1260006742317,2054.1057371719176,-475.50095567997266,-337.2217244903293,1995.7571461902728,-502.59183899919975,-371.85861377047524,1913.4037239048089,-538.1055659284601,-398.7992563490314,1854.905803013981,-555.9595278857471,-430.42009303589947,1782.6762627526523,-605.2001645102256,0.01717535022172087,0.015322092001686771,0.020599238965118283,0.011901329754192669,0.019975545233193504,-961.9985091116091,557.22195008984,-707.300225113413,-1731.6078878184853,-3970.6532456401383,2669.8382282088883,0.30844494269461864,0.0,1.0,1.0,1.0,102.94034189676154,2999.1736961585166,-374.65552087234465,-1731.6078878184853,-3970.6532456401383,760.2419612449598,-9846.25532127248
-373.7294480038231,2447.345453129014,-1036.6302279440902,-390.24836713980625,2415.482592671819,-1064.210382730793,-403.6145817585015,2376.9121992108107,-1108.2081334603456,-432.6872416537971,2335.621227087565,-1137.90856363375,-451.89040756038895,2300.511001586365,-1106.5234415791244,-473.0204750893905,2259.2949130393854,-1067.7602277914295,0.012488428045191596,0.016659031947966002,0.016563329863828746,0.016050232058179403,0.019605946639510097,-1149.968514206309,1046.9070736916888,-1210.8525841619532,-1239.4433729161115,-2226.066730301326,-2886.7768875095835,0.5444428396392411,0.0,1.0,1.0,1.0,-96.4416472276132,2939.063794447809,-778.7867045659508,-1239.4433729161115,-2226.066730301326,-48.28700983009003,-9641.726595284394
476.2132462461904,2285.6636941316697,-491.77381282810916,459.86359247556766,2230.7892556647525,-504.8268745624656,452.65188321664493,2176.848595005296,-524.600476094194,437.83608785679024,2142.069948417766,-541.5978839523312,421.7730667358655,2087.9428513820276,-563.7257032189179,414.10314304892864,2024.0022019687076,-589.5801664111817,0.015510387469256981,0.014313704270705524,0.015509795532095805,0.013878621939103886,0.021264286716437986,-66.74033742953577,-49.57269332450632,-475.96802050974765,-754.2799358946354,-3261.8741677398866,-504.9428271930392,0.6349984984505352,0.0,1.0,1.0,1.0,638.5114026319502,3000.2796535122916,-550.3392132651283,-754.2799358946354,-3261.8741677398866,1308.198385007675,-9788.191569007608
-111.41042894662547,2299.2451945003236,-164.16777102159304,-153.72912750885752,2231.6439274134655,-172.88348162114337,-197.68313193570717,2168.335955301004,-180.15880957935235,-232.0152848254757,2108.3932183152865,-190.63326757681807,-270.41281846392457,2047.3856091851137,-207.30259905149927,-311.83885864382876,1990.436580301027,-228.61585097965798,0.016545375105545213,0.016788662737292986,0.014237754973032257,0.01698055792458708,0.014928645000685137,-1063.7969206889225,853.3180788131336,-1031.6294913346298,-2532.9979455714674,-3841.9617925223747,-4158.888165150748,0.2961791400375653,0.0,0.0,0.0,1.0,240.69702128038398,2831.9284019621673,-189.09340228785436,-2532.9979455714674,-3841.9617925223747,886.9033533186113,-9797.653433921074
-174.46527060137566,2349.229212449009,-718.6845541187166,-127.7802652614981,2300.525467876001,-702.0065659801629,-83.17593846154074,2246.3090385119767,-696.264303157143,-17.945391497911743,2186.1179635319554,-697.9789648276914,32.78684826701415,2129.3508917172157,-697.7345348677419,94.10972324612078,2059.2413727395724,-696.0984969505821,0.013545829348347999,0.01224501188057106,0.016422474510892265,0.014058264817006755,0.016363973050221803,1029.1713316253142,1054.0719695046168,-1024.8770667598696,3844.0222496222555,-4115.8093566319485,-2545.221312138532,0.24214916777043824,0.0,0.0,0.0,1.0,-508.4375682235873,2700.3957121574017,-792.8728109706777,3844.0222496222555,-4115.8093566319485,1385.200033192587,-9826.05336332779
451.7102889657491,2217.441605590514,-493.8487605924426,493.43321684151243,2159.279827136369,-506.94300783221604,535.8360931699345,2091.2589139961788,-515.9399941957279,575.6022593901706,2026.1132218568673,-544.7563851122532,613.6609796910205,1961.0756806488039,-553.4667839490318,655.889522661517,1897.447806427235,-579.3637618805741,0.016146289791382773,0.017910817629555598,0.014614375521014938,0.01717456511318388,0.015665599955757087,1356.8305570284738,798.2772090893582,-961.3666995607505,2479.109621934669,-3914.442430267686,3097.5319456433463,0.28138024512649884,0.0,1.0,1.0,1.0,92.48464984179145,2794.642848525881,-497.6881130750524,2479.109621934669,-3914.442430267686,765.4165607226374,-9714.993198558377
300.83237097706683,2211.7649025488035,-227.9834311891919,279.5642208672577,2158.8231143406624,-237.74014712302733,271.48793598836977,2096.4074821165855,-248.40565427115294,258.6753450430649,2047.8659271990468,-267.6814822748683,252.31711760243243,2000.6597701139622,-279.6059035896734,228.80286358260813,1942.9346724740535,-305.16172342905406,0.012089751362112988,0.01848575511086603,0.014296493648186859,0.013853486786392866,0.014772572710258308,-172.93717760197137,302.6936956448169,-565.6544268366814,-873.738873409078,-3529.166946822254,2661.9797713630996,0.4655897859067388,0.0,1.0,1.0,1.0,456.1548112525652,2843.693897356844,-274.7586529728544,-873.738873409078,-3529.166946822254,1150.5449560415482,-9905.602041388034
618.4379920818848,2016.6399426450218,-843.1690506102033,616.656288119411,1934.6125999444323,-873.9892539973189,600.0171750352657,1848.8831125050988,-893.0910566607802,591.3384917203924,1761.8238116839616,-922.753503252891,578.0873822334848,1692.7539344235583,-950.7223931843889,574.6102706054112,1633.920437755676,-978.4449771217254,0.013469241307787289,0.018714254034421257,0.01645578305895659,0.01538941838843419,0.011652557897906701,389.59781411806324,260.36598892276925,-801.9777827446653,-662.4809128277176,-4959.010828706592,724.8181511101903,0.27646342135930996,1.0,1.0,1.0,1.0,730.7754842243357,2814.256565706666,-782.3884805326591,-662.4809128277176,-4959.010828706592,371.57272587542764,-9900.667108771753
-22.713805468371906,2411.378702319696,-684.7765023324234,-5.216691784424833,2364.3064946079926,-737.7151544199161,-2.919586757686938,2313.3033577207575,-793.15137753074,1.7714443403169087,2270.641806880496,-854.4494440790514,10.282087988991352,2223.393841805704,-913.7425117852898,15.806692286792122,2183.777210533952,-961.3078029486257,0.01651349703178162,0.01738772719221876,0.016142900635090718,0.015282915553356313,0.01448577459210354,380.9108417129309,-328.45779656420206,-800.4578775248336,437.97871797508185,-2992.0143337003587,-3465.6389873646585,0.8369373842758627,1.0,1.0,1.0,1.0,-131.52425831791345,3172.198973865213,-211.44293152074647,437.97871797508185,-2992.0143337003587,-637.3729384594935,-9851.16025073944
126.59547292597871,2092.632825341317,-832.0238483895529,113.43896723142153,2036.145829397664,-879.175246067188,90.22138161796796,1971.4510576429966,-927.1480002690929,74.12325564292975,1910.0979172978996,-979.4444622827687,52.07111053463264,1850.6553811564638,-1028.364077185808,23.57259926904903,1780.6512581657555,-1093.840322249853,0.0187493970757574,0.015350552410410695,0.018325053312504475,0.015380852381159854,0.019098570434683798,-558.8915500275433,114.57276696485404,-502.3988287731469,-1260.417956285564,-3611.7795312681237,-725.4361119767129,0.46089406573572383,0.0,1.0,1.0,1.0,354.9114682794901,2733.11292713425,-515.2899634987765,-1260.417956285564,-3611.7795312681237,-883.2425235700932,-9834.80027500547
247.8303822425841,1955.2028753622296,-621.7666401563652,294.79314577920854,1884.1446064853153,-648.7972337848299,354.0809577509902,1804.4907430950902,-676.3779789495036,402.2654486620319,1739.648318483975,-699.5887421688983,460.9523949243485,1659.9523487056074,-727.0170302391707,519.3434222575197,1580.586217926859,-763.3267686585663,0.016016566300191437,0.015782708197134676,0.014434734783869752,0.016592375984296664,0.016625791715481064,1120.1228400012571,703.5027973910849,-997.4355085485648,3312.388661333098,-4761.9810840314585,3026.675135214412,0.18367685512850085,0.0,1.0,1.0,1.0,-320.7662276786409,2774.9645689447757,-540.2337979970688,3312.388661333098,-4761.9810840314585,344.7367990640414,-9888.971234146682
-365.6498327216712,2435.094747243028,-739.5653578347094,-393.94066897584605,2403.9276394550598,-705.5259227987391,-438.70009583359433,2370.6364374285718,-672.8868069025693,-465.18996178148393,2332.0175763133807,-646.6616989132602,-512.9385104568423,2287.312320069725,-619.4607604069801,-554.9496107353242,2255.3605331567883,-594.2897583546146,0.014978667051745886,0.01610123580869799,0.015223944301875902,0.01769245455595081,0.015995480290999953,-1429.380895494444,1399.3521084432145,-827.6233968678799,-2303.8378426797976,-2244.4077077196785,-2484.360150463331,0.38137041401577737,0.0,1.0,1.0,1.0,229.38235123500579,3015.3256580013926,-813.7710896200856,-2303.8378426797976,-2244.4077077196785,-2428.460185132995,-9934.714639500955
282.7490167912697,2129.07225175736,-1041.3491700963227,247.31428146891596,2062.892227309111,-1109.024269649865,213.59240219486787,1987.9669827663265,-1119.8896492489368,191.37928248073513,1933.0894843270619,-1047.9997101835893,157.70749624376217,1861.5778750234892,-980.2042838784153,133.34738764636933,1808.9570795886223,-928.4568024316683,0.014059605120350094,0.016900400231507046,0.016224510599069708,0.016153597961478333,0.014793344993755814,-537.5707074443243,373.29111167765495,-102.69301788517782,-1913.9253498272474,-4118.078845281593,668.4957558271253,0.34747327499297126,0.0,1.0,1.0,1.0,610.784502452025,2844.1384188466204,-436.97928407948996,-1913.9253498272474,-4118.078845281593,-2630.745649382754,-9682.537527527882
-38.22083327922353,2030.824959877396,-882.2702009731722,-51.87424235326265,1979.9092699062187,-820.9035859808989,-76.89688130508074,1925.4433366432768,-760.3571641325726,-94.12568872408534,1873.4736027263398,-703.957202767994,-110.93558835578327,1822.1130755523145,-644.7221515801115,-133.42478341456498,1764.6818972684869,-596.9130672232518,0.01749573588104819,0.015257258403802154,0.015903702500742578,0.014822266707925913,0.016417206065012957,-841.5397419427095,-52.832024953976884,-341.2512625714101,-1267.2803962472337,-3265.7031127215178,-2262.8345087578905,0.5582867170716823,0.0,1.0,1.0,1.0,248.32139882990975,2755.6726519865338,-543.1757575884925,-1267.2803962472337,-3265.7031127215178,-3011.1376472279617,-9772.116902323616
424.76472755462385,1690.8757957063394,-962.1052641665985,428.9482192192193,1617.471185373385,-1011.7997923829869,423.5984520466728,1526.9130313547273,-1056.6411872644849,435.2481979848794,1454.4767493976635,-1116.5424717265967,436.20409839496733,1364.1757648701337,-1121.8374053314299,439.47009913882624,1274.5661258062667,-1066.822936180488,0.015601093385441023,0.016918915085887942,0.015581439797315078,0.019719082124843135,0.017468953882890104,512.3965400056899,101.10016913208418,-555.7296325000513,288.0083073495961,-4906.508051442997,914.7556419919605,0.23933533575768695,0.0,1.0,1.0,1.0,351.1118878899173,2848.7446779401594,-535.0284547074453,288.0083073495961,-4906.508051442997,-655.1466122161794,-9857.524881527632
191.2142793664026,2435.702744582213,-1137.0892402357495,213.3497362033386,2393.8332803078038,-1114.0978217260008,239.10235110437176,2358.352304443069,-1078.7312061097364,271.27941627346763,2314.699770022713,-1033.437254719135,296.132538706171,2284.288473781133,-1000.0599537325426,316.61376716872513,2251.4897487382427,-970.7490759524492,0.016252494057177908,0.01373854128794666,0.017380963686220885,0.013190747440444184,0.012806060095651495,1186.592892793601,1068.4393793897939,-1087.0297209572477,1779.9973413954863,-2428.1408464012266,-2666.6696014571235,0.48889505480649526,0.0,1.0,1.0,1.0,-246.30496702976404,3023.092760742776,-739.6709842803581,1779.9973413954863,-2428.1408464012266,-444.5123585204013,-9952.226540559392
-228.0980905706581,2208.1276689874703,-213.73172818094645,-261.5794185638334,2159.960198151409,-229.18351487140933,-301.5723567272576,2106.0681479139075,-240.59487709161783,-345.25190274744284,2065.8579941497273,-259.71951941581614,-390.16995081418014,2005.6379394215244,-285.96295328786545,-442.8432586287365,1931.3167950825318,-315.16167730424297,0.013586032323658404,0.013821497303694086,0.011523956440503025,0.015319863641394815,0.01947453820999695,-1155.2518600001176,1033.1503773440907,-1021.7588356971936,-2936.9991128600477,-3703.2066306306283,-4113.7093535263075,0.24274895631585286,0.0,0.0,0.0,1.0,460.09765207290957,3069.9140241909445,-254.44495789795894,-2936.9991128600477,-3703.2066306306283,1323.4770706199974,-9885.793498447812
564.2599195160664,2203.9927612201755,-544.4185135293859,565.5330091155836,2125.5789781121744,-547.0037291298562,571.3120313593967,2049.739488393776,-545.160188845389,572.1430449688881,1961.8050991091782,-544.6131015714949,571.8428150263636,1901.7508161134224,-548.0184826483185,578.4336290369461,1822.726658017196,-553.9168977609431,0.015357007229162584,0.014646656410546716,0.01829226552681268,0.014026197883301228,0.016132448341246136,606.1962009274469,24.896221689343587,-899.903025369118,92.14724964275518,-4659.1647754096275,2637.191623775571,0.38781044325409336,1.0,1.0,1.0,1.0,554.5937411275102,2634.028495918733,-626.3034393392084,92.14724964275518,-4659.1647754096275,1252.5037822329073,-9843.982637245848
466.59994306074583,2422.1780966708434,-350.12009938452604,442.26619121336097,2364.0497615377985,-363.6938282651929,433.3223187999795,2316.62910795751,-377.45569158201755,422.0950881940447,2236.0315295579426,-389.4245124636084,401.12964082647994,2181.77486543507,-418.43928949506306,389.539289157212,2135.8406662103816,-437.06615677164683,0.015845002588977725,0.01373456037764298,0.019571041326466504,0.015289963416713903,0.013754217996703122,-74.75504927902666,187.56966725178336,-410.06867641734607,-874.8279539446719,-3632.7359359365805,1309.1056878069044,0.5351716661480866,0.0,1.0,1.0,1.0,607.6107547978163,3021.103697282316,-359.06079231113574,-874.8279539446719,-3632.7359359365805,851.6883196083752,-9693.30496997655
334.9051949781185,1762.336867586326,-1020.0109257517036,391.8602388436672,1705.2842106036344,-1076.3822910823885,444.5087094555113,1633.7969100119888,-1115.1028122105565,476.7542946936007,1581.649008612483,-1134.1710953370277,525.4700596226941,1519.8854359247987,-1081.5587138928313,586.5624141865745,1445.3889667790054,-1034.554870287969,0.01559689112125262,0.014256960965010279,0.0141992928675031,0.01621617677297038,0.01565704984361793,1041.981018831545,898.1949584370249,-727.1641788771012,3395.5050664169426,-4181.752741381269,1685.627352513,0.13271386180278222,0.0,1.0,1.0,1.0,-485.9962610560797,2779.9836920585967,-599.5146540625127,3395.5050664169426,-4181.752741381269,-563.0952027290716,-9889.657054104226
112.06257994973366,2317.0457664682544,-667.6664236918349,77.46339681842505,2277.6242591866285,-724.3635657911227,49.488675553347306,2252.7963234228514,-769.2900412562592,30.51870125318475,2229.8315817619946,-812.1627118483298,-5.7532477564310245,2197.567187059305,-878.8355068670328,-26.986802298923834,2169.21387497071,-936.5643758766687,0.017157859047080337,0.017932653101375207,0.013751051853620355,0.016644964251471772,0.01622312280011773,-1337.975373405598,797.0279939966123,-565.8216502475067,-1732.3670250074385,-1819.741402751539,-2565.446544432528,0.754713256086616,0.0,1.0,1.0,1.0,506.99550822732704,2735.0525879270044,-252.27852375345174,-1732.3670250074385,-1819.741402751539,-710.6025555660199,-9690.94423435421
-172.76981091214319,2288.5096834996116,-1079.426916461149,-180.3739471733309,2249.2417493117046,-1140.5389851643667,-197.6571732742871,2211.379832756686,-1071.249258567751,-210.32449075106888,2175.781820738622,-1011.313438646731,-216.08772410836715,2148.9749326844603,-957.8672682355335,-234.53894883585488,2116.3850233142252,-898.5508637272301,0.01878013807145787,0.017273263495318825,0.015285237998695633,0.014643295296907277,0.01295523322914477,-846.121419914351,412.7517748362594,-969.5450800158337,-808.4590143343942,-2234.4440806056105,-3794.590601377617,0.7627741909565968,0.0,1.0,1.0,1.0,10.845135280109389,2781.262500278191,-425.89324142393076,-808.4590143343942,-2234.4440806056105,-1956.8419305432558,-9721.304475370693
423.1183356185087,1847.1733923907188,-993.9742635627995,462.7831281392207,1777.8422091130271,-1070.6773476148137,504.31786548499866,1702.460693059445,-1137.7536580433857,535.5841824149683,1643.903326994475,-1073.1291809639108,583.9115702310504,1580.2828556251814,-986.1211893675301,627.8374404381435,1503.2830258965862,-909.2690438814818,0.014792813895990464,0.01691775066279025,0.013221526982344273,0.01719046476194161,0.0168562040776144,956.0421078468714,948.0499685217378,-398.71872928070036,2578.0754053387723,-4318.293897322752,3322.5059160310975,0.1290067440612701,0.0,1.0,1.0,1.0,-62.29767726194268,2653.7760579642227,-278.57507640326935,2578.0754053387723,-4318.293897322752,-2937.27591309369,-10038.063268436359
299.78172124011843,2404.098932155203,-1122.7867584215326,269.2605841748061,2362.0505238136516,-1127.5064578265353,243.2058583561357,2307.62045584707,-1082.5262379995006,219.1980865836002,2259.424080979341,-1042.838669740379,183.83432340237513,2202.3231217846374,-993.6578714808288,162.58990983593364,2158.2201432704524,-955.4133603797309,0.015404724213886167,0.013347644730923952,0.014680647310364142,0.02090864105310916,0.012174290101167162,-789.5851891794215,500.320258925266,-972.4251484205149,-1826.1217727795313,-3197.597102344846,-2587.9971879581303,0.5193601643825819,0.0,1.0,1.0,1.0,653.0510113164089,3026.4219697776925,-705.8752224166941,-1826.1217727795313,-3197.597102344846,-1205.818934035853,-9837.415429354862
227.2454779509425,1626.225887571779,-1068.2242422105512,256.12059039716866,1552.8826429202006,-1137.7523809295276,293.2327731673259,1489.3922711312678,-1111.4035396050397,330.02439063834555,1405.058815728501,-1025.9038909931182,352.30096971270893,1335.2502468288535,-962.2128199861834,387.4034691643264,1256.922220014571,-904.6453354170116,0.0152368670837843,0.015157167508391467,0.01864312098485399,0.013656192533775202,0.015974481226799175,711.5643097826917,529.4272710749437,-430.2307962835882,2039.1895181746763,-4614.4894223834735,2218.7582279482353,0.15938868414848562,0.0,1.0,1.0,1.0,-287.6385541229006,2790.527088042849,-327.00938996521086,2039.1895181746763,-4614.4894223834735,-1700.3657439032936,-9843.489974747801
-344.148836511947,2024.5665162580644,-859.2719335052838,-336.32710149629315,1961.620293259912,-914.671478942682,-329.9956066465553,1896.1178232060504,-966.854515824889,-329.2623450838012,1821.9282277295072,-1028.9776869922603,-323.8843918081616,1741.9258791736956,-1088.571962101262,-320.59394482331226,1687.9336424859828,-1151.920414540287,0.015331910816766575,0.017813443646053556,0.01968279809044865,0.01777937710592553,0.015552778118653854,-217.59054212102362,-99.48119815095885,-447.5100611989296,224.55090282060803,-3894.818238413417,-692.6606670688161,0.45839294438975914,0.0,1.0,1.0,1.0,-391.6174918069976,2919.0029366194453,-447.2166284806341,224.55090282060803,-3894.818238413417,-688.8703358637048,-9705.63191033228
-429.60996169233096,1851.870248690749,-937.0112703919401,-447.5304375755022,1766.6057989148208,-1019.7157564324527,-469.3602698836595,1665.9921917024349,-1115.1665347670537,-480.2284242624944,1581.7862429124523,-1097.607209972486,-500.4536390080953,1481.9133741293897,-1011.2629643113229,-519.0885706754726,1409.3250310649275,-938.8180752317434,0.016491321683873045,0.01831530490280492,0.015392335163993381,0.017728891334013785,0.012943437366940952,-679.5411572980612,545.6691095024644,-243.46694563466716,-1022.3978299751099,-5447.530549707619,3553.811616495751,0.15929781457104752,0.0,1.0,1.0,1.0,-255.24605785839083,2806.3942876311216,-186.1852662399183,-1022.3978299751099,-5447.530549707619,-3388.275123182839,-10033.655401581034
-52.16400213645098,2218.831181265426,-861.1282978469956,-89.43735242401368,2125.026999514193,-909.5765149126408,-120.51984314503144,2055.8838999012514,-947.7370317443882,-153.7344884020155,1968.510403590662,-990.0915135050635,-184.7144849028904,1884.081248782482,-1031.1622274877482,-214.3518166348188,1824.7215682586138,-1082.559974947045,0.017083609099344366,0.01675497004261245,0.016260056276617085,0.015517077769613058,0.01743499620957098,-802.7192513472523,355.13059757945854,-620.3672124596652,-1983.2718618330844,-4930.469865383871,638.6299796888734,0.29444631139473687,0.0,1.0,1.0,1.0,129.41852371429673,2672.4514343098754,-695.772372896274,-1983.2718618330844,-4930.469865383871,-1361.231392798909,-9578.480221319156
-428.0901207451951,2043.498825983553,-1004.9873637100826,-440.1368759518333,1973.245889204008,-941.1595531475837,-472.3041316211527,1916.044818275997,-889.7574238700649,-490.95409856646484,1843.5382752377895,-822.7043295090459,-510.6035838348146,1774.5876104448669,-760.8319504872252,-530.6331464156267,1713.3074952153945,-712.8355437524414,0.016786063017218855,0.014567139682152452,0.018422320288539212,0.017874608175814932,0.013834344372692875,-981.4238346190533,244.68444640383282,-171.13081467381915,-1250.2956965777862,-4042.64546150859,-290.44088084074053,0.36322698739214493,0.0,1.0,1.0,1.0,-168.73163184348954,2872.4039963844184,-541.1022545558444,-1250.2956965777862,-4042.64546150859,-2706.4582433131804,-9784.541396312303
-346.2966607054471,2193.0309820427533,-952.9934474542955,-342.36132216611344,2147.5788954637783,-985.8923461556172,-336.21584999466336,2117.1981617543242,-1012.7863783978856,-323.38083374820025,2075.139346722873,-1050.3237606668658,-304.36424322748235,2030.9777883256263,-1108.3629818806069,-304.18986990502236,1992.6545296504512,-1140.3479494128158,0.016470006146529437,0.012928680440551454,0.01379512681597056,0.019481086157025207,0.013843406356542576,63.27177368931831,421.5710163397241,-1230.942931448808,604.4086015852531,-2576.3494577011807,-3082.3797066154207,0.609698331904662,0.0,1.0,1.0,1.0,-495.80618277703934,2804.694264713311,-749.5606564953074,604.4086015852531,-2576.3494577011807,316.4158310382032,-9764.888938898892
385.99896884744703,2012.9677364406984,-1136.7444447183116,383.16413747755826,1957.5666347168087,-1114.9177031773122,378.28487400415486,1916.7798587869202,-1052.1895504985634,377.28149790727514,1862.002294101044,-987.4964361503655,377.14398978491243,1817.2565948646736,-929.7764162422482,373.37408643238564,1767.478483268747,-865.8948124093494,0.01658536600943078,0.015201216506837784,0.015401162003417096,0.015943511359076873,0.018397334476037086,254.98634329606875,-230.68569076524207,-800.6426567702752,-172.78914977439823,-2945.1547793546556,-3217.7629931162614,0.6790081993929304,1.0,1.0,1.0,1.0,419.13603558174316,2567.2113496216784,-528.8323057013176,-172.78914977439823,-2945.1547793546556,-2248.6089029248164,-9745.676655119387
560.0615327790972,2402.6034022214785,-647.0382244350807,564.6665791336546,2358.9559238739325,-658.9607896580144,563.8729337508719,2326.709202696134,-686.8719009333987,560.2306206851223,2284.4170441781184,-713.5075176775684,567.1088150189369,2250.721987550485,-745.4574111913504,568.6812452727029,2207.757956652214,-779.560913916577,0.018397345250459884,0.01805015396256726,0.015525103824927444,0.015347835438636936,0.017000359747000482,718.3497394467853,369.75368164353745,-1122.2464049631378,175.8845550537789,-2234.962439451787,-3333.0186082710115,0.8241233112306575,0.0,1.0,1.0,1.0,514.3236555843891,2962.3101114076244,-629.7708159888164,175.8845550537789,-2234.962439451787,1206.1090407057636,-9802.333975322363
108.56654198313909,1733.7641784258715,-892.4418663001647,126.91330762401415,1680.0901691172553,-949.484008509953,139.02661774353973,1614.217610858088,-1005.3399615931568,154.14031505311164,1554.657499919904,-1064.558330640893,171.80740308759965,1501.32824934839,-1133.5716695922333,188.42306230380538,1435.7552349765526,-1105.7338941208195,0.016428141777029587,0.015387805603103821,0.014835785933673629,0.017529622565683467,0.0181278988159968,495.7014420526341,264.18401459011704,-347.8158020323952,979.5732585845454,-3740.950546029697,901.002637737119,0.3110555531155815,0.0,1.0,1.0,1.0,-96.94037939101634,2527.4590949380854,-397.5611506422589,979.5732585845454,-3740.950546029697,-1332.1187823126288,-9675.63411708095
-30.489066531359086,2355.6301613383707,-638.9854161039975,26.589519121753312,2275.5270985212137,-655.2021924368019,91.38518929683751,2190.306395235036,-689.8093142078486,137.0765343201543,2116.0887842187963,-706.5971352985318,187.57224562105222,2056.544704504613,-734.9536640292412,233.99442771992545,1985.8894321800776,-762.0260891953941,0.01714917046741632,0.017311913634437626,0.013992560011102245,0.012915714787045202,0.0156931914787094,1090.078269687384,832.5658476080206,-845.0514854114865,3448.6056844039076,-4653.534406152249,2413.588743520501,0.24848226846503038,0.0,1.0,1.0,1.0,-289.36400407417864,2693.979610068926,-562.8722735422377,3448.6056844039076,-4653.534406152249,-540.4329127663807,-9805.057525262046
83.51851326801317,2016.9993206156817,-690.7200957499435,73.45731211904852,1910.1235967858468,-744.8283874874921,55.658352545572804,1763.0649371015197,-826.607933639685,47.842448154403115,1684.734410987919,-872.5178747118836,30.521966174898495,1574.5853007242943,-936.7932009220793,17.12462535450423,1464.3649420477288,-1009.9112932499312,0.01484345992552237,0.02146265900826566,0.010566155597458188,0.015112568838014262,0.018167167993937194,-135.30597745820833,187.9615685844185,-553.4655245596065,-835.9472400866954,-7042.687920227192,3261.0129243397487,0.17980576207906318,0.0,1.0,1.0,1.0,144.7363479708347,2547.262021860527,-443.1314748410389,-835.9472400866954,-7042.687920227192,-2911.8763882146127,-9767.364151272435
-129.03250412640728,2230.3843580697267,-890.2177967665688,-96.51981456340522,2145.073214545713,-923.340476149437,-43.955756168394146,2052.062622979626,-964.2181553923651,-2.986014994485145,1984.7885314399393,-1001.1287996595936,37.46836387760232,1905.0722075514063,-1038.6819845130806,72.4063571546599,1823.8996641442616,-1082.4140022760434,0.015549065183840444,0.018835960402219132,0.012899894408873125,0.016431666552236684,0.015338803031773651,786.6695050015456,410.6378622517891,-693.6336711218631,2588.0698539572077,-5127.642963040744,589.7585176630927,0.2750540722707815,0.0,1.0,1.0,1.0,-390.9022785489832,2743.715410435333,-732.2061680980067,2588.0698539572077,-5127.642963040744,-1051.1899433877647,-9810.033539318578
-288.0356912949638,1921.110849090309,-1107.822791092176,-341.22209386840063,1871.1945182778093,-1051.7036387778737,-399.00582384783036,1811.084501965543,-990.5532511687337,-457.7394065078622,1745.0114199211628,-922.3216490275433,-509.25055180998703,1685.3687272536542,-872.5230942260138,-550.5009620755286,1640.0414854610167,-833.5725506041474,0.01484094419412857,0.017103677029253306,0.018063432826548514,0.015137667737084415,0.013417946889370425,-1026.3527872979698,1114.8276957241555,-488.7921536705936,-3246.524237208841,-3627.548685098387,1654.7047273483997,0.14574083325564074,0.0,1.0,1.0,1.0,402.1178770739193,2710.9491171674395,-544.4632159129668,-3246.524237208841,-3627.548685098387,-1957.7563940265034,-9830.772616295275
-355.18696868786714,1356.066067428483,-976.6860385162805,-431.61860001249255,1261.8732036097088,-929.732655138418,-492.4898291351328,1175.4477501341491,-896.0443089491077,-542.4713042128318,1096.195568252665,-863.9638576737913,-600.7979256420483,1023.027410353123,-831.3914795560428,-653.531583745182,946.1289840631498,-797.9281456997626,0.014795185158653967,0.015462322063329093,0.013332666810396687,0.01196101302241065,0.015019745176092947,-843.2079933288609,702.6962823445558,-705.5686139028612,-4148.892269247573,-5547.987346859603,1780.6666480226995,0.04424885828647468,0.0,1.0,1.0,1.0,691.8821462927401,2755.4516006826134,-656.7109437472502,-4148.892269247573,-5547.987346859603,-1486.097587150264,-9848.085107227715
-162.83700828729408,1543.6904090619464,-766.9966732239682,-158.63080923740947,1459.3875333583069,-790.5242465419282,-165.34645747544113,1384.024341638171,-819.3510680472838,-158.77779386647492,1295.392854745171,-840.2512200772215,-167.55515241284814,1214.3702707170135,-875.3296197511108,-165.61302349244147,1132.0739171259304,-907.4901230993893,0.017020706515004674,0.013929769096259648,0.018373621421549413,0.01898650259800233,0.017262325760387498,-148.795186062359,26.65726802622577,-844.7404164586086,56.3619317555076,-4837.346490132378,1693.989975094276,0.22673849682920544,1.0,1.0,1.0,1.0,-180.35786784544428,2735.5713025003574,-779.359496160006,56.3619317555076,-4837.346490132378,1256.0046302088263,-9883.381233633654
485.9137939766116,2158.2243615208436,-1022.6389792693075,475.2485540119184,2089.4523750447584,-1081.3244509742,477.95162431421153,2025.4120704726906,-1133.3519251942055,466.31966557684717,1975.8675856934044,-1128.2903451788716,457.1660439894786,1908.9143792827986,-1071.4047303724687,451.36705028625425,1842.6286359236144,-1026.6962537651777,0.018874570595431517,0.016708491485006333,0.01453916673464431,0.01772376675742765,0.01691514372925118,206.14864075964056,-120.91817790252122,-808.027609879154,-478.7596329578266,-3852.14583458987,-2048.916800041184,0.5086176640237324,1.0,1.0,1.0,1.0,536.4927875005408,2537.0624479644853,-785.0019935601538,-478.7596329578266,-3852.14583458987,-1936.7150625526485,-9712.577772967812
85.08171617657446,1393.0246449689012,-656.7972788521547,46.177503285661125,1266.5255459707244,-700.8100968801402,13.488642809515603,1149.7598261758835,-745.7227796340044,-15.876402222941392,1051.27525875861,-791.3450591763371,-51.19388891519798,937.4083391913647,-835.3622259445154,-87.25826298906895,813.6821395049391,-906.1293148372348,0.02017627187186402,0.016614487467384587,0.015211798779918656,0.017489591943875255,0.018010985860400647,-325.6514429484186,62.83289735280834,-982.5201515649301,-2046.7083185301722,-6650.810655095781,3536.9920975558925,0.1136230289422605,1.0,1.0,1.0,1.0,452.0977180930464,2590.140946289206,-370.6382486044798,-2046.7083185301722,-6650.810655095781,-676.147896223234,-9849.321999519834
558.6519261338515,1820.2051862597975,-1060.7218735373303,595.811129531427,1741.2021853498588,-996.0010636269615,622.382561138598,1687.984631398796,-956.4905591250067,642.7366490281926,1631.4355460982536,-900.2849087288421,675.6869496174041,1569.299582279506,-844.3197943664711,702.820495930058,1502.9063441006883,-796.51430780745,0.017390473098496756,0.01245341401974212,0.015712048784572552,0.016030033820267908,0.016964312203591514,1103.4207300442235,573.2132435118997,-361.0643301204033,1740.4848565642667,-4032.5857428161303,759.8797709210619,0.2295244161892519,0.0,1.0,1.0,1.0,207.0710289136282,2649.9949010622117,-579.5219768276751,1740.4848565642667,-4032.5857428161303,-2205.5438008361525,-9810.994177894077
108.299032642577,2121.3536053543826,-1082.2633977977612,86.54121505778865,2064.299565351868,-1008.2897078876687,70.11771696073286,1994.260067415277,-926.894252013479,41.86862103078433,1935.4756188959004,-874.1981780809789,21.099911081499318,1882.2079846606857,-809.7842765787561,3.7499645941575883,1807.112208948162,-744.8143194264414,0.016966017384249688,0.014803454020176021,0.017463792264664935,0.015495618220215862,0.015570960031136893,-624.4116442616253,54.101532076681394,-87.13491268447169,-1362.3706276010632,-3838.309704520256,-790.7287416248103,0.45759062272249723,0.0,1.0,1.0,1.0,376.9307670251545,2875.2591648990756,-476.70584522265733,-1362.3706276010632,-3838.309704520256,-2867.938832283079,-9754.063994192471
286.1957195140551,1368.2192745927355,-997.9310409053197,301.6259864365398,1286.4631413078496,-946.2155424652135,311.20388680193884,1199.7049805537197,-901.337620905813,320.83467814634906,1094.649280273424,-849.4065260373255,331.4144360654356,1009.8514480341325,-809.1316476572962,345.0157498024364,907.123274672626,-760.5265884812371,0.014000903705122969,0.017132283374897417,0.018862952185295878,0.016324972727923936,0.01731775558269255,451.39075469651175,115.62866938232021,-531.6815611547106,745.2834798490289,-5549.803555131488,950.0334649742351,0.14234174812833283,0.0,1.0,1.0,1.0,108.5603539659594,2668.538304742808,-646.6747277928055,745.2834798490289,-5549.803555131488,-1771.8932117849458,-9724.301705829708
516.6015753094682,2273.4368405564833,-1061.452890045869,462.8945567882464,2186.1098841093853,-1128.8788267664042,404.2375712684648,2078.1976468224257,-1095.6345297851133,346.48861280004473,1975.1983239038607,-1011.700482202223,284.58448644354115,1860.3103310444203,-936.7556858692161,235.7661879679659,1769.1674848003029,-873.2016417218247,0.015449692210068214,0.01766062298583579,0.019432368454146795,0.018708102918447295,0.015874367121467003,-497.68834170279945,462.69209624423513,-260.2483346578564,-3224.9079839310125,-5771.619089033254,1598.9145835837176,0.22564593976292244,0.0,1.0,1.0,1.0,727.7766921909842,2655.907350076876,-799.2417664963859,-3224.9079839310125,-5771.619089033254,-3623.8079134871987,-9809.862207986364
-96.23973216345745,2192.4425737185934,-494.45871060282076,-106.94439009367984,2109.12627845248,-552.6161989407053,-123.79013616394342,2033.3260744216138,-609.2410612179395,-124.05888725344322,1944.1242720818218,-680.3251684991845,-127.79204986132378,1864.8985432272561,-751.0364385226873,-139.65261275895915,1794.7413889344652,-811.9097662926893,0.017756698822007005,0.016381893879510445,0.018230128303663412,0.017030958855105083,0.015318631806651745,-270.03826438625157,384.5825328240596,-275.70621721059416,-454.63843478315357,-4772.6805044290695,2842.7232236253467,0.29487043844181243,0.0,1.0,1.0,1.0,-51.811815690337994,2675.4691749500157,-183.0413937929992,-454.63843478315357,-4772.6805044290695,-2504.48513453276,-9762.184512213797
141.72647764077573,2307.752987667392,-642.9020376326766,157.4685273690891,2258.505511222406,-608.0238145689325,178.7862854683464,2210.6448189063703,-552.491327104484,200.35262935406195,2149.3475154013813,-518.6246130147509,201.57423631428395,2103.5129633324605,-470.2972863902457,229.67748970577674,2045.5459560696584,-436.20983774957045,0.013628034008713263,0.017716982413286092,0.016642977986361884,0.016057015032810817,0.015501998179071108,891.3867999753832,174.68210246950213,-759.3513405314968,1134.8893121461026,-3228.21408052005,-3379.9076283724125,0.5810775641024706,0.0,1.0,1.0,1.0,-107.31579471318878,3015.5104933271436,-819.9675987024457,1134.8893121461026,-3228.21408052005,-3550.054593099219,-9722.104278329458
430.69310118536725,2429.155326736639,-1124.6592175471885,444.6356238206527,2391.3847154408068,-1060.9741793549858,463.3933225013132,2344.9014273166163,-982.8894913697325,482.23494766962756,2304.9763497703107,-931.0547145199206,491.1212316559176,2263.9918255363255,-885.5951352053555,509.05159200735767,2223.634340688565,-818.1807380556868,0.012506360281984694,0.01906068474717372,0.015043969623050546,0.013346714899937329,0.014776837735190895,1210.1389920484992,273.9423706109777,-766.2243811081282,981.1553396823906,-2717.1642514561536,-3447.6566967888552,0.7181319205758371,0.0,1.0,1.0,1.0,322.1934096359354,2732.976018178788,-739.6302171960671,981.1553396823906,-2717.1642514561536,-3371.0200671436455,-9829.987505062558
-282.6605757232392,2406.3505326470704,-836.9063090690762,-277.3656374684539,2332.1398985994347,-903.9770931025117,-265.0561647703434,2267.0446631532113,-966.634073586624,-260.9754025576359,2197.3344142383203,-1049.1622093376516,-251.65018799677932,2139.6156013756686,-1109.8498993719536,-246.5814187589316,2078.377872052856,-1117.6089590239383,0.017774465405469203,0.017253270742408455,0.018994668043838786,0.014504841645866656,0.01593621525471217,17.72646291221371,-264.6324044060561,-372.80110611245163,427.5854523457927,-3799.035651593817,-1879.8790905182645,0.6165269657805852,0.0,1.0,1.0,1.0,-339.3073897965243,2907.5623646747804,-446.587111785825,427.5854523457927,-3799.035651593817,-2240.333663697387,-10059.641620406981
-236.5669487415568,2064.882016173575,-454.2468491929862,-244.31229467728792,2017.1112590732023,-487.43449580728924,-249.1231287028789,1953.051516129165,-513.9773284019644,-265.3214778213543,1905.9331655494727,-549.4450208251104,-265.0021280855844,1848.0965126016572,-583.905167762927,-278.87490619328173,1775.6953310375727,-625.8712867998087,0.011625680074349387,0.018290807127815778,0.015111384854254672,0.015686187542934327,0.01917791456438822,-498.12571430919513,261.5874750272303,-416.7566360098574,-503.1969614273935,-3508.8038694517545,1366.1780661249613,0.4337617043806663,0.0,1.0,1.0,1.0,-130.79193246719638,2823.014299727012,-331.35328761619746,-503.1969614273935,-3508.8038694517545,445.6239774283617,-9768.07475462924
255.6180294730022,2168.8494603287304,-700.3939558666666,209.21610725728988,2103.6076311541965,-756.3633424862377,170.9337957730619,2041.2312529613282,-799.008897137891,135.0614470091237,1971.694689731396,-855.1559463057583,107.949635025932,1925.3352757662694,-905.8943427989327,64.45504062588482,1854.329727103013,-979.96333746282,0.01736251656223345,0.012949887334024579,0.018809955578274973,0.013636071530952587,0.017191170383634047,-683.0568798910207,599.0394467279896,-374.28478334742846,-2332.4988130957267,-3933.4729366867296,1516.118374644203,0.319579955000434,0.0,1.0,1.0,1.0,693.1174198354595,2919.7884793731623,-318.7872027043394,-2332.4988130957267,-3933.4729366867296,-1108.9815044609777,-9632.685745385641
-438.08079423379206,2376.323265461886,-929.344129864638,-443.22931039559353,2334.1901895363444,-850.788575396428,-435.4155106636826,2302.3777375451887,-790.1986534582726,-444.55242633743643,2254.957792662075,-720.3422019325756,-438.4262114852726,2220.0752556299776,-661.2161451636698,-440.1951896007486,2178.733644787569,-604.6515423428378,0.0162033453662839,0.01630292860411739,0.016190742082377113,0.016847980184896083,0.015657413505992646,-449.1267855600561,256.6874149402116,-1019.7119754269146,-7.0729505162400415,-2388.569824377475,-4528.621399000316,0.807726077708237,1.0,1.0,1.0,1.0,-441.3111752396135,2896.0570708773107,-492.6620666298499,-7.0729505162400415,-2388.569824377475,-3168.43159911816,-9932.13498596762
199.1341618999378,1956.3029169904282,-954.3416886377812,260.81327102446,1913.6733405477164,-895.8014000489025,335.08482036421293,1841.1579085873334,-798.8295089078277,383.27815649488923,1784.231083374408,-739.4854542486867,438.89707084022893,1735.882420003821,-682.6838059672727,503.6351917637201,1680.868980565179,-609.3957243723943,0.01498161165019199,0.01879885583742949,0.015198510122604647,0.0160076233032595,0.01635599993335282,820.981978409668,1376.6980311435973,-310.9915821764187,3590.8512351244535,-3403.420557050116,2945.510227349838,0.08964743865541003,0.0,1.0,1.0,1.0,-453.7702100595135,2584.912328896388,-527.1504756481929,3590.8512351244535,-3403.420557050116,-3600.170908891039,-9911.619264389199
62.02344374240199,2082.794549804771,-932.9745808157464,30.689136003492884,1974.6966337604854,-975.7372980336197,4.193673810705789,1892.2299509344828,-1004.7180786390766,-15.161094840110868,1809.7945743288217,-1038.5976859150576,-37.155912401597895,1727.8413681443362,-1077.9278920796291,-76.07701418784896,1627.9609270318772,-1123.5339218542192,0.018086610711497475,0.01736753432425131,0.013446976708181624,0.017628217101183535,0.01692636192754665,-485.6926443603731,158.03364472612708,-756.326469497035,-1551.1210950266072,-5460.157732737101,253.45997652939434,0.2694782280489473,0.0,1.0,1.0,1.0,282.11229767779764,2860.8117224309963,-763.9536328446834,-1551.1210950266072,-5460.157732737101,-464.1036313885498,-9871.612474373012
-362.92992892390976,2271.057825317744,-793.7971548018144,-370.29334525568163,2214.8279114024244,-839.025437414779,-380.17300467339754,2146.6769985414753,-877.0850195673127,-385.61790486557334,2089.941902545582,-923.3220603158554,-386.8666414399107,2035.9931127497769,-971.6284577527712,-393.35058262523796,1973.9005125029744,-1032.1120507863423,0.018018328314232973,0.015872444025279958,0.016562720420041338,0.016802745079501885,0.017884231754209834,-579.1429973440478,-232.43535007195823,-808.8741376713286,-296.0132090746616,-3445.758789657292,-2431.019271710664,0.6397766806554017,1.0,1.0,1.0,1.0,-309.7709770861087,2903.2051485161674,-525.2076421719414,-296.0132090746616,-3445.758789657292,-536.6190799526197,-9909.554773517675
696.7782413997566,1753.092981716397,-964.6626184885793,708.5834017249882,1674.3424163910804,-990.0487644871989,725.6607137655626,1584.700292169389,-1025.1459448721273,742.7335661512435,1499.896524180655,-1060.5270275197754,774.4337243505304,1410.561888300639,-1105.5586814972035,787.6965348754533,1320.656423832633,-1139.0129081071675,0.015173216432802061,0.017842813195699025,0.014736412797847681,0.017032649472212724,0.015398545325824242,1040.7179132889876,256.579713729638,-817.8156516041115,1226.8312417296327,-5234.873859224929,667.5418398981442,0.20498913008005082,0.0,1.0,1.0,1.0,451.8389172587639,2769.3191661576025,-795.6227133323816,1226.8312417296327,-5234.873859224929,98.18931611626556,-9831.364366407637
583.1927819014643,2160.2896247513095,-308.27427893801115,580.279044753698,2108.4765470589105,-342.8401900582736,585.6038643606734,2054.327099413331,-365.748719571921,580.80538506645,1994.7251522027161,-392.7004399595671,584.6379117664709,1936.4320673333004,-429.0130568900193,582.4955979441106,1878.7266996205212,-458.0940514819971,0.01577168375618279,0.01393848978017137,0.016616319984593342,0.016775528880467516,0.01460744056716129,617.9294366534833,277.4881497160068,-423.5193102714563,74.51501065113932,-3628.964856518491,2051.5173669963087,0.44272657922058856,0.0,1.0,1.0,1.0,562.7883287716436,2962.9221435396826,-231.72627756466477,74.51501065113932,-3628.964856518491,686.9180753339425,-9742.522312793117
-198.82829956337667,2215.120263423111,-530.2822665799556,-267.9946457181091,2160.774748815623,-553.9277231281467,-316.98032675252864,2117.4942674110484,-559.6175229799533,-368.80236913181204,2065.761205294161,-575.0537025410571,-434.25474673421036,2017.382053049789,-611.4924561491383,-501.59507743038046,1965.4489301366145,-632.5522816247022,0.01872404998165947,0.011478512318860074,0.015587959852245953,0.01857933984391036,0.01638107007280054,-1105.0974670380265,1448.7103787772094,-1033.3696249955099,-3741.1452344280683,-3169.218856284201,-3236.716855981495,0.16097603394329896,0.0,0.0,0.0,1.0,597.1236146267436,2890.704958386515,-568.9033552570464,-3741.1452344280683,-3169.218856284201,1195.1068791091297,-9740.27194525411
-166.53818019884372,2411.6587056893327,-1114.5018367557193,-238.3246276943181,2357.83138188219,-1032.0794025982166,-312.5678972560663,2298.915992878424,-971.6443415006592,-375.8599585219175,2252.5094932669886,-913.5782179752316,-422.85113414294176,2214.7287377622906,-859.692271243329,-488.42810282303867,2175.313258104861,-804.1570384184326,0.018552707727250872,0.019117074726516886,0.01623138380462341,0.01623090923506426,0.014423248632510988,-1087.1647479420708,1726.0009069307325,-438.89507445293606,-3693.504817990178,-2724.748126239251,1457.2543294206625,0.16388528756177229,0.0,1.0,1.0,1.0,445.6397515238524,2856.7713793200123,-648.7248477256541,-3693.504817990178,-2724.748126239251,-2495.757213198409,-9781.660151739763
-323.08715088414687,1544.9569521149674,-868.5002434907345,-323.4176729326559,1467.9756998103642,-918.9135189618414,-326.6905419202759,1396.4745152493936,-972.3676934274145,-325.0274828049995,1314.144576758208,-1024.4271956588375,-318.5514955193419,1238.9113657128048,-1084.2659109802114,-323.1921949302079,1157.9358181906327,-1135.112808922963,0.015005687719077537,0.014360478890656614,0.01763294719975514,0.01604311468210179,0.013201446406285566,-318.26570254395864,123.36862483041728,-561.060434118587,9.409320210605188,-4984.952627908808,1842.989983941167,0.20860230751262876,0.0,1.0,1.0,1.0,-322.87626944715385,2565.9954125057334,-447.53978886776116,9.409320210605188,-4984.952627908808,-1073.9724430119927,-9881.953189939166
-128.97861732680602,2017.6912554258793,-445.68813231112847,-159.1161625023423,1939.4205464052484,-465.8156596824779,-195.61424637554336,1857.895026622052,-481.5557738583033,-227.13432654327758,1778.0029326255117,-517.8818084449678,-256.84278147862625,1700.1700442267459,-538.0384145362547,-283.1305175096102,1620.7599787148888,-573.1560273093136,0.01592229642372653,0.014246671572048786,0.01517038895066894,0.013137496976383195,0.013060791532629096,-816.6444429542389,276.7429852471809,-944.7192172206269,-2152.490680079137,-5470.259899471701,3437.806593680963,0.24777875752855208,0.0,1.0,1.0,1.0,173.50126988216277,2793.0625390041605,-337.719691924255,-2152.490680079137,-5470.259899471701,-41.78951391373727,-9733.947223577788
679.1300762612722,2143.766382725826,-608.280297626591,672.9637504997411,2052.9031304302675,-654.08952567185,667.7089033594577,1969.5731220168059,-682.1264750401488,661.944415512852,1873.3651249223449,-734.4787655005806,651.6034798348744,1796.991754750915,-781.4482926875924,653.6844871543371,1718.5603512799323,-826.6037000204957,0.016835632767925934,0.016133292962766943,0.01796522010848775,0.014173348941078273,0.015762440437194547,535.1596343119296,110.39911187607174,-521.7743927445338,-371.8003297851061,-5310.79041810723,1964.271213951367,0.3011673071541636,0.0,1.0,1.0,1.0,719.2007975555568,2739.2403688391532,-403.6427633105123,-371.8003297851061,-5310.79041810723,-1254.4656953439599,-9671.3840672149
-156.518946637591,1392.4123985514595,-785.5901424793788,-194.5768674339511,1312.6751214295593,-814.917447456737,-235.3279493131014,1224.3887075851426,-846.3197210258149,-274.2131513304998,1124.2417533003545,-884.2464890379573,-306.39569423514286,1059.22165243377,-903.8325904399828,-353.7529383070668,965.234707913726,-940.6772945231119,0.01330874307273508,0.01758567794891494,0.01692665706533153,0.011049381869437325,0.017740516100170134,-666.1819387213046,249.83792660645102,-1005.05978122044,-2452.9842055127897,-5555.740876731188,2594.9409867894556,0.12846364334350457,0.0,1.0,1.0,1.0,376.3363486216309,2611.027799217206,-672.7559200279259,-2452.9842055127897,-5555.740876731188,534.4999139774919,-9702.664579388065
-51.37762833119907,1418.9585090495048,-1124.1025867322066,-96.96166595213343,1314.753619671185,-1066.3134781401234,-133.386067453541,1235.505134450087,-999.1847584822503,-180.58165065710466,1146.351667646569,-947.9718308106377,-233.46486841472642,1046.417086410573,-885.2107512814832,-274.6864438587222,943.6798599013383,-838.5472238663934,0.016541711967564765,0.016511175808448686,0.013244934084255838,0.019619860074676643,0.015057312694348568,-555.3524153847818,404.8733530327686,-574.9649408936405,-2940.714611275651,-5890.90054710183,2352.6571980306467,0.09195175427088276,0.0,1.0,1.0,1.0,532.7119907872095,2584.506555460446,-542.4457683684685,-2940.714611275651,-5890.90054710183,-2211.114155330109,-9941.418780154763
86.14911839126779,2369.2217729294716,-1128.6312021913336,112.48546843672113,2325.0198425117187,-1088.0258468068764,146.3238747292361,2287.122673272544,-1020.1755062235903,172.43427968214175,2238.499925305507,-950.8253136854743,203.30057121740532,2198.54038992552,-885.816980758704,225.73581116639517,2152.4145388472684,-839.7107082026412,0.01673029669641865,0.01615585478579168,0.01769623638013673,0.012929466093986985,0.016569890176145574,1350.7033353952684,434.0389871446358,-379.4422399132344,1772.0801033589464,-2713.7858208681405,-2377.667242040926,0.6340520938746341,0.0,1.0,1.0,1.0,-297.33116072854926,2957.8598005520153,-385.9898089416004,1772.0801033589464,-2713.7858208681405,-2404.3912344365713,-9756.466818036792
172.29555943614298,2420.699281388558,-449.06068427282884,172.0838592965215,2314.22402173157,-471.8031438218501,181.01090566127544,2226.8779019077624,-495.7591380476793,185.13419201868504,2121.2479790062803,-519.3486352950914,184.22281979435164,2019.9321272005081,-540.8242470947572,186.0372372563399,1919.355974260421,-576.3327037214777,0.0179929425814402,0.015454190043832007,0.015094662134662873,0.01741513832911208,0.016046125713976497,266.6897065955942,60.75973329095635,-829.1783855071044,249.9302030491541,-6247.503288339369,2910.939406635485,0.2963712371923496,1.0,1.0,1.0,1.0,164.2183233454407,2622.2360815100974,-427.2338284693203,249.9302030491541,-6247.503288339369,-748.2548293483495,-9844.337975006278
-170.4246386161278,1823.37438499543,-611.9278626846198,-191.21009313119825,1754.262896327665,-626.4523336053045,-208.84083463133038,1680.9615266505255,-649.2146112367744,-232.9589546811773,1617.9757974726856,-666.3743380979664,-253.80133290263572,1540.1565106863638,-702.5509966966462,-276.08539258633886,1469.1552489930598,-725.002678939916,0.018121428776666337,0.017864754165487773,0.01566088226210227,0.01615780562231528,0.018027286197962566,-659.7714386240108,245.0899303634674,-800.3610378558093,-1302.221871695957,-4179.960917946363,2134.1591122406535,0.29237915566321215,0.0,1.0,1.0,1.0,108.53946567660216,2711.266871951823,-635.6157338573746,-1302.221871695957,-4179.960917946363,1153.0375480494265,-9790.034331871775
103.50614851521354,1678.912052325226,-1124.2489062328268,140.72232356307222,1597.4709696141128,-1116.8046772306855,176.57594833630037,1531.1199883948113,-1024.9083480943773,222.62031737601103,1448.5518588235652,-961.9982612995425,252.28193228490372,1374.7383640129895,-878.583624678243,304.3959664642888,1277.5952264979758,-788.0067349450626,0.01368144670414681,0.015739743728110017,0.013609619780336007,0.015111466691742237,0.020901559445368423,604.8447902943278,694.041774718906,-320.48050188936645,2523.5762832868354,-4909.007251960544,3348.047809362957,0.11865484025234818,0.0,1.0,1.0,1.0,-442.4393672697087,2731.279784282533,-230.29143850195442,2523.5762832868354,-4909.007251960544,-3074.151352152878,-9754.644380986614
-171.03324851682407,2289.6976094698216,-1059.5870930174033,-204.401247344301,2234.374341068978,-1016.7840952677919,-238.30884935154495,2180.387018669382,-966.6736875688331,-275.8051335532896,2120.6827651527688,-920.1408462677789,-317.8288758878939,2063.0739769959478,-875.2447679609214,-361.56067895064456,2001.5940571708163,-831.8074847833384,0.01614696817396316,0.01522250648229645,0.015329559245472607,0.015378385080717677,0.01753739039789326,-1217.247006485229,692.4138725679726,-547.9110240012212,-2363.6630138029536,-3617.9494178445425,-1018.8448126512387,0.36230278653531384,0.0,1.0,1.0,1.0,307.3156374176733,3025.9912470777094,-666.0214485222282,-2363.6630138029536,-3617.9494178445425,-1837.6343410636557,-9898.75766825014
161.1318076867189,1895.876522903978,-730.5075312183181,102.21840582601183,1805.742334424439,-787.971535583925,51.11241094171284,1734.7951517315353,-839.7100812424577,-1.9978484559236191,1651.618870294256,-892.7842880862171,-47.204351877607806,1570.510159994841,-956.0580328585718,-102.7403559098365,1483.4770474750976,-1019.1650721425166,0.015620430347668246,0.01607062133181983,0.018905473575604514,0.01598219321552566,0.018777900136798864,-672.9814585458922,578.3278951610913,-629.1450028116051,-3056.937853218097,-4814.966185529764,2608.3158554023644,0.18706048691944893,0.0,1.0,1.0,1.0,565.0783720074369,2528.389200300647,-425.2815181858372,-3056.937853218097,-4814.966185529764,-1676.626390876886,-9791.531736183128
258.6899049157921,2373.942505470574,-780.6853635214262,296.1457733294644,2336.756973625653,-811.2199691307577,345.2925366009125,2293.1936386689804,-845.9395604373636,387.8337110830587,2257.492092391073,-886.2523117412416,433.66679574725816,2201.467819969779,-920.3170800337432,479.6931470589064,2160.7394398808,-965.982896400426,0.013291339128916613,0.017723992797939264,0.015358406674383984,0.017080912844730844,0.01762730949443775,1278.3019874591535,1357.562302731565,-652.7908748809226,2674.0265782593624,-2670.197047664186,956.9578492256483,0.2988084111916754,0.0,1.0,1.0,1.0,-286.00356082257605,2919.627575615104,-607.1938170595045,2674.0265782593624,-2670.197047664186,152.5661408884208,-9790.385872463352
656.2257615142817,2265.5936623640796,-633.9578722359322,665.0033734310092,2214.672228633344,-557.0260574240575,670.3583972062852,2157.77437354582,-492.6431015839024,672.9084509827102,2102.117787613175,-444.6924519941755,691.9494587781013,2073.2423374574546,-394.96364716436796,690.650201844632,2022.2412808406043,-345.3239158647615,0.019925704247199028,0.016747731338652094,0.014215658629542438,0.014279846368793925,0.014077129468060445,1104.6767883436423,-199.9608436635218,-575.3560185684494,580.9377148181242,-3141.6004762029074,-3839.870752862887,0.7064776114395257,0.0,1.0,1.0,1.0,497.5968763586982,3083.011653968508,-514.6582513140237,580.9377148181242,-3141.6004762029074,-3679.272671431524,-9948.79193750469
-102.4628373480018,2128.1158567367925,-996.8648397437669,-130.26058921150857,2082.7524266136234,-941.7236312784274,-159.949374448066,2046.6547969477006,-902.1671128380949,-189.02020929204306,1995.9985523956764,-861.3286426969181,-229.27369679131635,1941.6972928141306,-810.7500997132497,-254.02834248038675,1893.3743290876125,-773.300620611624,0.014252736150658585,0.014182588953364439,0.014163589691356337,0.015572962157681391,0.016089323066008576,-1128.0597599019434,548.5825340715951,-541.7929109872215,-2042.9241132226166,-3149.0510723939246,-1574.4440385526616,0.4274836425264562,0.0,1.0,1.0,1.0,424.562566147247,2941.861349090976,-562.2863053802496,-2042.9241132226166,-3149.0510723939246,-1697.9375539762011,-9849.422688266868
389.9563774935431,1442.3385704773498,-629.1433213711515,426.7519039770661,1363.3173423311398,-668.5820481275548,445.1018483258097,1297.3026684873983,-716.9031955896928,476.3738087787668,1215.9032139518326,-754.0461325108923,512.2260215698325,1120.3958657342653,-806.9740916670945,550.7139351936756,1035.7626823653225,-859.6096284465349,0.016781448649570763,0.01371015695075059,0.016175068913694024,0.016832386003417354,0.01836144390511718,828.8118464029724,325.7916933382653,-923.3260729719563,2000.22834595396,-5059.074089982079,3406.0780890517467,0.1393394379963127,0.0,1.0,1.0,1.0,-51.28862581676913,2551.7842929303847,-332.5381995551146,2000.22834595396,-5059.074089982079,-318.3989224002822,-9733.158539724489
78.04472131524606,2096.736519661019,-678.9152283287866,47.94893971627742,2026.0044198059231,-692.6148562684328,17.85416840619527,1928.735545135632,-704.0256193588104,-8.6232897036917,1837.0024647205487,-718.5170976827274,-49.472564417230885,1754.2601239548162,-733.9559707958542,-90.08069944894419,1646.1111619657322,-754.9118200304914,0.014393229833289889,0.017156916378652562,0.01520326282552742,0.015022291013184086,0.01887145573849855,-611.7698001202481,216.87364025549863,-951.2925804252749,-2065.927807443913,-5640.432147366107,2347.480580382559,0.2536168821510353,1.0,1.0,1.0,1.0,297.23843515507394,2698.66378509659,-675.3418937747996,-2065.927807443913,-5640.432147366107,459.9131499044136,-9602.369951833407
593.3122711094531,2433.090886300151,-1070.487823732548,634.8178864987572,2396.8705974889417,-1123.1257396916312,677.8943644864228,2362.3028724468463,-1124.983270343655,710.1310078540811,2333.691449426004,-1088.1165698393677,738.9424132101766,2299.5864176618497,-1036.6737298060887,766.8653610131565,2275.3176054100595,-993.2398692789361,0.01623297981998606,0.0155888419059097,0.016260179962338916,0.014108885597942378,0.014126908260126747,1494.7253230467925,1617.0631532612083,-586.8775610472553,2305.851999514627,-2085.4567210611344,-253.33637013663733,0.31498526788602305,0.0,1.0,1.0,1.0,-15.607736635285221,2983.0373055562445,-596.240262537583,2305.851999514627,-2085.4567210611344,-498.2541480493334,-9813.192667615845
-159.17122019065536,1660.2977067628708,-15.393112561250295,-153.9242401630542,1557.315806215265,-1.8365698086711988,-159.55084484259208,1493.2192663259304,2.005931579392291,-156.81338535599605,1414.557774035124,10.79296668629762,-164.42265875526635,1338.2094374003746,17.410733298823658,-161.0686387124277,1253.3038977128863,11.991949089813874,0.017299062470980314,0.013424184003047485,0.015079884793157083,0.013882195820496379,0.01620473828266289,-217.41474204989672,-268.4684689693619,-442.5887846035199,-169.47918543738157,-5095.924523068703,-2989.2712030134867,0.3004441013466869,0.0,0.0,0.0,1.0,-123.3537941321498,2559.769641333766,-302.0736233569439,-169.47918543738157,-5095.924523068703,2482.9102615843854,-9859.786422698877
186.72589388583,1912.4861171685336,-516.3074030904316,234.9676900179356,1833.3238909388658,-548.5940899230238,273.560894143587,1768.7900092151647,-574.9588073419566,328.0469969829244,1705.360863469796,-615.5115909949767,369.25179256684044,1632.590058189532,-650.3555449587196,418.84839333889505,1560.883972602202,-692.7930084253849,0.018711402444297476,0.0158680579464327,0.015618960284708328,0.018341942902915354,0.015581570295683578,1016.7557755387143,692.1228413516831,-890.5305035672404,2767.6512514461238,-4057.0137583086325,3175.3818950596456,0.2165068840048825,0.0,1.0,1.0,1.0,-519.290669013883,2943.765477212983,-417.89704581289817,2767.6512514461238,-4057.0137583086325,858.3561708235004,-9887.982337495823
485.9866274781973,2339.240599187476,-884.2476971892132,468.6998871679026,2274.253154573541,-943.4977234769378,449.44868326293175,2207.9912516082604,-985.7266011596518,426.50444483586506,2136.0961681175895,-1047.8290510706017,417.89058381090797,2059.8039323854377,-1110.1802738733595,388.254745362348,1999.6941067770854,-1126.678247047688,0.015861588341945898,0.015589543605260159,0.016259623222204006,0.01620435323296232,0.01442611188182183,-133.88874072852713,-57.47534691311829,-415.2113042486991,-1114.8093943069732,-4335.787122958042,-835.266553430597,0.47371141956805884,0.0,1.0,1.0,1.0,613.0335534571443,2847.5020254687643,-582.4590693743564,-1114.8093943069732,-4335.787122958042,-2005.3014704739148,-9934.269040428095
418.8019166155207,2433.289358943345,-1121.5357860389188,388.41710389901607,2374.9768211335545,-1111.6160526463655,340.150591399841,2308.301445955368,-1032.6955102892432,302.4422524769325,2262.702887910027,-974.7652443008373,265.1775107304171,2205.7253758293828,-916.5084900405384,227.47464314765048,2153.1311597904128,-849.5401486155017,0.014620583631625383,0.019003364969596176,0.01448983905713877,0.013383585393404812,0.015863204031131423,-916.5201875571695,503.22024919543503,-107.08864440370498,-2502.1370520329933,-3597.0593862053424,-622.4006767836366,0.45695165044999664,0.0,1.0,1.0,1.0,747.4009520447735,2895.264741021999,-616.219023699055,-2502.1370520329933,-3597.0593862053424,-3226.8626498761932,-9844.902578273079
-161.40270750890406,2250.1714341956076,-694.5897037847678,-188.96288727253443,2182.7324069193855,-747.2094981976027,-230.58417642677782,2099.546321151822,-810.4883025395019,-258.2027139906129,2045.3627435051483,-856.2134599956844,-302.4078075351471,1965.902552569125,-930.310487341919,-335.63243607637963,1887.1595479194643,-997.7325287571692,0.015430004389630214,0.016772454783693824,0.012054919876055337,0.019183544725130036,0.01656634976835336,-921.1313975301687,738.9106573845607,-380.8125263073788,-2224.1531379506723,-4401.868078038872,2256.471616687284,0.26256740557967073,0.0,1.0,1.0,1.0,190.94517144516863,2939.844696403994,-288.3942271432272,-2224.1531379506723,-4401.868078038872,-1803.1390358079534,-9959.971176415813
-6.92677304849604,1993.0315521046705,-990.627135969005,22.128342003634266,1935.6979170254147,-1030.7261034317128,49.87643568267991,1876.5680098626372,-1063.088307132666,84.54227077925555,1812.8025225005485,-1106.0683173185687,112.69811879316073,1755.0766607386602,-1140.9780392466741,143.62980796010064,1713.3257406481414,-1125.8186318237215,0.017350186880449037,0.015757953760683674,0.018665901438553734,0.012462238025616468,0.014226317548203415,837.0699478043548,439.1292006381943,-823.7592240585643,1957.0634764236754,-3593.325869952758,-870.7621525452362,0.3549640205045803,0.0,1.0,1.0,1.0,-483.9478987816249,2864.6241628563084,-790.9058229821794,1957.0634764236754,-3593.325869952758,347.80741010500196,-9701.990670340623
37.84544273564282,1863.7005933343655,-295.0356959243262,-5.983195690624191,1789.3789158232853,-296.19590041949704,-50.60086532436281,1701.2431725622941,-288.75025539397274,-96.55476833134702,1619.476297366181,-291.96732284609453,-129.10472254044151,1553.112790769103,-291.509344705985,-170.8563304927055,1473.4874233386997,-303.24810441673793,0.015939817546157392,0.019274794061379164,0.016648529852193672,0.014364062696258006,0.015426204992665338,-792.625855902496,315.25282566970264,-719.946804508931,-2531.5239906250094,-4739.8344340888925,-2908.5134742139285,0.2459875232182442,0.0,0.0,0.0,1.0,587.0547189881343,2898.462592248145,-595.2786014822021,-2531.5239906250094,-4739.8344340888925,2451.0154814552843,-9833.998083796714
208.39084933246133,2437.4243684145467,-765.9262717820569,209.3089326549499,2407.8391705683907,-819.9130461967005,227.96828531031036,2373.0707154520996,-879.9715514333922,235.80051319121725,2336.8503548520657,-932.0738447548309,245.329096985115,2303.633078744452,-1004.7869686730498,250.6492546457027,2262.1304285562037,-1072.445636337278,0.015351267387185757,0.016567507290608102,0.014312313868721643,0.019155633795460092,0.013649538216601115,798.2806779818269,351.4564761014588,-970.5725134300673,628.8750614651094,-2221.490514638351,-3953.231166985741,0.8643539541530141,0.0,1.0,1.0,1.0,103.37373506288327,2806.203494776845,-343.35915579913836,628.8750614651094,-2221.490514638351,-1799.5075477759037,-9877.241595502823
150.94205654868682,2166.8997842495737,-547.7831137977004,191.39832616788922,2108.0629064412196,-592.7846514386945,243.56995481403183,2026.9677668874353,-657.6092651061882,286.7197889108957,1967.856602318592,-713.91815864071,342.17896900219296,1897.301817993973,-784.7357403411801,402.37285613988996,1816.9413010098879,-859.5954923824389,0.01536340327246452,0.020328367841132094,0.014690525739301075,0.018475007269337124,0.01887113521882594,996.3658336433379,972.0102471674339,-585.0816916543678,2834.181641981042,-3990.3235558924607,3203.892233142089,0.21172180318444098,0.0,1.0,1.0,1.0,-222.33227240850954,2687.84937620119,-231.42315726412824,2834.181641981042,-3990.3235558924607,-1784.9745326648329,-10008.462620315973
92.75352874472773,2143.9091487776805,-946.941507983797,82.06337314361889,2107.033009752822,-986.2597228891279,80.59855088812355,2077.3811023484295,-1038.057606901717,73.49226287919058,2027.2718514493956,-1085.8294529993016,73.29723165383177,1973.6838021213343,-1144.3811121156332,66.52337912739394,1928.4705780465179,-1097.6129494526879,0.015294044210202334,0.014412246163380743,0.016802357883224733,0.0173974650478719,0.016472187785778913,-119.12115342549455,88.01456340198781,-968.8328026963242,-287.9948696984177,-2873.777712633588,-2915.071784797637,0.6396449259206936,1.0,1.0,1.0,1.0,145.83412669704944,2731.890059024881,-573.1047616038913,-287.9948696984177,-2873.777712633588,-880.9140204958813,-9756.491045344515
77.80835740275931,2063.827477540982,-658.7741371950868,25.455729887899345,1987.9294063658494,-685.2949636176152,-30.0155346113959,1902.4248512333688,-725.930257476507,-90.29629494428235,1820.8402707117684,-762.2092413506194,-154.88375150198146,1742.102974179498,-802.0476878566541,-199.38757227291245,1663.6854293523186,-849.5913381564017,0.015213085219124761,0.017910807311013105,0.01853484373150796,0.015774909707231333,0.01676483640602411,-893.1263235870417,667.9418464947585,-813.645463981791,-3337.4479915685033,-4790.321982733178,2500.0295412725263,0.20632826484121547,0.0,1.0,1.0,1.0,708.8487123658392,2967.2963982066785,-494.5568146571875,-3337.4479915685033,-4790.321982733178,30.536451705659026,-9792.788998321821
-280.1591547629029,2237.5283163319714,-648.2028483238904,-334.28452589266794,2188.7774151905796,-684.3961997109052,-389.7368758359062,2148.164885006927,-736.5109798577366,-458.10603510877064,2083.547394212792,-789.6047164550471,-514.9824599936018,2039.9859534731393,-836.4286675589371,-582.188032370259,1987.8447966450517,-887.8839890863146,0.014531527100080932,0.017842580368139987,0.017119907097211645,0.015639729145626557,0.017639871639459348,-1174.6962846591634,1491.3230900970038,-808.19969605524,-3561.8015742012412,-2965.1493957679327,3022.742191266683,0.16814011940000068,0.0,1.0,1.0,1.0,445.92343160240205,2840.466065171404,-351.2016521803645,-3561.8015742012412,-2965.1493957679327,-503.4788254772767,-9720.013331078673
629.1011690531292,2317.3339402178635,-984.8116586550311,629.6784496379792,2266.0714189497003,-1043.897279335984,623.0226468637246,2214.35319767312,-1115.5811105679263,616.099154180111,2174.8007325176663,-1133.0465743833922,614.0615937148444,2120.543916756515,-1063.190934023658,613.8259132205676,2069.5060315980268,-1009.3724193275536,0.016164730179991676,0.017694090921075656,0.012797630807319077,0.0162205189864518,0.014904139453223608,422.09382477587775,-258.1792272472331,-681.4117922557095,-256.3748992711525,-3201.8741547276436,-3099.1983434438316,0.729078343550331,0.0,1.0,1.0,1.0,681.0324730397385,2975.7136690276902,-380.94637210840796,-256.3748992711525,-3201.8741547276436,-1940.8479794374882,-9715.587299504376
336.1041688601901,2109.6974513495425,-1014.3699803108981,347.3410789357908,2054.512822361477,-978.4442562032532,363.5364770107803,1989.9705206816507,-944.6248092105549,368.5878521862523,1944.6988297450264,-913.6228527487112,383.4239831442652,1885.7678338633539,-881.4567875219822,392.45480924184085,1840.5784524052726,-851.7706895150156,0.016054255938872553,0.017905112709544313,0.01396022282221393,0.01618439020966045,0.016591093835870208,726.4174338889696,307.88652184515644,-1099.9353535854398,727.3310553682426,-3369.7974222392654,-2738.254416501607,0.4533136847510255,0.0,1.0,1.0,1.0,151.82590014805612,2970.026485414183,-756.594205392828,727.3310553682426,-3369.7974222392654,-929.1138006228626,-9662.231914552829
185.64132640355285,2447.7197173480995,-610.4909888649015,166.44656725399204,2416.2984629063258,-638.3405917941636,148.69018792316388,2383.9583883567075,-672.3532094369067,126.29806883276038,2359.050050287974,-701.3597393138703,106.11854929275532,2325.9104157234024,-739.3378735485373,82.2561190374298,2301.312367951459,-766.0354524134158,0.017681352672863027,0.01809299390847985,0.01613784113933625,0.01649073922213129,0.013536300614858943,-928.5187817058472,829.438899184121,-1000.8866393412878,-1238.998235525265,-1797.07268684052,-3179.211611499755,0.8205031769996778,0.0,1.0,1.0,1.0,502.52418032583296,2905.057852484911,-531.9590828572233,-1238.998235525265,-1797.07268684052,944.5515435038599,-9826.30582830419
304.0757353159628,1719.2199884134582,-1103.5155652473416,343.77545376506043,1645.6010122837067,-1035.6412915509195,393.3820432402072,1570.6732199895362,-974.7329350592546,445.27933956362045,1480.652833811867,-907.013506238836,497.94567688737493,1379.5689228822437,-837.7159439713248,543.1807027114841,1310.1864105621632,-782.2616933281737,0.015606134388690074,0.015328117238861044,0.016324854990335036,0.01972743724451323,0.013457741968625397,882.8881434811686,722.5932255653684,-447.4948222086984,3009.4698049794156,-5167.208433880508,2403.10175838861,0.11288420733524235,0.0,1.0,1.0,1.0,-170.42628826162797,2531.116177423546,-615.7511885965349,3009.4698049794156,-5167.208433880508,-3011.9943119997024,-9796.974160499607
317.3364174458263,2269.020703554134,-840.1712970721783,345.3107320642776,2205.1482977442583,-879.051547537431,361.29032873440354,2154.5525573417776,-920.3879779287481,380.334154903969,2086.613149328279,-971.5622720911946,408.35774065001925,2026.510765510409,-1011.1990747557171,440.96224967545925,1960.0358434240022,-1067.072240720901,0.015066529486035096,0.013036211380094948,0.017155716804039073,0.015293116263114637,0.01810936071285818,1068.4387060386418,438.40043525570127,-527.3817698588824,1625.435087240981,-3957.1220179936654,-66.42530338400542,0.3836036103969012,0.0,1.0,1.0,1.0,-4.348451540403403,3050.100967131526,-542.6669473994276,1625.435087240981,-3957.1220179936654,-555.0174241137247,-9916.507831518224
232.57619845695004,2166.437550550362,-1061.5403978667434,271.7413411485211,2110.5715863685587,-1124.869281652126,312.7545776102001,2073.871870245977,-1124.9274561649256,355.3972540542953,2015.6212946232092,-1061.6205591247342,399.38082915556623,1973.049670165577,-1011.1102520754823,444.2653170542417,1913.2937963404775,-961.2548759601848,0.015480914077735691,0.015362731926764295,0.016769222588518873,0.014581426448244006,0.016708914296508115,1148.9840386788294,1147.220723505513,-456.72673201138616,2793.792961063879,-3099.898946571033,775.9126419877562,0.24892536505577684,0.0,1.0,1.0,1.0,-429.50898432226256,2898.663628318134,-500.1131196699871,2793.792961063879,-3099.898946571033,-1208.297351385864,-9884.137765364309
235.80948869826108,2416.964505655829,-949.8911123978168,237.21546533968873,2379.4976735386317,-984.7250698473244,241.28761566898433,2331.9552724973946,-1029.5733400990766,235.7962528405346,2295.302437038349,-1066.2834774160247,234.0436273773237,2255.01013560876,-1115.9773443474483,233.6811021206456,2204.452052149041,-1128.1142080744703,0.012466769514929116,0.017279598031204324,0.009497187271698015,0.01710496111959786,0.01637307546580502,206.7458645986501,392.7757032656805,-1006.3358100284763,-48.98694492046605,-2885.999653261587,-2901.4923312619776,0.6281368122041338,1.0,1.0,1.0,1.0,252.79359282388828,3105.615377331561,-585.4991321058103,-48.98694492046605,-2885.999653261587,-345.86806686844164,-9860.338019507877
382.87836815105425,1981.923455827123,-1127.3733446387375,363.55256083135833,1936.9312116642463,-1106.4955533051063,346.6427910012323,1880.0448011153394,-1023.9762721314283,321.4089896193661,1822.2371846681551,-947.72782778304,305.0877981855236,1768.5032974302105,-870.7153235715164,286.3084032478469,1717.3269538887348,-797.9018853303036,0.012183542214627058,0.016058924904981176,0.016542464552503994,0.014260603344826928,0.017280892213252463,-260.07852600351595,111.20984224606279,232.5319354624625,-1205.6824928902981,-3551.716693725975,76.33728316761216,0.4509157177188183,0.0,1.0,1.0,1.0,589.9276314841436,2615.1701113228733,-368.3935270983686,-1205.6824928902981,-3551.716693725975,-3431.235506600127,-9790.831416542675
-83.72421978734602,2085.8760517281607,-188.79227664891854,-37.81169941564354,1993.2346399525134,-180.06937315257883,-1.5905981886522929,1907.2217831278908,-165.3730526067491,38.97535797843906,1826.6831278048267,-165.96356385556754,63.89766613901149,1748.3899659200306,-154.96119972153167,111.23864364163884,1652.8130981681925,-154.89714564943364,0.017085116253865495,0.01602879479907454,0.014825445809651547,0.01425060597589145,0.016892510469927485,756.3256573440017,142.2078127485867,-499.95085058636704,2406.835881462509,-5619.15108490727,-2598.587658477955,0.2681865902706796,0.0,0.0,0.0,1.0,-266.5795922775641,2530.3470238341765,-287.82445884177434,2406.835881462509,-5619.15108490727,1600.3458149739881,-9879.843466945744
-232.60615587889444,2386.1296168828208,-1048.6824980338993,-257.9730741255196,2315.5644476852062,-1104.6046887732628,-277.01782224448,2263.393461243046,-1148.7406827106001,-293.12532406028987,2194.769630603862,-1088.9572634669548,-319.1734215640551,2155.2490177077266,-1046.261452016931,-336.9096902247508,2096.633552710644,-1008.2577221254893,0.016909530929208827,0.0183962248010143,0.016570290838642865,0.015639771963867344,0.014161760709932664,-912.5978329684863,283.48483386686087,-885.8957445149114,-1123.6231253553826,-3471.036849067715,-2373.4636944105887,0.5221629516316048,0.0,1.0,1.0,1.0,-41.78991081806612,2973.53839189433,-683.9696479672539,-1123.6231253553826,-3471.036849067715,-1272.5721643306128,-9939.913277191445
300.63913389467194,1997.2125788759497,-434.43780199760556,295.3977240500791,1936.909218965797,-465.9984176406978,293.0400819465446,1877.7906360787933,-491.7424714305475,279.54349423029777,1805.5011823697273,-534.3357405811851,276.6128772649696,1750.3318773200895,-565.4238745712025,273.9579244582063,1690.0835146539596,-605.7720571265468,0.015684721363120213,0.014584459769261121,0.015871237710710917,0.01595170045547628,0.013755436197209425,138.21928253311347,202.1109734844939,-505.9127541155149,-354.4276708439002,-3997.9180990705668,2115.665397884764,0.3724696995787113,0.0,1.0,1.0,1.0,372.1415452900884,2840.7369188710627,-282.02379351616685,-354.4276708439002,-3997.9180990705668,305.6809250989201,-9788.476996387073
247.93279047150375,2285.0505914845944,-442.06980819484886,247.70018583550743,2200.576530822964,-441.53090319593525,255.74717344176074,2113.8848149619257,-434.35085140130536,271.93330078884435,2012.1317289074136,-440.07210619886627,279.3450537030786,1912.341856563968,-438.9753991905094,283.3783347399238,1820.3952376447062,-447.3045104594001,0.013711232764238843,0.015202199515424217,0.01871335180736544,0.017507597455879834,0.019124036820787838,430.32980067735747,157.5270626428204,-1011.9688921653113,501.3145854372531,-5541.129790600707,-3383.2616853429045,0.2993184484889459,1.0,0.0,0.0,1.0,202.23166430340825,2678.7411173661426,-505.5018744795585,501.3145854372531,-5541.129790600707,1157.0330361747563,-9978.669717621231
322.4928784776977,2166.434418669994,-907.4366154246537,312.3594586401396,2096.9263989995775,-963.8770874091667,293.54869494686653,2036.3915742887443,-1041.8376371451839,285.7690192630853,1971.8863588442387,-1103.3092915108646,273.6587413244541,1915.4210215731878,-1130.0045101988833,263.5286903916455,1851.308298954489,-1072.2455310083321,0.013896660834609387,0.019239947750105374,0.015212931447519173,0.014256981209661707,0.016624302537185776,-93.64098298534634,-121.13758929133644,-214.17178543367092,-699.3336062337846,-3894.361068965139,-798.3340371600727,0.5073041582199331,0.0,1.0,1.0,1.0,395.8925413783039,2604.915158984258,-545.2505933596062,-699.3336062337846,-3894.361068965139,-2664.9679368189863,-9762.211273999083
172.2057398913927,1738.7435143683635,-956.4833493515955,183.29062942001312,1677.6463718104253,-897.700894976119,197.70062400315823,1625.3303499796384,-837.5945720326567,197.28940104824278,1561.329072732901,-785.3786028117013,205.7244329416484,1514.5636793037497,-733.1447305664367,216.59189157428222,1467.7868262129368,-689.4368637866567,0.017261705243059866,0.01665180632594998,0.016906477518122964,0.01593792158155577,0.014064623456732872,452.6847584628649,-168.37192403346108,-425.89599230487994,512.4701046194268,-3466.943961687342,-1738.1726856192226,0.46961593200471347,0.0,1.0,1.0,1.0,37.58397372113086,2639.8526849332766,-496.42094660359226,512.4701046194268,-3466.943961687342,-2098.7287946949864,-9806.107250904084
92.81632055084539,2313.2823125456916,-200.55641430481919,100.63186678603931,2254.40270130961,-196.9898010429723,130.77342954221103,2178.9203407431037,-177.59596068728757,152.1706425048658,2103.4543435005558,-168.25182257451726,168.33326339641863,2023.8733536792477,-158.96020629417742,192.8878262061357,1955.9597481129097,-157.15177286183066,0.013380713915668918,0.01720333816750831,0.015435647889876905,0.01815798893690901,0.014273887766142412,658.1738954071503,146.69345573180453,-843.2993883805266,1209.0771154316526,-4608.923478110218,-3646.912949058344,0.3928807728520821,1.0,0.0,0.0,1.0,17.363024228374343,2589.4228991302243,-274.6818417192396,1209.0771154316526,-4608.923478110218,1501.1863578836837,-9713.394918758551
301.4819230642124,1474.121647807856,-427.933040990269,343.51389756440847,1381.8943277649046,-468.1118772149354,384.770803961648,1280.1098024936432,-499.7260657197327,420.38081865912517,1203.3723370208143,-532.7111742897963,458.5845573956968,1104.332135621706,-577.6979903892837,503.92572016748306,980.3727565120128,-637.9765878155613,0.016375253760102126,0.014267876755554382,0.014911378151623772,0.017079649749212333,0.017250305945568256,754.9151216699829,350.81663921988047,-986.4235507247246,2404.782991074065,-6069.930867269655,-3881.57082874889,0.10458896948044394,0.0,0.0,0.0,1.0,-182.95024484890206,2718.0896774550424,-213.3157072599172,2404.782991074065,-6069.930867269655,-83.08477876293156,-9739.707820476822
643.2051193731135,2418.13674346947,-1122.8801682611888,707.4013893224815,2375.3326390817274,-1140.0179469668933,803.7565092941036,2308.698577569312,-1073.7234537745996,887.1167672202772,2249.9559353791797,-1027.7834594299231,951.0860981812324,2193.2102931509853,-983.086262207644,1018.9640861222888,2153.2873830330977,-951.3390084661211,0.014794288190041055,0.021372564969696195,0.017970893504885788,0.01493778879893326,0.014549823829720532,1307.076342222388,1959.2876997763365,-811.898076149579,4546.535659979594,-3149.515545217285,1790.2211466918702,0.06325991991583224,0.0,1.0,1.0,1.0,-443.33988686975715,3171.851184684999,-674.5727856961673,4546.535659979594,-3149.515545217285,-684.3838405510027,-9965.783391465535
426.72811340201594,2333.331537530857,-746.7244204855937,529.3924764591001,2265.030354173516,-763.6910012320523,616.8532511847288,2220.342762264387,-786.0371619349529,695.863632436914,2179.7149901899306,-803.2870970834412,757.510232809623,2137.4741564099445,-825.2980432971073,851.3249885956616,2086.9803396123393,-843.4839794513879,0.02166457387785592,0.0161642879552778,0.016150309079140807,0.010922011199973464,0.017138858400358364,1120.2414657907557,1922.0092361160205,-943.1014225120383,5179.470659369963,-3059.7140208772635,-2145.5265036232827,0.05256005497365518,0.0,0.0,0.0,1.0,-511.29179191078265,2885.8191526923556,-751.3297572516428,5179.470659369963,-3059.7140208772635,927.9286289540887,-9757.000420880539
650.6850968364215,2006.2874601693486,-753.2114461339497,679.141932711035,1952.2968177312405,-690.63551755248,710.4492137471905,1899.9852038633182,-657.6137390281884,739.074449659943,1857.5125454166414,-621.1389113646502,769.3641256553437,1813.225334112981,-566.7391917957535,796.3764720241337,1772.3397084377177,-528.4210501694325,0.018106129586688502,0.011998225290451803,0.016853207520656888,0.01525227167968235,0.01471886682043172,1391.5785152838237,898.5326834870227,-195.7649870530307,2088.30575989804,-3065.27421402794,-217.06816282791536,0.2838074717107069,0.0,1.0,1.0,1.0,107.27047294652607,2783.6763251142115,-612.1234119425917,2088.30575989804,-3065.27421402794,-2859.806246611155,-9764.844139874416
53.74592346042021,2300.4909639904686,-768.0062019178076,89.06294444332241,2256.482438644892,-833.6505019003511,116.50964136262263,2211.0298810704153,-907.8805511471526,161.42823273212127,2153.9145022839384,-993.5208548283111,195.60965030562255,2093.199020065654,-1084.7495149914178,235.90592171470882,2046.1890066543424,-1132.9782295767773,0.011795094960943359,0.015753185291885463,0.016844074473085613,0.01929124152973255,0.0159942665992944,788.8089159365989,1208.5404535666225,-93.18043354507265,2146.1335614818063,-3202.946443095413,2698.669181179119,0.26137461382429517,0.0,1.0,1.0,1.0,-252.06586138207797,2761.9694784679036,-220.57627357765864,2146.1335614818063,-3202.946443095413,-3129.2724494658296,-9848.283668585102
387.14456375359583,1594.5765764134762,-745.1254247750352,433.54647977279166,1517.6621097417813,-781.7794743631507,512.1218039495254,1405.8694664380635,-856.0421186136634,579.5697248261603,1307.489525935268,-918.9704662871604,638.764169230574,1210.0086478075484,-976.708695391708,699.4297904135794,1123.1010717671732,-1039.418841671437,0.013312541905369207,0.019305391707668818,0.015824865426359497,0.017518992200771327,0.01533324767424149,1013.2343737735857,643.0246761183488,-919.3783017961389,3870.496640061608,-5854.913847001141,3804.3502247851593,0.08155112417756005,0.0,1.0,1.0,1.0,-360.79193344828457,2721.519091803755,-290.1350412291806,3870.496640061608,-5854.913847001141,-1401.1933604002547,-9940.734112950551
131.91481421055778,1950.356383391891,-820.2747522363615,124.03872454090805,1902.166841897223,-861.823080499402,103.96137164856131,1861.6868348406833,-910.5065902939081,86.23837375141409,1799.0195390651434,-971.6032399368181,73.77133733751907,1752.7076413158668,-1030.6515498913705,55.35220089129693,1703.5030429822327,-1096.385477004205,0.015045440584171482,0.017140963027803546,0.019386969336038173,0.019794730305370822,0.015105789398717151,-598.1069178249365,-234.83905191731697,-808.0381348858565,-966.0856571751824,-2869.5512484823503,-2723.338355714682,0.6755705080926947,1.0,1.0,1.0,1.0,377.6395959219992,2663.4077090498654,-435.9913248721255,-966.0856571751824,-2869.5512484823503,-318.5256038359026,-9831.083853998123
64.65008148138868,2331.5617965846636,-932.6838304465275,49.71212892325622,2284.8153750426004,-879.6406683517185,26.293532626802136,2240.4083017841567,-812.494820847471,11.50594239168424,2205.4662474337474,-768.2145085656358,-7.859893900941532,2157.0103466323862,-713.9428995248117,-25.64708572333056,2119.710773761314,-656.5694123357076,0.015273273440621238,0.014663515410446915,0.016121262887186072,0.012942381357252009,0.017547504882898024,-884.0735782095643,160.38040485962588,-698.2060129100471,-1256.782553243465,-2862.5665513879158,-3400.307705990492,0.6808416511581173,0.0,1.0,1.0,1.0,397.8446260987703,3080.1982872753097,-413.0696639959915,-1256.782553243465,-2862.5665513879158,-2444.0998768410145,-9800.62018329698
453.72453827137014,2027.0116840606372,-1038.83640541942,523.647031287457,1962.0883336872996,-1096.3917180965611,604.2732400569513,1907.562346893793,-1133.6329616782082,655.9246859416096,1864.373858310008,-1090.9561339343447,718.4063576088358,1808.1441452598954,-1047.657335751338,765.4316806146957,1778.8958733008153,-1007.029805525968,0.02004118172722419,0.01782182257928372,0.015149019762954963,0.015223283871161175,0.010920163250943804,1128.4409199353584,1484.5961723688774,-781.6426340943659,3880.7864938148214,-3115.137382261415,1946.3616727025662,0.09560875516212525,0.0,1.0,1.0,1.0,-443.2776100596443,2746.2268121847446,-615.3182992347349,3880.7864938148214,-3115.137382261415,-716.3020251743193,-9845.979495721313
243.81862038880524,2067.4794119649955,-594.7966291305221,274.82838154881074,2021.0502108570977,-628.6630451062249,319.8233367715843,1953.9125624851467,-666.6020838251195,355.8190188531251,1895.4019272460387,-700.1803129270958,396.0636306065155,1838.4571526346872,-750.8879084003061,411.55489649849983,1785.7500024989015,-786.4063080296173,0.01444201657637173,0.0167082176110665,0.015312330078288972,0.017120221194564467,0.013836296729452968,1032.3603820247733,828.2247908813076,-647.0141743917361,2264.729368299535,-3582.8085255769615,2312.3358543898516,0.26936040432474473,0.0,1.0,1.0,1.0,-292.50629843045317,2924.167778343838,-380.81423391770704,2264.729368299535,-3582.8085255769615,275.8766522928554,-9901.116828030374
-198.81135389136836,2450.0,-594.7806266904398,-159.2970245410304,2389.6891423268225,-658.2810056937737,-114.57994550906858,2329.601375638114,-725.1929557064208,-53.108382674739715,2269.0066119452986,-799.9192822051912,-8.223742372900418,2205.8364960552544,-884.1044300483536,36.2870549918375,2149.856560673765,-953.5094643993712,0.01611342359450127,0.017353968366783504,0.018517869343897986,0.017768270037318276,0.01614257064111435,829.5280861571025,1120.3503641876514,-209.5202353581513,2679.866848327303,-3470.5962542021125,2472.82861038606,0.296507810319777,0.0,1.0,1.0,1.0,-336.2139928652749,2630.0597347655766,-417.8380002164955,2679.866848327303,-3470.5962542021125,-3184.0988469984604,-9656.720410764789
446.16164357321867,1937.4604259307048,-457.66971814666556,486.32174079940455,1883.8446449792896,-463.3254322517837,518.183283410898,1829.4399227452054,-475.5144845798397,557.3684035963744,1780.0413717587192,-484.8329536503252,590.0912272844295,1728.0714683892827,-492.7597129943656,632.5115700661609,1668.9024085251456,-507.7387389721656,0.015844728797464208,0.01563950226321606,0.01619604269340333,0.012988778055624345,0.018325069428984486,1169.9099485962956,960.3045552281299,-978.4914656016188,2523.762894436403,-3352.495939337626,-3240.3327184818595,0.2111468870671448,0.0,0.0,0.0,1.0,-41.49624073318034,2569.502606110186,-553.3493347667659,2523.762894436403,-3352.495939337626,1468.9071733366504,-9810.916441288568
133.74576274629058,1882.2524867514294,-529.3722562598473,181.59282812404183,1826.9946273881371,-565.1077376881689,226.92766904493115,1765.994269329871,-591.4428785539596,269.9576400564414,1706.7178707000858,-611.1559563965442,323.08050937169793,1646.040380718811,-647.6873631728331,368.6047482668281,1587.789649486387,-679.6435799067672,0.01850795902063232,0.01471254278198314,0.013669878798708512,0.017502590353136116,0.016326155011259502,1008.2022170452017,772.6163280800783,-937.8172187124674,2907.9447622286007,-3697.199511232804,3137.8217803066705,0.2208488768119372,0.0,1.0,1.0,1.0,-474.849611691383,2658.188078808803,-459.29092413261185,2907.9447622286007,-3697.199511232804,660.3435861747231,-9832.726824305235
-290.89322140617753,2229.0738603349314,-901.4097471182295,-356.41810948018036,2172.885321430864,-962.6864109179153,-424.7351532264371,2118.1628042695156,-1026.1361394679886,-479.15365467492336,2065.7250057805018,-1089.017605580821,-545.731698272663,2019.4000558890355,-1146.7396954678586,-622.2252874372708,1957.1004769442907,-1075.5867381102403,0.01405883189955684,0.014774768603687316,0.015319821175409087,0.015655930313507926,0.018442157912280654,-1119.6794119913084,1540.1850428079829,-656.9054689190249,-4188.020292939576,-3466.797386075853,2963.5012651617253,0.11805699121739371,0.0,1.0,1.0,1.0,743.9896183668043,3082.909879611727,-291.71770762515735,-4188.020292939576,-3466.797386075853,-1251.6557280181378,-9879.914324678806
573.7952079118791,1591.280169630906,-361.52753461423066,581.6386584923126,1536.7568810454359,-380.6062904529275,584.3331894899392,1475.300472907545,-396.7315267257437,599.0015839442843,1407.5467112230283,-422.5671683012852,621.54605318896,1343.3991944773752,-435.34840636323406,633.5724585158347,1272.5474522761995,-473.1851865956342,0.01559266572762058,0.014359908048966863,0.016443897107957184,0.014759615004938442,0.019816876739414402,874.1058198175269,119.4876812793932,-957.9847788090376,831.9468275896666,-4008.9060479852938,3550.733649252526,0.2863153907432582,0.0,1.0,1.0,1.0,366.6182549878288,2564.920370550423,-414.60686678520665,831.9468275896666,-4008.9060479852938,1413.6495773672539,-9762.640796212434
191.63570539209246,1656.0945210242705,-851.1912127663408,239.77473444957172,1580.8290935754737,-922.6059311779212,289.67581990913396,1503.1060249892519,-987.6010932201763,334.4042766842072,1434.886907247635,-1064.3123599665257,387.67616180056064,1347.6169022054826,-1135.9299358513108,426.7359082930242,1268.3186058917784,-1049.170243866788,0.01641403355005122,0.017095601824557632,0.014626214811352178,0.017615402782079043,0.018252341889296142,771.2628446332229,718.5234514828942,-566.9340613215275,2875.6493315811904,-4665.720094479917,3600.684950166,0.11705280160900844,0.0,1.0,1.0,1.0,-364.61864134134703,2561.4828888024595,-201.77487680816375,2875.6493315811904,-4665.720094479917,-2429.3684984376473,-9672.02428825932
654.9618039039101,2440.540568806919,-580.4218302916242,682.5585007487697,2416.21183621463,-621.115020840508,704.1251974306074,2384.6064794444396,-669.5655725528849,735.3861638452809,2355.628919024381,-695.5575822570493,749.4017252612518,2321.5235951364525,-747.0468111087691,777.7187770150716,2297.883559715238,-794.4630840240909,0.017773727371300452,0.0151028897147788,0.015525151668418447,0.015457684418769768,0.015530211982102304,1753.6973363811987,1126.3991247816373,-397.51586615011297,1526.0000437676917,-1826.6920069696066,-1242.321014373786,0.6404514887023184,0.0,1.0,1.0,1.0,258.2172934888696,2916.5572916118635,-321.8287156090338,1526.0000437676917,-1826.6920069696066,258.4615506436315,-9755.581700716239
558.633843728605,1916.1720175300297,-233.54959487987458,548.3985521358086,1836.488442906118,-244.8451673202405,538.2447038539879,1756.4889012259098,-271.2455684414444,519.0425030492879,1689.5128841009619,-290.38934548179054,509.81006046315,1628.0702850763555,-304.5120557724392,496.14698608334754,1524.435198125452,-340.34377638477366,0.01488804987876266,0.01804962641740357,0.014133768882798353,0.013178656909443115,0.01925094240533673,200.79772756183078,-56.095745263251345,-902.5794178876813,-886.9309570617878,-4815.782174135457,3767.8703524602165,0.3289229267910854,1.0,1.0,1.0,1.0,719.6523374429767,2761.136826605985,-236.02213241063657,-886.9309570617878,-4815.782174135457,889.756284084755,-10055.818029887383
-474.0795564648818,2078.882367168133,-253.38624649151907,-491.0820711712292,1995.4855582283164,-274.00872948167995,-513.2343358742869,1910.3207223414156,-291.25724444466033,-539.4346452560128,1837.0973577323566,-307.0983880962123,-557.280762080774,1765.4007537966736,-323.87980419970387,-572.7854986717817,1683.7942243247426,-342.6136198232664,0.01837939170559108,0.01834181483464495,0.016713597051698365,0.015164389204394862,0.01787459290284399,-979.1100899177158,183.31562913715322,-970.0455251891037,-1221.0736785627007,-4593.449681788075,3801.9110889154217,0.3268616553948577,0.0,1.0,1.0,1.0,-258.6766195657241,2893.450941392123,-313.6460808020444,-1221.0736785627007,-4593.449681788075,1177.4860393946383,-9954.386991280402
425.0301396934139,2439.2737165459175,-1048.2175035638795,414.45150818717786,2364.4359754490233,-1095.2417569577271,409.2878259192182,2306.130936179739,-1133.8005551809658,400.8284867448704,2256.8731364361224,-1085.7946911687968,396.56201493745914,2197.2434289911157,-1037.1697377644832,382.62839007700137,2153.0248724394005,-998.1255277247888,0.01752198829824421,0.017423997859126544,0.016887361709951948,0.015894428793890664,0.014450618910045288,88.75361916817003,316.67221083508514,-1019.2937353140117,-536.406974608341,-3332.9431322199835,-2674.208853964805,0.5498830788275498,1.0,1.0,1.0,1.0,488.37681525138294,2799.714844338969,-802.6528602105973,-536.406974608341,-3332.9431322199835,-1726.6921896273582,-9624.982605442558
746.1592684844022,2407.1019932177487,-483.95502150966865,775.5932440012887,2375.7217227044844,-479.130714971208,793.5480867001195,2345.6232223078127,-489.8792354599844,814.3971671686572,2312.3197644459606,-483.8059675252335,849.0264068083171,2280.68307132248,-485.8198952058882,870.9681548387218,2251.4674049060222,-500.1723599055552,0.013124777938529758,0.016108177202768748,0.014950416322805193,0.013376971770995671,0.016618503811788143,1558.6236297939413,1320.799213655093,-762.9038220043976,1583.428415616846,-2127.5905348598094,2338.1354285695998,0.43637054872755754,0.0,1.0,1.0,1.0,355.218033925139,2937.7680201485346,-802.8766334677105,1583.428415616846,-2127.5905348598094,2498.4231023770603,-9694.24651965177
209.08512190463165,2409.8769730423787,-516.3344072005029,211.62188246363996,2355.1260674410214,-560.956707615745,213.5997909736134,2296.4679942676166,-610.5721679498881,216.83495511856896,2248.6131371171714,-640.6388741327235,213.38245461305627,2199.808286914926,-689.341836770961,225.95335201857026,2156.545246344398,-733.312237866156,0.017837986451159832,0.01545906059495017,0.014210638985966584,0.01655206087176142,0.012957040158792343,385.03988060872916,-257.7505395275676,-408.1463565124699,221.4166467761316,-3250.5781113194653,-1905.5633015393485,0.7429841305018985,0.0,1.0,1.0,1.0,160.30198413095843,3041.586243461689,-234.94636290871279,221.4166467761316,-3250.5781113194653,-485.28493818796494,-9803.43349030734
411.61470950483977,1892.0963314341875,-386.2243695888948,443.2982437987146,1833.9397068079581,-427.35671927746466,471.4317039449793,1774.3678356054118,-459.4313500758982,498.3099683098243,1714.0620036373223,-501.1132778141738,517.9347345514029,1650.8922730247605,-554.0032527726437,551.7180104634646,1583.9179812389464,-597.2176467405792,0.017599799561947627,0.018460952494023797,0.014022854465270407,0.018037731686867564,0.018184707597759975,984.6755121522893,601.0231038700695,-701.7617526436485,1593.6329083191913,-3618.8226201423568,3215.6556403131453,0.2713099565361235,0.0,1.0,1.0,1.0,12.5594380775849,2808.504902156905,-189.2092414851296,1593.6329083191913,-3618.8226201423568,472.1598224483856,-9870.275873434935
173.3998049718815,1690.6836908867015,-746.2466164304037,156.76961818330815,1615.4859945414264,-802.8057643973377,139.4648249097148,1557.234126074672,-831.2517368442028,130.68647117751465,1490.5734829774206,-893.4804894313756,107.43772679984507,1421.9305170988903,-940.7590036074212,82.05557065397991,1348.392866148658,-1000.4278093560578,0.014769790621537715,0.015013222528305115,0.014370000563068697,0.015790669324664386,0.016029317812590427,-218.6391267183143,244.84320915909987,-515.9994098820861,-1232.8166621976725,-4501.986065597608,2051.4239647194745,0.24570403787547107,0.0,1.0,1.0,1.0,477.90228742337047,2788.4653362217505,-317.4629958425502,-1232.8166621976725,-4501.986065597608,-597.0974044955899,-9702.006202828925
12.17406630096347,2346.3007187423973,-530.339061863539,-42.936666546031084,2294.4872184024834,-576.2416369425846,-95.02991299608107,2245.176305020423,-625.4111951267631,-144.3494788846011,2204.0807998045398,-669.9167793016546,-200.38959168311575,2145.9860799699118,-716.6599656037538,-252.96667194421522,2109.6547876008817,-777.3293459175297,0.015359642812451307,0.015611722052221305,0.01564147054126397,0.01419157909323529,0.016425334224176247,-1041.0096033329778,1402.4872332726413,-649.4489673985721,-3491.410016769069,-3114.6167913927675,3173.8291163312133,0.2253123201092254,0.0,1.0,1.0,1.0,530.124904213104,2804.064789399377,-226.2294018594821,-3491.410016769069,-3114.6167913927675,-1347.8780235945917,-9754.862558610654
376.54395673234194,2352.3797407084135,-1097.3306488856956,363.9481654944868,2299.858002275616,-1137.777632011071,348.3898629329805,2245.7631592765115,-1058.4937485490905,327.78224553628456,2196.9561619380997,-978.2845552444205,311.7574945426915,2145.0856455210587,-917.0498609861495,292.24780923623973,2094.5600174379824,-848.9362883422649,0.016603329023710117,0.01611453363408008,0.015741326932653205,0.015180866331507836,0.013881370231534046,-543.7845345065739,-295.962694936077,-355.7792322846396,-1148.1973857625665,-3282.0122118999316,-2928.9371947050568,0.7293101967210474,0.0,1.0,1.0,1.0,575.7079166119302,2903.9992116663534,-424.01265648052265,-1148.1973857625665,-3282.0122118999316,-3150.7682560884987,-9882.387043454353
-394.0822213391753,2018.8915531221505,-854.926579914411,-461.60426862168265,1957.7171156290733,-891.3778476216744,-517.9987813603666,1906.6120703218658,-925.2907830008589,-577.5746941982991,1851.8969991044266,-965.9101266929655,-648.7656241680462,1786.8802274657053,-1020.8503045435045,-715.4211438222766,1723.1192284074775,-1064.8248439543543,0.015050014227647956,0.0181088462670142,0.014923528593079216,0.01789823576006422,0.01616153459457892,-1172.4039397500294,1324.3911398813393,-899.6484136592729,-3909.0385763314307,-3515.8422930585316,2331.6463966336437,0.11596231341460927,0.0,1.0,1.0,1.0,606.2086124807718,2924.099383222975,-634.1605233875816,-3909.0385763314307,-3515.8422930585316,396.6262964681926,-9942.83160724406
-24.987771993783127,2161.5839274002533,-648.1744943484863,-59.471875435164506,2103.295884582001,-698.1551016211422,-99.4184677412937,2034.1211040020678,-746.652650377753,-132.0412822589057,1977.465931125478,-786.2643953573794,-175.40408234351887,1895.2087218857964,-852.1208154799485,-225.24098603486598,1820.0642082736576,-913.9040691054072,0.016537130912895576,0.013045659438818386,0.011801801522849376,0.01735112695074084,0.016912740287340078,-850.5457007749927,725.646617693043,-497.6906519856031,-2645.3922743061826,-4615.767372170012,2727.5857240931737,0.23799170132245445,0.0,1.0,1.0,1.0,445.6965136350377,2987.372630056349,-228.31880624203654,-2645.3922743061826,-4615.767372170012,-1488.656377098699,-9696.695644268762
-241.9488801967994,2394.458848190735,-1117.8896216352641,-270.9095596703609,2354.7185262250828,-1066.8646604739943,-302.50755846220073,2296.253099434951,-1003.2088444861442,-335.1220636847388,2246.430765287028,-941.6542547539226,-366.3279741008161,2190.7950311811132,-887.6720106119084,-402.6163975297279,2141.624343711539,-831.9107719074735,0.013992476079943195,0.013761140226362711,0.013712887782076522,0.016046012272594196,0.013023515559515364,-1232.183973544716,787.2396834204562,-119.9174002125111,-2235.646645170262,-3628.7130315638283,100.55594524873254,0.3734085997194354,0.0,1.0,1.0,1.0,109.20401355743923,2964.4675023587524,-587.40330265592,-2235.646645170262,-3628.7130315638283,-3019.6854048764562,-9741.799961130328
-263.829306051613,2004.528140536926,-877.3187134980643,-307.81287841939826,1932.2731518962175,-912.4962522785619,-335.2643801700911,1846.6498012973307,-951.9570789345013,-364.05753644794805,1771.923103041917,-996.9959574722665,-392.26848506689146,1701.374767984339,-1031.6628026027029,-431.9150176445555,1626.087266253306,-1071.5965979826203,0.016309761981638304,0.01617115101561914,0.015178536712813134,0.015665933968432383,0.013367634612173801,-945.6043698794313,467.79338948548923,-707.7435810709723,-2234.112946288345,-5038.452215029409,1143.5579687597278,0.23046213550268843,0.0,1.0,1.0,1.0,70.91702068176448,2760.2891473238765,-666.5765880152546,-2234.112946288345,-5038.452215029409,-702.1779260824259,-9895.845696398095
449.38935110634776,1687.2184123422987,-794.4310636005509,444.84654414965394,1629.6052715248304,-836.4279385749096,445.435056536154,1562.1344422758439,-873.8988048807819,443.70735273806537,1518.481646305443,-909.2791665242677,444.48638098000913,1439.7674062169674,-971.2585641453309,435.3261011432885,1359.395116352667,-1023.9033656237342,0.014398300156474003,0.014757225538109042,0.012794192251020048,0.01888572830411056,0.017807349678715945,415.9246999603188,91.75462870620242,-521.5936705000541,-91.7729870511909,-4179.100110184726,1040.8269633828593,0.30358510294192814,0.0,1.0,1.0,1.0,470.9884921910357,2599.2146948170384,-474.4605274221452,-91.7729870511909,-4179.100110184726,-396.5225449482535,-9830.530055800435
-40.490213360613275,2192.9873120515717,-1024.4565535667589,-29.194543155753344,2141.613175941479,-1088.7587436066676,-37.054480832277434,2079.592167297168,-1142.981645635677,-22.990631257729703,2028.984753796811,-1081.8800689677942,-10.011246331337706,1967.2560190239956,-1022.5005136461938,-9.31961728017833,1914.3353867860103,-958.6551582817577,0.0159726629084051,0.016066215565095104,0.016342944507783036,0.016928507250727032,0.015255147773954314,211.8464326756942,-394.4416211221414,-814.1244870413423,339.3239366564205,-3495.5418078242797,-3046.2378297274354,0.6598863962767743,1.0,1.0,1.0,1.0,-102.02820873149534,2838.934551115313,-520.1968299562803,339.3239366564205,-3495.5418078242797,-1856.2145560338204,-9924.65386529266
126.54096020275016,2337.7423195975352,-1043.9869997935102,160.11593544802423,2289.5027858499043,-996.8791034447775,192.32932642218967,2232.258315458177,-954.9143250490591,230.87636721773714,2176.9605615373052,-919.6661492694459,269.7574916800485,2134.6261337311753,-882.3097260315551,286.4967352851266,2081.478985082565,-861.1026965608922,0.016498955788696507,0.016026879429310525,0.01736204829319754,0.015311875066021774,0.015332010881242586,1136.290516532744,746.2541313950699,-951.6247295724847,2036.8719081345396,-3219.1855278876733,-2276.094418804048,0.41333490274517626,0.0,1.0,1.0,1.0,-370.9946954868162,3128.4514220319384,-738.6976911837908,2036.8719081345396,-3219.1855278876733,-977.5853347582854,-9922.03128917926
-416.95120912737065,2103.094161065648,-597.3361995782462,-421.50239476660886,2044.629583815201,-627.7606188894189,-420.7862786575822,1990.5840975265205,-663.4609759885918,-416.1744617587832,1934.8210835987795,-693.4863220172286,-414.2164705064029,1881.8069556722694,-732.572707695793,-425.2734602082315,1829.198516498067,-770.2882976669388,0.01580513930625982,0.017110622211188475,0.013161673164452714,0.015803469401121872,0.014381825898389544,-440.05094603707613,-7.373357382701204,-416.4801866127447,-43.459261035972304,-3556.6155083744566,-81.65683428354457,0.5172596774832106,0.0,1.0,1.0,1.0,-403.54516676686245,2980.183669651848,-428.90552298239237,-43.459261035972304,-3556.6155083744566,497.15465830623543,-9657.814850788915
-416.3360149891536,2407.4974610414606,-484.73691487486974,-459.4711837412587,2373.546906763087,-505.020546659863,-502.09975662818346,2335.0406590771704,-537.6379402717427,-534.127306599353,2298.1158599107825,-563.912818165182,-580.2549479569125,2264.48798547998,-583.6867388351598,-624.5840032304317,2226.895830091434,-618.6906109723452,0.016883785273966334,0.013345005245631869,0.015157025734939489,0.016185875968956376,0.01804483513139682,-1324.783908564755,1635.9858794379509,-825.0512283017571,-2500.7030819262004,-2127.9832098030315,2835.4256312468515,0.28092604043200325,0.0,1.0,1.0,1.0,200.64497141022684,2934.055637417793,-496.47441727037284,-2500.7030819262004,-2127.9832098030315,1247.361445989392,-9867.250968462811
465.1649613883829,2132.9609933825013,-66.67384582384285,517.4545909187739,2077.7874613983895,-55.16742269302841,565.6917417076025,2029.2709993939861,-46.4359425506118,623.3423432873926,1976.9781661253644,-43.7901387635165,692.4078967286396,1906.5039409723418,-38.53965913989685,747.1250056646923,1860.856807912031,-43.7027891185543,0.018782436797515706,0.012498958271063398,0.013933778977331501,0.01920840528674228,0.013837668774849599,1494.0341517014408,1120.6128777001845,-267.1364909719878,3629.633389143684,-3599.9751932576723,-2098.4821548741998,0.20525827575863342,0.0,0.0,0.0,1.0,-393.3752106532765,2992.5999781941796,-501.53113070469664,3629.633389143684,-3599.9751932576723,3000.0,-9804.773374758079
343.2355402990368,2295.429106710365,-562.9784569264863,330.15652340741934,2246.2754947414787,-555.3377483485341,318.5381792466134,2196.855059994666,-547.6809153648785,298.17323490159674,2145.1733263597453,-559.054980824089,289.97748733784505,2089.094113035517,-550.1765156064599,273.87005422958,2040.7586076611606,-557.7583530374649,0.014872158614580133,0.013782628689265497,0.017188154373346365,0.014362989249363217,0.017500130850062717,-239.361416002771,155.09410505998903,-614.7511392574127,-916.8890579327988,-3358.434768674399,1079.1259541011318,0.5605496439752271,0.0,1.0,1.0,1.0,484.9809397641409,2808.2575723127625,-752.8093546466777,-916.8890579327988,-3358.434768674399,1963.7384899591036,-9747.160538119355
-303.80643194885624,2063.9971255848127,-462.4382451731615,-299.91939106903,2015.7136223513066,-478.0712750509627,-296.6438574769125,1952.7046329909201,-504.94078491222456,-297.0802155495789,1917.7774672296732,-529.0085774109929,-285.013757398707,1874.562362925383,-563.7880771257408,-290.20065809489734,1826.4719089626644,-587.9198082730348,0.017878944254999557,0.018328275974142716,0.015523165467948047,0.012266789101362169,0.016382426502507652,-138.56033088653558,-95.7160007012159,-406.0432961162012,235.38300612324363,-3005.213292661565,-522.8813433105481,0.6390104842288833,0.0,1.0,1.0,1.0,-352.75886645868667,2639.0280956208144,-417.6554337053205,235.38300612324363,-3005.213292661565,708.7951936978851,-9849.337646680722
101.52267789324083,2397.356371984178,-823.4186262683986,112.69282992495863,2349.988956053476,-766.2913311798263,110.18358220827416,2299.518625101739,-701.2760781395552,120.24481107169997,2246.8189630306338,-640.7173270269324,122.8396731422476,2200.029962096597,-571.3039647251975,129.15198468750594,2144.609194511351,-506.98354997840147,0.011047609985987306,0.015840246254219537,0.015944587205809657,0.019063614973873988,0.014347838489006615,348.25698306994843,-419.94236983905046,-531.0789124130118,279.3355911068777,-3255.32045961506,-3825.0532952966773,0.7878988983572616,0.0,1.0,1.0,1.0,42.384510807915944,3144.633533439444,-441.20518246948495,279.3355911068777,-3255.32045961506,-3591.841065589071,-9626.194662147092
84.75668111745884,2080.6351359898968,-1052.4022712764724,128.8654394805745,2013.1686529785823,-1111.6779651796073,174.0272391559513,1942.8138173595637,-1146.127642054594,207.77288059171087,1865.291708606824,-1100.4403026642617,253.64912298255015,1797.6872179049435,-1054.9055577505374,295.80768396059466,1744.0958343968052,-1018.0378008008107,0.015376565812448784,0.017449675609956333,0.016968696236329295,0.017313594965113782,0.01457946960402487,998.5220529748728,601.0295056161964,-675.5834271204837,2543.2880530018438,-4105.558943610654,-144.76546074843634,0.2768238286373538,0.0,1.0,1.0,1.0,-323.98773458608434,2735.920156293739,-740.4638774705701,2543.2880530018438,-4105.558943610654,-1141.6802339873589,-9883.075111793034
-315.4461927303654,1903.295966557356,-333.34008494428923,-322.91297562466684,1813.9334560560167,-342.9772243422382,-328.2615048791944,1733.084534377187,-352.0407776442575,-332.03655160001455,1655.816868509698,-362.3646422009091,-332.4126748656671,1565.3195829819929,-379.5605058451561,-339.6228838918937,1472.4309380582374,-409.45175862773675,0.016795032648245944,0.017481038980632385,0.016737981108700895,0.01643267009279839,0.01665766495961593,-422.7061869814217,-172.99073156864185,-1003.2551614445617,-261.3015714800256,-5191.1359060469695,3653.845934292312,0.31771617334431496,1.0,1.0,1.0,1.0,-277.68381481000984,2708.089696287423,-376.6669539950932,-261.3015714800256,-5191.1359060469695,1033.4804820127176,-9801.519386903885
560.9364637990158,2329.9851972939923,-1129.7835021691437,592.2858832086383,2284.8992081970073,-1048.5376300977455,638.0588364934051,2231.989737870793,-952.0831640183161,667.4599110704132,2188.466080182169,-884.416537725202,701.693122546742,2153.2524741207744,-820.7377708080973,725.8874132310309,2114.810115630232,-763.5437867122338,0.015117780631410033,0.018431948581763613,0.014425678376784962,0.012528444499823765,0.015201395331476353,1100.495135301483,1664.6621983004165,-163.05023688143115,2271.8783823968924,-2780.849070808969,2892.18577273605,0.16197494000702162,0.0,1.0,1.0,1.0,100.86864704684854,2888.2357894563506,-301.2714018411267,2271.8783823968924,-2780.849070808969,-3327.283286202722,-9786.793268432923
-214.872718048204,2369.5409549227684,-607.4444526657591,-244.73464766304105,2314.871112278011,-628.8163792003971,-274.1962040255104,2265.8617737216073,-647.0548068935291,-298.815651152647,2226.3991292130254,-653.7290324715092,-328.2275716903758,2174.53909943224,-672.5518077997757,-361.4696066781198,2116.43316517288,-706.0347746956342,0.015745555332131123,0.014416863827592524,0.012480438448102538,0.015627772114068128,0.012478045211747474,-1152.7618954139286,752.2631861242332,-674.7008415067177,-2082.63442825798,-3596.083105411924,1401.761731457125,0.37993002215964433,0.0,1.0,1.0,1.0,117.64510582343928,2945.8738804255026,-602.813089839606,-2082.63442825798,-3596.083105411924,725.7666509517763,-10006.44887760815
223.60741058782136,2422.9492893815423,-1049.4426462173383,254.07649659157815,2402.578018751827,-1096.5841792205267,292.123595369589,2367.6844756865694,-1130.813031518688,332.757414708036,2335.063021624262,-1067.779829996248,363.36603660913454,2306.7827238935706,-1017.2413980395932,395.4225778457564,2275.8718052873123,-955.4421803036942,0.012067511873882553,0.017575431235281463,0.016202587156819104,0.012676997063563789,0.015806374049749883,1345.6292534151094,1472.0571834436137,-290.5357254866289,2348.581669044467,-2001.1111745976473,-346.2716856550647,0.4023637687086206,0.0,1.0,1.0,1.0,-321.8637316064607,2892.8461174079416,-408.7813567777765,2348.581669044467,-2001.1111745976473,-1575.3082242724408,-9984.427843812442
-36.70671902110674,2380.4045985547345,-1110.5416337852419,-60.938619998023036,2315.266825784141,-1052.9460031823928,-83.47981251415119,2259.9234111291917,-1008.1728968210414,-111.78422865621172,2212.165932232515,-962.0391327013241,-134.77251852191694,2150.8963900273015,-919.2090926413396,-157.47049534372576,2090.2370191637806,-868.1801191127008,0.0156275028133826,0.01380367413303174,0.016651003523015795,0.013953207785937949,0.017332676042856293,-952.511402664942,281.40039253735483,-605.3078780195524,-1692.0079908841055,-3863.395269415949,-1752.8154758585126,0.46729810603121597,0.0,1.0,1.0,1.0,231.89419095393066,2985.7770811285177,-714.7339334138156,-1692.0079908841055,-3863.395269415949,-2287.1079045627325,-9862.428529928266
600.9759383020079,2179.3679265260157,-324.2687526044858,576.5276827624965,2077.484976499931,-362.1959289215829,564.1311014937982,1993.6956496896023,-376.53446186412145,552.7470395323082,1907.9482584603172,-425.61484361819015,542.4452962474601,1808.436984509211,-462.8346443013514,522.9619513492037,1727.7785672645293,-500.6129981083813,0.016695041071225936,0.015169370377993749,0.014726422191822353,0.0157255033711156,0.016941149666971717,280.1121273197881,141.27619942479902,-805.6850012138998,-900.1941589919227,-5814.928397071307,3568.006290856649,0.27073419663156795,1.0,1.0,1.0,1.0,662.6946448913529,2612.620768180106,-210.7491483873879,-900.1941589919227,-5814.928397071307,-1158.749138123793,-9571.1781905705
480.6618951070147,2074.3419767469777,-1001.7030675676241,476.0880669547748,2008.0926240570127,-1041.6039444448586,468.124075454682,1922.4833683340457,-1085.918896097812,463.60795899979047,1855.9521474547032,-1122.6556864694712,456.9283462964589,1794.4954018022368,-1143.7841332537291,455.20556351052335,1721.4571344171172,-1095.4726403354448,0.017909812926491908,0.018051333710845108,0.016306243840496254,0.011967086498195056,0.01673702244086045,359.08942042716285,-19.22296428279614,-879.8107959729549,-247.4170331955528,-4357.826370486413,-1394.8291891619874,0.39921447163388074,1.0,1.0,1.0,1.0,526.0959178341604,2922.309835795536,-781.8880802045287,-247.4170331955528,-4357.826370486413,-187.08071684924226,-9757.888027089382
292.5589345353386,1734.0822994539142,-1128.776017568267,325.33188393719786,1690.522298362952,-1123.780693370249,362.7646782103798,1649.1491557102909,-1088.6944029593355,390.08566842292834,1593.1542306406034,-1038.4527357420068,428.7827648388893,1528.3250019267946,-996.4744860678265,461.7917555854237,1481.6930154236632,-953.0318385111946,0.01367366810465076,0.016195560840715995,0.01412835627040826,0.019415544213872926,0.01765838346155152,1007.1920302897568,659.6249246601287,-649.3609183434866,2099.0936742932404,-3182.092693541248,-110.04857485689308,0.25713593985997635,0.0,1.0,1.0,1.0,-220.7777691717904,2521.1491503817633,-669.1422367146209,2099.0936742932404,-3182.092693541248,-634.3111308285585,-9861.013965012193
-267.92136087997227,2446.263483411812,-758.4661078364409,-258.6586601226006,2409.792409973871,-727.457487629423,-249.9830221835431,2364.8627035855184,-678.4671488165388,-231.8510245780388,2322.065121129573,-630.4694954594543,-220.96583150426594,2279.505708887744,-583.9381049933874,-207.1179863223653,2233.560430344721,-556.6931899832904,0.01292995240658204,0.013862355471895904,0.01718146123294878,0.01529452448778057,0.01483845603001882,350.9344702425385,424.3645603488794,-1106.8095349068083,853.4696994740733,-2771.714479366915,-4033.770189702382,0.6547882161267621,0.0,1.0,1.0,1.0,-481.1984867446846,3126.7861777316043,-673.1287777596981,853.4696994740733,-2771.714479366915,-2793.774344397513,-9761.460191071043
127.49342061805864,1431.2398923984783,-530.3129554271549,181.58491009395564,1315.378380371154,-544.5974750106471,249.27274026122635,1188.9604809675611,-568.2990490854737,304.180958300029,1078.9309197152568,-599.737460851907,370.36094375750054,955.0776600489306,-634.5799047913275,422.5588948732715,850.2021958539987,-653.4123279324118,0.0178652732186938,0.017806327930594334,0.016413021046843695,0.017725600598503893,0.01455278919290151,683.5893343689883,318.36546698184225,-825.1861304522758,3487.75185308925,-6920.55856247213,-2632.3316075849634,0.07726816683865989,0.0,0.0,0.0,1.0,-467.368777150465,2602.149792597646,-492.03469720452887,3487.75185308925,-6920.55856247213,613.232012144084,-9835.041271906204
-11.917866913448067,2112.686701612936,-327.6239000900373,-23.83319393812299,2042.9375444788343,-340.3851539978962,-28.394306266133793,1967.0314963515448,-356.70345912032025,-37.824360914796,1904.4327140420855,-365.2855065803026,-46.088553031314675,1826.4319646157326,-387.9597062330759,-59.248367480122354,1742.869086446453,-414.6584006836466,0.01189154861377495,0.014817025042146076,0.014389441858569801,0.014591405788205003,0.01820950688381917,-290.4388231151235,82.00926172796517,-854.0998387808274,-686.3002547057722,-4935.533518543633,3328.7960904983856,0.33637744420992016,1.0,1.0,1.0,1.0,73.30031187893542,2697.842026556086,-287.1794228546727,-686.3002547057722,-4935.533518543633,267.34818708259996,-9709.907654812952
445.2355008043679,2273.0650285007127,-504.0866767770556,456.60269207538687,2232.3595713938284,-532.85102688801,477.4506948503377,2180.649131699221,-555.0569802722682,486.43504998138513,2142.9576136624137,-578.427308604078,512.7824919872384,2091.4023767720346,-620.9347084599964,527.8888045245708,2056.9692808445757,-652.0591907780902,0.014615626696975526,0.017084770831674534,0.013065421201039595,0.01727484236259824,0.01301096810449337,1121.6982126166524,454.68079227944474,-373.41531640946374,1116.5688211026156,-2988.009786710224,212.55231169400446,0.5344262357098808,0.0,1.0,1.0,1.0,155.86618236288803,3039.309257783802,-414.2876555091824,1116.5688211026156,-2988.009786710224,925.036220239828,-9914.424826812603
428.17687080498104,1675.3297371439864,-1061.6980881896616,470.0861573603214,1604.4445721310335,-995.1088006824428,511.82358902537356,1541.3954121668457,-926.3630212251243,554.484779476547,1460.7573908103984,-858.4528929863314,591.5136169505146,1387.887957155775,-798.5271804259323,640.380784767174,1327.9542954489336,-743.1415749011162,0.016572672470394956,0.01621323655175924,0.018232075426948546,0.01634860951050293,0.018314588858761915,942.2758003105027,795.6207721369221,-403.2697667295471,2376.984361646534,-4062.9545768949447,1961.7254792375752,0.13023664759639775,0.0,1.0,1.0,1.0,-67.94255338927371,2522.37646731727,-513.3831876287572,2376.984361646534,-4062.9545768949447,-2459.7957068240257,-9996.984080430597
54.36933270672216,2408.061207406889,-539.2778076854532,88.84008962211136,2365.0363916078622,-552.6380609364793,118.67089182485628,2321.9114559402683,-577.583061982493,153.8831874982282,2270.365875112029,-605.2036320176454,190.32277057951669,2217.255221083603,-635.639148426443,218.91320902944145,2173.6971866042923,-663.0734573277199,0.013920330049388668,0.01796357288653827,0.0171263306937689,0.016640472133429174,0.01611224059213673,1105.682752281612,881.3863078770445,-528.4342491111948,1940.0770924918072,-2833.811228197118,895.8071647070897,0.4564091690904903,0.0,1.0,1.0,1.0,-407.57737986199913,3091.7590658707845,-574.1576356763117,1940.0770924918072,-2833.811228197118,1301.3247675054884,-9736.738097136726
-126.64257682395647,2021.286264141116,-686.080670775053,-180.42097791886917,1972.6462302793382,-714.6543236117673,-233.5481726413348,1930.0407095983655,-743.0534802596967,-286.98819618512516,1876.996464153748,-777.662070587961,-332.16504380492563,1833.742002320898,-811.0316931904698,-389.87341118720866,1780.684994214868,-854.8871029361172,0.018230117957778014,0.012535272543504117,0.015322045056394562,0.013640233285672099,0.016259794701171504,-1052.6562509993287,1162.8471449875929,-859.9599630424307,-3513.4049095662485,-3280.9974807525405,2683.5297910677828,0.1878271572412567,0.0,1.0,1.0,1.0,704.0462037837954,2803.3458853638717,-506.8776142211467,-3513.4049095662485,-3280.9974807525405,441.52553822831624,-9922.61811681335
390.49644303724915,1892.9117160439512,-1042.4765939092663,426.1274926641104,1841.4500886045282,-1086.7373715805568,468.5591775748462,1782.5442178785765,-1144.5783117341075,512.2264366225954,1722.9108085211883,-1104.836659253418,542.6677106125978,1676.963139549996,-1054.3118632076425,582.1583412040009,1614.5773806000768,-1003.5656276984339,0.013372345560210608,0.015823480958064545,0.014722071328204744,0.013909348208414052,0.013234048885120087,1102.0405437290456,871.5238681423339,-561.6302007265238,2645.669842727912,-3823.8989346113754,1325.176261968633,0.1949821085157245,0.0,1.0,1.0,1.0,-220.79437763491183,2783.473335448024,-530.4401765190067,2645.669842727912,-3823.8989346113754,-1070.369435578065,-9794.417379193175
449.38683070560523,2408.714240130447,-377.89144421811966,436.49247388532746,2378.516378496861,-415.88189872979257,427.16875204251596,2328.395756562928,-446.439593779567,404.9585445536604,2290.555651818909,-486.9395043807964,398.02299157402706,2246.879811405827,-518.228429371581,388.4468804287944,2215.7211385007045,-560.3540228528032,0.015880474208049417,0.01879618797334942,0.014947974589585244,0.015743720550633278,0.013417588216269871,-395.37231183301077,-183.20566599931334,-802.8159707871152,-818.0367955814083,-2510.1283388387033,-3386.9336986796097,0.9544417680116049,1.0,1.0,1.0,1.0,602.6325787763058,2879.150907383897,-219.67130041641667,-818.0367955814083,-2510.1283388387033,51.134124162904754,-9833.647640574838
-288.7736292026331,2032.8709866956967,-544.0122215547334,-260.22024548784873,1966.4887533544372,-540.8808823001874,-235.75760374378095,1900.1273017792732,-531.9244522538937,-188.84734024010686,1814.5951302919543,-533.974553805246,-150.94303395684432,1744.7333423553825,-530.1455972529602,-118.21433550801743,1661.6376300862125,-526.0082635248607,0.014854259474583506,0.012735672393211564,0.018013651905087386,0.015387427355942562,0.013833989895959603,534.038666461966,275.4925734463915,-947.7901478126415,2366.822225147517,-5055.7371253709625,-2867.3929055293447,0.274726662383974,1.0,0.0,0.0,1.0,-519.1972237286795,2525.2955942364742,-644.2638847866151,2366.822225147517,-5055.7371253709625,1503.2299256370989,-9821.624339699865
164.8946630416402,2413.7543167232843,-1135.281269487983,158.41193774945248,2378.045181375937,-1082.8518966462727,152.76232306405677,2346.900963860311,-1018.7197993642978,144.372455361001,2309.582679809163,-928.048834964887,145.28226288578313,2264.425069573386,-850.1702312625389,134.7034342146735,2230.682888386048,-786.7629673626723,0.014826791499931352,0.01406189197058666,0.01698608539805066,0.017986229325161807,0.014880334192091782,-229.24726321653435,-53.28116509757894,-843.8252054237231,-387.10024139400923,-2401.3028816074698,-4641.249457551481,0.9504409889602079,1.0,1.0,1.0,1.0,250.75703611203846,2924.3344080956817,-252.7572903143847,-387.10024139400923,-2401.3028816074698,-3188.7232236758878,-9621.387143552904
125.88081987967242,2254.7298676086475,-1124.665373667665,93.54250647427625,2214.908025248601,-1099.2056607826519,72.4148444955272,2178.7356412369295,-1046.581891321249,48.457480301259444,2146.9570229188766,-987.0889369635931,16.76637293362598,2108.880364527139,-921.4436786098821,-10.11543234421394,2071.361169204004,-867.1401597695486,0.018421114776593833,0.012648595362185211,0.014987454249472565,0.01989282362199324,0.016602497541885863,-1099.3666648749077,627.6047044652914,-762.0336018608928,-1670.2016216217407,-2215.1555569908724,-3008.0977147812537,0.6513982585236766,0.0,1.0,1.0,1.0,520.7289080981798,2776.305594746446,-449.19028350182384,-1670.2016216217407,-2215.1555569908724,-1720.555822560421,-9731.567707491824
-154.70356571514918,1831.0835165022784,-1058.5759263565665,-188.57200703976682,1790.0063425197989,-1091.0071062091768,-214.3414685415963,1755.0436875513867,-1126.7623303940723,-253.98276150990654,1696.4994854685197,-1139.0842691943114,-282.8962920072815,1660.417752688058,-1111.5247431000973,-318.8397433701335,1606.3259462504363,-1066.3632748129457,0.014543954312142116,0.014371741089311718,0.016401395284360853,0.011930151176716197,0.0178001757637109,-972.3674531122213,690.68510855202,-847.3932562072046,-2164.814395316771,-3031.5346188531125,-758.1283434932733,0.303083127594894,0.0,1.0,1.0,1.0,358.9934000075915,2555.078899146692,-819.091981224419,-2164.814395316771,-3031.5346188531125,149.56593847690954,-9767.370651718706
