x1,y1,z1,x2,y2,z2,x3,y3,z3,x4,y4,z4,x5,y5,z5,x6,y6,z6,dt12,dt23,dt34,dt45,dt56,x_hit,y_hit,z_hit,vx_hit,vy_hit,vz_hit,t_hit,is_reachable,bounces_before_hit,has_bounce_before_hit,intercept_valid,x0,y0,z0,vx0,vy0,vz0,gravity_z_mm_s2
112.38065617635822,1511.967200831775,-78.03627894595714,129.01047071997849,1448.0047481550591,-85.18536924586309,151.51091596839655,1392.2710604168974,-92.45242188848634,158.72926798202255,1323.4716318207613,-107.90092944336452,181.07260808307842,1244.5132295170245,-125.20280432056578,201.03309469974948,1180.7357425492337,-134.23257762530102,0.015990232069147847,0.013269782594367174,0.015870600324825068,0.017214088281236106,0.01681012586208691,514.0074384512853,-44.72850659238736,-817.6385320887186,1118.6503244815372,-4373.963236436779,-3844.0060391162565,0.27699345817922716,1.0,0.0,0.0,1.0,-173.96251110486077,2645.2588838162364,-324.0589418359501,1118.6503244815372,-4373.963236436779,2238.8691602454646,-9890.853982701976
377.50362795071004,1829.7372060014118,-414.0355580322763,324.7235756421644,1742.0346523423013,-412.917852696485,291.0266277393713,1647.8704968078612,-406.67919084806977,240.90902556642976,1564.5355541927313,-406.45430119123597,190.17792749015612,1469.8699869663203,-415.12582148066446,142.86478515453612,1372.8976651890505,-414.58063959614174,0.015213156636382202,0.01707513581202849,0.01328338935307688,0.018457703798841263,0.01779916723298483,-594.3606941258208,-58.36837349409733,-805.0077283114513,-3007.976241020432,-5822.535122339831,-2769.169689506035,0.24321994135807634,1.0,0.0,0.0,1.0,744.188733128271,2532.659755947128,-530.3949238243943,-3007.976241020432,-5822.535122339831,1534.9548378788102,-9672.189949179427
-105.06023741084589,1451.9685858260618,-469.8664329518861,-101.5431345854424,1368.884815871685,-479.0705912705275,-93.7832204324387,1283.4029625370702,-483.50488571665545,-86.2601352129751,1188.2501754614693,-507.8178184167281,-81.63240048765921,1115.5346553750392,-515.678756670663,-73.0431123816392,1027.7703446898402,-537.3861767349131,0.015758944276959758,0.014874941764229432,0.017431864695895194,0.012700577858883899,0.018627810611285545,20.243228085350278,19.95960044072403,-949.9509934625772,489.07718186435704,-5270.460217916859,-3110.119887168481,0.19166567093391806,1.0,0.0,0.0,1.0,-219.4045910281842,2602.485107219981,-603.484464254103,489.07718186435704,-5270.460217916859,1695.9707883583803,-9808.348317401751
-86.65833458700273,1398.9332548597865,-653.2126570163048,-67.21633941052477,1297.535987140608,-665.7532386725796,-55.072791084603274,1201.960600514664,-673.6877888575333,-42.965871323886866,1119.7497691407464,-688.4688186040954,-31.074968586627286,1029.7338346348004,-704.7737439318789,-18.981896537477983,946.76715093216,-711.5618958131583,0.015939902536752565,0.016591481986918066,0.013291852771648932,0.014556545081358258,0.013089098777948283,106.95828476354686,62.1272048808617,-990.1772408642285,882.4961878094385,-6132.191429920178,-2592.8070280229094,0.1448488802428876,1.0,0.0,0.0,1.0,-259.27763317736975,2606.986648297735,-743.2773542677292,882.4961878094385,-6132.191429920178,1402.9280564735166,-9628.277312039583
-323.6730474908985,1979.192694456674,-42.963794311967504,-327.9329325669445,1935.064722364179,-30.315882757956363,-332.8874053255054,1882.3634666822518,-31.016903812891602,-333.3705276105554,1833.6437921003005,-21.255889951319453,-331.62683267343255,1773.8181320441229,-24.583882671715575,-343.06040675014214,1726.291662594984,-23.269432553145403,0.01613992070149292,0.014318522962447539,0.018035234344487006,0.015604420363749566,0.017460532569295056,-423.7299317306587,354.82548817368036,-1003.0259877021643,-189.3214363483367,-3179.9930748527563,-4391.4303258492555,0.42977604742977954,1.0,0.0,0.0,1.0,-293.0981406503064,2549.0207098220826,-313.31958708651774,-189.3214363483367,-3179.9930748527563,2392.281338557528,-9831.46618029969
-123.36076586212035,1523.8883212952633,-417.92564964591355,-132.42928061315646,1457.4492729672354,-437.8485606930294,-136.04040612224202,1387.0595723394304,-461.19298287305895,-136.1157840508319,1326.5799870190854,-485.94906543728257,-142.384741287765,1247.7402928286865,-522.4114010770089,-143.68974575339422,1166.310757431732,-546.8209634589974,0.01556648391343321,0.013414112286465746,0.013633589563022297,0.017172249952342733,0.01741824504171885,-177.0681117859183,425.3918924123302,-1011.0242566567674,-206.46556561694183,-4711.125515201135,-3693.638971989443,0.15721029139278037,1.0,0.0,0.0,1.0,-81.06162377404087,2616.065256980854,-358.0545655643375,-206.46556561694183,-4711.125515201135,885.1671823445802,-9846.894955557045
221.42326086008126,2217.249722912913,-626.1719031085669,205.52120092587666,2149.2029109245595,-602.1954079179291,172.6308215786337,2074.867873852315,-576.8934187081218,154.5870046133328,1986.5686343414893,-558.9440638621076,116.79974141065661,1891.7802476584282,-533.2492885753934,94.1570342754485,1829.4520314744962,-523.4964213696459,0.012091860359760051,0.016699911793552333,0.017912574009971732,0.018094275784596492,0.014145248160826268,-459.51584869366667,114.29663099850184,-845.0218982821502,-1582.730165600519,-4883.338548935016,-2620.936344371363,0.3513369788991214,1.0,0.0,0.0,1.0,347.6765357625976,2604.7992909553604,-779.7496049155017,-1582.730165600519,-4883.338548935016,2364.9665664629265,-9776.280217322135
250.6188533662432,1613.741698935999,-503.60384819924826,230.906982864772,1520.7715350382161,-509.01179164331387,208.45137850320629,1425.250443172042,-528.6591369016177,197.59350977048277,1335.2027803423855,-545.0111321702318,169.5187500325964,1238.7995487998958,-564.5057150054848,151.28585445086784,1133.6312096121653,-583.7695198978943,0.016421099005975215,0.016100207768426827,0.015367937736273402,0.01670003112171778,0.015605961583400968,-64.81225348038613,59.42924139267957,-1011.299285708279,-1214.6581999101616,-5965.092540126151,-3222.3376865769133,0.18101058789939467,1.0,0.0,0.0,1.0,439.27089948233083,2534.9426455450366,-512.5523402198015,-1214.6581999101616,-5965.092540126151,818.7379492830421,-9737.53165267458
528.1796701548179,2384.3277134942323,-295.8254473616396,505.1297094658423,2312.0475495411233,-264.1198226852694,484.8950425212731,2237.661472320732,-221.5805485714561,467.40904774502326,2164.6505191192045,-196.56656133905764,447.1983638743254,2101.7350755902553,-175.20028902858266,429.5760354432478,2032.1928392503187,-151.52794654789915,0.015546046261199507,0.018567431710388438,0.01643399177352936,0.016215349200959475,0.014327262292242224,-185.02175058880505,-266.004452320348,-808.9596371793474,-1151.3306511394069,-4323.71660551247,-3847.56159901705,0.5313756773329404,1.0,0.0,0.0,1.0,580.6131324189005,2609.267090345442,-422.103884112111,-1151.3306511394069,-4323.71660551247,2684.085649942655,-9822.025938285286
-204.14177689877474,2160.5129186040494,-51.692272350868436,-186.08950251084937,2095.884211854753,-42.50908996993097,-175.77149067516208,2028.3774028177247,-37.911449658473686,-159.35999092291792,1959.1040489363645,-36.68730186452249,-133.9560466693707,1869.8004732717718,-34.30690248062549,-127.79436320148977,1803.2327330693256,-39.759789449531745,0.01385023328793189,0.015605314991451263,0.017395647375008455,0.019786291509223702,0.014177637473496124,266.5759772574317,77.58024583055267,-933.4159654671791,992.0752933046989,-4362.752606219558,-4225.912164703694,0.39520479738536596,1.0,0.0,0.0,1.0,-358.431457524528,2826.1143877488807,-242.74241916897802,992.0752933046989,-4362.752606219558,2033.2977320109894,-9935.253804309028
-21.178944990351273,1958.9416176990112,-370.2679083138349,3.5570869507932463,1888.389336048751,-365.79678800329543,34.78988529347146,1798.9699480562529,-371.95167976700765,64.23771913424711,1706.023416455096,-379.9425663903668,98.76787975798476,1631.7745176522294,-386.89265857276246,126.844710180648,1554.4326402158006,-399.169948956029,0.015735649034084462,0.01698528549413883,0.019237418119290528,0.015557004334296104,0.016975007118029822,628.1113462834289,228.7968779529781,-994.5045942255746,1796.9180173626162,-4776.025289476567,-3491.2614085810114,0.2784509681694811,1.0,0.0,0.0,1.0,-243.39389213743982,2545.1691433491073,-438.00979948190843,1796.9180173626162,-4776.025289476567,1196.4375127308379,-9665.358600642998
138.38538943261196,2421.095222474746,-58.46497585291106,116.19325003970819,2352.757422770901,-22.133897195491727,99.0458186561023,2284.4589728150795,3.036288515480711,85.54109487655936,2211.940998716828,25.141525107027455,67.6200902655583,2139.772260288606,52.826566068203945,47.00049403564825,2079.4584183292773,73.8998731437189,0.015495375326832941,0.0170357237961275,0.016808080527358132,0.016134606304485072,0.015952761149234856,-573.6287658439855,-214.4827265355734,-802.5720234445124,-1110.7140272045738,-4104.096888817872,-4281.155089518379,0.559082430017867,1.0,0.0,0.0,1.0,226.08533374330705,2740.467033413299,-235.73331535908494,-1110.7140272045738,-4104.096888817872,2706.6031226144096,-9705.219739073307
-84.62453404807049,1480.4338277523366,-376.7930598357519,-88.44458023508066,1396.8369642544426,-408.5732421914262,-93.17584051650279,1330.4227231765249,-446.77765173291203,-86.46711283628605,1260.1572051773524,-474.6908698052105,-86.84484580692873,1193.1410180320859,-508.3736584970805,-80.64286863212962,1131.971620803146,-545.5770939246012,0.015151096683588966,0.01315538794298976,0.01243767125709061,0.014167443399388302,0.0128955872277417,-65.7570518232366,461.8552758811328,-1007.7059663433288,119.55066186721817,-4905.284553929934,-4067.3953940240617,0.1369258517098454,1.0,0.0,0.0,1.0,-119.55484966348422,2669.2333251496025,-184.8587207459442,119.55066186721817,-4905.284553929934,410.2965247023518,-9950.426486058708
-136.74711554777463,1288.7826482895543,-324.8799753289624,-110.82648957256636,1190.4705068432108,-343.76676752246624,-96.7180388121533,1116.5201800896136,-356.33301546887554,-86.36311467188378,1032.8470323008016,-367.6544873656923,-63.712083378660346,942.9206424229283,-396.03403178354677,-49.28132863269364,856.592241635091,-421.18989500495394,0.01863991437607157,0.014002159309190687,0.01527579734077772,0.018774134513241114,0.014202384622717945,142.99187212636292,-13.297914652023401,-804.2944359726232,1129.380753664776,-5287.3096735439885,-3154.8352779363468,0.16646461015526665,1.0,0.0,0.0,1.0,-410.4046971693766,2577.483825384529,-432.06423381360077,1129.380753664776,-5287.3096735439885,1635.5283303484964,-9776.252261805803
-135.28060364431454,2178.7475785782053,-499.215279801467,-137.67836081335952,2107.255296585004,-501.13855635648974,-135.31268469602702,2033.5707737590312,-500.89073214091576,-133.70381743435067,1958.342991747827,-497.33421975020696,-134.4534756448927,1872.4170729047353,-501.81798186414494,-135.35788482782553,1777.0434782585316,-509.03912119507737,0.014562880178207768,0.012884234928611862,0.01476353709033866,0.015658134932391626,0.018848112193538324,-102.57965088464192,347.89086563327436,-1018.7018996368244,98.04069104365766,-5228.165794886641,-3216.6798036946952,0.2738577570307876,1.0,0.0,0.0,1.0,-145.71755494385116,2648.2838153833927,-557.848399603147,98.04069104365766,-5228.165794886641,1121.8911671779906,-9860.388570165193
-86.96533136887594,1664.633636399946,-574.9933274687567,-63.7816412760635,1605.1778662728689,-581.7132211095569,-45.72561074227479,1509.8103420850045,-587.7031460196794,-33.561422672864595,1436.125247448339,-591.2025755436089,-7.166883643785318,1368.2390724139293,-604.2732360322075,9.073079438570865,1299.7796517551933,-617.7215586680927,0.013526852862147276,0.019158250543514,0.016135353045200168,0.015050474392509228,0.013818441328748488,256.44162887932595,326.8862404130678,-1018.0047894940287,1195.7346938374335,-4601.312322380938,-2938.951016834023,0.21186338351665146,1.0,0.0,0.0,1.0,-317.511024162642,2535.516155155918,-735.2656506553482,1195.7346938374335,-4601.312322380938,1760.8712716728437,-9791.296434389302
-204.98374016285706,1529.8066224442182,-336.0312788827454,-210.2246029740989,1454.3524852515404,-361.06526380513935,-210.78196595920295,1387.6007072280304,-381.2000190272137,-220.16530309961973,1321.5638308637785,-405.41595038574684,-231.9130503024468,1244.7439773714564,-433.0233178114043,-226.27097700220483,1161.85427025537,-471.23525739232934,0.01714486214183128,0.014730578867029054,0.013081247708871091,0.014603837584325874,0.016067321746356444,-280.7534624521825,319.8786951244835,-1014.4527954553874,-306.57420799532446,-4739.998950343654,-3940.0189457499478,0.17979480992224417,1.0,0.0,0.0,1.0,-130.53210053447447,2642.478180792879,-264.6309510964012,-306.57420799532446,-4739.998950343654,879.5216218357212,-9835.79707670546
353.34341852780534,2378.075781138728,-196.2209888845885,337.5063131487824,2276.4562200834503,-203.61404612305546,329.35965700452226,2197.831494015557,-207.0898214458281,321.0031517429286,2113.3080334871747,-227.87436466738276,307.67617011427006,2035.8249991611517,-233.2767462680833,298.14569336035294,1936.0477407608842,-241.38205874589508,0.01685977337402188,0.013704622770922159,0.013378683103384095,0.013855414497148277,0.01682812799734905,76.9530055866106,173.04472289023283,-1006.4685315237787,-733.2782760944551,-5878.599063601416,-4008.5400287110147,0.30037815860573736,1.0,0.0,0.0,1.0,370.26431602439186,2524.484348330799,-192.24506094535718,-733.2782760944551,-5878.599063601416,-62.57732418109492,-9864.90676132479
-147.74330809616924,2257.7030285988326,-449.7597221415297,-153.57504125263142,2172.609405942128,-433.3428108575515,-149.60495231767948,2103.7338390275977,-436.36900886941777,-145.2864670381412,2031.9030233783678,-427.4777701418946,-156.77388899029418,1976.2511364452807,-426.9333995048483,-148.4807837479119,1912.33308965285,-427.12988959394426,0.017821822579283747,0.015149019762954963,0.015223283871161175,0.010920163250943776,0.015073798219706197,-143.36454999054183,432.8798342422215,-1006.7469660117646,10.571471621176158,-4581.5215462067645,-3379.504465379636,0.3226617391525954,1.0,0.0,0.0,1.0,-148.75600051734182,2769.4558228076667,-567.1927994021894,10.571471621176158,-4581.5215462067645,1655.7626355381503,-9873.072746897615
-386.43493419036093,2114.7484320835256,-346.4480640792659,-395.11728817492326,2035.2816149887851,-345.3939893714919,-401.5275804049014,1959.949593471733,-344.12071367113475,-422.70136548651135,1870.4985964139316,-351.5749521531766,-426.9532033856627,1787.2926252532006,-362.1005719377247,-435.5468241623597,1712.3916793297713,-365.1069639474751,0.015321158749732056,0.01647623782460475,0.014063262139065613,0.017975341374156545,0.014308791812102317,-651.6238404696204,176.1573676599213,-999.2855729615542,-706.7610480313833,-5189.8394751582855,-3572.507785831186,0.29615225840844506,1.0,0.0,0.0,1.0,-312.37853741455666,2667.280315735899,-413.3822822830101,-706.7610480313833,-5189.8394751582855,1131.2440746705963,-9799.483042712056
481.7585065987718,1869.5620223561916,-284.03884528596126,497.54860155858864,1777.1007519947693,-311.67969576499473,501.3994766248634,1668.6754980857243,-338.67933481196815,506.7132683544508,1569.1365468885717,-371.88190241854306,520.7194632698094,1464.5402721684095,-405.1568410307522,526.2023222274179,1360.6526407937151,-448.9987942237358,0.015439089884015864,0.016772921922890677,0.016495897476187543,0.016825318398593803,0.017514542864989935,616.3771025360952,235.69858783406218,-1017.2714837259829,482.923165152014,-6123.195329299489,-4028.5399878804496,0.18327960436966878,1.0,0.0,0.0,1.0,430.4516839525712,2593.128789614369,-193.69162609300565,482.923165152014,-6123.195329299489,-249.79693488827004,-9814.917020758894
489.14491665420496,2043.7424341195695,-427.99233514202706,493.66104238565754,1966.0248869457052,-426.6377751456806,500.344349349277,1864.6552327849174,-439.9681341636423,504.3275546219536,1764.031768128315,-454.62491740748266,502.84981137755165,1674.1371591424586,-468.7838955880397,518.1250820441269,1572.2106927352777,-488.77541750523153,0.014066866134494024,0.016427751669577537,0.016505729335162284,0.014376768563924225,0.018947364288910168,584.540028815933,241.24389564380363,-1016.7005798910901,307.1021003845386,-5911.858095619798,-3460.3589171479625,0.22495704211259446,1.0,0.0,0.0,1.0,463.2346991640412,2576.427843413621,-420.03275254980684,307.1021003845386,-5911.858095619798,439.25599390095965,-9872.442812782077
88.46010677366688,1309.9072354980717,-367.56581220031904,112.78439847409079,1197.8013561320986,-375.7425456469913,141.45311886332607,1097.548959966583,-399.58353839545333,169.95085371611114,1001.1300871790768,-422.3758750728503,189.08976754698526,899.7233173278512,-441.2166093525604,209.2368807855598,802.7375278299834,-474.86853210821215,0.01730901747075178,0.014976770026282477,0.01624669864738368,0.01613079132511519,0.015977878203943308,427.4716271882799,-64.11513167578391,-813.4504023211855,1545.4684489129731,-6172.996438605469,-3132.9858381760682,0.14050321300028767,1.0,0.0,0.0,1.0,-237.07980584429788,2590.2733369245716,-370.1879213539137,1545.4684489129731,-6172.996438605469,1071.2998801887536,-9777.408647360044
64.01582408080925,2152.475297020116,-398.59649107211635,62.04652842129368,2091.060770822343,-372.3255548841316,69.756567937502,2015.9780061096835,-359.3561273097714,66.8233758962246,1953.572215569666,-332.2774657916802,73.0081364480381,1888.9783134139545,-318.5510397791995,76.20071907702643,1829.8014251455018,-311.21374882790144,0.01515073923233004,0.016798326084377854,0.01477341357165117,0.013165859638335387,0.01408271616088383,166.20363883072895,-1.2282991164283885,-871.4533481927698,223.12109507967858,-4325.43349133814,-3411.676864112741,0.4247826586679617,1.0,0.0,0.0,1.0,35.67779820911721,2529.1502933163756,-562.8595157860976,223.12109507967858,-4325.43349133814,2356.6552148591595,-9860.39671619129
132.23852610718427,1960.1157581609773,-421.5884552951716,89.31210859101208,1870.1880977216128,-411.7326643020024,59.82511563709693,1783.2898212315058,-408.4390175684379,24.371121670148455,1706.2077431344107,-409.3345608868449,-9.362692675884574,1616.9610413945168,-409.93548287935755,-46.769501911797526,1525.2978544993957,-414.76098666287623,0.017629936981608474,0.016455815784090694,0.017807252465212475,0.016381038519923646,0.017506486710105323,-627.5365016326701,215.20605751335756,-821.8688910466317,-2226.3480044621933,-5077.441008049492,-2858.2114350860597,0.25799558742048156,1.0,0.0,0.0,1.0,463.3740205538045,2703.1521514576043,-600.2533220477729,-2226.3480044621933,-5077.441008049492,1953.6580922335677,-9820.141892489042
133.82483703379927,2257.999251052572,-169.9895970453749,110.95071595241969,2170.395884211327,-161.624019895557,74.96053838024835,2069.8800802485703,-166.77697872990066,46.824558792511986,1969.8856742829807,-162.2688433373404,18.49568479006753,1884.6940306500896,-166.39424376481043,-12.000411422283934,1808.276090396603,-171.99412495275504,0.01653500707140136,0.0166696984251489,0.015918848458733786,0.017218890160056358,0.013945148104638497,-562.218032430852,-15.543792438420574,-813.5936573637006,-1722.359897169021,-5648.379441676754,-3600.4235169221083,0.32207957120698105,1.0,0.0,0.0,1.0,230.06752026689765,2582.7107507328856,-209.11920364715922,-1722.359897169021,-5648.379441676754,972.2737181545397,-9940.646163210096
641.9154917923722,2329.5951808729646,-628.0394326114076,619.550746705872,2216.5925002198155,-628.1665203329115,600.3313032948386,2103.190572881818,-639.4044961146172,586.2439652213901,1999.8200743450238,-638.3938799739852,565.4230060593865,1874.3129923415138,-645.4573462606562,546.6637000726045,1764.5407447384325,-655.6488443090925,0.015174162970573446,0.017920980505359105,0.015603529345467118,0.01905829779058875,0.012535186757530362,317.93308424018244,374.7951054633469,-1015.1959752182663,-1145.6320393108076,-6921.106745101664,-2765.527521429322,0.2021788654422012,1.0,0.0,0.0,1.0,673.0790164265338,2520.3381964448654,-631.3726846531779,-1145.6320393108076,-6921.106745101664,289.24822746102296,-9854.115319001117
19.677165037222633,1373.4496097384467,-379.5614138430553,6.486787862513626,1293.6244003474842,-412.6955191711738,-2.0709065449526385,1208.8567492295472,-433.0213242956759,-21.687527827049873,1102.244304455782,-472.66132769665467,-34.36690317101259,983.8776437216346,-511.7196667408677,-36.543123894500894,910.5096262676332,-543.8042143393689,0.013873141278703066,0.016517472783714265,0.02048595805722206,0.01918054294403454,0.013310009597748251,-133.43378338978434,80.31573027378658,-1005.6702571439545,-634.4031354633412,-5598.684045163874,-3805.3115624309803,0.14803022283671302,1.0,0.0,0.0,1.0,148.8756118914025,2571.730130371714,-272.8370716776419,-634.4031354633412,-5598.684045163874,511.6792682003728,-9701.10299018283
5.892355877162485,2410.495841646278,-122.442190461584,6.241502165648782,2356.676406519816,-99.03324319423707,11.533519273147434,2287.51431563174,-73.89444527397696,19.85401941774539,2221.959710768824,-58.874283621927255,19.44493547813076,2165.984441745712,-49.74872892824755,26.47217424600249,2100.6175719338953,-37.4170512236753,0.015857575364476045,0.016293804701228792,0.01849048566210812,0.01490036069919945,0.017792705396592695,142.21236901313557,255.83434724428017,-1014.2657477009792,227.85832893482515,-3689.015036214443,-4420.742336165786,0.4998205911545942,1.0,0.0,0.0,1.0,-24.124211109287046,2948.8153236808316,-418.93468857796586,227.85832893482515,-3689.015036214443,2789.6983385684903,-9877.31599278668
390.3521683226761,1411.5781022139504,-397.6256252489282,376.3498754951298,1327.8342019333124,-420.57262609911515,369.60967930993587,1243.0817088841677,-459.398044189445,366.26761223870324,1148.31131234513,-494.0208316422685,367.25397567104585,1050.253548586463,-533.0012518110108,363.16425063965875,990.8953537473591,-576.4454749829683,0.015858717434481723,0.016940378198983586,0.018348931764121418,0.01856446314554444,0.012924221328116936,332.9665084517552,273.90241752961276,-1014.7084418744975,-232.81004539571938,-5244.847369738082,-3905.911998685995,0.13461693110475687,1.0,0.0,0.0,1.0,433.0748279719138,2529.186786516991,-239.8622391973728,-232.81004539571938,-5244.847369738082,301.9761722807654,-9785.786444108755
-285.3685707670136,2261.5540242862376,-243.06046497246402,-257.5805142869796,2197.0145096118536,-227.9857242271955,-230.59534334642785,2139.541863968388,-208.91257321815493,-214.9773750732772,2072.238626788288,-198.79300755508928,-188.92199357006146,2005.743394847792,-194.7307112042995,-160.4791314918332,1952.8431734229614,-183.69853227020639,0.014018341140372162,0.017493277506254304,0.015161733111481113,0.015601835904686556,0.014631035036897527,483.89611060107194,239.08804648220985,-955.6003029706204,1490.5043758748643,-3941.779932845405,-3931.8139577611073,0.43619105935944436,1.0,0.0,0.0,1.0,-425.311558682596,2643.5738055178986,-400.19025217714534,1490.5043758748643,-3941.779932845405,2110.7973977824945,-9905.920254989498
191.71702182000348,1962.3126497477226,-626.2613490642217,203.49058189703308,1873.6765347425248,-618.5081960226476,228.09168041843887,1780.6765642966004,-603.8858689525343,228.97515486162612,1683.8691102326559,-596.5638644319204,248.85131739852676,1602.3291597133655,-590.8112832388515,266.74551993850383,1510.282425796104,-592.2965726877624,0.015384608085152976,0.01736387917957055,0.01619666281276544,0.015864648725400443,0.013183399122750267,503.97328502945857,89.52450769992575,-881.8990538736529,923.7347898784933,-5591.3700049206645,-2423.6792669887636,0.2570333873489491,1.0,0.0,0.0,1.0,92.91130353352844,2577.6841598896167,-784.6536282302966,923.7347898784933,-5591.3700049206645,1986.6211742096564,-9910.787508311052
333.87608179943754,2293.515465333433,-245.96960414085413,322.9208110926744,2216.760621581209,-247.53468701768006,298.89157266762277,2161.0116714039327,-249.04482753066281,286.38666431836384,2071.5426083903903,-249.93544404749323,263.4970648138622,2012.7338668059817,-253.19712873575247,249.5154793390097,1941.1026723501595,-264.42533756470414,0.014199255684204243,0.016150395048807456,0.017028199903008065,0.01853570159649215,0.013976259388671364,-140.8214308717913,443.80651671145984,-1010.5945592327085,-1159.3939340459947,-4484.616341301924,-3872.9053483720213,0.33251890646101473,1.0,0.0,0.0,1.0,444.67250582143663,2708.537769068932,-309.87154327063104,-1159.3939340459947,-4484.616341301924,1097.7646910964763,-9842.910969244556
-185.69475777424333,2133.7007398939168,-474.7832007038136,-185.71583954800016,2050.166599117804,-465.15545951302704,-185.5898176404291,1962.931497355665,-474.5173235108408,-182.46942871506025,1890.2723776371126,-487.4571650749261,-193.53934025993766,1812.8675966013402,-491.57892834875,-190.0504834279776,1720.6893394629235,-504.89976006104143,0.017183145841142708,0.013560991092746028,0.015029057042126981,0.01534992922372852,0.016350209575598518,-207.534537570942,418.61400211333535,-1013.3189058759554,-73.33181333119526,-5388.662890907296,-3297.639541551227,0.24164736010625043,1.0,0.0,0.0,1.0,-177.10183503849532,2654.909101839861,-500.6752902743668,-73.33181333119526,-5388.662890907296,827.0679000978018,-9939.054076262732
534.9209282171469,1988.2143685377266,-207.14050246885955,501.1205274437296,1895.4133329653978,-233.68553681228306,466.71145722091825,1806.3504238090331,-242.65691593677514,450.39372662811405,1749.6014837524642,-259.8609764337797,425.68040991795556,1665.943363869057,-282.50731779239715,399.1135793354187,1573.694401866387,-311.217154473522,0.01687344200144396,0.015131004947068039,0.011936324831657324,0.013875937056757964,0.018604935816891793,-56.00835573733711,216.87897498999706,-1013.3854223245693,-1790.3197593468497,-5435.904662118123,-4075.267545070614,0.24873419681528336,1.0,0.0,0.0,1.0,731.7323383752773,2608.6770263219687,-180.37850494636007,-1790.3197593468497,-5435.904662118123,288.87246607875716,-9918.500025339494
-471.749771036412,1829.6781723265917,-31.499156971981936,-463.06927401164035,1746.828999569261,-28.923263345739766,-464.43086421399096,1673.3376923355042,-34.18558765688503,-458.873834058466,1577.0677583576182,-49.781956108470126,-456.6793391587543,1499.17722316718,-56.52083896688435,-458.99924151085446,1432.4499089124456,-55.64142301326588,0.015720724178079598,0.015330824835731394,0.0181179605551908,0.012996415057311278,0.013399947207123064,-428.21500528456255,-249.94835651549624,-803.4307964344541,93.52613844538091,-5198.007688979897,-3858.4914537037816,0.32456340827387153,1.0,0.0,0.0,1.0,-481.52490419843133,2712.9160262030396,-187.83308514058558,93.52613844538091,-5198.007688979897,1698.4994842516137,-9749.106908693682
694.1353887729531,2422.3033223504744,-621.5730923816196,653.9504524132446,2359.7183981371713,-604.547622660372,619.4200405225952,2264.9047253454823,-587.4730128297031,581.4913256457019,2175.6558452653935,-571.4148477411302,539.2819568777053,2086.340376346858,-552.0691753461097,494.4191333850145,1995.4025000808408,-537.3712553707901,0.011684634665896431,0.01730029700061594,0.0180818937559171,0.01696909825472105,0.014859264277964149,-341.4458861458623,145.77996999461013,-879.8550093860086,-2448.6978016096027,-5403.738684534919,-2639.3121492635355,0.343501663410576,1.0,0.0,0.0,1.0,735.981146562362,2523.424991189975,-648.8316090568417,-2448.6978016096027,-5403.738684534919,1589.2057841309343,-9610.268030441983
90.60743596913761,1234.410044056357,-419.823931936854,58.70410123600053,1130.5818015782427,-457.3389472987319,25.216504479777832,1031.139093093286,-498.40486039908365,14.738883456460496,967.2925330624972,-528.0766102271726,-16.317286675153117,876.0770008601211,-564.1717315521058,-42.55268157799703,795.0914766950171,-613.9523425334951,0.019146183661100546,0.018327120589339163,0.011798404715272381,0.013954087948709393,0.01751456121551115,-240.62104726749945,154.63288085707956,-986.2885934218612,-1719.8880270387351,-5602.292639389663,-3885.0466935346403,0.11212265060311544,1.0,0.0,0.0,1.0,524.7291247647377,2647.653105385479,-233.3885015188789,-1719.8880270387351,-5602.292639389663,501.2260557684297,-9856.792695063068
30.71684883965392,1428.3394657216922,-496.8177750622876,45.82004519300733,1354.0608556669465,-515.8662625517892,56.68782194096802,1275.1312142228826,-546.2287186619413,79.396895830285,1206.750229635918,-548.8621552259389,99.46187412459588,1127.5389912243913,-580.9850556720862,114.42126279400381,1042.5613070265313,-611.0683234874463,0.015672890884986274,0.01593823317594409,0.011719978141248949,0.015023771772298355,0.015436246745657856,262.77507920560225,231.7080613981689,-1005.0096299856265,1019.9533229698118,-5274.015645747264,-3336.4679580426496,0.15427358902227384,1.0,0.0,0.0,1.0,-180.90461628626542,2525.9048672982294,-482.587215916997,1019.9533229698118,-5274.015645747264,934.5258243937888,-9818.37651134814
-363.51776778698985,2180.3881624490964,-139.5928515841524,-332.7159356601079,2084.8373575150767,-134.3812086315418,-303.25845448243837,2007.8454036953642,-132.03922574627947,-286.2484062418622,1934.0858378174157,-134.0612176570574,-246.72832768511793,1835.6694464402028,-137.4809498275486,-213.62683889803714,1743.719292828336,-151.1411147082778,0.01574873933404769,0.017730866203071308,0.012672648935469391,0.01666260245170123,0.017662756647069427,408.8184562247152,6.082392245165863,-807.3651034688403,1943.705290262089,-5462.640257180334,-3617.6252910852468,0.3179221156804579,1.0,0.0,0.0,1.0,-514.4415566497765,2600.8365144058266,-188.93538068654016,1943.705290262089,-5462.640257180334,1013.7106688439852,-9750.180968272061
560.82492508183,2099.786560261028,-279.43664970459923,563.9400664753658,2008.0473810404224,-273.5774240417835,558.107716898379,1911.7545044935036,-278.36689128641916,554.6735687497496,1831.5950850737163,-269.9357966784571,545.3267917343072,1733.9488441227759,-257.15149751184885,538.9001496281898,1635.4139793148786,-265.1871391739524,0.01647530609732728,0.017054061319613734,0.01351720574965476,0.016736531736925478,0.01650689124165991,462.39990083732835,-177.415956723768,-807.2352601555343,-254.9995782300632,-5847.1712629769745,-3260.7839286041426,0.3097979829010683,1.0,0.0,0.0,1.0,580.9747047143055,2541.5186805605267,-354.34856567823203,-254.9995782300632,-5847.1712629769745,1312.8841674114476,-9835.845367775468
-29.040733171710805,1524.893300656816,-307.8219016157257,-26.283565024746114,1437.0000665596006,-318.1255657955879,-34.31360288789622,1357.8499262025875,-336.5750055799852,-33.02202043994929,1261.3876182171787,-359.2617412826325,-36.768383638630695,1177.7118420455183,-376.47354792482776,-42.359664070955276,1079.4545272281684,-406.59856478934483,0.01541996949532487,0.012058501679027694,0.015790925204547474,0.01762914504087726,0.013432409959559494,-92.0411965926102,-16.115395461293303,-883.864626608236,-262.7380719625243,-5866.835826633939,-3500.8397381149516,0.18845834330750894,1.0,0.0,0.0,1.0,22.249864711087866,2535.9581891244707,-301.2199676147857,-262.7380719625243,-5866.835826633939,822.0137197542581,-9937.594156021178
-373.0079297298614,1979.3680104629389,-148.30170485583457,-380.5171534565447,1907.7258924491296,-161.85329755243953,-362.24764394130284,1821.6975799662168,-162.5726441480102,-373.84067738181034,1765.688628769104,-178.22997016631516,-369.4659080791671,1691.0734408076823,-197.97322158552387,-368.78953867123295,1612.6108156849693,-212.2564209420354,0.01557485602536865,0.015106439435402852,0.015538957545854548,0.015558925068207857,0.016565467188369265,-325.77047120172676,215.3602286206995,-1015.7246010046905,140.3208249926824,-4552.012403202382,-4090.1545122370185,0.30767884068343654,1.0,0.0,0.0,1.0,-402.94692494770186,2718.9670503820125,-229.55920953778082,140.3208249926824,-4552.012403202382,1231.3712705391597,-9675.501423229405
37.409050308197806,1496.2784845513586,-616.8652529261527,25.710571452345732,1406.894248924078,-626.0841619470193,29.388528718357612,1303.2479137421562,-639.6254445244822,23.389480083543653,1202.155396910658,-656.6793231112474,12.195024250774527,1096.5701974677638,-677.7432188389207,3.8849660407408853,1002.4277264955475,-695.7515988975556,0.015681522412053173,0.015082316436482057,0.01787372795897893,0.01906362777049206,0.017851560796674215,-56.47922333961469,158.42862344276506,-1018.3529556266337,-427.45871330302487,-5734.011412564209,-2882.8791366620185,0.14663825573471928,1.0,0.0,0.0,1.0,120.91614268114074,2538.043359656911,-657.9611071507168,-427.45871330302487,-5734.011412564209,1146.050951235932,-9708.265272043249
-405.88564422269457,1853.4819648472048,-272.18582659447964,-405.64588489509754,1781.7152859780292,-272.46060673608224,-393.21697105767436,1701.1185640511483,-283.89927990579497,-391.37816529717816,1624.8079676197488,-302.7950919592483,-379.60742274056014,1556.2266478294007,-325.0628695881882,-377.51677732380284,1482.651019381303,-349.5248166470849,0.015172015980328024,0.017924776639255652,0.012859523801914602,0.014567190947145647,0.017094810951557765,-279.2451469489257,229.66777362713054,-1011.0729370971035,390.8060522721055,-4778.123568471237,-3840.4063147359107,0.2616001177114977,1.0,0.0,0.0,1.0,-478.55623360769823,2666.510793547467,-321.1271287470755,390.8060522721055,-4778.123568471237,1134.7364780691241,-9755.181946676528
561.2226027673298,1930.9604581938709,-322.49685279062555,551.7762056143087,1869.8357434904276,-318.79459875887244,544.7114134708354,1797.8048649239583,-310.452721967318,543.4580452175635,1716.8132518428963,-305.92978468515935,537.629866563345,1647.5919198484855,-311.0073279789875,529.253228938154,1573.056344176278,-307.9300689339339,0.014094882786274798,0.015599031367076188,0.017683671579163313,0.016356896762387302,0.0168559071640976,401.3642366114766,1.7157936408302774,-937.6313434223499,-372.194402102208,-4562.498551188081,-3518.439677529312,0.3435259611172552,1.0,0.0,0.0,1.0,620.9589338517819,2693.5899388417924,-564.4276551575306,-372.194402102208,-4562.498551188081,2253.3424291739852,-9782.681536785243
548.4603411752009,1633.6227730080616,-96.92246480327896,549.360092452608,1570.7710558607102,-101.39271799647618,550.6389952882782,1493.9484925099673,-110.258891466776,546.530500565376,1417.4289346068576,-115.85183042234667,546.259784385697,1332.542994732347,-133.55184137003138,548.759607513084,1256.820369585816,-158.62878848979443,0.015027332362335777,0.013218191096026732,0.014057066262139956,0.01707494809161736,0.013360718360947377,533.5869901004517,-132.95638590166456,-814.4200603885253,-50.92311170852483,-5096.4152606708385,-3788.6535386025475,0.27454356607844926,1.0,0.0,0.0,1.0,561.5947015401357,2670.0720074672945,-226.8897013956655,-50.92311170852483,-5096.4152606708385,1652.1795059012438,-9892.423717279622
201.10978268168472,2243.0192068874053,-492.5825929063348,196.1608907604354,2166.4263291691304,-473.351783734746,182.93693640108296,2078.3821095151034,-483.1401750136493,177.17071652707307,1977.725353099812,-478.3652177085761,167.64461767366657,1893.0955191545975,-479.8420083952402,160.16755072126125,1824.0275851752124,-485.3479645932669,0.016192999451417514,0.01715809398754678,0.01958146687304671,0.015872613588579748,0.010912469163118249,0.21685376346157614,260.599575139378,-1012.5912701973822,-549.2088262629397,-5307.693315902285,-3243.820822110566,0.2946458257956278,1.0,0.0,0.0,1.0,250.1068697130995,2675.6000338749136,-554.5063552773361,-549.2088262629397,-5307.693315902285,1230.2607565279595,-9833.146326678085
663.3217695744715,2063.6197175941506,-487.45707189657065,656.9428985992466,1974.3813771081448,-464.0643962981317,646.9392350747671,1905.513382086698,-450.7009917070978,648.8160452534383,1841.9138768758924,-449.8960579866348,638.1565799414432,1751.4583271618344,-433.55519098699784,639.0550069195672,1687.9692974414195,-424.5674858901239,0.01758069836390183,0.013863276517508322,0.014243404583728969,0.01786152062468077,0.01546016155031904,509.4268155903319,-28.74349324315054,-892.4226515956777,-358.50180987393077,-4895.024079761622,-3035.730452051077,0.3493870608795076,1.0,0.0,0.0,1.0,703.0177929222532,2614.5695098281208,-672.1976514552405,-358.50180987393077,-4895.024079761622,2220.0823033827983,-9732.986584136806
-423.22809119086,2233.0454048922643,-279.3198897029673,-405.1379757597118,2182.2638696119443,-272.52211024800386,-392.8163765632083,2116.536968084505,-254.6103152697754,-385.5537427915597,2049.886355005654,-238.49794225939993,-370.83194029531705,2006.1087775418137,-245.78020304768694,-355.8127575822485,1942.2277027285895,-232.88923065853825,0.013830785388800615,0.013821923423183419,0.016273911621006804,0.013947067303055838,0.016735581835773866,-9.447706342709843,182.3651040362485,-1012.8047003842831,805.757302459654,-4031.5280154319994,-3935.3761368729383,0.4343937301917987,1.0,0.0,0.0,1.0,-517.0748068922917,2722.227753758413,-483.80305395524994,805.757302459654,-4031.5280154319994,2256.0058307490253,-9827.590424796772
599.3850689285175,1449.5904015874257,-471.042953016942,591.8851679926667,1366.700562843492,-492.0086300018037,593.7890001419569,1277.8073071042634,-508.97664904646456,582.5982031609425,1195.8928789904226,-532.8311352487352,579.2005830226892,1112.6132595694933,-563.6807335468941,576.8526357725086,1019.8408977812729,-589.0115092149457,0.013460352243558599,0.017021593843366406,0.015912287491576388,0.015913420499155034,0.016569001901405755,505.9119873086486,153.56546146552978,-1017.0560565539008,-382.3053903424262,-5405.4861889602635,-3463.5342941703348,0.15976630692858446,1.0,0.0,0.0,1.0,674.1263590593198,2531.9793846080483,-458.9492262689831,-382.3053903424262,-5405.4861889602635,926.6850656025389,-9977.771272211088
656.8633055757009,1928.760525838527,-304.14588818161644,648.9095705349104,1852.3106437356676,-307.86336755580254,631.0043250598583,1748.7904834533524,-325.4182532358154,616.5121155391295,1666.0468374005627,-328.7984514625457,613.1404966305046,1580.8663840396705,-345.59862660537067,600.575622348654,1474.9889304921614,-364.22815732591795,0.014383691228287643,0.016569114681934533,0.014206894383443913,0.014936785087458382,0.016970398672842918,432.6853489050047,-16.15498468677525,-974.6786951142177,-651.2625636712394,-5825.836303558466,-3653.1359327959117,0.25651589271755815,1.0,0.0,0.0,1.0,725.7535025570596,2605.471351914538,-333.03653501096784,-651.2625636712394,-5825.836303558466,801.3929990036896,-9898.953181776902
315.1880768703131,1929.7117147930328,-334.5936641671248,323.1549307930803,1834.6549019654872,-353.1703576475415,338.53841203876556,1736.8665157146365,-366.88280822612035,343.5274630854381,1635.9217862152132,-391.7532129449489,359.8481585363881,1526.5135460124015,-421.64981551403866,363.6778684588861,1453.4875727921221,-443.9959972939083,0.013850002331667333,0.015517106207468295,0.016413650820635256,0.016656671432964926,0.01372738113583366,490.8185586096234,121.57053654506136,-1011.7024648678118,619.4718423614664,-6352.714159465317,-3773.761766033106,0.20763157010884492,1.0,0.0,0.0,1.0,249.2245400886527,2599.1290587365374,-292.9073629157723,619.4718423614664,-6352.714159465317,87.63303807392793,-9901.012318223158
273.02447041001034,2173.098139171016,-183.11918048968812,261.3793044542517,2097.324314866641,-179.6738552021733,268.93052106899484,2023.7280240570728,-176.7168242628598,261.61193557483483,1942.602934507242,-167.43779226010895,259.03062170103976,1846.3193341560934,-173.22126076509838,257.3579598015418,1755.0645823480763,-169.2082565397678,0.01339456561248488,0.012321340547661347,0.014157564643953555,0.01579381424369644,0.01900338449196981,216.70538627553543,-129.38512801868387,-804.0839251175732,-131.38146774950408,-5673.83726599867,-3513.8002938213017,0.3320825939801652,1.0,0.0,0.0,1.0,280.4253981340455,2622.425945990672,-252.00949584990371,-131.38146774950408,-5673.83726599867,1237.204709212355,-9795.886604193101
368.3975080971651,2131.4018202475595,-273.7501346893534,366.3701312894683,2061.162078162233,-258.8394617229617,389.52109291976075,1986.104900767467,-248.82996896802263,390.8223849998347,1907.058340773157,-227.29460837085364,400.1845581227625,1820.3392288382477,-229.7749285774583,421.45821673655274,1758.9842525841955,-221.0080269515364,0.014222698631645436,0.016112612176111013,0.01742869719630874,0.019846578676580934,0.015292184573403367,630.3304021643698,67.61778250521392,-879.3119691308184,573.4663052286132,-4467.214234844241,-3596.304275535068,0.3776346224769858,1.0,0.0,0.0,1.0,297.7199451317747,2658.6020387148696,-452.38734628065123,573.4663052286132,-4467.214234844241,2124.150403637946,-9862.852895125878
-153.2250445789261,1819.7862363843165,-349.55806661154566,-143.53326943973258,1715.2682490775153,-370.7352505510786,-141.70836616791698,1619.9310071103757,-388.0645797736839,-148.4707560430632,1538.6182105005075,-413.8535303704324,-144.4521845773587,1450.3730918170322,-434.4111974857214,-146.5964258350771,1359.7153131652701,-466.96274220206334,0.01745940048187669,0.015964014273538357,0.014075352603868524,0.01587534488843953,0.014370249026706555,-155.3760111870858,175.02452475596647,-1013.4470984936424,-34.17450528370419,-6115.288661470937,-3809.439354307096,0.19245016585907712,1.0,0.0,0.0,1.0,-141.70620907360416,2621.1399893443427,-286.9641315588708,-34.17450528370419,-6115.288661470937,177.0245196332452,-9966.159684850867
206.3200334145706,1699.4652141157912,-224.10768673630614,222.69139965324558,1641.0207593012099,-233.22000079815393,237.21979264482547,1553.374815929788,-248.0943735982512,253.4601795788179,1460.353236374023,-260.0364600761263,271.38435260433005,1386.810721790795,-268.51782676166664,287.76287259845026,1309.7177411144673,-291.1072442507822,0.01172808208903095,0.016129380288383233,0.01952815846889394,0.01514073511162517,0.015084212355385374,509.3658204028536,74.91029072089755,-885.5884595008549,932.6234514199285,-5063.194564807028,-3626.3043215064026,0.24296572285402007,1.0,0.0,0.0,1.0,29.0647429215893,2682.455491596517,-321.68204349104064,932.6234514199285,-5063.194564807028,1436.3764923420702,-9830.44818223004
314.9298254599704,1363.879867245107,-310.89888749623054,289.92913535882076,1278.549165435027,-331.4595511840731,263.74517639562913,1170.1146547570384,-356.59158225619143,229.033617549983,1086.818862601297,-387.01908657879113,194.891257129766,990.8918553226023,-419.92379500699707,165.21427592075895,900.5389727501777,-443.79285849869234,0.01612640651966829,0.017704860966964192,0.016251593688135557,0.01674615244678057,0.015874820273201695,-118.11250294222144,26.348003963198053,-884.0913665410274,-1837.2488255333055,-5634.441742801992,-3568.6077547595128,0.15428568368850348,1.0,0.0,0.0,1.0,727.0219568031005,2618.1912056521155,-272.9594683878315,-1837.2488255333055,-5634.441742801992,911.5125453977937,-9739.39195686371
530.0287644274753,1363.5029057642787,-360.2616826440004,533.7609003488534,1273.8607939293026,-379.59985695382755,542.5222175056804,1197.4467639443776,-396.141509883687,538.0674650971349,1112.8322599477337,-425.5029894654438,545.2742055952062,1009.2799892575467,-446.08717152091054,550.4372082041356,908.4504478992845,-483.28078217286316,0.01511823031407633,0.011404474099247941,0.013763457943822693,0.018356813697943924,0.01473267581669907,586.6680828613406,29.432210243684267,-877.6259506948544,238.46195383883867,-6071.757618309863,-3461.5188865894324,0.14576302555278758,1.0,0.0,0.0,1.0,487.7063720182259,2549.2116218422752,-281.0589340439361,238.46195383883867,-6071.757618309863,586.4971195970417,-9754.255436593905
486.0712863266477,2267.0452773937154,-96.96697735293556,480.48855668842003,2197.2522231158696,-84.73460199778282,461.44981916458596,2116.741073966284,-73.36516730742747,453.0942508527457,2040.9329167652145,-62.71542876260427,450.5007005571384,1982.9925547421467,-58.35986421485965,431.36899528581887,1901.7493175647526,-54.737316405652514,0.013483525628609744,0.018912713514019436,0.01764937604685779,0.017027888219131287,0.017386171975838333,134.52011761337224,30.094657984183588,-940.8668334645473,-676.3326703619158,-4287.946465972561,-4130.163248951161,0.43633594650015567,1.0,0.0,0.0,1.0,580.8996800522393,2860.139325526069,-310.7203940025852,-676.3326703619158,-4287.946465972561,2220.628583914908,-9622.411867978886
-33.353334390520736,1663.4521234346573,-9.401613197717829,-38.477129299611796,1586.8474486659723,-6.938093053969246,-39.29060889414235,1509.6928704929946,3.253485961999088,-36.59507686730231,1452.6181814554654,-21.424395993785886,-37.23068381409384,1383.9793315256813,-18.14637449998614,-38.95164164730861,1310.2772091723905,-23.140466869718786,0.017169684942128033,0.015799909463657058,0.014899830160331085,0.01407234408678909,0.014505760464750495,-44.442642259279985,-273.9266068400755,-814.747803253559,-27.437171031367626,-4608.010252052512,-3963.0958126387727,0.34401124353633605,1.0,0.0,0.0,1.0,-26.471295233734395,2744.320108254325,-303.80433425066246,-27.437171031367626,-4608.010252052512,2402.9630828589334,-9719.173886256032
264.01259511169604,2004.2495525227055,-385.6029471207347,271.37130315933985,1929.6219269685018,-380.2241447012718,279.8638585077698,1873.8906242250894,-369.95530612120297,269.43913220943887,1807.8569071705774,-363.34487013523085,276.6783333188091,1754.6041116655126,-368.59124619432146,274.9165558294411,1685.5890313824334,-374.2173035221878,0.02020552857562255,0.016681756695715116,0.01627177851040701,0.013276601653393033,0.01669329280793541,318.22773244307916,349.4373191052542,-1007.5865053652307,116.6219618085175,-3891.610818515249,-3539.6429324069286,0.34269452371440556,1.0,0.0,0.0,1.0,245.92211612179892,2762.236026584712,-690.0372601477297,116.6219618085175,-3891.610818515249,2515.2905284795156,-9766.021711107165
-4.029855273258987,1651.4692521079469,-493.5533406363997,-12.203741724939917,1549.5091947657197,-489.6347014621956,-6.670999631252684,1452.6895943811476,-478.2896377078157,1.0092950736666233,1373.6355458993305,-480.52818220425837,0.7439915378379363,1260.4934344934472,-482.172242360475,7.40108953368972,1156.9899466825082,-494.2060707972354,0.018850743163784434,0.015411001141061004,0.015556023009305864,0.019287807288527498,0.019215637009349668,50.86695428359468,-32.757344841973534,-803.9714680695563,198.23204149563782,-5622.23010971756,-2537.5666270888823,0.21063491107008192,1.0,0.0,0.0,1.0,-39.32862459692046,2525.357355079518,-675.0549504800106,198.23204149563782,-5622.23010971756,1970.9006157062715,-9908.719214934401
50.94469944001645,1683.0639021759866,-465.82396649400226,87.65445973527297,1583.9012026509022,-465.7229342631569,114.02430561639427,1490.8403325417958,-476.02340731049026,149.93327323809794,1409.5287288401503,-490.18007442620143,176.67583332686124,1326.3728479853303,-501.00156624909926,210.9052811271667,1220.9396901818723,-524.8149431616948,0.019165414325713254,0.01456278199448685,0.015208636685159843,0.014688560500728809,0.01925595503900071,548.5939222111206,199.61257002634648,-896.6930311202008,1854.8548354493635,-5572.263562293426,-2934.9362121938766,0.18304594667465257,1.0,0.0,0.0,1.0,-248.9936570321055,2595.6859018125197,-534.9428698713053,1854.8548354493635,-5572.263562293426,1252.3773226641242,-9737.938453158149
584.5866055947985,1835.6990488582599,-274.51777645121115,581.3431327059201,1761.1868305928383,-281.99366135368336,581.4252294584106,1693.7029507242962,-279.7566028966325,573.8020138026263,1619.2703949172962,-296.36199755654883,571.8584054860913,1555.683525167086,-305.33109201917205,572.8307921060673,1479.8773958089496,-320.56845947150157,0.01725264172244942,0.013648232774085417,0.017896267756439238,0.015261636597931338,0.019249474563608426,546.5465712515756,237.03308467802947,-1017.3380454142589,-91.08831646304736,-4278.083889175353,-3838.480456420471,0.2888584989914778,1.0,0.0,0.0,1.0,598.9223532178223,2696.9313209538564,-440.898904187,-91.08831646304736,-4278.083889175353,1833.474747803918,-9864.269920390254
328.0597539246081,2217.1684645594937,-298.35677529806,324.0246142652361,2163.5644442324715,-274.1482930650351,324.05017033701836,2109.8024836977092,-255.33116907624267,324.53531910131187,2052.3200957377426,-239.16089262833054,325.2635687571149,2009.6617739226883,-223.42071279738403,327.28793616826954,1952.895698240751,-211.51917226325997,0.016424710639096757,0.01651964320606017,0.016096067383650964,0.014124269666869388,0.013856111527617815,288.8499159337048,351.11691755783215,-1007.9260577856915,-78.49862455673242,-3370.708361748221,-4073.53723011418,0.4766413651516307,1.0,0.0,0.0,1.0,343.7989531234175,2710.6127707815895,-623.1508135960105,-78.49862455673242,-3370.708361748221,2974.1793895722317,-10068.166599552005
-35.932487030697665,2029.0924623551414,-453.5968959685384,-8.637593097346585,1946.9792586007702,-456.6052518429968,21.198503107789993,1861.095415237016,-452.47714258738716,48.443759702754214,1783.129641044447,-454.76238851541564,75.21357461001924,1705.4548830443332,-454.71983091413006,102.92217920951991,1610.9411854569685,-466.9997835211298,0.01372081204929436,0.016599485315014997,0.016198834879025542,0.015270093203386126,0.01857582622037296,583.1589817141472,228.15394428265074,-942.4172626430025,1792.96820034016,-5190.290989166799,-3104.4909748748837,0.26531974164004457,1.0,0.0,0.0,1.0,-214.71186743722387,2537.833434461879,-537.3847104380811,1792.96820034016,-5190.290989166799,1284.1199537291723,-9862.047030570906
-227.563981547653,1817.9842180139838,-197.9817680017367,-212.1225059459348,1742.9683301147666,-211.5128917682664,-206.37419062555665,1690.4487312323545,-216.42818548285945,-193.3347077313493,1627.6959584983515,-227.3042474182421,-178.96865451749332,1566.8552139681317,-241.76656072145238,-175.0862105247467,1504.0946281586105,-254.9633446077685,0.016966935243834996,0.011038313700084457,0.015491838731560598,0.014643027115154333,0.017379611201731426,59.70688872579707,272.5682699443704,-1017.4247753201174,757.9611713142647,-4095.5343134296745,-4013.4499871369876,0.30036762289387126,1.0,0.0,0.0,1.0,-364.75136721019084,2566.06748546498,-313.9171043115282,757.9611713142647,-4095.5343134296745,1500.9225906777422,-9847.093888954867
153.70005484591627,1463.8244694131304,-555.601396443483,160.6608022313643,1387.6391909226143,-559.2045185811086,165.70586544515294,1308.4976319065408,-576.3250540341312,162.6132640929646,1229.9787532523487,-595.594267723192,171.46850816815802,1145.717540998882,-615.3706552451242,177.21932022799353,1080.8813924937124,-633.227979535064,0.014773272471004462,0.01654388520265912,0.012971173156039545,0.01580345915075826,0.01249198976061594,213.10507084758706,197.09566175495692,-1008.715961373159,240.1081147126445,-5310.604644694507,-3070.4260281359157,0.16728313220438779,1.0,0.0,0.0,1.0,107.457500374024,2533.7617054205384,-605.4659714115555,240.1081147126445,-5310.604644694507,1237.4715283104308,-9790.67626465079
269.4983182789895,1398.0995089388985,-352.4476344164712,250.75789346200355,1304.9135342767051,-360.21469490129294,237.7974591899089,1220.4020343386082,-372.76029322240464,235.92342426009597,1151.9846850321971,-387.0928093895525,230.54886016597675,1070.1811024853655,-394.02667258539026,217.33981312474742,975.5318565451039,-416.61453515185104,0.018874144046005042,0.01633909602676098,0.01594572679581313,0.01740989253269215,0.01870462683423102,101.79764010117873,-28.50850164750935,-867.7474559553932,-572.0057489610901,-4920.652113515696,-3191.4363523790234,0.20338749339938744,1.0,0.0,0.0,1.0,407.8207157953616,2604.0403790833902,-547.3909865508854,-572.0057489610901,-4920.652113515696,1993.8420742313274,-9692.109208617474
122.87222665644862,1677.594759312396,-393.92124925039917,133.42285766789584,1574.1818073644602,-413.3593355483074,141.57172812511536,1496.297573915909,-435.94159129082857,155.91999053906514,1418.0013846213062,-452.6033847972232,168.91818827135674,1319.1081530019467,-481.75535063064575,179.65278043137712,1219.1939838509788,-513.5389620870617,0.018847233284515374,0.013588792854188486,0.015242861330604235,0.017258544557784333,0.016285690549574572,311.0783197248444,192.3604897180293,-1018.4515615569221,715.8145816814288,-5577.122548251286,-3637.1903564095683,0.18595293013961953,1.0,0.0,0.0,1.0,6.857122510236877,2562.637572724824,-348.10733614315814,715.8145816814288,-5577.122548251286,482.6292956389213,-9693.693298937635
119.99411694055472,1879.8746385814668,7.268994171343375,106.86242132615138,1828.2907491547735,8.34465937815856,77.12757268612849,1759.423643779209,0.2458190726671834,59.52962141874213,1710.515540544648,-12.569690830790508,45.04476039912067,1668.789592854387,-25.748761847344166,13.995465724353505,1600.7378596911174,-30.047671525589905,0.01309268755121673,0.02131131822982074,0.011993853482802574,0.013417658223768725,0.017629489762974737,-474.1479037531935,324.8312022481652,-1003.6239734529855,-1376.2361047963775,-3560.9717290529416,-4435.724414813602,0.3587020970007004,1.0,0.0,0.0,1.0,475.4550085563061,2781.901695294688,-247.70205798722645,-1376.2361047963775,-3560.9717290529416,2244.646398970826,-9681.696831571631
-117.92357555183439,2041.2724754806989,-257.33098381036837,-114.25039886237565,1978.3564751795077,-245.5651406089108,-113.02881712611405,1907.9417763534357,-250.05821104585428,-106.99168510562096,1847.6675610291152,-251.1319309200501,-109.04621163647315,1795.724361440878,-257.58501775892404,-108.13951155011831,1725.8499289111714,-271.1796918483802,0.017221011453674204,0.012412036506374236,0.014414552366241284,0.014175374297302173,0.014358983020636928,-67.44024267302632,279.0283450941318,-1007.7538202190582,126.99114347040253,-4393.541102363734,-3848.5363496607024,0.32862703429811635,1.0,0.0,0.0,1.0,-132.84068156028366,2541.7020128114505,-311.13316729709015,126.99114347040253,-4393.541102363734,1143.2134256918853,-9692.718010393364
42.52392233648986,1921.6411202435095,-183.7753906335401,22.730907336872225,1855.0018909032046,-183.1318495619184,2.130531285989729,1791.0234504922018,-179.51570633658355,-0.8413352181855565,1726.943981409649,-170.003547933653,-11.987412501635076,1661.4282038145152,-176.7376465252688,-21.08990687751703,1603.7637927886835,-181.16982517132166,0.014724102377516451,0.01338765214869364,0.016933292923514726,0.01339075791001712,0.01617237265182453,-309.7387839498968,64.90574732170977,-919.4084072398604,-782.3250626089574,-4228.558841197324,-3839.715246609305,0.3634893235830766,1.0,0.0,0.0,1.0,167.47950424156784,2644.326640452079,-417.773584327365,-782.3250626089574,-4228.558841197324,2195.0109091912886,-9892.993698033773
-197.33783283525693,1855.2446062153392,-399.6204984586369,-161.04371508365054,1759.1690961574986,-410.4870158736622,-147.79841744705257,1680.0820280507712,-418.2415968282505,-108.65420586664195,1597.082462503189,-432.4512131267108,-93.95438521196132,1523.0915130521605,-443.2429597549309,-58.36903792810462,1458.3413906208182,-458.8240479652418,0.018093233997395097,0.014758498448468799,0.015364175482483144,0.014494088190417337,0.013554911223394639,366.7889865590437,189.86696496747695,-1014.5923821883943,1794.7788647110642,-5257.344827963739,-3486.591890158559,0.23945273963425137,1.0,0.0,0.0,1.0,-458.8092912080464,2608.245585830794,-443.0424557194001,1794.7788647110642,-5257.344827963739,1001.5922098585845,-9756.921956559
369.4590858009723,2311.930267587306,-517.0655671993491,339.1905130501061,2214.553960262237,-511.90580254663956,314.6272691206346,2126.8331581166076,-506.3380004462879,283.39871315754243,2036.8365461245535,-502.48964231242735,257.646899933717,1950.0795692930167,-505.4760581703512,232.32773554808097,1873.7548666548664,-504.4025530445536,0.01830779587419147,0.017264075989007796,0.015041124959212254,0.014366564068538312,0.015881812959561467,-274.6064853092095,141.89513965655237,-977.7714876203553,-1683.2826095357061,-5702.108445446041,-3041.083854316145,0.30227909156809496,1.0,0.0,0.0,1.0,432.3722106957871,2536.780686743892,-552.3559372597666,-1683.2826095357061,-5702.108445446041,1015.29551926573,-9658.046127575886
-35.92016821373341,1867.2282024280707,-245.72731191446928,-69.24342929960012,1761.0993975572012,-234.70179505381498,-91.16709893361697,1680.2259692349667,-239.84167002770278,-108.67703927335818,1589.4539135637672,-244.97325037395615,-129.61689995404512,1519.9483224847122,-242.7124875980999,-148.78910646963985,1427.7042484185404,-247.33567186564417,0.019544715089075015,0.017942858013874297,0.014687195880249082,0.01496067729898834,0.014466576141116794,-545.478459443898,-126.58658497269683,-800.369133689778,-1351.742783970322,-5305.220455257021,-3298.4248888617044,0.29371770459392166,1.0,0.0,0.0,1.0,164.18650214052172,2658.6541540372446,-402.9419675537739,-1351.742783970322,-5305.220455257021,1784.4166369150144,-9681.602906241369
-161.38425564774778,2056.962610946752,-105.85501632752313,-178.37969225478966,1980.9408010739642,-96.83734726918047,-187.72310958191093,1904.6187207512776,-108.63473978303593,-193.62135544102082,1859.9633008998705,-112.54928995205731,-207.48679927533337,1806.1317012745476,-106.94855845596976,-217.23335386282298,1740.8443714276657,-124.07025731653385,0.017795643173664458,0.018408450038529534,0.011523117034009572,0.015922833975532708,0.01495073960226323,-473.44674689917264,251.68545329823908,-1016.3191524052785,-698.2602530578456,-4083.99766184859,-4251.852282668264,0.3637597103807707,1.0,0.0,0.0,1.0,-78.92970392149039,2559.144132242686,-186.33471694792183,-698.2602530578456,-4083.99766184859,1313.8542810492993,-9850.808077376212
90.46127785838992,2397.0532202836957,-189.89649666053296,79.80628334419121,2323.9258108113436,-168.76062630215006,66.09091041613904,2259.1599587819815,-161.0739188617783,52.31280232526979,2198.4870829174442,-147.1435057673768,44.85048793780992,2136.7014044752104,-148.22750354051817,35.17640965175282,2072.141743530926,-139.38703680536094,0.016792464858868983,0.016242773801795035,0.015123786319531984,0.01461904540807088,0.01703377137334272,-283.74968740193765,315.22354809909666,-1003.1977884414318,-725.4510303814345,-3987.925975280611,-4110.299373051933,0.4406112295119674,1.0,0.0,0.0,1.0,180.53897204218072,2867.496172278697,-375.9104518443109,-725.4510303814345,-3987.925975280611,2150.026446185925,-9781.759092559161
514.0889766722785,2202.6390243003257,-253.0651948101567,513.3526785825576,2113.1825894814324,-260.6753013948243,500.0861060636917,2038.7858549881248,-271.9084017525678,491.3584759742589,1945.8106440719532,-292.2018544435418,486.3537058827885,1856.902532607638,-305.5956933147353,476.9836043997611,1765.489497387448,-327.630183271159,0.016504901215104978,0.0156637673689604,0.015864429231808197,0.01513470545068639,0.017399583258385337,334.09058391434775,309.3233184813902,-1007.0616896365382,-535.8746361594609,-5487.067398902428,-3877.0193659758515,0.2646955777962611,1.0,0.0,0.0,1.0,553.7991847397266,2559.0209520313856,-244.32736481653376,-535.8746361594609,-5487.067398902428,156.36412295144612,-9837.520704700717
-488.753091120023,2417.1849819428867,-159.7778791677915,-485.98411348785584,2330.1011263551945,-155.78622326082566,-481.1694088539731,2238.941918098045,-146.44458029684637,-486.7342625708448,2144.4910368584397,-140.61898617305087,-477.49249021277444,2080.936660901436,-139.63488006081064,-468.7771471880041,1996.7953934343282,-147.38805665360832,0.019451542691652633,0.016958375010298975,0.016845773213842063,0.013709469109978736,0.01613465015042566,-370.57177421005076,-11.475774239477524,-934.0494329225844,252.95734389880744,-5146.3687704283675,-3910.398436514502,0.39101508121885137,1.0,0.0,0.0,1.0,-500.8448063179384,2638.904142531133,-200.35762946085902,252.95734389880744,-5146.3687704283675,1061.1098793815884,-9653.41420562349
308.2887528540208,1297.0137245245446,-415.77411007244797,276.5443180002368,1206.8019346434048,-417.47067411824975,265.3989834604166,1116.3661540905136,-407.72992378057586,236.32832997682254,1027.7262832852007,-415.06876030944636,218.45336197526603,952.079518562828,-415.7627040763923,192.79498640326625,852.1399151506597,-420.8098873912321,0.018228128431478058,0.013632114006707385,0.016999154632638624,0.017995382045377595,0.015081420408065205,-113.39831219227129,-404.42855985715056,-801.4576760883346,-1336.420896307845,-5441.916440024258,-2768.268961512736,0.23008541241747543,1.0,0.0,0.0,1.0,614.9510762955044,2561.4158999560673,-747.2434016806553,-1336.420896307845,-5441.916440024258,2569.3174957964775,-9793.73661891599
-187.6481652345859,1686.5108189478024,-261.56920044909214,-176.8452630065454,1613.575745218154,-272.5999805453654,-170.59586765582623,1532.1615878470477,-285.778713470878,-175.7236745331607,1454.8880707248613,-308.7747710756864,-156.08191726026502,1381.6688594398352,-328.1885995274681,-157.66152115945852,1295.2528730267634,-344.7024841407114,0.014514469715161515,0.01735351418279088,0.014959456834569562,0.015378300111027254,0.016597762635928742,-50.260338238587735,84.31944531100388,-996.9819756598091,420.0060625283249,-4923.455540284008,-3827.7417026241133,0.24668804125359045,1.0,0.0,0.0,1.0,-260.2633695027499,2546.0472154530066,-292.87479272566407,420.0060625283249,-4923.455540284008,1011.3129708875365,-9678.109347023305
-129.14089561256839,2198.9943470035796,-590.0261074279089,-143.08421450580877,2117.2360705873994,-565.1664636533322,-151.69954666258948,2029.497045855125,-567.2096122826755,-164.7009001252059,1968.742770951717,-548.1868663438921,-169.3743446919856,1892.841671353001,-529.2013202823198,-172.6293921669012,1834.6233310608861,-534.7476202364978,0.01602570770748689,0.0147202601064607,0.013704507982641154,0.01341788536721758,0.014203750334268045,-369.36370235282254,61.47616429662166,-939.0035595415949,-577.2028403556494,-5166.3321112216445,-2862.981226116028,0.3405695286606808,1.0,0.0,0.0,1.0,-89.42032478033212,2567.14723823912,-702.0007606595884,-577.2028403556494,-5166.3321112216445,1885.650096705715,-9790.992418189164
277.953005782163,1221.064856551051,-444.51455623920515,314.58946950063955,1125.3083685461875,-484.8785354909586,337.3493563347807,1048.659301911213,-510.3378632532182,363.4362884375319,947.7972148380434,-560.5580469429212,392.8908758473924,882.3082906769386,-589.0399583764911,429.0111057190449,779.5341249788821,-634.9564746736452,0.015619504757080876,0.011601451145833885,0.015444692778071895,0.012825137661629404,0.017822182724715918,612.0720627035018,231.2680477798117,-954.0604432825958,1998.325270003686,-6008.944790326098,-3888.869241579351,0.09096284931040677,1.0,0.0,0.0,1.0,-157.28316624791717,2544.711792055361,-185.76943986995138,1998.325270003686,-6008.944790326098,-102.25285407075094,-9835.367240282061
122.67861837247227,1707.449535997731,-363.43047025247074,105.20739820591706,1643.513408711749,-382.58224776512634,88.77531839354684,1568.046733015141,-392.61883234779003,69.82502511611283,1499.5026646518481,-411.1976234366817,45.384913752114734,1416.9655854025625,-440.56956647011924,22.21589451893797,1347.0898753415145,-463.9565371964536,0.011842511516958587,0.01725900287191795,0.016124158837139635,0.01658244049570151,0.01758265076413784,-245.35925065091396,399.4931955209384,-1005.9381162447487,-1286.0460300278583,-4533.185486925334,-3633.6336541500136,0.2079807438407968,1.0,0.0,0.0,1.0,371.94284376245776,2575.422229245096,-386.48524982606386,-1286.0460300278583,-4533.185486925334,1052.5800440721573,-9762.945204629523
69.97695303385555,1926.1222703668486,-416.34440898161336,72.33239982070899,1836.0919471678376,-404.7829690383702,73.4982055008171,1750.9620969605492,-399.6538810647879,73.04953577559445,1663.1297241538887,-389.98878340133297,66.79390346842635,1591.0636791598859,-392.8991879942942,67.96115706476267,1509.7138443953363,-385.6872775476239,0.0151985124333332,0.016266117612268566,0.017556963720411267,0.012273327827311331,0.0160409874448052,43.00343017025892,-67.91914345116027,-805.7865118786698,-82.53243452321558,-5291.726208652378,-2842.040155291177,0.29834056478970106,1.0,0.0,0.0,1.0,85.50763394971523,2657.3198540048156,-629.1854677194597,-82.53243452321558,-5291.726208652378,2156.2108575855164,-9705.341772576103
-366.42780299159114,2229.4576132804364,-492.61961691135707,-372.0548649079868,2143.942917036481,-489.3829257425955,-369.0162999699035,2047.28532091021,-483.1182953108369,-370.10120241161445,1967.796780365828,-492.6831704540835,-371.67802391239235,1893.9244493796955,-482.8697639993609,-374.2183291581012,1781.7928291138064,-500.2468712458434,0.013454559881147951,0.015192650254944165,0.013207285138461047,0.013196565733439983,0.019999350596766954,-422.4990946931265,128.97730976579498,-1007.8246854087737,-158.89731131955878,-5909.047389052395,-3179.856728315834,0.2781724407010345,1.0,0.0,0.0,1.0,-358.1456836087044,2522.1415023320105,-511.9065718055824,-158.89731131955878,-5909.047389052395,730.8783895346352,-9656.136093457959
511.2361817860949,2271.917193689068,42.11435547354932,513.2835811079322,2216.1696507883175,52.82381556005687,499.89711613770265,2163.626926375874,56.87838497718238,483.5177335360499,2106.1079966870434,61.029050966240874,479.49503179616914,2061.490095768881,59.48837268982471,475.47518550379186,1993.1977927048422,60.55774943547108,0.01602325496692847,0.014080527546943111,0.015077442405014962,0.01326388540826956,0.017575306615517983,226.30630534440775,340.70790929691987,-999.1096002104596,-553.0440511523688,-3686.1959150461735,-4562.7304435549295,0.4473556830108375,1.0,0.0,0.0,1.0,618.96758166259,2957.9070089797083,-235.48208773081387,-553.0440511523688,-3686.1959150461735,2411.6670281193005,-9823.095030527069
90.53673566395047,2174.9717220855987,-453.99627471195265,78.60267821395577,2109.830407093488,-435.09034178708555,63.78999497709748,2047.949704820081,-407.56731485638284,61.094938728737155,1976.4707209845951,-392.86618202761775,48.12182767282841,1928.4744687211125,-371.8438188902653,42.24852136452183,1863.3364159910045,-358.3844367384393,0.012304362682825434,0.016284983851881735,0.015587974179284536,0.011689257889298615,0.014222991434199611,-249.39359915347478,36.22656787311158,-892.4646379648143,-677.7101498431708,-4297.424180264811,-3349.6832362419714,0.4263826692297623,1.0,0.0,0.0,1.0,147.06683850477998,2550.2197133280238,-630.5846141437165,-677.7101498431708,-4297.424180264811,2454.366915486083,-9921.453250817178
155.59582688747636,1323.0343992215705,-387.7254856797951,132.89556765508064,1244.373458957873,-408.54923087338545,107.96042646887572,1144.964506860586,-427.3642965933515,77.7058610010127,1073.2935917540406,-445.9263185056127,55.5916153957449,991.5461948818119,-471.9375853232195,34.20796350797561,909.9609938538044,-500.473177144586,0.014949918126557021,0.01872008706562378,0.015906542397078283,0.016122114026523526,0.015866154217747563,-205.63196740044643,86.8343561284475,-918.9920077919066,-1479.9042827156502,-5105.038265105997,-3356.8997638360643,0.16089449406093476,1.0,0.0,0.0,1.0,504.72208830306613,2537.252723379326,-429.8947475359219,-1479.9042827156502,-5105.038265105997,1318.994512769463,-9741.446409594855
620.9957958612395,2364.721350046598,-322.3205781130313,609.007603335309,2273.4808064309086,-308.773600376515,609.6466699731486,2184.8420896637817,-309.6880830638391,607.3278391817694,2096.9735444807125,-299.9207932693722,601.0279645364207,1996.6200651894455,-303.64410742427185,585.5886723921673,1896.5600332013546,-309.7663084729778,0.015966620920177595,0.01588196861541974,0.016650366179853424,0.01910287129707726,0.01659204548544123,452.2602385831773,27.062367601649637,-1006.2003914586354,-389.5416223003223,-5456.882612308997,-3728.5698105232486,0.342749781473596,1.0,0.0,0.0,1.0,637.2925091758277,2619.0816084484195,-344.82019504719483,-389.5416223003223,-5456.882612308997,943.8110887908566,-9836.591366977065
505.62856612909803,2404.414949975285,-25.625968812693962,481.9369209854381,2341.2961019992154,-8.133833240911645,459.8566201760772,2289.753237893263,13.911300145192804,430.52404520395197,2238.5389833993354,28.48591226844363,411.56413084937765,2185.554651445462,35.10875977157556,391.6504196920401,2128.44377274834,37.79680430555228,0.017263899167836952,0.016907650926108353,0.014217133394587134,0.013825860048068628,0.016554417926134074,-394.07156006108056,367.0822832483243,-1009.0163371481029,-1547.089518186901,-3492.3460592505558,-4550.387062032285,0.505548193294857,1.0,0.0,0.0,1.0,696.6265502606846,2829.186255019976,-237.6729328404125,-1547.089518186901,-3492.3460592505558,2362.17882286153,-9805.057992757187
486.66977671010403,1856.4392168821025,28.847112314270678,462.2466511723727,1794.7987015212352,39.50444587779088,435.0061422831667,1717.8069246746766,43.90214679052326,421.9459319771123,1658.7580932218893,39.62930728162193,397.4554517095819,1585.8841758487467,41.72442968646181,380.85382046677967,1536.8270371729316,34.09095269266853,0.014931392173784641,0.019494028159133064,0.014036160140079856,0.01757783684832756,0.014953832833380892,-129.55094826128277,8.026314812685648,-851.1785395066222,-1304.6004180317395,-3927.085349316853,-4238.647560848507,0.38990497797613044,1.0,0.0,0.0,1.0,705.3933192790294,2521.3609383754747,-196.18388733578502,-1304.6004180317395,-3927.085349316853,2191.789272814639,-10047.557552598666
244.56653643276618,2034.7608898689266,-56.012894018271965,220.31002422290777,1962.773807259409,-49.33924802907133,199.8032533447706,1890.7820359847824,-46.45318502843394,186.93800888514326,1835.6954920189603,-45.17649606535696,154.53328281640069,1749.8143517741967,-54.937032156359834,152.41881676626483,1695.3374120453086,-63.81458125190955,0.01778149916600777,0.017549755766111813,0.01538785788162117,0.019617095595324513,0.013434351910008357,-285.18659708040116,137.60634936630703,-955.008532993512,-1125.59432157064,-4078.9507266074393,-4204.9203756669995,0.38232357849301235,1.0,0.0,0.0,1.0,407.0539106855431,2646.161046229879,-206.39505977262183,-1125.59432157064,-4078.9507266074393,1770.40501559907,-9715.976245961096
246.83914238047475,1896.206314176189,-271.61326278156207,260.071130014131,1821.4796771945362,-277.9124908665376,268.3026550099859,1745.706099262052,-285.3532778661751,281.66810820101426,1679.7646825999486,-294.7516150814859,284.52206102108806,1596.0767393010854,-306.9103355059496,292.3867716040857,1520.986946592692,-327.5897741644702,0.018776019864840038,0.01453559423448958,0.014005004030744617,0.015011226435953567,0.015148977936226687,467.6098548044345,144.69617335966376,-990.3019888396683,612.3662437364912,-4966.880544929735,-3778.5574301479533,0.277208133083764,1.0,0.0,0.0,1.0,161.42673293618827,2628.1364458245303,-329.6075065162922,612.3662437364912,-4966.880544929735,1135.7795008544404,-9828.673862004793
411.6518557394924,2166.9294074599266,-332.5689234396301,401.34778817263293,2094.9104496063815,-326.11769915082425,408.1345396625467,2030.3458335732855,-328.6818561413116,400.0367161091305,1961.1145529436706,-330.0969835440383,402.3034703898631,1891.3279166393663,-329.10986391220996,396.41963443552453,1813.7964172094094,-341.85328554452894,0.014277310693445594,0.01447501831959691,0.015078715103154908,0.012777363034268546,0.0178778673882094,362.62298185028965,374.5781218232055,-1015.302738136949,-111.79515241134098,-4609.721330080387,-3667.8819686066886,0.31212208928374274,1.0,0.0,0.0,1.0,415.1667034836212,2541.1471469609864,-370.2465557208941,-111.79515241134098,-4609.721330080387,922.9620434319766,-9767.753217103535
191.37424635909719,1947.6708329206149,-161.4331006397669,181.27512623902493,1878.932346915353,-170.25947121180351,196.31828072851846,1799.4548049262814,-187.5946863974513,187.68509103589423,1718.2607467568191,-202.09672759721488,193.9520430214281,1652.2807869792966,-229.3946195442314,191.93622551027858,1579.4598617054326,-243.2970192596206,0.015806988053448434,0.017415917914799017,0.01899633552706323,0.01499106114830423,0.013172455567129815,226.4979540824574,352.91255636585356,-1008.7781320677439,108.84203715754279,-4398.330015126147,-4101.0074258282275,0.2814294847410179,1.0,0.0,0.0,1.0,168.81167438896068,2684.0274643827165,-201.2550971975188,108.84203715754279,-4398.330015126147,1053.750690468887,-9725.95870999455
-78.28600295442241,1750.1370188307992,-372.71358748074925,-95.34415897969535,1645.3316376596574,-392.0023087602456,-110.82773925214121,1546.3950147835983,-423.0142733162965,-129.417280987848,1428.3656334700984,-460.4309141033946,-126.85005049292651,1337.260762638837,-495.5913768243774,-150.21212823384846,1223.320169707812,-537.6442362156299,0.013744920214613432,0.013924479511817328,0.0180332262412973,0.014911962054858924,0.017885391183652094,-282.7184780488625,249.09298661265962,-1018.3151580417856,-894.0081788611092,-6630.39942229038,-3979.0563988688086,0.14640463403542023,1.0,0.0,0.0,1.0,25.7143436582204,2536.580787302839,-226.30476536266906,-894.0081788611092,-6630.39942229038,-612.3081963724372,-9758.690442018476
-181.3755952701663,1480.4736601205964,-499.5724736958148,-215.9342824939787,1377.170928956641,-512.2172762310912,-241.60558787801656,1272.3664767692467,-534.0808954066282,-280.6023598844543,1160.738745190946,-565.2520110294006,-308.3757404541449,1071.041489611958,-578.2689276925915,-328.59857900105357,988.321147944433,-603.1168789851416,0.018815553997793444,0.014970046549780125,0.01977428357474867,0.015558050228269643,0.01400282733107061,-563.8913483530299,191.70645727403397,-922.631847349726,-1774.8238286871667,-5941.786362317024,-3033.717824362591,0.13351219031536637,1.0,0.0,0.0,1.0,163.78642140870897,2627.838865824014,-505.7518935110627,-1774.8238286871667,-5941.786362317024,1000.1570739300843,-9838.71926412847
-453.2040799756187,1906.472648047186,-550.6524654960737,-444.2655259592306,1820.1304176087535,-549.8994085463943,-436.6059284483872,1750.9987065525343,-561.173361595911,-434.1178031976632,1663.4385459499183,-561.7402482041899,-424.4434047582682,1582.2666164693073,-571.5841544799874,-417.21372188272255,1497.2791050574665,-587.7327927068959,0.017168381794261736,0.013379130751125429,0.014592694525686789,0.01551173574269743,0.017168617815866982,-335.16694904319434,342.89853873953575,-1012.1449953938056,393.36376172191655,-5343.398228329012,-3043.7297609847546,0.21588861187486885,1.0,0.0,0.0,1.0,-498.4129101577878,2560.4088034960773,-603.8885566320805,393.36376172191655,-5343.398228329012,1076.2288512897053,-9927.611113914354
98.85510644300703,2018.4391082825746,-147.6037652075189,95.73761789613953,1955.6423938588957,-136.1385913115238,80.17894465445033,1892.00438952261,-119.84890967595726,73.59333080152511,1834.1578948125352,-102.7189243121102,66.04576990202706,1781.8402983991111,-102.03167532786199,61.9244419333118,1722.9542938752638,-89.57369505536329,0.01506940180914132,0.01875963171808953,0.01358885348588404,0.014599477894133128,0.014849201896402792,-161.41009476613098,10.613842296259186,-889.4908040830877,-503.2410828777264,-3876.049327616696,-3968.868009841674,0.44074602623738535,1.0,0.0,0.0,1.0,175.76143076194558,2607.5668917994435,-430.1905167388833,-503.2410828777264,-3876.049327616696,2597.822375978376,-9801.030426597077
465.19342257520094,1440.0601441309104,-475.73299401215223,440.4780790424011,1334.2396761790937,-491.875412121387,410.6647476951847,1211.921081822579,-501.4247955535323,394.7493756140534,1108.3778618277986,-521.865943550175,368.7908563659588,1002.5146870132053,-541.2374037122592,349.70250934702494,902.5597943001679,-559.7151000322916,0.01593052065954756,0.018872767807264296,0.016670905528217483,0.017238950114809137,0.01585395357857594,153.76451112517748,-40.442283651146084,-861.6365841577573,-1314.4272527606101,-6316.31782548903,-2823.135804467656,0.14903968900992526,1.0,0.0,0.0,1.0,699.2518210208295,2580.829613926799,-549.676489484185,-1314.4272527606101,-6316.31782548903,1319.7136614624924,-9982.769797422045
177.2422641801933,1820.3574576768158,-174.35312041676397,163.19634003406514,1733.3162400866552,-179.01332029369058,141.62457963939298,1640.1783214957889,-180.8385225504739,127.40941084868793,1549.406791424363,-188.72020415131846,106.23418568198339,1451.0402852040959,-206.21109279866565,94.77644921157331,1365.6113603444223,-216.12000008675662,0.019520630262625405,0.014235828020700614,0.01782589309971172,0.017462217357938487,0.016160831922740454,-172.4697207154144,-68.05482536919418,-810.6664412330533,-1008.2935701844692,-5429.479735395551,-3567.2787055383783,0.26357502581723524,1.0,0.0,0.0,1.0,341.7600000786648,2700.9798396825377,-285.4258918689304,-1008.2935701844692,-5429.479735395551,1507.5118452869206,-9950.569707500588
-367.9854776000558,2069.582853593263,-289.0732530108109,-358.388741203781,1996.2497220796597,-282.2179560018053,-342.85542385526946,1927.6275203252153,-277.1261038128937,-339.59162034954016,1849.21984537905,-276.96421460975256,-320.5216447632111,1772.7262769930244,-281.8569592885387,-312.75476461185195,1712.2690923378332,-288.8493405723006,0.01490365980809237,0.016609967993990338,0.014825161652211066,0.016398432134996727,0.012518137626378961,-48.89365593236819,109.32575277759278,-1001.6065591287982,764.3796187861012,-4708.351125178315,-3775.7127681392217,0.3413351426315192,1.0,0.0,0.0,1.0,-450.1929557950705,2581.2100934962077,-372.2918813307723,764.3796187861012,-4708.351125178315,1378.3235193848393,-9817.21197623631
-102.57696455829966,1829.0191981553808,-505.27880989781613,-102.03659004794287,1742.5618965843103,-496.5580062449406,-93.64557685382485,1638.0358275806714,-487.3890019792699,-94.17180630285692,1549.1743732268449,-478.26190099592384,-75.01686929618766,1474.9413428881405,-476.89676027713176,-77.22025803095569,1392.6943741172825,-470.2563663556027,0.01575564097005583,0.01734541013596383,0.0180599231980047,0.013388656152408807,0.013782558354130586,14.01689074342751,-83.2248229802616,-808.6523888222548,345.3958771747591,-5427.5383067654775,-2589.093732617577,0.2735213331142242,1.0,0.0,0.0,1.0,-162.13500661569935,2684.81971347013,-777.665614025188,345.3958771747591,-5427.5383067654775,2467.576968707502,-9915.040590833496
-329.73626149648373,2245.5158341451133,-413.578130339049,-326.17034086500234,2188.8587639319703,-379.77366257781904,-319.5277740097501,2128.9248508045953,-361.9003256478249,-319.81768946343203,2083.7495325602868,-338.68369146804866,-320.8166456814107,2018.3910929967776,-321.4283375888802,-314.90752175915844,1976.5385320425783,-305.3525904194194,0.016164278748933544,0.017882593362003707,0.016094797211599482,0.017179608319990936,0.01150926704296018,-237.5031505255957,383.7745192570243,-1010.9874414163369,151.30619307971264,-3295.528637867227,-3788.985970955072,0.48588919788516144,1.0,0.0,0.0,1.0,-339.63483085440043,2608.2563498173954,-655.1652125638982,151.30619307971264,-3295.528637867227,2734.697885466364,-9664.716824328068
43.84123434299709,1407.2133829079664,-372.52801924844175,8.759855431234028,1330.1985662217558,-401.6768940363408,-34.622702415325165,1254.8732600369906,-428.74033705625135,-68.56420884393827,1178.0248651904485,-464.24079777329194,-119.02741976753119,1089.3470578140887,-502.29738906414394,-159.56443724819704,1006.6991067723083,-538.9885053016233,0.013877872184805656,0.01605016359746325,0.013896100065112271,0.01744483733382013,0.015189141588729305,-512.3016755114874,330.026253895011,-957.0809154739343,-2643.589858282458,-5127.562488848225,-3803.413133480707,0.13317363184042036,1.0,0.0,0.0,1.0,690.531710007032,2663.0671863209536,-239.94669160877174,-2643.589858282458,-5127.562488848225,651.174786820656,-9790.303121541461
151.44159666895987,1245.462815164179,-502.9555420375445,154.69665076096854,1160.1718692850661,-527.4008460419182,149.06943486218157,1055.2315818292152,-552.2483307243521,146.97634155747235,947.6056192661549,-592.1828533331426,132.71249855364823,857.4465914286013,-622.4146990844823,138.49868797377434,760.4453955831974,-653.3878943262869,0.012769939768918048,0.016180570294474533,0.019471281590624168,0.015368859351164055,0.016241582232101148,108.08119442287187,50.577853868950044,-989.4772391390675,-227.0534249766731,-5925.909093681659,-3382.8929138287913,0.12021519881159581,1.0,0.0,0.0,1.0,205.7141671628417,2598.7187641520586,-450.3255641929236,-227.0534249766731,-5925.909093681659,875.2107047769673,-9902.566554897117
452.1168518236163,2249.9674272842526,-196.55943483077579,450.18266128961517,2172.3669693185875,-184.52127087739566,431.4842307278672,2106.629820234851,-188.45835236364238,430.6186639267679,2022.848811422058,-180.20427018384035,421.7923528331861,1956.6273256534519,-177.6176619718154,416.5300306555184,1882.7295891183835,-176.8956866432955,0.016076841160376318,0.013954690090132671,0.01868301693191185,0.016522313173232078,0.014620107486852357,249.50866868098535,70.77991845536921,-1003.4435187432565,-433.60717204150257,-4570.379425994597,-4022.4847486778226,0.39648735607030117,1.0,0.0,0.0,1.0,501.00082846505654,2721.599985532238,-314.1759234327537,-433.60717204150257,-4570.379425994597,1645.699937262292,-9772.732217138133
176.36898019212487,1889.1844599431245,-251.52876478164308,157.17687511906797,1798.028849250133,-240.54474814508123,143.59530868971598,1708.7766604412434,-215.38396237958236,141.5804941231563,1640.300447222869,-206.09421765353406,119.66084146866267,1559.6048171376458,-199.57802537034428,104.14324173325006,1479.26247450124,-188.69277057150234,0.018085221730776202,0.018624986013474676,0.013391281365622898,0.016956051818290907,0.016421674506551298,-234.75017076381022,-363.22769711226346,-813.6556200999821,-872.8699764533264,-4806.824788582737,-3501.055578369802,0.3838755985857283,1.0,0.0,0.0,1.0,306.429214637252,2617.003671809033,-540.2566347207548,-872.8699764533264,-4806.824788582737,2619.1233674690748,-9871.256364256238
128.08319044737456,2431.56059891829,-527.9623326375549,124.94934052114873,2354.9530029906496,-528.433870856601,126.98225682315562,2260.7389348752367,-522.3506152936964,126.17511965405018,2188.3678198263174,-521.9392953240583,119.21183010253385,2108.591637694067,-526.182327100994,129.6556348122014,2033.3489492492467,-522.5497015097616,0.012528204387188654,0.01520121261504434,0.013294834411930044,0.01614535014949668,0.01164060524883738,115.82345729040718,382.9543459788748,-1006.6791798180169,-33.41940937750823,-5822.657592763627,-3070.9704699686117,0.2831434630614091,1.0,0.0,0.0,1.0,128.35573580697326,2566.4509432652303,-539.7893313702494,-33.41940937750823,-5822.657592763627,580.8912782471986,-9738.29799524215
462.50302461473603,1760.3357265680236,-324.33832969040753,459.6315892385533,1672.2303080126956,-335.68828712571434,464.27841594847297,1589.7605146827782,-346.0682466879518,468.0437346288654,1496.6041950835763,-366.36402243195676,469.24206648308444,1416.1939338822076,-376.80736025135747,467.49446770340967,1339.9263455753462,-395.4646613485907,0.016128728921054297,0.014917911961797953,0.01663822873186188,0.015488085384381067,0.01662776034373764,471.03928664255784,51.78353111729719,-980.801634210927,17.080088885836176,-5397.1734600850505,-3639.5489618070837,0.2376253874063045,1.0,0.0,0.0,1.0,462.92624442178544,2615.4409246576947,-353.4948309953867,17.080088885836176,-5397.1734600850505,998.2571587942834,-9763.802359160782
-206.19097453510395,1918.5489390357495,-248.31490169363286,-221.22261427494027,1828.057061654485,-253.41316500804518,-234.38347999693275,1753.2938447857582,-263.0493024353321,-251.5183692430471,1663.6770278334093,-271.3103568409982,-264.3753933427949,1586.0947349204405,-295.067907197828,-281.7842423377055,1493.4820095132259,-313.08047862849355,0.016929895534109562,0.015427068400115873,0.013524642640722118,0.015049895756566317,0.018063724358017036,-534.2850260606749,129.48061462287507,-924.6638778619539,-973.4725160820693,-5334.510704303726,-3669.936145758289,0.25558018613941785,1.0,0.0,0.0,1.0,-86.48766866292164,2583.355538602592,-287.31713252180816,-973.4725160820693,-5334.510704303726,898.8633399315768,-9932.17279497798
-68.08258404395163,1881.6593944721824,-203.64289437904037,-65.0029868853017,1811.9153266520077,-199.38514566843264,-54.37498450068823,1736.5665377476128,-206.84456192379764,-58.1645140666082,1639.610700789394,-207.8767663723843,-55.96169766930007,1533.5046130621145,-208.31711554768964,-51.62416312447178,1451.4151350791217,-217.55813106975398,0.014103439351529662,0.014122385906998464,0.016498093905283867,0.01751760699505439,0.016392018940060177,-10.514537060199427,-245.24448617013374,-807.1931728791153,139.28467032341615,-5591.972611814685,-3424.4523896285646,0.3024542434345401,1.0,0.0,0.0,1.0,-83.63898897999292,2690.5411350325744,-337.6592913930687,139.28467032341615,-5591.972611814685,1635.751888729342,-9638.48433972934
504.2527537227928,2381.480147160534,-524.1262531435913,504.0187499114083,2302.135364450702,-502.29513488746534,510.9705560013291,2230.858571504254,-486.14445186369375,505.5166775620908,2153.828361504599,-469.90128953376694,512.4373010056718,2059.8466862888718,-453.3447532064216,517.5260297954017,2006.4924772833356,-443.56314410928366,0.017306605484484566,0.01656911541404542,0.01480107248569787,0.018399168219532636,0.012628602631376662,598.2216654066801,96.20483734151767,-991.4089144606526,199.72568859959114,-4672.701746742255,-3318.446259527367,0.4096605263094314,1.0,0.0,0.0,1.0,492.3670504488939,2572.7367631149114,-587.9118516966273,199.72568859959114,-4672.701746742255,1795.8158340027408,-9649.551119868134
3.3039886893399,1454.2756559893123,-279.596361643818,15.687470705822532,1380.4454492809791,-310.4426186237238,36.64907198365431,1285.1292170247393,-341.71974465104677,59.999580739473906,1201.3144134393556,-355.5409970280055,85.3051190107127,1094.5507839064185,-398.9854637037553,97.90367431867669,991.9155106133012,-430.4283375749106,0.013194843486553948,0.016031968975631555,0.014040900554368047,0.019066100772041128,0.016368279699072175,309.48924508469804,61.03091193525964,-913.2046207224619,1283.9925506863717,-5745.323140711678,-3764.581054268144,0.16389013649686074,1.0,0.0,0.0,1.0,-268.30740272416915,2646.4263252555106,-211.26557227037904,1283.9925506863717,-5745.323140711678,644.8519500366543,-9798.740009566201
192.83226373216158,2162.799105983166,-161.06990111140726,188.73804505257363,2106.941541403587,-164.31680227808212,181.61387407608015,2038.669375959122,-170.49698892565357,175.69829637739556,1966.945237257637,-170.2579261054658,170.53474292144452,1910.9750609505168,-171.43873387936085,168.23592691323424,1857.7745764341967,-177.54947093907748,0.017489865878907662,0.019803132812093976,0.015599955073135496,0.013141837749821111,0.016129029709886056,18.166917929258894,450.1494194529623,-1010.1043199145636,-406.19885691073847,-3916.2422460320317,-4082.5495970147267,0.359481894523168,1.0,0.0,0.0,1.0,276.1031920675771,2936.9632456832956,-410.0794992282868,-406.19885691073847,-3916.2422460320317,2192.707642097324,-9882.294864743395
195.73333566980583,2201.35116988951,-548.855585972083,205.66594746254893,2140.4827639531213,-527.9703808665738,204.0441925820376,2075.7059577173877,-511.6328671772558,215.9999888754592,2023.2666023351323,-494.361619181654,222.8299537936876,1941.0383889313416,-478.12722114511655,234.52151040612935,1890.1373287273796,-468.94082528156423,0.016830938950014057,0.01663207703338998,0.014403039567185999,0.018653313089991214,0.014975970726989946,381.1124904846076,335.21003783022115,-1009.2268267118858,376.274102199374,-3877.500025798054,-3319.838360677385,0.40163451611854334,1.0,0.0,0.0,1.0,168.51762274196085,2525.9975524061215,-694.444600958507,376.274102199374,-3877.500025798054,2205.5649951787013,-9779.474966116975
-77.52597361095496,2230.9079294653834,-205.57849922180043,-82.62310711640741,2164.1620339881415,-205.5441980338564,-79.51738131342768,2084.539617404706,-199.6255523435759,-78.66373930970158,1986.7532458994558,-208.6487229231272,-84.97336633230675,1905.8623887537003,-209.74086412154318,-79.22608073783944,1814.1342224569303,-218.9093920222997,0.011815929234931535,0.016006029337275407,0.019361068533209028,0.01302746627690285,0.01746873749523678,-103.88680584010643,54.283549984473325,-945.5265155640959,-63.391291956265235,-5292.787378555375,-3803.592437616072,0.33316308843936593,1.0,0.0,0.0,1.0,-72.82507278153673,2647.7493654766113,-250.33717409327517,-63.391291956265235,-5292.787378555375,966.0849214086384,-9734.035426581033
291.8632599968053,2239.6996224585764,-384.9341750143447,288.1710831681003,2161.7764922171223,-387.59104168078267,278.88543640439224,2065.365181665917,-395.07526169428064,258.18040852259463,1983.800847123763,-400.7712564988537,246.21472615440794,1876.875679140681,-417.2662478732409,250.50015480513574,1801.3472315350193,-423.3741892914332,0.014330137023999573,0.01630113036923249,0.014651993462162505,0.019080303716383293,0.01214670334746007,80.61840774784224,253.01087235881826,-1008.7747399046597,-633.9996628507214,-5845.263227166057,-3533.261012232343,0.2638643383134804,1.0,0.0,0.0,1.0,337.3882712023849,2620.3424793610684,-397.91055733095476,-633.9996628507214,-5845.263227166057,516.6477649547935,-9999.774758486772
54.87495374834864,1734.7330603423827,-71.89821614753942,27.94196186614366,1660.066074951537,-75.38920922521987,20.6902022026394,1596.066508240902,-73.91582922122589,4.012601139066257,1517.9384413726261,-67.14795397512131,-17.811387642447347,1452.2396117236522,-63.69803311789121,-35.72584549623859,1380.9850003680135,-69.96517002168157,0.015017899728356848,0.01500544662819192,0.016565354584949316,0.014908111974043958,0.018872451717878713,-475.06836958674535,-248.94855560129935,-814.0453220598625,-1224.750157534349,-4566.132275408592,-3851.8129004216257,0.35356046126365587,1.0,0.0,0.0,1.0,296.5242296598939,2627.7147779061133,-355.0828054917559,-1224.750157534349,-4566.132275408592,2394.7890383006547,-9915.241172575055
130.33462971325045,1499.0233315932817,-33.22130979101107,122.71980377226372,1445.9228752053316,-46.41404457328892,120.61144664644429,1386.9433971753174,-57.20278116029208,114.971982455696,1304.1821052125658,-77.23902587868676,107.19439535841667,1241.447778780219,-88.60824391976266,115.7318548062661,1173.136302038062,-98.25572328120722,0.01614193222794308,0.014749623757602248,0.016390921872812436,0.015169242257197457,0.014901883728630327,36.11876764582337,-29.426211256701457,-872.537387927504,-257.90612614572126,-4249.72237442111,-4108.434961001939,0.28477924056386184,1.0,0.0,0.0,1.0,193.44150459471405,2562.9044371401733,-204.6785589403379,-257.90612614572126,-4249.72237442111,1918.7338823554871,-9880.604661241678
93.86807236950396,2379.2098069957237,-261.8647802193549,98.82386453531308,2325.027876559133,-255.36008102174526,105.18136990758902,2230.426932849706,-242.51383144379326,101.63834681905459,2158.5387872038664,-242.95318849253246,108.82734824349913,2071.382294704741,-236.8605457295787,110.84661643484121,1972.644120878953,-235.19538076511876,0.01258263005326507,0.01670763234097085,0.014053775141522062,0.016897686948838073,0.0161259959243701,208.93404676101375,11.664842357382724,-927.0751074459065,259.84875187053547,-5305.338518246765,-3687.859490321924,0.370819817946048,1.0,0.0,0.0,1.0,76.41118330703978,2717.387486663228,-327.38942279296714,259.84875187053547,-5305.338518246765,1336.1509230554907,-9851.000810543941
391.0917956593198,2199.394074120102,-318.5253380933194,372.4724075186523,2132.9290776235625,-286.83253069093774,375.0328877022514,2070.7991579494133,-269.2280420421448,360.7141217979436,2017.8856239086197,-244.68001808526844,352.53228697466756,1961.6489727558394,-227.52733632102118,342.99354230434,1900.850234656879,-218.5040268468929,0.01700504739929963,0.015506740174804648,0.01805368653138345,0.015376319659347576,0.013509709988737573,40.136197407988845,83.71667969456934,-992.9316069975185,-608.7628531855228,-3692.1147254154844,-3956.7605180907663,0.49333463463401717,1.0,0.0,0.0,1.0,451.051123308216,2575.8941193500154,-526.2118200077157,-608.7628531855228,-3692.1147254154844,2573.887075158018,-9675.03347147969
-372.0021393512419,1455.535683160756,-379.31169674141137,-377.1955259967357,1376.5146397050564,-405.2571314956285,-378.73500577836364,1297.052449146844,-422.24842885511663,-385.85088562254924,1208.2945804731355,-453.5933796606606,-388.2357946185128,1107.472813425385,-477.62010445227537,-395.7426351945986,1014.5301580534054,-512.3951605283299,0.013276983245772034,0.01212464747019057,0.014830409686908574,0.013467387966758587,0.01628093476259246,-451.2304230959783,80.99420454246854,-962.4560143977319,-356.08132216996466,-6212.945608372672,-3754.784126902479,0.15033920013456895,1.0,0.0,0.0,1.0,-310.5783008388434,2535.107719849678,-253.85185862153457,-356.08132216996466,-6212.945608372672,166.91498373186246,-9928.352178821124
-411.1768616718846,2195.799886946056,-599.4411539155017,-398.63097541395155,2086.018890499589,-586.8623387381288,-387.0643904791002,2005.8674045745977,-571.108290497964,-383.5938691495839,1912.437296178651,-558.4123926431715,-376.902481459391,1816.2565464519037,-549.7868900482922,-357.8282764356954,1717.8035122841359,-543.0262972609887,0.019248565437376117,0.014645799901068332,0.013860666764920399,0.017557566787960013,0.014190344210270434,-171.19655059326834,-20.231910411950665,-856.5803608673068,635.2957808622251,-5960.381163817149,-2509.0985008860607,0.29253977818004095,1.0,0.0,0.0,1.0,-450.72669417264734,2602.335801667594,-716.8514012990545,635.2957808622251,-5960.381163817149,1873.966866484912,-9961.512198570403
173.31876747069387,2287.713282095136,-391.50814737378585,148.8082935990818,2203.3067187525694,-363.2474083016365,133.03336398139436,2122.3256041852296,-335.2835871512362,108.21202411301893,2049.393759994871,-320.60490633427315,97.32231371678084,1973.3398286240797,-296.65541895941,78.50457773156842,1902.9618622166852,-278.5360281180248,0.019009477924853635,0.018126549956034924,0.01548183928707371,0.01722657342170314,0.01613575549187357,-356.6386736859069,22.403014464361068,-800.4370443821477,-1039.3792499021754,-4488.5781770581325,-3304.3512692557106,0.4189260603761146,1.0,0.0,0.0,1.0,246.20129125735434,2625.7783571580726,-547.2145652032816,-1039.3792499021754,-4488.5781770581325,2431.1703065699603,-9888.830303147706
82.33385997641753,2028.9877518050894,-188.64124506680847,52.06294721446094,1963.0154558375245,-187.08958336429353,13.388935756875846,1858.7017072178055,-195.22169029088266,-16.99250879009004,1788.3495685577996,-197.90337178448496,-43.0292631005002,1697.8567955628653,-208.06655443267556,-76.3880885337698,1613.8645670222454,-209.67927109585372,0.011051244031179935,0.019599506795577704,0.012004762977472022,0.019742671412857987,0.01336079792517525,-636.8405298597354,92.62914793289863,-811.1940435413176,-1958.075448926612,-5339.842088225083,-3496.201754544747,0.28612274774391744,1.0,0.0,0.0,1.0,273.6645538911397,2575.655718957564,-251.2314389363371,-1958.075448926612,-5339.842088225083,1087.7604444158035,-9857.983223571087
-340.1874114846778,2212.025665867177,-321.2820669776228,-321.5275261643333,2161.7704721742675,-307.0794640874379,-302.3131175377112,2094.6114502501664,-291.67750820590766,-285.037566713974,2032.8688016533886,-279.3709958494512,-271.51562464534555,1982.8588165748686,-277.4304362603523,-257.7212103434799,1920.1549878734925,-264.58545294069324,0.013486541403367816,0.016758753328714668,0.014247603835866596,0.012240413448894677,0.015972032472610004,265.88816547074765,165.99498121283787,-980.1972633212076,1211.2009448883518,-4081.3299717739856,-3783.758519273037,0.4304314935075675,1.0,0.0,0.0,1.0,-472.9444109111473,2655.6062639949732,-504.9113607935701,1211.2009448883518,-4081.3299717739856,2225.4440847561964,-9851.151809883999
-162.0705942558664,2165.6061704741533,-249.12976802283154,-167.78276013025928,2067.142749601853,-238.87889890579237,-168.548702847991,1972.3678221512002,-238.51576811601686,-173.15475093898183,1882.4841084664954,-236.50901060667377,-174.35114229289553,1800.7651281166588,-245.36349554409523,-173.86354215442128,1708.216179307901,-246.33867461206918,0.015457891128453333,0.018857711579618186,0.016361781733569503,0.015977407962345258,0.01566492461266142,-211.59500430947375,-16.20537845536051,-855.5361052184751,-127.82915679572807,-5588.192679061131,-3500.293049472177,0.30763186112679075,1.0,0.0,0.0,1.0,-150.87615483150216,2638.1861440986763,-311.340068700838,-127.82915679572807,-5588.192679061131,1208.9413167663392,-9914.177613133726
12.404047356879234,1399.3282634151988,-649.9225051653557,0.9477492348286611,1291.5205721881603,-647.8994588092918,-15.278090499829514,1193.7044678300235,-667.324243410806,-23.83101313698812,1122.7443652027614,-663.9612227853861,-37.93779210723142,1049.594275790361,-676.6809735608567,-52.55012608318547,953.0750138578476,-696.8335896502647,0.01701747780128937,0.01627107486000043,0.011746997676598953,0.013351458457911386,0.015698054003795592,-174.76117428955655,39.241030622184624,-959.6262683220617,-845.0792644318112,-6024.153340715091,-2492.928687329216,0.1511176207133511,1.0,0.0,0.0,1.0,180.17211677180387,2569.3854337225275,-770.0471456635449,-845.0792644318112,-6024.153340715091,1590.1709603839167,-9721.665827888415
45.754551829783104,1363.3087664200511,-393.0511825975446,-3.187649764370966,1262.6614482912632,-414.6913880881532,-45.51707869017253,1170.6557535449915,-436.6806797461596,-89.94687990204567,1080.8155461007161,-454.9857279986088,-129.9348948126825,984.6061314537861,-488.00418970027914,-180.5388301947456,883.246705418782,-506.52276321216783,0.016206433807512605,0.014457185280665169,0.014647886867413945,0.015805851541161403,0.017747883237349882,-524.1206985216287,130.65795932067383,-814.0326924802998,-2894.2909761892756,-6222.338837750504,-3120.1861347988247,0.11948879046215133,1.0,0.0,0.0,1.0,604.6527821921891,2557.370106043374,-351.8384482699161,-2894.2909761892756,-6222.338837750504,749.9592414122368,-9923.449682592458
-262.20382146207527,1885.1810214115121,-340.5353355308204,-268.0287595754064,1801.503891932147,-355.00080731394604,-268.4123754469899,1719.635985535715,-377.3827376376808,-270.73091357987664,1632.2832404034566,-395.5477841943949,-267.67315654435816,1542.4964031469417,-417.0439258767228,-272.0611731127588,1469.4624188228654,-434.0822377305118,0.013877093834857052,0.01689983543815493,0.014802691924380246,0.016517858247763667,0.014527803718998089,-277.38675705099456,301.6146483386401,-1002.682383895897,-26.789251424721186,-5355.554780706832,-3654.536431739798,0.21778058452950644,1.0,0.0,0.0,1.0,-266.26921770973365,2524.169882331973,-326.6620428739049,-26.789251424721186,-5355.554780706832,396.60707741694023,-9761.791588329495
332.485063058021,1430.6922954766424,-150.86956937246038,327.28922835286687,1345.8755398803921,-161.27257356002497,319.7319522232819,1265.058722576392,-181.3135560354684,320.34683019194813,1174.1649826981604,-207.6994128155287,316.5278618335819,1078.3504015513977,-233.5142932958008,309.4897119308696,997.1593428743527,-257.38406395534815,0.018322085387403153,0.01583008683416484,0.015445223335897595,0.01913930851768908,0.015583771278576908,232.10538020553912,-88.601419621914,-819.7261188588166,-352.004540712133,-5321.638105349499,-3734.1425473733634,0.20271966886117276,1.0,0.0,0.0,1.0,413.38771867228616,2652.042204633074,-193.1999507261528,-352.004540712133,-5321.638105349499,1301.0312148193261,-9777.036431442106
76.78835021644909,2139.027311990628,-364.17948535776014,65.33026298679626,2062.157429457203,-348.97593972247404,41.638951834653554,1994.1407072070535,-353.97603222697074,27.917248633039893,1929.4196094091208,-354.3691140406219,14.670123338486048,1866.1895548830787,-358.45082673353096,-12.943424109219356,1779.656836745425,-371.0213429722115,0.016672647755582956,0.013145108351291512,0.01575846235874695,0.012956550887318785,0.018222218364456644,-401.70246832320504,310.7207546774422,-1018.9684005082811,-1225.5546380798053,-4663.333445314151,-3610.9440089768405,0.3148629953182599,1.0,0.0,0.0,1.0,217.20262390709672,2665.7041445610807,-449.75919638505377,-1225.5546380798053,-4663.333445314151,1356.6501312610997,-9836.82007967908
138.00474687666835,1574.9896680088186,-267.2563643593375,161.6038785587254,1505.787062862526,-288.8802222688394,181.73639686269016,1430.6283208347904,-302.1312134230617,199.47991820423618,1354.158659942619,-325.97769840334996,224.9336518945589,1278.8955886713813,-358.93334686956166,250.6161174621523,1192.1714772733712,-389.8923822436513,0.014111559600515772,0.015191203140146325,0.014875279535020602,0.014463173267524387,0.017552496971317,538.8690944398502,188.27218194065534,-962.4779660475219,1460.8299183416232,-5072.393213925227,-3865.2205779964447,0.1989729138459833,1.0,0.0,0.0,1.0,-198.85001432266893,2749.8307549728984,-247.5193384875497,1460.8299183416232,-5072.393213925227,1033.7012609272463,-9700.83532460136
77.0310619802991,1632.85567296619,-237.342861745403,75.7139489252983,1561.6675273098338,-229.61448239839333,77.64459700601836,1471.436504443648,-231.82799280951136,66.29523608596394,1385.2342647039236,-236.99978021500215,72.4963592433145,1318.3853483805387,-241.5286163006741,69.7519090717857,1248.8957302088027,-249.5520627020329,0.016511597501579933,0.018402224750654117,0.01553388971695252,0.014751441098766638,0.013600547021194676,28.59767024545061,-204.06471831649554,-812.7933623621585,-139.36362415306095,-4913.074998169775,-3334.8496613835405,0.2967920817202948,1.0,0.0,0.0,1.0,113.6094809788176,2792.911030567062,-563.0599542624757,-139.36362415306095,-4913.074998169775,2516.0516020403156,-9591.641415448936
159.0606509482364,1872.4601314022202,-358.53547236384696,138.9155322173678,1829.6754144037168,-358.03452017818023,110.87609131744847,1763.2549959256803,-348.4194948414284,90.48541365677482,1712.936741720508,-351.11779735522975,58.17809064758052,1643.1779170404786,-347.79496649085775,38.33906244908139,1575.546837956815,-350.1792242801707,0.014349144882004783,0.015140094673827709,0.01455049505994177,0.0172366496606412,0.018732294672667793,-481.99974510819857,286.2795643882022,-988.6850253785883,-1532.2005159570178,-3807.964435189949,-3551.4022095637297,0.33828130312429217,1.0,0.0,0.0,1.0,498.6085851042917,2723.3768029097632,-728.5456970796863,-1532.2005159570178,-3807.964435189949,2738.4668086296674,-9827.920340927192
282.88527987974277,1736.2406581047724,-122.10128306070376,277.80654617778504,1674.9254638360799,-137.6463394146165,274.6244309443003,1596.0293043501515,-156.08704421416198,261.9143031687325,1533.3493969699512,-167.80589938062838,270.88205132928493,1474.4705072182232,-173.83937880882436,262.67497029517307,1394.817725589474,-198.27283331804037,0.015398513508665251,0.011653829383082848,0.017185742297485596,0.01333231166799198,0.016778612447219954,223.97685787522948,83.8488837825698,-995.7596637281453,-142.80776561888473,-4590.068984651166,-4174.930257802769,0.2864011624046999,1.0,0.0,0.0,1.0,307.5194007622779,2769.039239803499,-218.31400182787706,-142.80776561888473,-4590.068984651166,1516.9963709642436,-9729.789109003428
445.6845991423612,2059.1947942342754,-233.3302780727375,394.5086644034462,1970.1154389449125,-234.52630298691932,360.15980674910094,1897.6291935425033,-248.90945070694286,313.16932950428435,1832.6360412107906,-253.2555974079756,284.65320215797794,1760.3430674430256,-264.3526565176588,241.8578379197441,1690.231306323916,-283.4541534978304,0.01745871704476494,0.016453691820475735,0.01245544135945742,0.015364068184354374,0.016725154559268374,-550.7796633720315,294.3105856410733,-1008.5706739139798,-2655.1477606479975,-4704.803119779777,-3926.2134064459897,0.29541358831752973,1.0,0.0,0.0,1.0,736.9670005422458,2576.1400987342663,-261.356999324948,-2655.1477606479975,-4704.803119779777,844.9199029860572,-9837.388266870188
198.33742512272553,1452.1441839960455,-345.3997204778539,183.98040372438552,1372.6041121890657,-357.9145502841461,163.596731299957,1289.9583865470418,-369.3782764101634,150.84069795567626,1227.2006043534984,-383.0624483762726,140.3817868682771,1145.5641356476776,-405.4682505986785,119.20439734259008,1057.8078117904367,-430.05281429925134,0.01636863842239808,0.016806701911719263,0.014046988681964967,0.016558459604106845,0.017500023888932403,-84.58557509056628,55.515327920548316,-939.2589168390151,-982.2364550783122,-4890.024112754441,-3498.565808331085,0.2045975610539124,1.0,0.0,0.0,1.0,421.2661992747651,2573.8777459890875,-432.1800845184766,-982.2364550783122,-4890.024112754441,1529.3276245620063,-9762.89986969533
-34.22483618309161,2137.6203253702333,-526.1026067019517,-6.245348259077218,2047.714228656592,-521.5746112487392,17.47067221513402,1951.2118377008055,-507.9632946970781,51.365280107894016,1846.6544632272946,-510.0785283957518,80.44401394455468,1751.7032878156695,-525.7498853404607,114.83552964096113,1646.7499202361812,-525.6281590854286,0.013626136835257596,0.017432738236070208,0.016767629774963724,0.01623682640475177,0.0159909369030391,564.6683769948785,158.8032936122952,-911.5729553609145,1849.9560269158487,-6089.883858471977,-2760.998314716559,0.24511303862677924,1.0,0.0,0.0,1.0,-193.81359404061936,2655.6556755858023,-598.3023099567673,1849.9560269158487,-6089.883858471977,1232.8488249402349,-9741.090584528762
-281.1092671087718,1836.303531017039,-258.585851489398,-265.69551219569104,1746.1261411476335,-262.0893575445449,-248.91575844832624,1672.5717915454868,-278.29213900849146,-225.49334174120904,1583.9880635286027,-293.23846215365427,-205.3346159677427,1496.2951213140868,-310.1579391895374,-185.83964336556852,1422.3070653041927,-329.24472530372446,0.01638357652202052,0.014750716192304447,0.019006726708330285,0.014784243974772932,0.014453465610266475,145.59132030644724,90.47330742918959,-982.44762981411,1298.470220973972,-5229.070225025984,-3842.4941949703434,0.2547438117490739,1.0,0.0,0.0,1.0,-503.6437901805381,2705.00841994218,-304.22273055942037,1298.470220973972,-5229.070225025984,1129.5945979515739,-9944.17758584382
387.42073003695907,1987.0535347955727,30.255591361865758,351.0701861609626,1936.4497735080588,32.93690174567784,334.77781696771274,1877.3261529962945,22.93296664686449,314.74547376193505,1817.7132577245784,27.264300839686246,288.4296376877839,1760.512301354991,19.42955421308348,267.3383887092672,1711.9901583373958,8.790315291664406,0.014943610809659252,0.01882922018240732,0.013180352208511492,0.016304819351448896,0.014020642667604055,-290.40219369504786,309.42334657270374,-1019.2781884755308,-1426.9413198757488,-3558.91912339309,-4545.434458468064,0.3949023152317124,1.0,0.0,0.0,1.0,701.3220236185973,2782.8721373309018,-238.54628902887714,-1426.9413198757488,-3558.91912339309,2298.7239564633105,-9847.709949541555
-238.5583901791089,1600.9599310204137,-350.01802383386985,-246.60616837714818,1517.8823641959705,-365.3532156915056,-253.3096192239006,1429.2531351869143,-377.99293849956024,-252.67778169931964,1355.9258533288244,-390.6081723350224,-266.81359915204655,1282.198032237034,-409.84596602479064,-277.16585499711556,1193.1455627973835,-429.98615389762153,0.015383111246690007,0.016768189040501896,0.013086278003549778,0.013458231534783316,0.014604911733975101,-389.49305175951775,59.101905011853276,-924.9406415019416,-563.0928354699021,-5597.902760058584,-3418.1742562468694,0.20332656998767878,1.0,0.0,0.0,1.0,-124.83941908866495,2690.1162022393937,-389.24517359467177,-563.0928354699021,-5597.902760058584,1138.6190736627495,-9695.304957254517
494.680772500764,2144.9692624403524,-198.89731264997778,466.32262326502206,2070.370060313992,-194.68748743267142,432.80001625689385,2011.0646232632037,-197.34071987240296,401.0373653208492,1929.9971508435149,-193.44829872065267,377.43528788141606,1889.7231545571171,-197.80716468683946,341.1890990934501,1830.12579383083,-196.83992400881567,0.01980062487908349,0.013241028547339051,0.018572618087440124,0.010017856864070113,0.017035410485695096,-449.10680411122246,314.22536848350956,-985.2978835902494,-2132.855954545003,-4091.8966848351342,-3956.230231449119,0.3690347655069244,1.0,0.0,0.0,1.0,734.6282506612538,2585.228028567011,-306.1821551355323,-2132.855954545003,-4091.8966848351342,1508.9663451258164,-9847.201038873765
269.28237762811597,1541.9678527687956,-357.0056159144724,277.551753949592,1480.7097091407222,-376.10663268143867,283.3892748941287,1388.6114035816533,-409.9215578888872,284.17881395161135,1310.6294530692696,-441.99444051989514,295.5951098347573,1236.7340416176546,-472.5330035861647,302.60781364747766,1158.7980499499392,-514.0067808420891,0.01148269054961551,0.01871218747295547,0.017607022687918972,0.013487305442720254,0.015544884915901225,370.336068073262,368.78870763930695,-1014.0258022623045,436.68275768807086,-4909.449244371837,-3927.967029616288,0.16155609774194746,1.0,0.0,0.0,1.0,165.09517195986803,2676.2298524940697,-239.75915872327096,436.68275768807086,-4909.449244371837,633.2153549821023,-9704.64337148592
346.2196948527518,2403.0325671451606,-386.3894521721339,318.2604310970871,2356.627324131224,-342.1443569505578,304.6661946403899,2297.900199658017,-316.0556759361781,288.0132567010675,2236.3697037409765,-294.5854112480711,282.9868833344102,2187.083578599922,-270.21622943046185,264.21092575737384,2120.604396299119,-249.49497490162938,0.017530272149513353,0.013278205202911286,0.017272029047030485,0.012156052832470662,0.016275046832420245,-256.93148986930095,110.60514793600453,-954.2605346038656,-978.9503441365122,-3772.994366808484,-3955.8857382210426,0.5327629523605606,1.0,0.0,0.0,1.0,389.1757372607974,2600.7814300296013,-494.48934887352095,-978.9503441365122,-3772.994366808484,2562.6397208563585,-9876.553725874843
138.05434947083072,1425.6605467281006,-373.3930585499506,162.39232313794892,1362.9988394969891,-374.3148055765214,195.91179528432158,1293.4091079067973,-385.6392619188379,223.07930742062845,1228.1598832948453,-381.96126221120124,250.44152674395272,1154.501490420496,-396.3724033924101,282.51349462120834,1072.788459425997,-412.92542839440483,0.01667774803566452,0.015443717949970293,0.014658778624712432,0.016320631791594153,0.019609955292933745,679.8959918521223,153.46745609067673,-806.9148682616448,1863.3350766834576,-4350.685790550658,-2943.5048467834326,0.2114399309004133,1.0,0.0,0.0,1.0,-335.6216249403627,2524.5912119407853,-688.1357685820967,1863.3350766834576,-4350.685790550658,2507.618242454817,-10002.060714198635
212.5927831086677,1906.8292344365245,-411.1384419563338,233.48738144201337,1808.412184342151,-403.2417277599744,255.96802351330322,1728.3928437375678,-400.9632241731419,269.6495446144134,1640.2872761445153,-404.60345653659414,291.2797397343106,1539.5504536521064,-408.6486735261854,321.9424060419239,1417.2662291896602,-406.642547162183,0.01689947589578633,0.014001496709081962,0.014027174825169297,0.01836746985420387,0.02009382367353152,641.429594405564,-63.735409956203654,-813.2268612307857,1276.050183711741,-5914.601128021568,-2823.638991472632,0.25092092730307125,1.0,0.0,0.0,1.0,79.96751357239827,2538.689086373287,-508.2959444963842,1276.050183711741,-5914.601128021568,1437.589369952615,-9684.6099123301
86.52423839838336,1820.3738633207574,-610.70915996385,92.05925344846862,1739.895388826335,-620.0949490373054,111.59535827128595,1627.34948509543,-618.8354225737867,126.3058377308221,1524.9868472690684,-636.0707294446416,145.2193384091393,1418.9107399775228,-648.4407746878927,163.12883837094427,1338.9599555364807,-672.8158344971906,0.013635248867454292,0.017833008446078935,0.0162396969275041,0.01815872769364449,0.014712056116082617,324.2861650460773,270.4440206778785,-1011.7042230182417,963.1326860020558,-6125.3649562972105,-2826.143320388398,0.17284854638135622,1.0,0.0,0.0,1.0,-41.704255634703884,2598.0827040708164,-650.1003886766766,963.1326860020558,-6125.3649562972105,922.9652449064859,-9866.075171828636
571.522745158342,2235.1507217325966,-310.29009463331926,571.5990530883524,2178.2499958874682,-302.2708126893715,570.3487788699177,2106.0052828897906,-299.69965590390177,562.231362580795,2029.0222756202818,-293.93255409543224,562.3167536994422,1949.5003008003468,-298.44054016445176,559.8817465062449,1875.1965513019886,-293.8077328114242,0.01288559417615083,0.01902511443295024,0.013564966881479401,0.01864242336303515,0.0163947536687718,491.361085110811,265.96937680258293,-1008.4867657925935,-173.68967764810017,-4513.083516742112,-3770.7605477515986,0.35643199861426894,1.0,0.0,0.0,1.0,578.2059239348605,2522.511135173642,-362.6508647202654,-173.68967764810017,-4513.083516742112,1187.4169434622845,-9916.354982427767
637.4882370233346,2038.4573293925243,-662.2833766553117,628.4114370853409,1953.6650157092772,-648.6935277269196,621.8868594117243,1875.0533122153206,-648.8187634987705,619.4193130097101,1785.9607815643124,-645.2554863067861,607.6348816641178,1694.4909290891997,-638.5608504667916,603.6600154584303,1619.6459343632887,-650.2464503946471,0.01615998988774857,0.014950871791427262,0.01825918389143452,0.015299577048772134,0.016026764024806794,500.2365239766309,326.3241633951503,-1008.6118826522343,-423.13495736452876,-5211.176543356232,-2642.6147715347893,0.24804610297609797,1.0,0.0,0.0,1.0,684.3002304302004,2593.1859597551065,-768.5705406986331,-423.13495736452876,-5211.176543356232,1538.9764177251368,-9612.853308643507
190.16868509412612,1894.3187954250197,-413.4147720910882,202.595645867118,1809.0446703664556,-419.34121423398176,215.3080359909863,1734.9669784113848,-417.5394560479101,234.1560240211531,1662.4601991956374,-429.90278251997006,256.9972289938509,1585.7576684286314,-436.48703981584237,274.60966702341426,1509.519337653885,-449.92835875604044,0.01875362262001007,0.013454064333743132,0.015045555150896062,0.014744328201271972,0.01506049539292828,594.5623957227541,228.32786689235667,-1007.648130070466,1236.019609699031,-4964.935483904178,-3429.9062850860464,0.2586898135077857,1.0,0.0,0.0,1.0,19.813277212704065,2537.0228669077974,-473.4431288193801,1236.019609699031,-4964.935483904178,1132.2503657265374,-9811.089571639957
-24.58784482520516,1941.9227680812496,-309.48478749677673,-13.138272226897824,1872.8615484601553,-317.08611447402455,-3.9511443910275306,1798.4017723870306,-322.03164036126105,2.656816127748447,1736.0581707169465,-339.4435537942326,16.74957119227419,1664.2965334009716,-353.0866593368003,19.15119556272482,1585.386050005694,-376.18698681037216,0.01782981035729464,0.014184366736609721,0.01498221654957163,0.016948111190604465,0.01812875617679377,159.38659954752433,402.4481585446435,-1007.040778444105,513.4562192828885,-4475.506778376877,-3702.2767815056814,0.2633059170460859,1.0,0.0,0.0,1.0,-117.87975886523554,2819.221818868163,-422.26786823595387,513.4562192828885,-4475.506778376877,1536.451188142157,-9701.34809194045
599.1195881955697,2048.324047204538,-668.9561822752127,584.9307189298897,1958.1561948361318,-662.7157575648445,578.3066796792237,1858.1603755327687,-653.6227020062805,566.0790053222266,1787.4975434412017,-645.0620056217107,556.4137211536917,1721.4745554809729,-645.6009758684081,549.9575950625393,1640.4199454403379,-655.4410961592891,0.017866019880449224,0.017750896452977505,0.01312204615301324,0.012338187008596346,0.014835692999575018,371.8175619675516,217.7904351355544,-1008.5124559488615,-666.3206271428273,-5396.02992808598,-2624.3612174758414,0.2635366198967509,1.0,0.0,0.0,1.0,668.3302410461081,2619.023753133816,-797.2079355984615,-666.3206271428273,-5396.02992808598,1674.6779799459732,-9660.762241397342
-304.9471003346597,1694.625797288655,-344.04226297956745,-283.16790965850987,1611.0414770704442,-355.6039377908172,-254.9276657056875,1498.489181488111,-361.0783203165469,-228.08306556294212,1407.8098092624557,-377.51678121111354,-204.87867322009234,1330.1905368701366,-386.07909633195436,-188.45036742094,1233.947408844667,-406.1561970722071,0.015926079547581684,0.01704858018033839,0.016921986917235232,0.01306129219970123,0.015457797755047437,119.712052841228,-4.229018814471452,-838.8259550513051,1470.4442787191647,-5918.751506578591,-3126.505012240878,0.20881593728135167,1.0,0.0,0.0,1.0,-512.5789870080123,2540.834129014327,-399.02515878553123,1470.4442787191647,-5918.751506578591,1080.9199133303002,-9784.709129235292
-229.94803236023398,2130.609463138553,-228.6272288218616,-217.32902502571827,2059.109013582926,-233.713959245255,-199.33690695402197,1997.6071467044837,-240.74056688591457,-186.52955975119923,1917.0274522017523,-248.74562309208187,-158.99122964072015,1835.8806378699453,-257.47473378895273,-144.83178849558664,1767.0988114154097,-273.313683077622,0.015164914501587079,0.014044191760901797,0.015956175875181222,0.016101855538227322,0.01559628479097161,184.51201054609209,334.5436088531101,-1006.4067506727786,1114.767999556559,-4875.315415844575,-3928.21421183097,0.2929034546868752,1.0,0.0,0.0,1.0,-345.002789243273,2650.3184313792854,-250.97819548787675,1114.767999556559,-4875.315415844575,747.4624005261167,-9843.529710225437
485.50418721947045,1848.8200646977439,-331.5897485045129,495.1110435444398,1769.1368534967728,-323.48140652448984,504.48570865684917,1703.9945147941044,-316.6749878740044,509.36797126667807,1638.0306508591484,-310.5220271795427,519.4838361185995,1557.9987660852935,-311.65123894246415,531.8986503026915,1487.8962687440094,-315.6895294696589,0.016571977458630566,0.013360873073729462,0.013908847647835898,0.01572344563095318,0.016302429118886352,709.8654606917771,31.97443446506053,-806.9706431315919,580.1819209155885,-4744.733241949208,-3100.8668525304524,0.3057207378962531,1.0,0.0,0.0,1.0,390.76540418820605,2641.5777175371245,-563.7446278167189,580.1819209155885,-4744.733241949208,2216.4086150218204,-9667.773577367774
55.37685360556818,1334.9312620628557,-457.8128005039174,53.29735800225203,1260.6564931463708,-466.54957377431106,65.24359087266133,1174.8539969130368,-466.09561737403607,75.44835504306506,1115.970854847079,-467.567719977221,74.70274910562718,1043.1202724708367,-478.8234987370483,91.90319567817915,947.2865830690351,-494.06753246829885,0.013390422953291015,0.019008059879326522,0.012616945122286893,0.012805174921452833,0.01884345863672493,192.31861516344088,-22.151025059677494,-832.477996186538,539.7409170449336,-5033.542793442022,-2680.129187154614,0.19251816558100182,1.0,0.0,0.0,1.0,-93.74407087037383,2645.626655464597,-764.5502936473202,539.7409170449336,-5033.542793442022,2423.7982341764255,-9630.051738360447
191.91616621591007,1518.959340971403,-233.92303369133046,176.61255630823385,1423.0319532675499,-264.734861635515,163.419142442308,1342.3041970467375,-282.8687609563023,149.60804768105842,1269.0108209930972,-325.63716169732834,133.10790873790666,1177.290316959836,-365.6136245752982,123.83500841137494,1102.8108108618833,-395.85253942003305,0.01945533436907007,0.016721210724771923,0.017693504924336856,0.019705281818444664,0.015415648454510766,-20.542452149497876,194.8874644309606,-1018.4348547583629,-753.3290715920202,-4641.624681580873,-4167.467909211695,0.19589751814287937,1.0,0.0,0.0,1.0,367.42201972039254,2585.3241754451074,-180.5783994309934,-753.3290715920202,-4641.624681580873,913.6564322122033,-9866.260857133782
108.97860769753952,1851.1045639781896,-532.7538779149165,125.17490668942067,1762.4811095133934,-524.6431056156385,134.3713016421095,1699.3230045709993,-521.3350771129864,140.23819146337686,1639.4252416718891,-513.7767859186836,158.18370781281007,1568.5053285454198,-509.8604590775528,160.60846360031823,1483.0789670367965,-513.8400594778004,0.02014224083550306,0.014905751401263573,0.014652164892025837,0.01767064606089866,0.0191135939808309,340.8130853002802,204.51606923982592,-1018.7035926875722,594.5493349677588,-4221.566384891932,-3187.129095879753,0.3024381440713343,1.0,0.0,0.0,1.0,7.865457718335733,2568.5932447793066,-797.2135293406134,594.5493349677588,-4221.566384891932,2396.093155354884,-9970.039734347552
-491.1283786149766,1869.158807740614,-165.20006437530944,-493.12635734633056,1788.4544559230421,-183.32664990519274,-496.2160902690393,1711.0162067672852,-190.95653035207565,-495.94014385510974,1632.9708021654906,-206.7410059370764,-509.83762744170315,1549.1837552619324,-231.42616394254406,-508.3183957802923,1475.5054607374345,-240.1310159364853,0.016455635114029338,0.017021635397109686,0.014215044070318261,0.016299729658756784,0.015030646471187653,-580.1912983460496,92.29442797773194,-988.1923474131171,-253.216755606578,-4969.838040996812,-4042.7091460341344,0.27884548648456037,1.0,0.0,0.0,1.0,-452.31683676472596,2602.062638681125,-185.41768249654615,-253.216755606578,-4969.838040996812,863.4035424041427,-9715.074630570833
117.82529599185288,1868.1254882229193,-90.25218167763927,95.66427514097083,1808.043155144283,-96.7387832800803,78.05239287247296,1752.22254858824,-105.30751591447422,61.20542588132794,1679.2918825975999,-125.07778810833918,41.07611128217466,1608.9277363128012,-130.90417064977012,34.623083298409504,1562.8026472033823,-149.3267427619789,0.015312518218523474,0.01617176758800498,0.01828269339076688,0.017416351617127623,0.011700080810266023,-342.581896946413,342.3897775444055,-998.9472952283566,-1160.8976376363912,-3840.7123076519997,-4223.544932853945,0.3197312619075993,1.0,0.0,0.0,1.0,388.7836147645128,2762.0385313651673,-285.1604495537963,-1160.8976376363912,-3840.7123076519997,1957.554946585504,-9811.269649903876
572.1184565062374,2202.828931062707,-130.26264592980294,546.9942521804163,2111.2666968258764,-122.23146028948727,539.376824792284,2046.6036870640055,-116.13208137135136,525.9373100081265,1960.1484206658984,-108.78449773582142,502.1445257299584,1863.2823288035186,-103.7453172416366,485.4596208543888,1781.7108236474576,-114.85061100001768,0.017632877280386983,0.01323006253817266,0.016470459646891616,0.017945877186072184,0.014674366317053378,89.24465545069188,-130.08445210019647,-809.4294117217454,-1097.8439087285349,-5281.956814172651,-3741.153944786616,0.36170575956026974,1.0,0.0,0.0,1.0,654.6342684458862,2590.1233071987167,-210.23167455824807,-1097.8439087285349,-5281.956814172651,1414.1724412390572,-10010.342497137233
-255.02857640110213,2027.137742512302,-171.453429537858,-251.49419433255107,1941.7672369616296,-185.0788560856933,-236.81418667779238,1852.4421183426587,-193.47386083480043,-227.94176982193255,1759.8935853017153,-208.83227479237783,-221.70933768031293,1678.4570228781615,-225.24480556601924,-205.44548679791475,1601.742949061346,-254.29939285818674,0.016424659782311668,0.01767236413822515,0.01884182832470674,0.0175272510786402,0.016777984288154718,-49.60121975118861,268.5458936928069,-1003.7781312975255,572.3251182443449,-4799.83446345918,-4096.911409537673,0.2780455500071627,1.0,0.0,0.0,1.0,-338.62540446458354,2692.4622977396884,-195.421824203906,572.3251182443449,-4799.83446345918,895.5002923352172,-9885.963766084922
-19.033669191906647,1793.8506135060834,-391.6175479065553,-4.608920809334357,1720.8253808622155,-402.9846753287913,16.259418665351657,1615.5290005662353,-432.8438063261333,30.187111550369227,1529.4352930024515,-457.04071631566126,40.76068892666398,1449.6691367019057,-478.27391483993154,54.762088971038324,1369.5480570544846,-498.9578029369114,0.01617566955568034,0.019645997766725654,0.017097949452711342,0.016809116809250485,0.014729259128518662,223.905989576279,423.4026605716415,-1011.9364379630806,909.5967782856012,-5141.915997934356,-3642.5620724235305,0.18436338459926796,1.0,0.0,0.0,1.0,-158.12465730367336,2583.0073797040723,-351.56134467685,909.5967782856012,-5141.915997934356,497.91877106053045,-9858.287722581093
-309.8347801329559,2021.477449647464,-254.84587684217158,-296.31953967510333,1953.507523443205,-244.05739893701056,-282.40217617575684,1882.110696217866,-242.88902727376737,-275.7629392894738,1831.4565267061203,-236.218571338572,-258.92323556015344,1768.150508973561,-232.27507100592283,-255.37648650684648,1722.1190724574612,-229.72504210056337,0.014231647042874579,0.019156823909138893,0.013020204377384631,0.016690667011306365,0.012323457295001089,57.22288067375712,156.535119798911,-1012.7838673357787,779.7511071197869,-3968.1775207943065,-3904.6611254555764,0.3933923987474452,1.0,0.0,0.0,1.0,-437.9190723473067,2676.3278455033023,-512.4559003913668,779.7511071197869,-3968.1775207943065,2328.825009095221,-9816.5135977178
599.437971358164,2173.1115491938986,-560.55880196704,566.1292827851288,2072.9138509210115,-544.6240299654037,538.8617749992011,1991.4136808484293,-541.5006568661863,495.0812164378569,1871.828138611682,-519.7124803344466,469.2245443007802,1776.9175346008622,-510.3563255550453,442.2248691448077,1703.794718974064,-505.4255049836347,0.01727328847991405,0.013956589292250382,0.02005021667703441,0.015612292772823375,0.013739261829642413,-132.3073351720568,1.7862077968217918,-820.5134044414054,-2030.7315604759992,-6014.824784470862,-2501.188493488966,0.2810182113435904,1.0,0.0,0.0,1.0,720.5999202278617,2528.0126172745863,-636.534499272525,-2030.7315604759992,-6014.824784470862,1625.0984688752355,-9824.492767533811
-189.79194534062438,1792.845888374164,-124.23351743353142,-185.38315970751117,1744.003413264116,-135.53113197982015,-173.35555633513687,1675.2274466438225,-141.45875082935672,-164.83245654941467,1627.441398719564,-160.94927587615567,-148.46859390570648,1564.8840305102826,-173.0986530639437,-139.7195848316659,1496.2483343460215,-198.7979429198151,0.014311380941454233,0.01534928707534955,0.015185645207586473,0.015630322406935737,0.016221535864841152,11.583405107967772,373.04112730440477,-1009.974374610531,530.0446690822597,-3792.8919929362746,-4165.763103837047,0.29928180249132125,1.0,0.0,0.0,1.0,-324.99495975926675,2781.5275428189316,-323.0062111946649,530.0446690822597,-3792.8919929362746,2002.0838489839216,-9713.144807592063
326.6635673011811,2034.1177952432308,-457.1817739769907,338.2648039849952,1967.2003602627767,-442.86493496254263,349.99318683135687,1896.110400559904,-436.972554373567,354.8405442927366,1829.355076131508,-425.24871370113215,358.25510567387164,1763.9188334741716,-426.14587275891813,368.6530523947409,1685.9261804964904,-431.3541472165994,0.016462336435936864,0.016771459120819315,0.016821068865152417,0.016239177758712003,0.016073470644619392,516.7881366232348,262.77919218331635,-1003.5306695828192,431.41410787615473,-4272.609636330008,-3384.7103316046287,0.3339279238661611,1.0,0.0,0.0,1.0,275.1962362125902,2655.4405885281203,-662.5903711436378,431.41410787615473,-4272.609636330008,2167.0664086075394,-9913.887036093158
-58.678248190203725,1848.1513461287516,-453.2690611786081,-87.08299553010978,1746.1376874358596,-456.60929347149084,-93.0191028402634,1666.9166792573446,-459.4530961631016,-104.70616865562562,1580.1040290074886,-463.3370074731132,-124.4827298721351,1500.3946355781445,-467.87847256924863,-138.05599521764034,1400.0526324646237,-476.14520980326864,0.01821776346498219,0.01437860990073006,0.015785038788078687,0.012139250416504821,0.0174413521027397,-356.8083786843141,72.98159463571764,-894.1202316029563,-967.4137198517376,-5855.687051232214,-2936.873228692575,0.2263017351234662,1.0,0.0,0.0,1.0,64.0165894511922,2620.205461921736,-546.1385764215368,-967.4137198517376,-5855.687051232214,1336.957572686036,-9824.89839397381
403.6180942879616,1579.386504301574,-283.0996571267867,376.4610511910441,1483.3328113801538,-280.6612920398118,335.82807666828717,1374.0622457910704,-290.43384302357055,311.2327959975852,1278.349868243858,-305.1612356094925,279.24840293787884,1174.1833152908846,-312.5686052644759,250.59134881332412,1085.1046891587664,-321.24850871762374,0.016783655110230805,0.01838821232696633,0.015619181823170014,0.01709261686961605,0.01485046014583416,-201.38345420173425,-384.04082762189614,-814.0087950417769,-1886.4302551217165,-6095.0705657944945,-3247.6509971677447,0.2404046850552666,1.0,0.0,0.0,1.0,704.1030682566902,2541.593043959464,-394.09559595795326,-1886.4302551217165,-6095.0705657944945,1498.012667651813,-9886.79930170742
237.42684811328382,2211.252989739798,-197.72538915143988,228.55192343257303,2146.0064723811,-190.24210721346674,206.17559734946457,2084.0117859894835,-175.32259675085737,196.2869021887362,2030.8818683900724,-168.37925768102514,183.41877326488776,1959.9011566872066,-156.9641339992054,154.6674346295856,1890.293831133278,-149.6749952706437,0.01725931671038458,0.015502262263895727,0.015450136038770823,0.014925076252679775,0.016591082386907097,-279.6759313004984,110.45188762184148,-930.5232278372127,-999.3889959195753,-4035.3256854868628,-3922.3053687936217,0.44212102759308525,1.0,0.0,0.0,1.0,354.9360811084317,2672.8836979060025,-408.87605982030146,-999.3889959195753,-4035.3256854868628,2279.322162441145,-9766.342568873655
405.8288934939397,1299.153294352956,-602.7018259648752,388.76108721789717,1211.0315463858249,-611.9135282750034,373.327850305198,1127.8625575459805,-637.9018034326402,347.8689719356634,1034.8005641551474,-649.641585852297,337.8176337581505,937.7687277074779,-675.7996310269132,323.2087824594925,857.9975034497684,-700.4705242623371,0.01693064881851808,0.01679337848646234,0.01841980896986145,0.01858112343355134,0.015155905613452592,190.51255599020254,145.59792792540946,-1011.3492212190632,-963.8806636861659,-5137.103589645483,-2933.817857630733,0.13862253194230734,1.0,0.0,0.0,1.0,648.355871241133,2585.722133007014,-720.8334777836037,-963.8806636861659,-5137.103589645483,1710.5936747445794,-9777.70848921119
242.63243651054125,1850.7952598801091,-331.0595312851236,215.25332535344546,1756.4095794644606,-348.7730394227579,202.63674559277263,1677.995946747452,-362.5909859420851,192.68736355680434,1597.8794510635416,-388.1176788643362,178.17507257475287,1514.1933622797546,-407.0255280293531,162.03003554478468,1430.6305882131644,-434.8570414535972,0.017422803905122408,0.015033661462426712,0.015152801063773147,0.016814993769175834,0.016439566393049138,-32.12260193815059,341.42426618197135,-1013.5593999774185,-923.2081203769433,-5157.90732573507,-3793.640727130001,0.21095012622962223,1.0,0.0,0.0,1.0,392.5531334352436,2714.0616360200975,-324.92380702244844,-923.2081203769433,-5157.90732573507,799.5729316736117,-9985.247084355668
349.3914266065662,1741.6544978060833,-481.89836743291926,322.20592241465215,1654.3356408643308,-492.3172327717073,296.5167392181482,1568.764617280563,-504.94444790521055,273.04532417617094,1455.7526106953462,-524.973750802681,249.13624711626366,1395.664750827096,-545.9900640702223,227.40929071911052,1302.2478847863085,-560.9355038272893,0.014808272172390613,0.016728627885107733,0.01875075717404584,0.0116873141583832,0.01745160604456636,-65.78077596989588,213.3214746768155,-1016.4077059152073,-1494.1275665523558,-5506.572937098059,-3251.0970701631713,0.19737133259141115,1.0,0.0,0.0,1.0,584.1647154803791,2608.6807023144734,-518.8100677031294,-1494.1275665523558,-5506.572937098059,963.2918370041984,-9688.250361304303
-40.076731312065974,1292.452419484433,-399.3904922481998,-9.041181910299722,1197.7223918885804,-431.1944949433589,20.420125211107585,1092.9711048723016,-454.8140328921879,46.30581522987398,999.9800768088933,-483.7111378502573,67.00746332258868,909.791000727649,-518.3443749754088,90.98149359268912,821.6750877468269,-546.4322565027934,0.018046348547685637,0.01741839523344757,0.01698109747553661,0.014167177406690101,0.014488850675374365,289.7714811948519,95.96307982797543,-905.1474751548715,1557.6603179443014,-5709.844163047222,-3454.7435964938245,0.12849481771830001,1.0,0.0,0.0,1.0,-380.0224555211979,2551.196069938279,-330.6420562165216,1557.6603179443014,-5709.844163047222,782.6253688735952,-9854.34643108703
-12.601781873242317,2002.0437391603743,-246.00094677102,-11.402463355286923,1926.824732816259,-234.38024875800917,-15.152653967181273,1828.1887968335252,-234.71538304290118,-14.41853971641158,1723.0227488566134,-231.9743263094312,-10.368795946522939,1659.184439204295,-231.90496000211024,-16.095785140975543,1573.9217773976538,-233.4325492667652,0.014678802732909751,0.016230324826556897,0.01857767036791358,0.01167263840852778,0.01664412803801435,-8.707198220570483,-162.19957737147246,-804.2923479143049,3.2418452066807335,-5519.3017058804935,-3320.020305527857,0.3141750317217339,1.0,0.0,0.0,1.0,-10.344330049944233,2625.0477840981735,-355.9798890999903,3.2418452066807335,-5519.3017058804935,1544.5254191345343,-9632.763811212653
209.3329390131394,1719.8108912739374,-403.6364245217274,196.4759475944163,1653.2299094136056,-425.88139569181703,170.1067947459345,1583.6086650598374,-441.33350648201093,165.89619758578982,1509.3161307658415,-465.10438760483345,144.08062185687854,1441.7175666159317,-490.15336487501986,123.05225012887765,1378.5443293791095,-516.359447866731,0.014644167218795412,0.013509800862649163,0.013628792137356127,0.014653178250295495,0.016055802446718725,-85.06521421816838,456.24766445294335,-1012.07069145808,-1131.7707578085387,-4845.661076942676,-3554.0765259323653,0.1889847237445712,1.0,0.0,0.0,1.0,463.843603318972,2806.3932867701355,-415.3860209127003,-1131.7707578085387,-4845.661076942676,1093.5211834771967,-9582.675689504254
-57.56784027106341,1353.085869688814,-410.9415458120321,-51.41850754346446,1262.453405448805,-441.61282589952583,-42.98965316550946,1154.967444704969,-471.56326817003355,-36.09982106133269,1072.5568117292598,-502.39469257810225,-22.446021148911292,986.8231822141857,-534.3393751457796,-10.531291249000878,885.6383087382068,-565.858668848442,0.014291845612164233,0.018708765672000915,0.014979629947635187,0.016966057346040786,0.016079714279701895,80.96512759639597,64.548421413641,-996.8001241455473,627.792958280781,-5614.194862517091,-3653.786097024092,0.1473648083757262,1.0,0.0,0.0,1.0,-204.68066842135954,2619.0070838589118,-335.41037270185717,627.792958280781,-5614.194862517091,746.5783983705157,-9671.130759109039
256.02105492488784,1987.4817771352086,-391.21114546493004,211.73541415485667,1891.2990353821401,-399.9739822303989,174.92683131367903,1786.2410242955352,-411.3984561955778,114.74517248872172,1666.0093933369915,-419.2307298289397,78.60006476033492,1566.086577890441,-436.5169608291753,40.97563368596748,1452.1175390691515,-454.1096202359394,0.01645791586974317,0.01686956578249857,0.019101910060988547,0.016618775640874384,0.017837553599201694,-478.257204949007,180.0674026587485,-905.132520086084,-2484.863814113758,-6141.157976172438,-3178.2140663005525,0.20823800000495782,1.0,0.0,0.0,1.0,515.6883206964967,2636.5305931277185,-420.39204995266624,-2484.863814113758,-6141.157976172438,754.5117156334613,-9831.814454835028
-280.62781527219687,1638.7925119026597,-390.87858674916464,-267.144068948874,1561.76330004101,-402.31192631261223,-248.00168709627428,1503.6547327214334,-414.275834806091,-234.1810152779203,1426.092914781055,-432.26546908964156,-219.32167106160875,1334.7230260725582,-461.2789143242751,-191.23796424840043,1258.0735440914575,-484.7872600444401,0.015777369980299022,0.013899742749288624,0.013070005897919651,0.019604308121218855,0.013739217658751801,16.494295860748455,288.5174517718993,-1002.7376799134088,1125.413867287236,-5072.367095150086,-3611.5826666868907,0.19171157015403,1.0,0.0,0.0,1.0,-512.4502217642533,2672.5299864924427,-385.601208886277,1125.413867287236,-5072.367095150086,985.4700240182458,-9780.963171713063
-42.51142645574276,2430.072641290054,-277.4101254025829,-56.24969888282525,2350.6132514900073,-267.8244070861498,-71.52077214272573,2232.8650547784937,-250.39579836236442,-85.14352692106887,2139.114876562143,-245.48811829653016,-100.26726667708283,2037.149296799388,-231.3739779914829,-123.55336467140351,1953.8215817945893,-237.4834092289604,0.01499097886185325,0.016961573543154834,0.016211625391835877,0.015459313804718405,0.015114682120458675,-448.03286561652203,-238.79333702047398,-802.2118127297599,-922.6503751262516,-6119.992053012955,-3366.434786742189,0.35818321015874,1.0,0.0,0.0,1.0,-19.000441182815564,2607.0029676305517,-301.38294858803715,-922.6503751262516,-6119.992053012955,1212.3321452724156,-9846.810606483028
-210.02633464551963,1898.3094681482123,-78.09726425588114,-221.6555513280364,1845.1468600913363,-78.06471976700256,-228.24487066350468,1783.7820348136556,-69.6897314111065,-230.65325837118834,1715.6538162401027,-78.5423738889574,-241.82662724487997,1651.3019907853302,-84.52909996512656,-248.82115682987103,1583.8026094673132,-93.46078059522101,0.015006845708165656,0.015632117262496525,0.01656999717550217,0.016582008249321933,0.018407520875658057,-453.86625758512486,151.32435672974452,-970.3366760982259,-536.5978575092761,-3880.456592831116,-4167.926688404151,0.3678415754866693,1.0,0.0,0.0,1.0,-102.39466091654947,2693.0234250341323,-324.1760303166418,-536.5978575092761,-3880.456592831116,2194.917082964204,-9714.265299799023
-367.3333259468375,1535.6169160432614,-484.1704528737288,-364.9086607055056,1458.6978733393166,-500.13877623476765,-354.35493389286324,1371.2829653656845,-542.1334262041906,-351.6809079581538,1264.7304731197103,-568.8552830005236,-339.70831097223413,1180.7951400808574,-605.051222899631,-338.60101565671073,1112.4467730311937,-636.8424819913979,0.014308805078560582,0.017110424046151707,0.017975593975037812,0.013173429385257257,0.010954769150589627,-286.4802095949854,411.1495839478863,-1002.8052400390034,415.13793649953396,-5538.294114582625,-3536.5156775967503,0.12977439644367428,1.0,0.0,0.0,1.0,-448.3840048298046,2571.084288635114,-360.949771155312,415.13793649953396,-5538.294114582625,244.94917050090393,-9696.063713070913
-2.387054439744869,1866.0930101631618,71.73665153459847,6.45574861696501,1793.7888227702856,86.66793366293606,19.29965070864315,1749.1987140203616,87.69495504747563,26.943922096289825,1669.3011131588114,91.47542285707752,38.871922360009584,1618.5733734076546,105.79663367911242,49.818945048847574,1533.290360040481,94.71687226042951,0.018273084586161975,0.012889235710540015,0.014809784504738271,0.015256262983045749,0.019577512208158176,331.2413399113562,-172.28318608645876,-800.381440296254,679.8560477805568,-4117.718827043364,-4193.904849588224,0.41414266958951906,1.0,0.0,0.0,1.0,-134.46005281832555,2648.354210438245,-215.6274791687797,679.8560477805568,-4117.718827043364,2486.59401417954,-9752.553085792366
-234.34105876041528,2169.220987637805,-334.9232916134699,-213.10484551009333,2091.355437450753,-342.8432404003456,-188.4089846478361,2017.0436498800752,-342.364861393791,-170.1677179970585,1934.0759881599802,-345.6559325465666,-142.1719878535227,1867.802737723911,-353.0647402058657,-120.31923271810207,1767.17387747669,-360.21594341422406,0.013035436275499579,0.013820224047849591,0.015591830417143515,0.016462291288178887,0.01567614927018901,347.89446598294376,195.12559653453553,-1005.39637285233,1539.3096307829028,-5180.515191520848,-3599.6096190705634,0.3045149362248347,1.0,0.0,0.0,1.0,-398.67070494676454,2707.675464422151,-402.70086826930867,1539.3096307829028,-5180.515191520848,1114.2673321302677,-9719.333920001705
-166.54855151371282,2059.477136822642,-115.20060535962214,-149.31358715513434,2006.4103519285343,-118.46296762257352,-137.4683889680981,1939.5023702419,-122.0925755247432,-121.99466800011342,1871.057824162087,-124.20180444973579,-104.7399683758534,1813.2580274612733,-135.23150512409683,-93.39831852387185,1747.7840473736192,-150.76523748313798,0.014836815049983715,0.019557784375945214,0.016458859499406397,0.016378878381092976,0.014097656145365123,221.90584109469356,419.9303532888833,-1009.0309319434082,895.5822159135341,-3823.526413789466,-4202.114723631405,0.3494075072084014,1.0,0.0,0.0,1.0,-297.53184413515584,2637.57567328678,-233.34105580184405,895.5822159135341,-3823.526413789466,1527.3220472811868,-9878.339260194129
675.1370688841192,2249.330346453919,-350.07421141736825,668.0650951484068,2163.380516935215,-348.65362023853504,668.9203791696066,2077.9786037964327,-353.80274600988054,667.9238720667171,1990.3194598699752,-371.85991323682094,665.1242592947489,1894.0558382347442,-380.0044402647533,654.3666324105621,1809.0853492470392,-396.1874370085466,0.014508777851826693,0.013345787741776097,0.013840688529543538,0.01567121871997812,0.014891280261202011,582.4284486960248,161.20330060938124,-1019.3532118638805,-276.96031536707216,-6116.5016808628425,-3630.0106629873258,0.2697102086122168,1.0,0.0,0.0,1.0,690.4429716891816,2546.638956145888,-346.36639217890183,-276.96031536707216,-6116.5016808628425,178.79620306435447,-9766.17145141458
-299.96681874032606,2350.705732408468,-310.94199620637016,-275.38881293579504,2255.62421903504,-312.11613826219303,-255.196404747379,2191.0861391834674,-304.72298938382016,-238.50459700032465,2101.8822428786107,-312.0864119102567,-211.98804195689772,2014.6302315547798,-313.5061448729941,-189.963477235736,1934.0807761348728,-314.95176406232986,0.014908477488397652,0.01275298521862428,0.016810916195946365,0.015748010160879927,0.014206764824510595,304.3119413615102,126.97430954075001,-949.9136012102043,1508.300156987816,-5536.877448165219,-3515.7945892307794,0.32643757668282997,1.0,0.0,0.0,1.0,-366.88162849806815,2590.8847739742737,-341.88748495488113,1508.300156987816,-5536.877448165219,783.0929431394434,-9660.42142105667
-205.00451906378854,1851.1897380076678,-254.2408677464319,-214.88788891530527,1775.0204347691322,-244.38949156751818,-217.13305047564077,1707.1822586593746,-234.995859058992,-219.53151406396978,1621.9840529894896,-237.71498831277623,-219.91000533622443,1535.8118161468503,-228.34325523534534,-233.56667985354224,1467.0837793077103,-228.60228754810927,0.01500800841843547,0.015830573140189208,0.01521583989625755,0.014931777073450503,0.015470118102658581,-297.0124078983332,-223.99708459177927,-808.0608600391297,-213.68063001593114,-5041.580068104205,-3394.500305680591,0.33533566325344644,1.0,0.0,0.0,1.0,-173.07764248909365,2700.119354908663,-518.8635235205326,-213.68063001593114,-5041.580068104205,2397.2681107888784,-9985.80761460254
647.8562506216581,2192.512262299564,-539.7054905010335,630.4237955912158,2097.3837247995407,-521.2364096199606,607.2971538540872,2006.2249974709557,-492.81577398482517,587.7084981891649,1924.171677369626,-474.1715000319155,573.0321929628933,1838.234551083617,-465.0574164611568,552.0172068709929,1756.292712116513,-460.25302759215145,0.01900602094920576,0.01490219397365325,0.016751283246949328,0.012958687477722441,0.015833940524551754,166.61737848849828,-139.25165206929398,-806.4078559904273,-1152.009632125208,-5634.441434153941,-2706.997095598747,0.3355102017904461,1.0,0.0,0.0,1.0,713.821953747972,2537.1080291538274,-644.1423054396523,-1152.009632125208,-5634.441434153941,2023.773724858654,-9959.517516752428
227.835522538669,1989.5850224164956,-390.57648203131345,237.6679125053186,1871.098874425707,-410.247731020134,254.45461368828074,1775.139662239142,-420.2885303776095,274.58610009183224,1663.471822677654,-436.4595566300895,282.93857216762393,1564.281550333696,-456.5442172935133,292.6041527560945,1460.4209380369018,-481.58113354132166,0.01764618063312491,0.015372882313676922,0.01627280437951742,0.0174969089618513,0.014530405293451093,495.0667901968699,135.04542107906536,-977.3315933226492,942.8427518395456,-6435.426858149026,-3457.7230366319454,0.20569844468301263,1.0,0.0,0.0,1.0,127.3581169794478,2644.86189575718,-381.3388835364322,942.8427518395456,-6435.426858149026,401.3501659333943,-9895.059493757297
567.0320788495926,2129.3018624261067,-490.3017539817025,551.834661105545,2071.2093247793578,-463.313182577023,537.9317661942566,2009.6600234644452,-439.30426495172316,527.9391617999623,1961.083005340446,-429.88655219131937,514.6617378733714,1928.1358321715354,-416.7282757533791,501.3215835126108,1863.6112836453904,-407.8669122728519,0.01756852149289989,0.01597887136328205,0.014108784175732081,0.010344683863749482,0.016297105802836,82.05726505130076,343.82380283456837,-1014.9306530793361,-992.2348436733329,-3620.022152267137,-3546.234934818105,0.42026179981530626,1.0,0.0,0.0,1.0,717.0875650022313,2660.6379802855295,-798.6582940767314,-992.2348436733329,-3620.022152267137,2870.3838129349683,-10025.96679336417
-3.1848671018092505,1699.4252553705505,-607.2933547677386,5.80485276997984,1599.4326601112375,-623.5200550446505,16.648370597528178,1510.2744722386979,-639.6809741719128,26.16911559987801,1413.8818649506616,-657.5990029704641,32.00022385400597,1329.9026903697186,-675.012380430195,38.70576814374418,1216.302106961681,-710.649839336045,0.016130713129549445,0.01304595945068382,0.015681468851096947,0.015512236187024964,0.017319635564681662,128.00703221878584,406.41894630025627,-1006.1454034003809,610.9908075780176,-6101.612061782588,-2896.4554181751496,0.13363463527436423,1.0,0.0,0.0,1.0,-88.89470447141025,2572.4912282330715,-597.2223246302788,610.9908075780176,-6101.612061782588,592.6634251041434,-9828.503783885339
19.382807575507744,1758.228432517287,-331.72389883890787,34.162880004794026,1669.6432500303067,-331.36262098641043,37.16577387151454,1556.472806547651,-320.3295927715891,51.145430436141936,1470.5578432133111,-314.6659682850801,53.53063716508325,1379.0417811053765,-326.5386264484015,63.62385752605895,1268.4516920743959,-329.1833998927902,0.014747490931426965,0.018738857473791726,0.01504035863594208,0.01716508625334301,0.01928139893715064,191.10469558287994,-375.2457169674341,-813.7361125566681,454.0696012663885,-5745.132875298976,-3104.2997115680378,0.28610634742610086,1.0,0.0,0.0,1.0,-40.47080106297824,2554.7720494350474,-502.16938873926864,454.0696012663885,-5745.132875298976,1882.4694220880326,-9777.978693443267
323.6197230153016,1844.109377150553,-560.4709195913582,346.04666163937577,1772.8170663776116,-549.399051247916,356.6086393141065,1702.3597543404023,-538.537353182718,380.97568726671545,1616.9659420150085,-532.8429232149587,394.02556920871484,1537.1839222660128,-531.8254144951196,419.3141149649096,1434.5692550343301,-523.7755903762403,0.013357801231442978,0.01336542894047113,0.016993512972108687,0.01725748563563606,0.019545131844515506,695.7029907371926,117.2857473028057,-846.0933287642338,1086.9241032063705,-5142.197099215822,-2491.3336509992964,0.25544539265775734,1.0,0.0,0.0,1.0,157.67555965004112,2662.6733114146346,-808.718911225676,1086.9241032063705,-5142.197099215822,2340.3259033687523,-9760.928392662727
240.03802287002654,1924.5908348038215,-448.0498160126486,215.944157823073,1833.6424590301067,-453.5030763067992,200.96582274527066,1759.7055339386554,-447.51152475654914,179.980362991119,1673.6762350204162,-452.39168330488405,166.05821709147054,1594.8967528195312,-466.90678972576814,144.43076465491592,1509.4817435221455,-478.055111046517,0.016845300185670015,0.014103831150154345,0.018628597850766232,0.016138649524591986,0.01623948337589473,-139.38421165393686,210.73353507382103,-1004.9480188119145,-1101.6880886175086,-4930.879825698274,-3291.658595496266,0.264231721648921,1.0,0.0,0.0,1.0,383.9176304393793,2552.9014522804973,-532.1635173287528,-1101.6880886175086,-4930.879825698274,1300.9870103040034,-9668.727591158453
269.0211120846142,2399.9692926378357,-235.54006970322465,283.77418935748926,2328.2412308259313,-217.59668534581846,292.4807942343448,2266.3591149794725,-209.13367638367134,301.1978788998037,2183.4202683162844,-197.59621833700254,318.5616635264713,2096.965216204109,-188.88033687824975,328.34371339392567,2025.5739342282332,-185.81961640311198,0.01674786809709812,0.013201615819078305,0.01651828567721912,0.018432621693729903,0.015148748723828931,585.3007493051399,99.80628853886435,-916.3510233305749,646.6915019641991,-4731.154603999074,-3820.6887057071995,0.4069750175297736,1.0,0.0,0.0,1.0,239.32079575429225,2630.974001678368,-291.8742531576081,646.6915019641991,-4731.154603999074,1486.1961069297477,-9919.41086474195
27.366084958840865,2249.7291669955066,-580.407003107394,23.66070299143272,2133.554727364739,-575.1418448272808,19.60751711301482,2028.8506420091724,-576.683092504729,15.566557942413183,1919.2374303563415,-576.2611826089474,3.614770461851019,1791.0532645214996,-582.302787377046,3.444991168203432,1691.2750674119052,-594.673353197816,0.018473121011176444,0.015192299523420327,0.017301058055617463,0.018908277728280076,0.014753221802777647,-106.22142783534433,69.10526337758091,-1014.983500309323,-430.90896736470296,-6726.807406840629,-2947.4176810970716,0.2414791273784514,1.0,0.0,0.0,1.0,55.369434926419444,2591.658040942819,-607.8099728106802,-430.90896736470296,-6726.807406840629,775.8255344376456,-9928.648574759247
171.7781493600672,2443.950436920274,-156.65990215653576,160.3730081429026,2371.83230597739,-129.1214063110067,157.28543102490903,2309.06623542107,-102.25428062777756,157.60989808386472,2217.3132529583595,-79.27878712315838,144.15897479201988,2153.535076105101,-52.14713104442453,141.68925090525926,2078.7961789464316,-37.49026075863569,0.013636874423612978,0.014382087235109274,0.018785272866498226,0.014917665778116332,0.01415594140011972,-72.81185427555187,-448.2470270915016,-805.5900842483114,-398.28625520163325,-4729.793509562593,-4069.321060040585,0.5349292897016553,1.0,0.0,0.0,1.0,188.06564288151822,2649.767721671998,-254.9060762141413,-398.28625520163325,-4729.793509562593,2387.843172913348,-9858.266004509815
-453.1827856737899,2100.680341147673,-406.5452731641037,-457.24987800703167,2017.1439638565425,-388.3096138445114,-443.65514558217234,1933.2622955261365,-378.94450571153385,-438.63545101189595,1855.9372039986545,-366.1622183868601,-433.06718381499195,1778.2773389909262,-364.0060239629802,-426.4590843077083,1700.0425262542517,-358.040545713567,0.018389845719176415,0.016358409666212298,0.015624761230959267,0.016820024820349166,0.017369105222481,-277.4934519793364,-0.24906321725102742,-944.0677119652703,398.74515348930584,-4726.887904698954,-3383.9032511526043,0.3594501048186991,1.0,0.0,0.0,1.0,-498.79701216589854,2623.1737238906676,-569.5191289458854,398.74515348930584,-4726.887904698954,2034.1786276593261,-9762.309691553013
-25.557867323058343,1980.8293156591235,-559.7727408404771,-22.129748614447664,1885.551851220464,-573.7074899128629,-16.44710073582393,1790.4211772953554,-580.4019960426497,-3.4737453702970718,1693.1265464091323,-587.8944078863285,4.46910129576838,1624.035457305125,-596.5961388299069,11.74677823981487,1525.0746011689005,-611.1192521655347,0.01574283844648393,0.017670839289823242,0.018936112853711412,0.012578790482478452,0.015217052251171731,110.6389576861358,393.69700933835895,-1018.2409583654797,496.99712481679205,-5642.581026529502,-3018.9775550546105,0.20130432637667178,1.0,0.0,0.0,1.0,-85.67490661649714,2622.516514817514,-603.134848026461,496.99712481679205,-5642.581026529502,917.1744647304849,-9964.941822240742
-364.9979456261984,2142.0617021186185,-301.1835637309717,-385.01321721510607,2035.624542924862,-311.9809476001096,-388.1890594628371,1946.6101538843943,-333.94555109070683,-391.63877971415894,1849.1285974445148,-350.43899650770976,-397.51743030515127,1761.3576942329469,-366.94784276226005,-413.10323480905487,1667.7293676523318,-387.93095512745083,0.01642082547027518,0.016888602447758763,0.016486975066808032,0.015370865399448264,0.014984220512028468,-550.204191088143,299.6374422468506,-1017.8235382761237,-569.1829209274438,-5839.874685890634,-3824.5892382860866,0.23403194521256807,1.0,0.0,0.0,1.0,-322.5310227171643,2635.5873166031047,-267.1354288268295,-569.1829209274438,-5839.874685890634,71.14869103960945,-9739.344823314235
206.9845665595563,1730.8301864621417,-352.88828521592797,220.16553499278442,1663.9276593388179,-350.51657194877805,229.82683954956755,1594.835831823445,-356.56750327226644,240.3992250020554,1509.4462335480712,-361.42755037070873,257.00285659867785,1453.2626968631744,-365.5012562668825,258.0229712360752,1380.7124259044483,-375.29891557878375,0.015910020477140824,0.01603141486492826,0.017796970552003577,0.013523209175765605,0.016338327721416745,451.4631720627958,154.46076464629687,-985.5353041014735,666.901235440226,-4316.4766552255505,-3521.7165425494177,0.28541854821410795,1.0,0.0,0.0,1.0,51.32243079865941,2744.3467577816205,-624.4548513793821,666.901235440226,-4316.4766552255505,2318.1150334757717,-9733.052626708646
-205.78240064572702,1734.6516177679678,-527.6169377103449,-201.11418338703922,1668.6987382149532,-530.473894526383,-187.0332964212272,1595.7436564542486,-535.2794456520525,-179.92252341053558,1529.1029629606253,-540.9805705201347,-174.34469277067743,1465.173894027655,-543.0907596920281,-162.59788076286605,1388.3911199198585,-565.3191515912113,0.015815973901531416,0.01862181767938967,0.01543198885486155,0.015308924443265481,0.018932525712496595,-52.64791244040541,438.54980655955603,-1014.1419255689171,479.517445676048,-4159.457433044992,-3111.354651369308,0.22838933806188033,1.0,0.0,0.0,1.0,-299.5993969635707,2580.6703845777324,-731.0317317664246,479.517445676048,-4159.457433044992,2011.897588058667,-9948.062600831017
-117.00400468839801,1744.2646173338367,-386.7892355392117,-128.1058243902765,1681.0148017541248,-396.3185377224047,-133.54537810857875,1600.3364579550416,-413.79655653904655,-130.7294811841492,1526.8561071051993,-434.78009459230697,-142.28287910156953,1443.1918198255948,-454.77972683336685,-152.69952235004436,1363.9156101513831,-472.0527505082255,0.012547959922558638,0.01731481937349058,0.014602418515661214,0.015992216587480096,0.01665443557314425,-241.38103196556585,309.1430693121183,-1008.9745626862054,-425.2801837321782,-5041.233241055763,-3584.737376619345,0.20838241294533913,1.0,0.0,0.0,1.0,-50.004949286085605,2577.698027787211,-396.06546272810215,-425.2801837321782,-5041.233241055763,860.696932361115,-9878.74290884546
144.21235129214492,2143.703098925425,-517.1351987744536,144.24485945609996,2081.6311680085987,-491.19812586814703,136.40813959657152,2004.4872122216764,-468.47725896846134,125.02285784433974,1943.3555668219904,-442.13160858440364,118.37151184803525,1879.788500413097,-434.1105102746356,113.78354158550587,1820.737390764064,-416.6110510994995,0.01481757955241085,0.017977257937056942,0.01588819834237168,0.014554796635366102,0.015413591560301115,-102.72537810822062,71.2641925796768,-969.8353613301606,-508.5955624522394,-4132.05680530312,-3382.251094177422,0.42188870693939173,1.0,0.0,0.0,1.0,204.9749371753844,2571.1585597880644,-718.7686914718096,-508.5955624522394,-4132.05680530312,2552.278631835772,-9809.140042997
-474.8639303287971,1902.65904016663,-70.65547267835082,-479.7692455348738,1837.1216271592148,-75.98563586071191,-487.34793276803504,1754.25204686425,-81.94620054940063,-491.33931287198055,1700.2155627621619,-98.54426371392894,-494.8586776633705,1627.882838844725,-115.94815602828528,-503.0419165859455,1553.7940130434463,-135.1701307839176,0.01683192321410612,0.018024044423598368,0.014162016367538138,0.016561790727408543,0.016695542905144856,-633.0111871385924,206.32560441152737,-1017.6127711203482,-408.7339814020639,-4216.8618233447,-4357.354048365276,0.31949116373309855,1.0,0.0,0.0,1.0,-391.85813811137393,2694.274080184899,-180.19865896498152,-408.7339814020639,-4216.8618233447,1518.6621427538737,-9959.34947647315
10.149785175410173,1963.5870430944587,-334.2555168576459,-10.905851659944442,1868.9084086399162,-347.33737855897493,-21.115301614180026,1772.3004157689531,-368.9489329421629,-48.835170854403636,1677.0146317367382,-383.1763850500764,-51.63490317780213,1585.8698343418419,-397.7768520678485,-69.6373650778125,1494.7930977179092,-414.9950621817444,0.015256466247735037,0.01655313118823326,0.015350737984404034,0.01598815043305568,0.01643161829348197,-281.09772869207,93.30172770988304,-996.8452778061434,-929.7843435374892,-6046.629753165996,-3634.694066943953,0.230512354480049,1.0,0.0,0.0,1.0,100.11385215830057,2572.4199265079415,-332.5750708790583,-929.7843435374892,-6046.629753165996,394.3515941289109,-9826.940636763082
-85.36409312833291,1507.827536769953,-289.8600779182981,-74.00455897340807,1421.0206061199526,-305.744586490094,-64.04929249358317,1321.7290973055729,-334.51979697278716,-47.88534245731522,1248.3758809213052,-348.4881398332245,-36.219197801237364,1164.3408586396276,-383.55971662972695,-27.99824592411885,1088.075057544781,-406.2429369893969,0.017111756213282425,0.018241726898417493,0.016225250583118023,0.015334552632441323,0.013423570548047936,112.19643050083758,49.13217869604954,-966.4307940763241,699.0858570878311,-5214.348271635545,-3781.1425876584253,0.19982549261465637,1.0,0.0,0.0,1.0,-226.8602101867603,2578.0910904392886,-284.7399250421596,699.0858570878311,-5214.348271635545,970.0462205072313,-9796.26558384672
615.1444804664051,2440.2332439771435,-630.5255100489574,583.0545657669859,2360.5675057414674,-598.9731383004095,550.5711763668412,2270.0173753776517,-581.18179225594,520.1084618132604,2184.119885768412,-561.7787183982244,495.67926876014167,2099.638121441195,-529.8933741931501,461.5014355014271,2005.602048707168,-517.5969697426211,0.013431183264904757,0.016501245326018786,0.016812560257439157,0.017410497775403988,0.01890301904636771,-201.35657354719916,51.447885516268684,-838.8574523314951,-1757.3842442962498,-5210.002627165425,-2673.5433456626743,0.3734725300751296,1.0,0.0,0.0,1.0,677.3355486009259,2656.4491990989836,-715.471084214709,-1757.3842442962498,-5210.002627165425,2179.997873195533,-9707.082437716408
462.7408677363053,2356.522259586339,-336.9142006105117,444.221117032663,2272.056322519505,-312.5866136206579,413.4683056113681,2170.9365109723503,-302.7201410132418,388.89116809715847,2059.4212653264844,-297.11011765364424,357.8250581523689,1962.3586379012277,-282.19595465743254,339.92253833148,1881.7413218763465,-283.49503248755485,0.014246646046289453,0.017242415257105334,0.01805480833742902,0.016231917167038964,0.01328382666615105,-197.324820913014,-138.53314046766533,-810.6652757099765,-1540.1272874902886,-5814.154010698688,-3193.488882779781,0.348337966046162,1.0,0.0,0.0,1.0,518.8343677699706,2565.048474507223,-374.76456915253107,-1540.1272874902886,-5814.154010698688,1318.647134145606,-9703.518315968582
-173.6941640286642,1684.6525181369282,-443.30422178601896,-138.56190424862515,1581.0454793201775,-442.3050575621325,-102.22267069727968,1473.7667831924705,-451.38892415393775,-69.63202177433483,1368.7149973536912,-457.90693052964906,-35.07974979581666,1252.744272022422,-466.5134008427546,1.4308952107412196,1148.6963015928866,-472.39187688983816,0.015289619396376464,0.015318682056057492,0.016411047966654047,0.01682290246066595,0.019437224160277433,421.93276638473395,-58.735857811707604,-810.0473889009954,2174.5099189275816,-6396.973399350969,-2689.3384949435394,0.18764713991463303,1.0,0.0,0.0,1.0,-458.74375078093703,2532.0383689254363,-532.9093348881086,2174.5099189275816,-6396.973399350969,1320.7555121638425,-9901.46668421576
487.57968638464405,2389.663656720699,-303.36594861219766,471.68456351769737,2306.489167580398,-307.15134858350854,461.0168952706873,2191.298688992613,-313.8298289507479,447.5897694162695,2082.710931363591,-333.24410128008503,437.5300444049319,1976.4553367258545,-347.9962832687436,425.89107479324304,1874.5229694047937,-370.85767451916377,0.015434686168323792,0.01585101856157909,0.01848889971831258,0.014732985133302137,0.01754594256337326,247.04093377447253,300.70777463480454,-1019.6792307933956,-711.7113086855957,-6245.6046350828465,-3805.142483139489,0.2521541299665766,1.0,0.0,0.0,1.0,506.8155614447153,2580.353466440043,-285.69305222257515,-711.7113086855957,-6245.6046350828465,-216.6995912211816,-9831.350388817275
251.367748920673,2156.9842370929923,-165.9300295722851,242.71037153813606,2092.0765984955087,-148.16321191808836,232.1913210249782,2023.0587069024848,-140.90668243798328,210.69948745042842,1918.8122097308005,-133.00272712044642,201.36687589670893,1870.9933472748737,-126.99565491774788,193.77943608871064,1800.3208841788492,-126.80857825984125,0.015699606499923524,0.013584179596971752,0.019233337164611924,0.013553796574458876,0.0129151060253542,-100.66248411306887,-6.5186189544432125,-885.8549980471948,-751.9968418396206,-4570.984311355104,-3822.1419657105025,0.397180824468398,1.0,0.0,0.0,1.0,358.0555894090994,2781.7818109721666,-354.76737850825737,-751.9968418396206,-4570.984311355104,2080.8710819762796,-9677.070569978328
530.1620719613504,2424.752057936979,-376.9364873730401,528.9061271576124,2354.921542258968,-357.0862967689894,505.53328905551217,2287.439197843661,-338.12918795497836,488.8774274316315,2202.23017531669,-322.17208302168365,466.8579422173359,2114.3145514199805,-303.783870445088,448.7414731241563,2030.5558496690535,-295.41335955999165,0.014544037571103813,0.012935142960681684,0.017643016856442748,0.016318186866041043,0.01556386322117527,-51.82264333900459,-104.46135563080719,-807.197516236374,-1230.2795737001488,-5216.459157244372,-3280.635369839203,0.40836866062446814,1.0,0.0,0.0,1.0,594.0741328535737,2634.1797019224928,-448.6729419868075,-1230.2795737001488,-5216.459157244372,1914.827467936096,-9896.11969100056
454.7310901257615,2194.274816574805,-169.6255721761189,461.1958208693057,2108.8586214515317,-164.60063600130593,468.2014263777549,2035.3766986785163,-156.44426471150325,463.82822553279067,1948.6990740226909,-153.51608682908793,463.7214666991672,1863.0658983186472,-154.97418745165925,469.51279974538846,1781.1064858745233,-151.40727952198858,0.013814436635417426,0.012890855020067718,0.018465832701001064,0.014498707392994775,0.016316521130279427,519.3249101485818,-188.37249463018068,-814.8760973015911,133.5172677630648,-5482.19288186131,-3595.9224805176586,0.3577654474099993,1.0,0.0,0.0,1.0,450.56351725060176,2634.956839528394,-259.19445567298897,133.5172677630648,-5482.19288186131,1437.9355227366746,-9774.481559717155
112.55004872952846,2307.7147158982443,-377.79471880727357,94.21409543240019,2243.6040718317554,-365.3189050823255,86.57898073935097,2184.586687398503,-361.20839288869445,72.43475552938096,2121.4764241659045,-358.25776715757183,60.93285478742265,2052.8339427093256,-357.5112634727969,35.75595876968146,1975.7846800817374,-352.49255786588503,0.016255745409198497,0.011078483117079901,0.015677891880692907,0.014563517044269475,0.017756053493490298,-299.9598058718781,363.5400954933192,-1018.7318767049412,-912.9270230859116,-4313.94571844774,-3588.889041364132,0.37369170268829455,1.0,0.0,0.0,1.0,247.79640797966852,2951.9075265619704,-599.9385538623903,-912.9270230859116,-4313.94571844774,2192.911298555642,-9636.333899866298
-165.247060075563,1815.101051667051,-364.20700054907,-167.90609438661252,1737.9051323171577,-381.6013851650455,-158.1885647575601,1684.391235292451,-370.0557721342861,-158.3311401648036,1622.888397896057,-380.5055983959088,-153.1559427534472,1557.9404552420615,-394.8278027460251,-145.87673258164943,1485.8406262039234,-401.77524891808565,0.01728961481314889,0.012156789775452814,0.01833654355470693,0.014215635659474035,0.014601006562226404,-65.6478981194966,335.5285637049463,-1010.1429636066672,285.72496057319694,-4173.915506693841,-3554.438630600147,0.27683564588109477,1.0,0.0,0.0,1.0,-232.79700005481658,2777.2691351208414,-603.9063586356344,285.72496057319694,-4173.915506693841,2165.5955366820745,-9777.836183388403
487.24608999468126,2228.384766422031,-284.1052345962244,458.9017496281191,2132.759568259363,-279.90696763037255,439.3366922154048,2060.167595918278,-271.7728969251765,414.2470305763287,1954.0209710917445,-276.379317259958,391.4736376375839,1884.1885912206772,-271.82477166009795,375.45792453192735,1788.7605467582484,-279.6824713357024,0.01967881766138492,0.013106854557386291,0.019430017917500556,0.014225740302833398,0.017217871293208148,-66.4034224312774,28.417963774609238,-913.2490509995934,-1342.7252840744295,-5404.342922344948,-3559.3905066690995,0.32511622136286544,1.0,0.0,0.0,1.0,571.391087504076,2595.48085188846,-333.469135378393,-1342.7252840744295,-5404.342922344948,1118.2119145798292,-9847.58404473458
-400.8707166188601,2404.263302510379,-90.89697309240039,-382.50281595327175,2337.6042789630856,-82.88089759858148,-384.6896148018466,2278.190587608844,-73.32083454556134,-390.83134791796033,2216.4780736702514,-58.636178257340816,-379.14716366598094,2128.332277196213,-56.70980799988884,-369.534010546285,2073.3261845851416,-49.35426627757821,0.01586341166306686,0.016382764957224336,0.016859242345988734,0.019615127289870526,0.017136303959127214,-242.19944455872633,329.89833366922585,-999.5019280132784,288.2672356831189,-3859.252740681132,-4339.662494389535,0.4507534359984372,1.0,0.0,0.0,1.0,-425.2491392175086,2780.5238240017443,-236.61786220969145,288.2672356831189,-3859.252740681132,1936.8780351656394,-9884.315794575074
-161.8302097944093,1609.1408712470075,-89.37203472704374,-166.06663463312015,1522.2124358591896,-92.25063577687713,-167.77962307641045,1427.0630995330457,-95.4791157496706,-161.06197917378313,1335.4078671306181,-113.48421008225282,-167.1879152043163,1253.7024865732062,-116.08927482667555,-162.21888235162706,1177.4695141928826,-127.89419922434803,0.016112423897488404,0.016421618728954868,0.015571556067501519,0.01549220303763249,0.014988018636623524,-144.92833583816395,-421.47477028920446,-815.0921934353245,50.23249476592942,-5388.97770110055,-3778.4814604196577,0.2970005673246673,1.0,0.0,0.0,1.0,-174.06318280240356,2704.132296349114,-280.5324818234602,50.23249476592942,-5388.97770110055,1935.1721100339118,-9851.126845609591
515.8686311632409,2164.060363129671,-201.22103085128424,491.2545876427153,2097.1947795528813,-201.91546045094154,474.14031860213873,2032.3929884913334,-201.80878881948504,453.53105176011263,1961.6298650250449,-220.1583578343675,423.1025093164446,1874.9678254831126,-236.378150125335,408.77111686183974,1814.4692465765374,-248.26196985232176,0.01616237607636342,0.014465472895803966,0.01453745902361614,0.019678363888502942,0.013412338087415099,-24.92132625675554,405.5750424822622,-1005.6640409076846,-1426.276070024493,-4667.457527298044,-3988.2726095913413,0.30101428921171736,1.0,0.0,0.0,1.0,695.3480891056124,2762.6410937677697,-233.72012015654798,-1426.276070024493,-4667.457527298044,931.0689630521958,-9741.270440878301
527.1757291339383,1760.014388519051,-419.426133557237,536.1912650995804,1693.1939735768706,-410.81744015044995,525.4944248336956,1637.6247361295566,-411.0978248579734,530.2814502912119,1576.0050739517003,-414.9155783160862,531.5583984497517,1507.0633910812699,-412.137257307858,534.7390330229157,1459.751284511809,-422.91515172018387,0.01702492566703015,0.014009661872354834,0.015224810520862525,0.015485891589155504,0.015723197227028696,531.6706871882932,247.796333325359,-1019.3348314656358,4.307884915630865,-3823.812870862197,-3447.061113415567,0.3163279846406238,1.0,0.0,0.0,1.0,529.1074956634966,2522.9649914883626,-693.1777366832787,4.307884915630865,-3823.812870862197,2350.7347443992307,-9744.194719016461
226.175060710807,1848.1553274003345,-255.04693525993375,206.15491244705117,1760.6826614611825,-256.8586626293728,175.26356822446942,1673.6620069513788,-282.77429860184077,166.55888323897736,1606.909950520763,-285.2960166563147,143.19589306609927,1529.6429813699103,-310.04320026219375,134.17745579933987,1455.6614299309963,-321.8944152283514,0.015492798761607057,0.01927188813684083,0.014019108550466758,0.015128575607288808,0.01578866728952988,-186.68699628785333,136.0361419693022,-1001.269926531932,-1200.4200265615182,-5014.700828097263,-3881.7664653078273,0.26204043849220293,1.0,0.0,0.0,1.0,449.53561778975075,2793.8275808608587,-344.2363767609087,-1200.4200265615182,-5014.700828097263,1402.394579379436,-9970.11517865521
258.2049815034263,2249.8273679580507,-67.52162147913614,227.8450126867203,2177.970346544666,-71.53905815749089,192.0335613541731,2090.02265550966,-73.01349411243292,169.76880266281677,2024.6069219297183,-77.9358148831848,140.25861598149825,1953.0605647534574,-81.83652797796175,121.74683252083811,1889.1164341533324,-85.78361816005902,0.0171382689587721,0.0174310272679494,0.015231386800794278,0.014460980804706897,0.016880473066833324,-505.7640638027732,219.58640059234966,-955.477555747873,-1707.9537479476446,-4576.32589604842,-4178.308499615475,0.3632908098227138,1.0,0.0,0.0,1.0,484.8491100068617,2873.855420300437,-186.80615492559878,-1707.9537479476446,-4576.32589604842,1527.7174622972836,-9837.975796401299
506.7484481150261,1448.7270587482255,-435.18623899767425,514.144941676428,1384.9662856668667,-447.72751621240633,519.9268925258691,1295.1217077244542,-467.85075359982847,526.4031144053291,1207.1666568056985,-483.66582361415,526.9286059798865,1128.5721028130558,-511.50797310707094,533.2353866640991,1024.1704825674017,-521.649992119068,0.010835079622932786,0.016171229554438782,0.016223303488855423,0.014895548747672127,0.01596123382316228,598.9797319731737,67.60142886730227,-929.6321582735137,362.669781747828,-5653.16435580619,-3194.577528849648,0.17039826612005882,1.0,0.0,0.0,1.0,435.77833018664944,2611.5253889800892,-484.8046150689328,362.669781747828,-5653.16435580619,1217.566225718165,-9804.763899039579
422.7999756396461,2188.9244321959027,-215.0522441161142,396.2424107740249,2109.1782833955403,-227.52349668538315,354.54649311832907,1989.460968926111,-244.80498346045965,310.3016214159385,1876.3308034098452,-258.6177858751608,273.1811522736865,1762.5011769500802,-286.58771230898856,239.26889910464553,1644.5168789565266,-303.62771554793164,0.014052742951645977,0.016989587742095427,0.017164720647512816,0.017318017830324703,0.016988333372583223,-314.56383670303006,98.5045583295207,-918.305524944526,-2369.2891593511354,-6682.011413901229,-3768.26170446132,0.23108212498363717,1.0,0.0,0.0,1.0,550.2267064601349,2537.438724403472,-195.71527260100777,-2369.2891593511354,-6682.011413901229,-191.136938516866,-9800.341824505342
146.96156141260045,2399.467213879961,-116.24538950675941,131.57631994853125,2325.834697757665,-108.57977772120482,127.99605622191248,2227.7213780217103,-81.22068079881788,114.06936899877483,2147.1491282309316,-71.97939260122389,95.1748164141042,2067.8427195256836,-58.51548331105975,82.26428615444644,1961.9738477578896,-42.38689255878408,0.013780151780876965,0.01766272998819686,0.014082909600686533,0.015916240004837018,0.02061589407599007,-262.9172363442327,-414.93576253168675,-811.7376943002554,-771.1079234896785,-5290.046480336243,-3900.1719900547682,0.4497483656850934,1.0,0.0,0.0,1.0,211.31413660191902,2838.4428228751017,-261.14228918425295,-771.1079234896785,-5290.046480336243,2109.617827075895,-9772.01596281408
-125.93284940125272,1855.8832721522779,-257.77605846461375,-110.03251545307413,1777.635316307208,-269.48800975804886,-94.54571751076267,1688.7496319850818,-282.9395543561064,-84.50821283327467,1600.2802925651188,-295.53408387497797,-75.96175120947258,1510.5518630081347,-322.38751243197237,-63.23748852525752,1451.3469130290646,-334.3558306269746,0.017688480390186417,0.016590791465869226,0.019071875314747883,0.017054484119400304,0.016152627222055127,119.415052511119,188.68084683460268,-1016.2794674264368,698.6376593380191,-4827.107802685041,-3904.3017692537055,0.25973139714545024,1.0,0.0,0.0,1.0,-219.42421226782045,2529.8281311368482,-285.1898936324744,698.6376593380191,-4827.107802685041,889.4994030930416,-9884.126128549988
-119.87291220069302,2019.616207622396,-134.12104458390147,-89.70141287895193,1958.3223060220134,-120.96208244002976,-86.83020526396982,1898.491221502582,-114.20615629284647,-60.808141560529165,1823.5017866831645,-97.27347677132407,-46.59164100731243,1746.6616721743856,-84.66233452514854,-30.538419672714415,1669.6134808870236,-78.45829457699442,0.014123061516335966,0.01189750325721281,0.01671224729857196,0.017301822525148725,0.015093442265193185,368.6103184970162,-317.5462725229657,-809.4835367300776,936.0130960653156,-4595.903009816066,-3821.2989267531657,0.4345544879939389,1.0,0.0,0.0,1.0,-253.83839038641884,2738.729229004724,-448.2500889926986,936.0130960653156,-4595.903009816066,2734.8825425806,-9858.919502757535
298.89576628995343,1984.5567338068413,-406.0383664702989,299.6978886057957,1912.33375707635,-416.17134196954277,290.46682183904835,1831.4853878910285,-422.48575185538124,290.21692570106836,1757.118096451251,-427.7781027698986,284.2875508545612,1676.6672443711795,-437.4129022763062,272.3994259724277,1607.5232642479982,-454.3902119161324,0.01557203541683247,0.016882286850342515,0.014585779002681959,0.018325178665598185,0.012804615916979095,166.1305288612379,383.0621763128696,-1012.6599743976111,-421.841853048349,-4864.342990511954,-3487.3344648568627,0.25242299732286866,1.0,0.0,0.0,1.0,370.72382758968854,2742.268526711166,-493.0701933479121,-421.841853048349,-4864.342990511954,1344.696192486974,-9962.949808956366
459.032328557238,1486.9564482480023,-541.0851285042759,454.19818709038594,1411.4030849220744,-544.5679723455386,461.7503845969997,1328.4090578589119,-557.0919378007698,457.8663607711692,1262.3008735750577,-573.0111735680607,454.3060501810893,1159.599065758285,-592.3718560696391,462.36296783633424,1085.1865709710555,-618.6376802503884,0.016159367362808902,0.017514946116324037,0.013432300611515513,0.020282939498611874,0.015254165113183282,445.06429492048994,262.50342483012355,-1008.1534004817256,-36.36234154781809,-4863.135866310673,-3118.6912141180114,0.16989636937976416,1.0,0.0,0.0,1.0,463.2454656943986,2694.071357985462,-674.4445039399436,-36.36234154781809,-4863.135866310673,1783.8556279508703,-9805.093684137752
36.13443741963134,1885.5490409186423,-150.7187721869413,60.64711764917386,1805.1272152931654,-153.89596050201195,88.53682783227408,1725.5177796158187,-148.6866423865701,110.66911410837473,1640.9234065276012,-154.10503895775034,137.24964897708196,1573.545048065813,-152.23932640260526,155.06935020938434,1493.4714655699343,-164.1863907985174,0.01815104851131169,0.01408479172516422,0.018639904498169046,0.01550035780173753,0.016590531328143004,627.2283611195032,-57.25692488178011,-803.6771377588285,1446.0759746076242,-4782.788599599427,-3573.99146402814,0.32329752166376663,1.0,0.0,0.0,1.0,-175.3438047877293,2597.1907478959024,-324.96018356963157,1446.0759746076242,-4782.788599599427,1848.8853228058088,-9770.94916546658
257.8456537982735,2209.759354689028,49.744734087133686,258.36355940165197,2163.7903416304416,57.59631183898556,258.9686590544917,2103.0051924915933,72.87767654784867,257.8209566345659,2036.292992423586,66.74873096703517,254.274886890358,1984.5092705960838,69.25605557414181,260.44962816167947,1925.9053239380112,73.8112463595973,0.013834067915886705,0.012537260082764956,0.021416577591202912,0.013230522623927932,0.017237974115610233,254.80406766207503,273.5008388464213,-1009.063333975396,-11.677595067016455,-3632.9862221503536,-4630.1315566986705,0.4544123164417627,1.0,0.0,0.0,1.0,263.38710003633537,2943.7457121269244,-284.30781195343127,-11.677595067016455,-3632.9862221503536,2658.007687251147,-9915.835706054184
-56.778188810707974,1968.8265584610447,-54.95512232157671,-71.64562361418437,1899.0436513917143,-54.997923070086514,-85.7988757867729,1808.4440085367573,-64.75306333483442,-88.21393506588815,1748.574464366019,-70.65083258293662,-99.99351155745603,1692.3768581007776,-75.89430691807726,-104.97080649572497,1617.6707888495657,-86.0419464157854,0.018849365060299633,0.015998280737796633,0.01406835647493343,0.01447019652329512,0.016356758964058887,-265.76856089887394,74.94874872098524,-940.3760661552373,-480.43497407832297,-4455.95750740314,-4159.8228739755,0.3451946364375038,1.0,0.0,0.0,1.0,15.285898936944477,2681.6838905518184,-188.1324765104647,-480.43497407832297,-4455.95750740314,1588.0499179249928,-9825.423575898285
157.78173769344698,1483.0204387164988,-451.59481248970656,147.45150139828345,1397.0624117909215,-483.41198646134205,140.41925044031515,1326.819791449282,-512.1829860414229,139.2373978018218,1239.365202218018,-550.199664048093,122.13715616399554,1159.7921332061724,-589.5607061207197,116.4670039111379,1063.7447060231027,-637.550614653894,0.016456463877468047,0.014729240136714977,0.015142536182961047,0.016525159919849375,0.01815611862211869,70.87769224051888,467.06634215309384,-1007.3999082583836,-420.60153390642324,-5176.904430698199,-3839.75985172904,0.11563346895427506,1.0,0.0,0.0,1.0,241.22131347261973,2563.712636585866,-265.7399637595977,-420.60153390642324,-5176.904430698199,177.2416072905927,-9918.522121036127
365.7223476682159,2354.6397846937903,-139.35008074315257,351.7890144695907,2291.8329070357822,-121.46523637881835,332.9493250657301,2230.793302082127,-100.32142507944866,317.4624882476985,2165.834334084381,-91.35066844634227,298.6579127365904,2092.257364554366,-73.9433682839345,276.9282504326191,2029.5122018485633,-57.38470334814118,0.014005349888147209,0.013899631649670535,0.015078726631971615,0.017791817174513433,0.01523200855158291,-246.2520825352005,-8.045807602946667,-842.670885224098,-1113.2975833462965,-4313.444482085157,-3942.589954722748,0.47145764299419324,1.0,0.0,0.0,1.0,438.42593122277253,2644.722548879428,-252.56891672215727,-1113.2975833462965,-4313.444482085157,2023.5591628465186,-9701.055475722378
-384.97569810711786,1920.4069047557355,-168.43743880200427,-387.6221119878582,1863.146240313768,-163.70857837640554,-383.74007019678993,1794.0698638113345,-160.36057637176188,-377.8913864847333,1717.407350820896,-167.78277498164815,-367.0242689508623,1635.1287323680976,-171.9284269559574,-358.9409926382159,1546.124480082772,-189.68163238407774,0.013718885976766598,0.015808703578154698,0.0178433788918457,0.01606314800219072,0.022112982802626024,-244.1323860911364,49.89898392189866,-987.9192469880979,360.29557256118096,-4469.642093179581,-4045.856696566423,0.33252648669658863,1.0,0.0,0.0,1.0,-462.1112074906483,2754.0324502955414,-353.8939490491543,360.29557256118096,-4469.642093179581,1949.9052984211473,-9910.350404938123
526.5054104638709,2361.9375786303845,-672.4465728078748,509.4969185452072,2258.2964196003404,-666.0721571921146,484.38469951697095,2166.756329119439,-648.1703038296229,458.0516853556242,2090.3891706285112,-654.8645683893377,437.96188561898356,1996.8572658435817,-644.9676160836834,416.89332180370053,1909.2745773214986,-647.5837569202722,0.019111023852090785,0.014457334199301002,0.014259235872134943,0.01656322253673108,0.01492657071872816,20.83133001441344,385.48706620077115,-1011.6340223059447,-1500.4233541178305,-5775.326204265441,-2649.9489657252143,0.263162074497279,1.0,0.0,0.0,1.0,590.9922045791895,2580.1110238216424,-700.1325940209874,-1500.4233541178305,-5775.326204265441,1010.4677642254512,-9632.67560513334
378.68685865702327,1959.6546403345374,-8.37250574559156,376.06762952637143,1892.5679650290692,13.741602552701927,363.5506134174781,1832.3275386388743,14.457120965459557,355.91804935088425,1741.0160145071427,14.508315276857626,346.6474142047545,1668.740012057028,26.748749687350276,335.92366630055693,1596.9038610092798,19.93158454472671,0.016917196865601475,0.013580232228058625,0.01896268523603381,0.016559325137612158,0.015930894766647025,114.02207154546315,-221.64073998999507,-808.6651478250377,-552.8918357390621,-4545.557452724826,-4039.6786905098506,0.3990750795294091,1.0,0.0,0.0,1.0,478.93068313324284,2778.4271788083893,-286.17420681814167,-552.8918357390621,-4545.557452724826,2456.3728086707742,-9842.502271485799
332.5521399320173,2182.307726381991,-531.5163542417358,338.8521862439102,2106.2179466636585,-517.8458705421407,351.4178254898433,2017.3018316287564,-503.1217241517346,356.8459932585194,1954.3835395890217,-488.764081546688,369.38913346055415,1867.963366962188,-478.7060524788746,382.70933238472554,1764.5176744380758,-466.0766166274674,0.014321274163092534,0.017296329083155898,0.01061764785244873,0.01652697915757606,0.01933513672924861,599.4046075348797,33.421331423353166,-819.08364604777,664.3289307131632,-5325.377008581059,-2671.4984374561577,0.3248819879506798,1.0,0.0,0.0,1.0,257.2752082175981,2775.990490842594,-738.6641587141459,664.3289307131632,-5325.377008581059,2359.189748781893,-9768.326575219518
-89.03890628064666,2294.9304290435243,-557.0429820054654,-80.72780472872671,2206.8240407176027,-547.3881978279858,-67.56708699595329,2120.8806770733568,-540.6883738652368,-61.01463106405045,2035.3905018045832,-533.7794885692318,-45.64764424599099,1949.7401169915704,-531.0496761955563,-40.109389519118814,1859.4239140355864,-533.9826231189782,0.015450792165688607,0.0174583054757175,0.01538040975632804,0.016951756403467022,0.01652841005660996,166.54347009035484,171.1549473002483,-1009.819565740214,646.4871157957357,-5323.003990999515,-3088.4928590990185,0.3177146802147673,1.0,0.0,0.0,1.0,-137.3054743336411,2672.966823070015,-644.0513138632252,646.4871157957357,-5323.003990999515,1532.032212813972,-9830.904408325518
14.469815249456824,1921.11512077244,-187.4641513871156,29.042667780202667,1852.2912055388178,-169.10309011763943,52.59410060247852,1780.7027243087666,-155.1527287029059,65.64784372352908,1712.9532169299048,-138.3081510903735,84.13481794050287,1653.7630934513788,-125.74263929171317,97.3844920373554,1589.6366987857891,-120.76128095726315,0.016675392770618275,0.014651490032677184,0.01893533811885123,0.01449002831525592,0.016177876719406237,539.4678295209322,-114.05796186847773,-811.8725981814794,1040.7360527862306,-4074.7135480397837,-3693.816175662906,0.41843540582376215,1.0,0.0,0.0,1.0,-157.82532584584288,2616.0001153181743,-522.2634041986317,1040.7360527862306,-4074.7135480397837,2829.3111189976917,-9736.010887553137
-150.29078676568028,2014.7611263252445,-367.8660450686155,-121.88606301707846,1918.746417998781,-381.8355140085179,-94.0578942888685,1835.0445270688035,-390.2236919557547,-60.53696974246698,1757.2370360762277,-407.13345481323597,-46.67831697944244,1689.109386789089,-412.74912995989223,-12.09329401034745,1602.8641671139906,-433.68455369441415,0.01750682163052729,0.015682362609695577,0.01715491585432899,0.014626695905182147,0.017168170866677573,384.7265988786711,372.971280308549,-1005.6664582230045,1627.396561507295,-5037.434793492843,-3551.4706926031304,0.24327947294274027,1.0,0.0,0.0,1.0,-331.3278881845383,2589.442589445398,-396.0850341997306,1627.396561507295,-5037.434793492843,780.6460379518834,-9845.719842170498
-119.51333024588565,1445.933432499372,-309.3158193099816,-131.75855806054093,1356.205526372438,-327.1313929953544,-142.2497361700582,1251.5097265549211,-361.00681484004997,-140.72507771837016,1178.5729266178762,-380.0745723377322,-146.9200419153262,1082.5246167179378,-407.197563718634,-157.3272359270619,988.5974648578879,-439.36290387212256,0.015836128457424437,0.017474589327257872,0.014289149469396911,0.018507119896330415,0.01671320286617145,-225.67393418191736,24.74699542552611,-929.1378635004739,-403.5378583507985,-5527.963286972507,-3665.5823969149774,0.17376877660394296,1.0,0.0,0.0,1.0,-33.993451465288445,2650.529556737464,-287.1444331691606,-403.5378583507985,-5527.963286972507,962.4521639410262,-9743.230654433699
-20.71707422718209,2350.9108715178368,-378.8103867306115,-21.401018774725035,2273.890305911416,-361.3313586562137,-22.318592131793512,2198.559989292274,-339.8603524138179,-22.95792716285192,2130.8511676481457,-323.72019609388894,-33.821004301684674,2052.681266279046,-307.81543769905875,-17.777044353756878,1979.6572911250428,-301.5494206807049,0.017420174103763245,0.015487776935418349,0.015066991028427873,0.017281661975159957,0.01366491444969839,-60.72910588834076,24.078397512205907,-946.5485691908256,-81.42755798251254,-4587.043839419576,-3641.0480881528633,0.42773430469261303,1.0,0.0,0.0,1.0,-11.465433308920751,2799.2399203610535,-565.2269832503896,-81.42755798251254,-4587.043839419576,2380.480861903495,-9952.940413316306
-128.13142164319555,1705.3975184761184,-193.43523341834538,-144.50029002470728,1652.632261307509,-202.56320948829097,-168.3935446521698,1583.4498974964,-212.78811336440776,-181.17729021489532,1512.7477990208763,-223.52660778713172,-214.42722581789718,1430.042136906105,-235.81057672958434,-229.00155356450185,1366.7378535614184,-245.81598590466612,0.011488486902887979,0.016260640147334943,0.016128165990894505,0.016812449289832554,0.017151370724839854,-592.1639195219364,172.32510627223826,-904.9420435594899,-1330.568217007498,-4384.7961246722,-3711.8647783590077,0.2707866929899194,1.0,0.0,0.0,1.0,159.60712308730035,2649.7349167120324,-350.05216558260656,-1330.568217007498,-4384.7961246722,1747.6528209187036,-9662.863007571163
244.0998054234885,2199.228636645909,-212.34750371708117,225.0848909679539,2147.752208085066,-192.24144646758867,204.39424252883725,2077.366484260485,-177.56035569369686,186.31449033001235,2002.2725577073172,-157.5164097656681,156.65604692039767,1919.0704918258991,-136.05329206394552,141.8804997123739,1848.1849084321157,-127.39141759523483,0.014382605982178845,0.015146596894486747,0.017262815901786938,0.017894102414285518,0.016134434045157242,-437.4383104361318,-160.82483917162767,-817.2138475005189,-1272.2070297588962,-4400.5551706382075,-3732.9468175770835,0.4565917387837948,1.0,0.0,0.0,1.0,338.6079777167953,2523.5138149176755,-347.32650896224135,-1272.2070297588962,-4400.5551706382075,2192.332592861424,-9713.572803997562
536.5825924498785,1845.8140107687716,-251.4141737093653,535.6998168725318,1778.1065744081732,-268.38762664781854,511.5957823294125,1705.4020970365668,-282.10222836753263,489.26432819141513,1626.8699383309327,-307.3661345221849,476.67411647758456,1556.7612546499652,-320.14878301797273,461.11671014654837,1488.4374412889308,-343.6374510703732,0.01603898491851735,0.017212522103736555,0.01796305310072971,0.01759806983016654,0.015203738442837289,232.14803845582446,434.50516936437725,-1009.6593850341029,-936.7156796862782,-4258.062574069527,-3911.464984497538,0.24630105645036077,1.0,0.0,0.0,1.0,752.0252406817062,2797.729897972957,-358.66674372174856,-936.7156796862782,-4258.062574069527,1565.545556344911,-9868.487460977372
-252.80774837764525,1590.91019916838,-291.9053638687035,-266.2828826713117,1529.0601796850085,-310.4505076776802,-274.16473179302966,1453.2347436216364,-333.9593021666286,-283.15390872374894,1386.4121355637749,-346.57741459614107,-291.7677749818518,1320.19452783932,-370.15055629264214,-303.32293269769383,1253.57174727063,-393.3269178758919,0.015744274628507332,0.016251943702935034,0.012736647355288233,0.014972627688416784,0.012224244779029059,-458.09424224172363,255.06431502548458,-1018.5117138371339,-696.2852645041373,-4608.3043571686185,-3909.7114908386284,0.21824316977906438,1.0,0.0,0.0,1.0,-99.50733102209256,2628.3410589673226,-288.5515829041759,-696.2852645041373,-4608.3043571686185,1074.9148658562674,-9678.886129504657
-72.91254289725023,2154.4900387667444,-329.07149391864823,-47.95325999778431,2071.388059708584,-303.62832073366,-26.141509904487464,2017.725175175051,-295.31716578103476,-14.136502675553178,1948.8700009036963,-290.5678834729487,2.3189189854611194,1896.2626089298062,-276.0313374190441,27.79316167005257,1838.7888496409737,-274.17395640578184,0.018418569271192453,0.014044788445607553,0.01619428836116585,0.011966220784915438,0.017182274159233707,529.0065762110682,218.59814980043126,-951.0816588703584,1277.052540888199,-4078.0586054952305,-3689.95462850766,0.3961289585514072,1.0,0.0,0.0,1.0,-243.61021102629263,2685.82360612505,-553.9577321837689,1277.052540888199,-4078.0586054952305,2377.1482592957927,-10028.269236038752
-342.37239351157507,1624.2038269125792,-252.70693371083337,-320.29569279727707,1515.9232244387788,-259.4356939063269,-307.2746464172944,1418.522364263884,-278.1719811429619,-283.1716016736437,1317.7931602400542,-288.27998573367813,-264.8249738708286,1214.05532061744,-316.6886502005077,-252.4985858244642,1136.7097716525068,-333.3968527482157,0.01673452556638222,0.016762449593045875,0.01510062825325792,0.01929791994603486,0.009803029487623155,-28.52593088040163,-109.50191551486515,-808.1117116352981,1138.239974798915,-6261.6720432500315,-3383.7298783215915,0.19972108008900447,1.0,0.0,0.0,1.0,-512.2779201699394,2551.708702866396,-262.16301476583897,1138.239974798915,-6261.6720432500315,814.5595401123755,-9878.32804337404
232.3356391310429,1980.0072016377376,-295.76802080538766,221.1724951342106,1894.5111332194163,-312.9430367202422,209.65224467471975,1795.286238330564,-323.98266698184875,199.39685472648887,1702.5789864583674,-346.5887148985558,182.5995536834677,1619.3829265927016,-370.99000981936825,169.23458275568188,1535.4628148055156,-389.2833322979656,0.017448184365823127,0.018514448067668193,0.014422057936882116,0.016207725153056574,0.014279626577423266,-26.475176476987755,242.18539017713155,-1016.3860773780003,-850.825407986169,-5616.161983725116,-3832.1235766772875,0.23022695284938255,1.0,0.0,0.0,1.0,347.8880030369262,2713.2966630161854,-263.05520664804885,-850.825407986169,-5616.161983725116,407.8923460866032,-9636.39982446339
-299.55179367606786,2233.9138351598663,-353.31014911799537,-258.0635149410354,2150.2084927858486,-369.9563289487109,-221.51046502859944,2045.411483663778,-385.9550326904058,-173.43954632537893,1945.0333734493581,-389.63990184944186,-137.69794812146398,1864.398642867603,-409.23806926164895,-98.03242205504338,1772.809938629615,-427.2718477828512,0.01520508686341468,0.015056742053512248,0.016188887437135882,0.01323741126537814,0.01618704387037892,523.3493943907457,299.7677752565992,-1011.5603208886723,2636.082569405612,-6187.355057393145,-3619.5289055764233,0.23686649568076867,1.0,0.0,0.0,1.0,-425.640330595274,2527.2155959181305,-339.2596346212267,2636.082569405612,-6187.355057393145,-115.47490702050067,-9733.48332932201
-213.64795043956352,1939.4266175854575,-212.80234193596425,-208.58614143923194,1875.9337694845249,-218.6754473958501,-196.71632040592175,1802.4110159073991,-226.82539878142066,-189.30110906674372,1742.8649327143257,-234.6717041937634,-170.74293556107352,1677.1755165015036,-250.46411950535878,-161.95230732857394,1611.6024219489082,-262.85036564616587,0.016034868221076415,0.017682003816689773,0.0140519729005881,0.01613048292682631,0.015109998807110503,46.74047876875012,385.3623910103709,-1009.5327913517077,703.3608222509009,-4152.616994750642,-3983.638720220221,0.2967978470700103,1.0,0.0,0.0,1.0,-343.62477758049977,2690.0648230969796,-321.4734154663919,703.3608222509009,-4152.616994750642,1504.1454737866509,-9887.899448661039
-74.97283084004312,1689.2732795631343,-446.4855567352372,-63.97539379215307,1584.383936146384,-471.3434839688625,-52.43083359449366,1471.745191235451,-496.43908407145796,-58.720524080361805,1386.9488584716526,-523.4084891929566,-56.246823739427306,1291.8920782836988,-541.6044237752019,-49.94115215827731,1185.4036318767253,-583.4163475381764,0.016096248167220384,0.016455475693093524,0.01287297025819839,0.014050201765096665,0.01871088274116417,-8.463785959935283,171.25797528207914,-1003.1274850053783,281.0435142908904,-6492.630179438689,-3483.522702101889,0.15488092597002676,1.0,0.0,0.0,1.0,-111.0446686761104,2541.067990777198,-374.9617327157534,281.0435142908904,-6492.630179438689,41.518579966951904,-9657.6473481338
399.3712170725545,2139.931355323823,-133.9573569913085,396.15007882930234,2076.5727369889746,-113.70992504035561,390.7847749961455,2016.032389763121,-99.09310204289177,383.38261865458276,1972.653283686799,-83.04894765419779,379.19306099924876,1902.4094841565839,-76.04345857058645,374.80271246616115,1843.5325075115968,-63.20049014804421,0.016025302813184122,0.017449359184097235,0.012740918680052088,0.01915958421253397,0.017646790628863873,240.98734992237883,131.04465081246383,-1019.5709301112474,-281.0433947366622,-3511.105372080928,-4305.259525434292,0.4880556179863716,1.0,0.0,0.0,1.0,434.9072922906755,2553.707357548306,-345.2641819433473,-281.0433947366622,-3511.105372080928,2350.74721190414,-9646.386575852795
-159.83164399553965,2070.4016949498878,-187.03488865448745,-130.9852603311834,2000.266364739833,-188.79548809627386,-120.07876634073949,1921.434373857831,-197.01926821167672,-104.7584919285614,1841.9529064465319,-201.19093653868075,-80.18350392175537,1781.614777369226,-212.23978281713613,-60.857877140426375,1699.3097118742705,-228.95995009806444,0.015851687527885683,0.015251178081451322,0.014905886106793387,0.014210073637482168,0.016777785395757694,366.7457263630859,232.3412282545366,-1004.3507678876101,1352.1014898875683,-4708.20657876573,-3997.2850703021863,0.3127425055098709,1.0,0.0,0.0,1.0,-329.5865409290124,2657.067616318893,-236.98834132723937,1352.1014898875683,-4708.20657876573,1017.2368118153108,-9736.935693432024
49.051147270804385,2344.958437505817,-385.59545314890914,58.287273238884715,2241.9745490249093,-370.34588775560826,71.28637191477918,2152.937777925583,-369.1182094388714,81.15823970982606,2055.6432275253255,-365.1380628778843,84.15042489773039,1982.4799485794451,-365.3616101152328,97.87718442204482,1896.9093432517768,-358.8595286931007,0.0195828995038446,0.014518399695611105,0.01649756885169186,0.011596599469752819,0.014572779581071726,329.28661605957075,43.59125656058718,-891.6476328683415,714.3737766541819,-5836.6678073688745,-3197.571190946237,0.3182916237390278,1.0,0.0,0.0,1.0,18.53402321500141,2582.5417527660484,-419.9881944789695,714.3737766541819,-5836.6678073688745,1029.0220489261383,-9716.30629855719
98.2903243226415,1686.63279310961,-209.43613939456404,103.45560308801659,1627.8642391806059,-218.60505426850864,116.10969187225315,1560.312332632447,-239.58698580376017,119.30722455681169,1487.5181043859563,-258.70706465866317,120.31287008029403,1417.6600814707422,-289.1317546275931,122.4599725394621,1344.4501015153644,-322.46767711234,0.014462336704041623,0.017939267500222816,0.01463862043620845,0.01527915307122163,0.018679036800126003,164.15709802327268,357.6184287230999,-1019.7431688575388,193.92481754390332,-4247.994966122518,-4147.83395082496,0.2318268984808916,1.0,0.0,0.0,1.0,64.28581698816174,2545.335836276189,-187.6277107740558,193.92481754390332,-4247.994966122518,916.3176087531884,-9833.303999180882
158.120850941016,1593.8317481377687,-554.3357156591317,131.33585654925812,1499.3155483948447,-556.2935524268639,96.30269237800997,1398.4354954294058,-571.2439424107913,63.117516106226695,1302.7593496696213,-588.549742382023,28.68402523892094,1203.984921146399,-602.8680575193443,-6.6769067084247,1111.0131271842754,-622.4537930383973,0.013507732790714516,0.017109231350200593,0.014955544850840635,0.016111227194398198,0.014646652974846047,-345.1960889794984,146.78530869906206,-943.4485349914921,-2170.530096900146,-6165.666561204192,-2802.604601224813,0.15733795952756652,1.0,0.0,0.0,1.0,512.163299296059,2582.2236003747166,-598.019414142255,-2170.530096900146,-6165.666561204192,1053.5963943932275,-9762.534166121619
357.585804654504,1666.5596615245724,-388.5779765317723,356.8593597418464,1591.7133932279849,-398.0850426907717,362.72258556962663,1511.5379808168452,-409.4930509770882,357.65609218471417,1427.4059145141982,-420.95607172402663,357.73041632592555,1350.6890045504929,-442.1990472543996,357.4151411155261,1265.3081443440528,-456.5406796291783,0.014530008112336984,0.016195472501500774,0.01707157726204961,0.013521570071887118,0.01869677458255886,340.023161993897,107.44050951280774,-1012.4814426060744,-55.14456713870564,-5042.252408064561,-3541.925179344578,0.22870640056618402,1.0,0.0,0.0,1.0,367.31972272755354,2603.35545150476,-468.24889873792216,-55.14456713870564,-5042.252408064561,1343.0058101803224,-9868.547453585645
65.6319695473525,2272.5471154116244,-154.74781262400495,63.6802664919214,2213.370060202214,-145.0818154035211,47.068063070430085,2144.8796506471945,-136.84355871499176,47.31493560694911,2078.443130545171,-132.559430819766,38.763627996636565,2005.7196304730571,-125.26713281867332,33.099048560973806,1938.070231407981,-127.78255251890161,0.014254107237346186,0.01394428513193613,0.01832659050759547,0.016391499057189562,0.01571996442987253,-121.05537142616981,209.15328713618226,-1003.7547791889892,-387.70145774829587,-4247.022880491727,-4148.511561562387,0.4063164796288177,1.0,0.0,0.0,1.0,119.31953237777338,2842.3074730410626,-324.6163731588274,-387.70145774829587,-4247.022880491727,1957.742509852189,-9848.796889378342
-425.40316819938903,2096.4475876725787,-251.93600465855917,-422.8889803474195,2019.7472244277062,-242.00334520131145,-423.39739124198104,1946.6958826314503,-235.36515042701387,-418.45249910238834,1885.3272717235318,-229.77817625128472,-404.6609122675547,1798.9647593828324,-240.54782981517025,-405.6191148368807,1720.997163194224,-230.33515372269787,0.01663870066014908,0.016579452185173343,0.015915831494669297,0.018807507193501632,0.01605015592605033,-310.0947926522092,49.44521616146312,-982.286050238045,260.0107939961681,-4486.132720605649,-3859.1846686751887,0.3723271770396821,1.0,0.0,0.0,1.0,-463.50116110995134,2696.263521318799,-431.2155239037392,260.0107939961681,-4486.132720605649,1991.1489861860166,-9915.819754002048
260.1645198153181,1573.0017575270654,-329.8994397824253,277.12759688355334,1513.5386880183366,-332.797746197833,291.4564165905488,1434.4882436287642,-334.15500821698214,296.482666482765,1358.143679508212,-337.4063926569734,303.0957048235285,1286.9823228217208,-345.7257041705003,309.73374205123264,1216.927048528213,-353.0122595725662,0.014530643576344537,0.014615741733126575,0.017334971697042567,0.014854875558237834,0.015293055283695345,482.7587351020675,19.5830917854491,-804.0784304957288,660.6173068021865,-4728.147654150389,-3027.8982995103747,0.2525887606732724,1.0,0.0,0.0,1.0,112.81304329284137,2667.345778109667,-638.3358383280811,660.6173068021865,-4728.147654150389,2435.9604703402024,-9756.890660447469
-23.049349108607345,1341.2808490882512,-248.8605896219536,-64.54657382674458,1226.9130566833135,-276.8572270975374,-82.75667199697918,1140.368585037271,-283.9730737518234,-118.442223235346,1028.0871821778157,-306.1264923042272,-142.31196747432415,950.1404049890334,-326.0275641800007,-177.36847403120848,861.9593862987352,-352.87297809281205,0.018503399400722265,0.014551268190779038,0.016886669345197586,0.013017240391465984,0.015379729712312051,-500.8850144778146,-229.44009810564162,-803.8675890226141,-1882.3998464631272,-6141.55454104561,-3397.3733404439695,0.1768504978269111,1.0,0.0,0.0,1.0,355.60691566290745,2564.967218070109,-267.2712507581724,-1882.3998464631272,-6141.55454104561,1038.7081173035667,-9749.629577467113
-428.5481685217234,1908.262744783003,41.640289163080425,-426.8347157804396,1854.7556346645797,53.73383691889393,-419.04911493752024,1812.1016171150266,61.683651525097986,-413.1555865483434,1764.6306599006575,69.65207197434174,-412.95703006659966,1713.3121243986889,72.13731250616523,-399.1924940391902,1658.516944036116,80.95133915250041,0.018746156033148303,0.015507661313358484,0.01559217134513985,0.011012546470258788,0.01883179560376197,-255.8916046844694,174.92676423059282,-1011.6840795831339,309.1546039000444,-3090.665232771877,-4600.819079172767,0.4814027173742156,1.0,0.0,0.0,1.0,-497.03219572650767,2585.6456457926593,-387.3646387057546,309.1546039000444,-3090.665232771877,3000.0,-9744.639845093274
-211.79941197979838,2129.9107748148267,-550.8194562738191,-213.13309783383878,2033.0985820065807,-543.0731321849219,-196.984255468216,1934.4906464249914,-528.8964219824853,-187.32224720194486,1852.035040722258,-518.9726877415687,-182.91911644580773,1790.187329414036,-514.6559088929342,-180.17171568155663,1703.7247091983722,-510.32632641483866,0.019215733853689895,0.018693992510068536,0.016257418890817138,0.013896701757872582,0.016067614362821503,-22.851521082435468,51.14309728771727,-992.0058152713439,470.4482492683591,-5071.924350691306,-3081.9909682201924,0.32574592077948195,1.0,0.0,0.0,1.0,-269.83685194832447,2713.9033814006525,-735.1892739995785,470.4482492683591,-5071.924350691306,2103.642239565861,-9877.396586259158
-291.88004417420757,1311.776123330761,-329.5954770930373,-302.028660090292,1223.9300309557095,-339.423344415314,-319.3815261444512,1128.9827409886211,-359.5317242391144,-338.64816293305137,1049.6873666288138,-374.70357118389194,-344.7460859090031,949.2854929160413,-395.4222295212509,-358.1540488076267,864.2750783644206,-410.3857564573102,0.015089092376994934,0.01518251088785022,0.015877545919646713,0.015142924030582428,0.013227183435764178,-497.07470614482475,-174.3845251398337,-803.751963312447,-842.4362453501127,-5915.250355067502,-3123.5164968869394,0.1768173128462206,1.0,0.0,0.0,1.0,-105.34185205702317,2576.2068899665546,-410.46652021179193,-842.4362453501127,-5915.250355067502,1431.9662039809023,-9796.736991113645
6.209246261412446,2019.9463769918095,-286.905110924892,-2.160333874934029,1948.8519762817978,-270.01009454227676,-23.09251174680271,1881.0742850837505,-252.84992315389823,-31.896906655782104,1805.1058202355555,-243.94808447772544,-43.580578281594576,1723.0570645867224,-231.97757627996654,-58.13179305674138,1643.3669253742148,-229.0257084197094,0.016816050133317773,0.0144399798434178,0.015635877028878697,0.01726901348742277,0.015305442264710672,-361.67452694503356,-163.95926522392122,-810.2466016749484,-786.4323661848199,-4710.035259500869,-3417.0257264994125,0.38545851220786287,1.0,0.0,0.0,1.0,102.32056910400956,2614.9615378815947,-513.6063259460259,-786.4323661848199,-4710.035259500869,2411.465469791208,-9878.798637780721
383.0377790416006,1844.1839822782786,-668.6993614978963,378.00982305060745,1737.5823958133717,-651.7264755861466,365.9011546273721,1656.5506097815085,-655.6436520773963,351.5444470923479,1555.3773912770043,-658.3759282615067,336.4398105184409,1459.5793455889743,-655.4217765050005,340.4616028653744,1369.4505810645867,-655.8045840525614,0.016713848895579406,0.016352667385478054,0.014236524873138562,0.017234694135398104,0.014545417387018367,188.3219662629926,17.722316407817285,-964.1126994160824,-626.2938558452388,-6028.060190587084,-2478.0432365211977,0.22430707112766735,1.0,0.0,0.0,1.0,451.3653857179912,2549.50759645439,-791.1243961988943,-626.2938558452388,-6028.060190587084,1654.289411677463,-9838.88725761586
173.6974413090859,1568.344709990715,-501.4343388181309,167.89271996779175,1489.4404191612816,-524.5112122314183,174.2161165609365,1419.3777299294213,-542.9840127908886,181.50975828098555,1341.1301329439564,-557.6397405489122,180.54266135113846,1259.3489231812314,-579.2921749129225,173.5072720594087,1181.7089978654526,-607.2272011621476,0.015655079983104198,0.01636953423376236,0.015348489479908745,0.018736393434483467,0.01514748634916735,193.2836277095024,417.9604741479991,-1005.038379258203,71.54262604191749,-4831.823121655476,-3251.7527952788823,0.1571469593990562,1.0,0.0,0.0,1.0,160.3740197302202,2640.5991101095196,-532.8375827780015,71.54262604191749,-4831.823121655476,1198.7058540606158,-9674.910107259773
-349.31591573770027,2332.456134948435,-196.4411994081931,-344.22699911717444,2231.3866517809765,-186.5034022619672,-339.5525295217043,2143.2730491579214,-177.19000450585182,-332.2741379790068,2068.183094847327,-175.83201739971227,-329.80874170309085,1989.430382505481,-164.32034524291137,-322.0126263609454,1891.3682593810183,-170.48098652701208,0.01665892787572837,0.01352938026522027,0.012852998569110721,0.014922704054238123,0.016278217061783035,-156.03436886008456,-250.32030888413453,-813.7997489728167,445.68220006269854,-5861.6368792867,-3557.736720751082,0.36527674175677005,1.0,0.0,0.0,1.0,-374.41864689080614,2621.881761966352,-244.52764246153254,445.68220006269854,-5861.6368792867,1234.1771023376768,-9779.415965487271
545.7594324201657,2142.8106198036235,-146.7446576498551,524.8725626551134,2062.934457470094,-151.15257443722712,503.3897331831008,1977.5703193633228,-153.26540438186493,483.3195445737968,1908.80655350743,-154.35500248716409,455.71388704585144,1819.1955055961073,-172.38495051216717,421.9204093403627,1728.2558080286653,-187.2579242888605,0.01800522492836798,0.016121027565151658,0.015138723626408113,0.019648276447750718,0.016803978952451254,-46.30782782318627,122.14100181213342,-1019.6497895972319,-1409.6064412382432,-4792.433586138178,-4144.613664774722,0.3359985115772203,1.0,0.0,0.0,1.0,693.7355538268926,2638.168634534678,-203.2613230201997,-1409.6064412382432,-4792.433586138178,1034.562363528891,-9865.097196768793
-179.74140673297086,2181.9632141043294,-532.3055776876056,-204.57282090096243,2080.387215879906,-525.2719698624977,-224.95796600930854,1972.4547042057698,-509.20005545034365,-237.75584583179116,1889.0536296923103,-508.2658160735326,-262.9478345750215,1786.0989213317162,-503.4821690625612,-284.51119362058404,1670.0855528112181,-502.8032743003426,0.017738361154198752,0.016138298606434176,0.013732366333321089,0.01856475263335619,0.017781996195240957,-598.7390988700217,97.38912714616981,-868.5985547992902,-1211.722182122183,-6148.226802783846,-2689.1299060962733,0.2554916542772227,1.0,0.0,0.0,1.0,-114.05022602114798,2556.6798482597087,-589.3471605702771,-1211.722182122183,-6148.226802783846,1292.8729349512,-9955.007102618687
45.79436240200802,1436.3036479138736,-296.91610495729446,45.7791568633545,1363.7370510860508,-286.85854718801875,45.55389689809214,1287.951095753041,-289.2016917159731,43.844045899313635,1221.3917951718417,-294.6728834185299,46.675873071051434,1127.680751783436,-296.7643683340187,44.81840366944735,1044.4244000907947,-303.8223902713119,0.013789263778497068,0.014758460921267175,0.013875829738344864,0.017336651425441385,0.01543951781472791,37.148468046364314,-341.33599734899417,-809.5299354358308,-26.07607669706283,-5142.958312410854,-3233.609983102605,0.2708584186229876,1.0,0.0,0.0,1.0,51.881451380205135,2564.4354491631384,-582.200845070314,-26.07607669706283,-5142.958312410854,2428.905238445906,-10022.150834599119
409.76010123194504,2092.3428555731457,-389.13355295407746,390.25521196078137,2021.9396797536924,-368.07851337897097,388.07457967967656,1936.1548911467248,-362.6199857155944,370.75312384193467,1866.9158707231766,-349.08628768024766,366.61005453401543,1798.7416173717638,-337.81484485981673,351.6361326229529,1721.3778584119118,-321.5681791489705,0.01593229940876595,0.0167184736386351,0.014445574698649988,0.014362850275496247,0.016679989484234548,131.36514569686275,-47.100821422682245,-852.8873847501598,-616.2322427761784,-4849.556888280453,-3162.263375241073,0.36362389839476184,1.0,0.0,0.0,1.0,494.9421689348072,2814.13774266279,-649.689574036509,-616.2322427761784,-4849.556888280453,2473.4572372286943,-9552.068834694519
-198.12665478027535,1416.5999917727834,-428.36820645521897,-161.33740490820435,1292.2812212005135,-455.1189823139556,-144.21592366616696,1197.1002053397303,-476.854595536502,-115.39056821684107,1098.2839910675339,-505.18380503505284,-93.96156215188556,997.4342524359056,-532.1774051654379,-69.94682096105906,887.6972974334917,-560.6560594798937,0.021739562332394796,0.013404422055694476,0.01668653718015317,0.015046489159655368,0.015533324321239494,131.32488977990027,35.477730392670466,-925.0083957326004,1517.6146133821667,-6429.826557123234,-3364.2007119364466,0.13383900959432016,1.0,0.0,0.0,1.0,-460.5448094391451,2543.110087670728,-361.3515993416257,1517.6146133821667,-6429.826557123234,473.6530381365606,-9840.650641212826
-46.360797630536226,2036.0485687499452,-530.0276209588365,-68.00170210491979,1959.6163684984172,-524.1079455871079,-79.2297554676206,1877.067569501743,-537.5625158036165,-96.21359652522416,1799.3488340144502,-546.7563231650865,-112.63918849006811,1708.3806167792502,-554.3061938915969,-141.71680748312858,1612.0096131486737,-566.6773421998874,0.013340134297309778,0.014713097979070888,0.013849088065446435,0.016263114760125708,0.016805468610703117,-395.86423978733006,338.43614505101914,-1011.0482809881936,-1172.927876662185,-5747.941616521234,-3108.5812731411506,0.22148913327089753,1.0,0.0,0.0,1.0,85.03618964416603,2695.0922078247318,-569.4449379357068,-1172.927876662185,-5747.941616521234,954.4186241046195,-9909.755846940903
-104.71043438625523,1680.0496384093442,-262.7248195542945,-110.61371915101367,1577.677629307016,-261.52618397326285,-102.8257687048719,1484.5973988291792,-252.45898263224618,-102.010767337549,1415.5354297679598,-261.08206788639944,-99.92385695570827,1332.4691201541575,-258.61101115095295,-110.13165171337496,1267.9061626396017,-257.3009509000276,0.018395218505699168,0.01652279333958523,0.013847284711908742,0.01297212185470309,0.013585152882742285,-105.19890706523148,-379.9678311418077,-804.8522996861234,11.657426694862593,-5511.152561624911,-3285.6238132503076,0.29854874461833014,1.0,0.0,0.0,1.0,-111.49391748045684,2596.0545521356494,-469.4124634122156,11.657426694862593,-5511.152561624911,2043.2540492728656,-9868.292338005873
82.6777433195482,2145.3279749021453,116.66987027096535,88.69081365896163,2099.786708144875,139.13261542278875,104.61486189675541,2035.0724236920653,139.69491589180387,122.6312950877173,1976.1518237165612,140.87245465933808,125.70358019150598,1909.2810555582207,148.49696501761852,136.895955644614,1851.90526848694,145.3019906418387,0.014223036924835314,0.01586773033412764,0.01687593155490491,0.016578960647417734,0.013950640137496362,473.5102277738217,120.77840588281038,-916.0014790419463,741.5231425301236,-3800.6130409777998,-4585.033876496836,0.4560083108514716,1.0,0.0,0.0,1.0,-64.09405056051855,2876.222860591719,-183.86720380953068,741.5231425301236,-3800.6130409777998,2565.3531172349976,-9862.60274997495
19.372860717247853,2295.4144509906837,16.56149216863097,4.975088491749252,2241.3937303303906,34.87726763535426,-3.8674285132833175,2184.3324089415532,54.987832181615154,-10.173042367935354,2137.0350224035033,67.23689180631403,-11.982221347948453,2088.2793209087417,83.8744185561211,-24.03529269202443,2024.6751105146539,100.60711242959005,0.014376234941612512,0.01709654271509524,0.016515512763449786,0.012727979780245618,0.01728439610841312,-269.2723320105262,141.30687592132196,-964.8866827536741,-455.1931612032813,-3436.347482799893,-4584.6199949834945,0.5496790361578983,1.0,0.0,0.0,1.0,65.29464147388603,2667.0222757792435,-204.46689752393775,-455.1931612032813,-3436.347482799893,2515.450511365161,-9659.959872583207
-196.55970328951676,2206.387705012798,-17.90997671494683,-190.02675941364703,2152.668265395833,-18.991152552305046,-180.48288184865336,2101.0259908813314,-11.945435404799268,-174.3285780906263,2044.2344187949827,-16.207706885249227,-161.99472772778404,1995.1781357165526,-16.1239370920284,-149.88531210543348,1938.370565297064,-17.719609544046797,0.01608231452364617,0.013269428163073027,0.016281462672949443,0.013670068054371959,0.014234980629003663,109.20952069802931,432.9787717854651,-1012.0300060213457,625.0394749394544,-3664.3889046744916,-4412.578642008318,0.41128341668943746,1.0,0.0,0.0,1.0,-300.191335387314,2833.153504347262,-213.3974520260748,625.0394749394544,-3664.3889046744916,1974.005958053295,-9750.51083978873
164.8253047860678,2086.819190125139,-547.9214904989378,182.39632528594936,1987.5764809131192,-548.3208855632886,199.55565472130556,1895.8217744822352,-549.0000069262942,216.75721373013906,1806.314572270023,-557.6922036276984,238.56563009536632,1705.5510708473166,-567.7063190833061,259.8528815492761,1606.7132925980968,-580.835047411052,0.016904239335079216,0.015028704843254678,0.015405003798737715,0.01999606688762795,0.01568854348285617,509.43330226884444,303.4216429705514,-1016.5883952773231,1108.6790804933312,-5702.6364863563385,-3038.3826428691327,0.22944494468290447,1.0,0.0,0.0,1.0,54.874879266578205,2641.502602376651,-593.6679685799106,1108.6790804933312,-5702.6364863563385,975.3561711744536,-9789.606863520952
-462.15837087831295,2390.969336325893,-377.5348341034371,-461.794465422306,2332.1251122978483,-344.3966600101602,-456.187844303711,2264.4612665447376,-331.16979700666195,-449.8613525047978,2194.150897643688,-293.4040540734083,-437.35518068821943,2140.5325431200754,-279.26087750888394,-438.96337633364084,2077.957740834526,-269.11519028417246,0.017272440990562812,0.018732592030940937,0.01665181932241723,0.013266978278087788,0.01796054313700786,-284.63297345197344,138.13174827108762,-1019.3128154722564,311.67659249120754,-3887.541492370992,-3951.336172551407,0.4980142706261978,1.0,0.0,0.0,1.0,-479.4308437589798,2567.8451810029574,-468.03365470239976,311.67659249120754,-3887.541492370992,2187.2428580878673,-9821.726449022832
-63.404474921026555,1996.1093891909782,-273.99276033021243,-33.8487886538664,1885.9251801827365,-295.63215555697025,-6.689464649660266,1793.471754552968,-310.05852143830447,14.703086391953956,1711.9603550135423,-334.21032987787413,32.81656687862714,1600.2487794606925,-353.66268335829756,49.93091596022278,1528.3159096749248,-380.86731908047057,0.01912921422205628,0.01637269476540633,0.014652806521199407,0.017720225315188493,0.0149443673683812,369.8219521459781,207.35921609081112,-1012.7290738009918,1389.0561022223355,-5778.76395429551,-3873.6933734647973,0.22630118170606722,1.0,0.0,0.0,1.0,-192.7457692540678,2547.7586175804927,-239.7611678752886,1389.0561022223355,-5778.76395429551,56.56791210330635,-9704.348853254573
-74.22471854601302,1894.605412848896,-246.48236430852373,-65.91553486671896,1807.749300792151,-248.3220213039619,-69.37223186460824,1738.2356609445953,-262.91691854330924,-67.50044939746692,1649.5211960956767,-277.53232987510984,-65.37517520802241,1563.0870188622318,-302.01840772207856,-62.536566220502834,1491.4874450833474,-311.5160135883819,0.018819472629088035,0.014976356704265836,0.02046404155655862,0.014463513942610778,0.016372938658745367,-58.21203841298841,178.73921336341874,-1010.3398226003075,21.09107454057073,-4719.283080274059,-3869.4759865678216,0.2786541899538455,1.0,0.0,0.0,1.0,-69.07394180138226,2609.1699997045603,-306.5902159453251,21.09107454057073,-4719.283080274059,1136.4678053834095,-9720.279207672285
66.56823073277579,2025.212769140761,-324.2602881913286,65.26416812501603,1936.2207973767302,-302.4040551302895,64.44088288470978,1866.795214449626,-282.460631519576,67.80982550552868,1791.472325601825,-266.601923603315,72.66244310999758,1700.7947238760871,-255.54753858008414,69.02449621067872,1604.6547436791025,-236.26369293741092,0.01642634078858103,0.015617099189906142,0.014428499036888504,0.019220909206483172,0.01642554843377189,95.21915082427115,-413.63519415070135,-804.4748769425696,56.842754909465754,-5020.476761454066,-3365.5250094198727,0.4029875262416912,1.0,0.0,0.0,1.0,61.9661392022341,2523.3437112999263,-514.4504985355486,56.842754909465754,-5020.476761454066,2373.9886729856153,-9811.134499838454
350.4918903427608,2073.1343533146724,-232.12175801845396,332.5631332649075,2011.1736519083183,-217.22828808360768,323.19529719691946,1944.147439716584,-206.6740381108593,307.6845305985709,1893.687119183461,-189.12326195771504,299.36444070081063,1815.5082839888437,-176.12560503410006,287.1809073774365,1750.9078619694515,-170.35563930555048,0.012885721391133115,0.016758038859806118,0.012919864214184729,0.017390287028615975,0.015222898348841885,-60.62153363347687,-36.86754074561317,-862.4653132449138,-808.0947021981152,-4169.038335466046,-3724.804215775264,0.43098662118990216,1.0,0.0,0.0,1.0,472.72096981727964,2714.697760661971,-540.8600522656707,-808.0947021981152,-4169.038335466046,2750.242818868469,-9810.67732521776
-519.1149233259517,2315.3790628140914,-368.93264166898064,-521.2147056100372,2249.920227177071,-346.92589332663084,-522.5653710020517,2185.1197716863935,-327.67321793887584,-527.1088046199579,2106.81603778374,-306.44611114197215,-534.894521297982,2055.630868500216,-303.72091517831404,-530.8976260659273,1985.0213051213302,-290.51876032346877,0.014774357749670619,0.01745878419030003,0.015860129536476003,0.01352166210871475,0.013285708047041683,-593.7552972035169,13.853767654881178,-880.7229995469478,-143.1693283247263,-4477.906417836639,-3517.519948870541,0.4394724447157171,1.0,0.0,0.0,1.0,-505.70616028380584,2767.766214624417,-576.4728164093933,-143.1693283247263,-4477.906417836639,2528.08845899232,-9830.257573760764
-269.9306262059366,1980.3188598046918,-196.6541951696733,-270.9314270050753,1931.1418126860056,-191.60977243565904,-268.36598966430074,1871.3066553371764,-185.37486620620956,-265.76146700633177,1807.9782297465363,-181.91030226105755,-267.18287567347727,1737.8118730880794,-182.7458238291028,-272.06695308406864,1670.24986272315,-182.4937634261945,0.0107826203710292,0.015853763214551203,0.01962962836327467,0.01715337346056489,0.01745670602140159,-267.2613751251303,260.69256451319575,-1003.2537816829243,7.481826939861094,-3719.076994189937,-4043.6140663700335,0.3801624413653744,1.0,0.0,0.0,1.0,-272.04974436664287,2640.901840794762,-453.8127888360592,7.481826939861094,-3719.076994189937,2326.610963723581,-9953.476609521269
213.3431072086292,2283.8056665613776,-118.89828221295531,195.77272557381085,2198.6895985927595,-101.53917409802888,183.05609795450727,2119.4143221065465,-99.84435535461537,159.53420137721204,2043.5335702002003,-74.76067494221968,139.8242145524513,1953.8776784319607,-67.27378046477291,131.47058245189086,1873.0106490824187,-49.382323168146094,0.018311386692648257,0.01503443710649599,0.014132991174725884,0.01563555981443014,0.017838899204960595,-306.75132793325787,-359.9989130845174,-806.5637146277945,-975.8231948785464,-5040.322461151887,-3878.449790695465,0.44343181115406494,1.0,0.0,0.0,1.0,278.74258899386996,2664.194563606611,-242.15963447128001,-975.8231948785464,-5040.322461151887,1997.102856840414,-9792.587745893123
159.7798718609223,1936.339849193816,2.8290447768053193,159.4173191252758,1878.3768008957009,6.85152645054008,150.13513123940373,1816.9236501414905,11.68055393922436,143.82207005823764,1759.27607821094,20.712907678178023,134.31564183416177,1693.836309550325,17.7553819171878,128.90200404087227,1637.7036233866402,23.231467923247855,0.012851597068586684,0.014748684559834552,0.015281791664340932,0.01401378134946149,0.012372431456573935,-50.909898582570605,-107.73950866345972,-801.8943305394843,-447.091529925857,-4287.252944499121,-3975.5795027157233,0.40778342071178864,1.0,0.0,0.0,1.0,239.69959586923687,2678.9749052609764,-251.77641358686753,-447.091529925857,-4287.252944499121,2282.908989015364,-9628.443833432435
201.7355955134758,2242.3261615575793,-21.83174535984196,184.99329134614678,2190.2347102688727,-5.804540884623556,185.7652304794834,2130.0671025084184,-5.558912266974753,168.10361729036958,2053.776810083579,-0.07530180496404615,165.99328355318485,2000.7644632444697,13.272914730824002,159.8929487854566,1940.0007893771608,19.95236592238611,0.015490386546235524,0.016356958810364086,0.02035953045031219,0.01566469926520153,0.018384687115399978,-20.741224223800966,323.1127373959548,-1006.2977252560082,-392.26838967064964,-3528.0584717616475,-4490.709170507337,0.4567573355743228,1.0,0.0,0.0,1.0,263.65335828741945,2880.955129423156,-343.39975132248094,-392.26838967064964,-3528.0584717616475,2662.025104483815,-9865.840379298135
422.996143066034,2366.4852783122715,-530.1756353262026,416.9721013004914,2277.974708356959,-520.6756792390444,409.4042546875616,2205.090171136869,-517.6268433514778,403.7601867651082,2111.9706954044163,-520.0024995545833,399.0364113435904,2018.2399119403235,-508.9746069547992,393.50552942922576,1928.5134611070737,-507.63046362502405,0.013924418719226499,0.012664678327944018,0.01624246256384182,0.016003068297585313,0.013598586373556168,280.7941560860216,150.77365333162265,-1013.7866990731258,-380.17359055365273,-5844.073521517248,-3123.196106211328,0.3053217355625066,1.0,0.0,0.0,1.0,438.5661961657853,2576.0641647612765,-560.8618910269995,-380.17359055365273,-5844.073521517248,940.4259469528786,-9791.860369070371
442.76440858907597,2205.004444316326,-29.950436733654552,442.086239794428,2140.062976263449,-7.874282968850837,428.4089130787606,2076.949086165712,13.424945822579888,430.0374406348066,2000.3127748632153,24.24344979344264,412.85708563030926,1925.3055093531482,43.153580293471094,411.67400420084863,1856.8775975557621,49.18203239527125,0.013449727885409546,0.01508979703759733,0.016193779339132908,0.01613115353257466,0.017103107230716397,213.37155359832295,-344.2601539153571,-801.8629750837036,-406.48521558480945,-4489.712550584067,-4168.199543728221,0.4898524245797461,1.0,0.0,0.0,1.0,499.94363058561646,2820.9871942464015,-315.7791552267426,-406.48521558480945,-4489.712550584067,2789.2383526446456,-9868.706235989874
