x1,y1,z1,x2,y2,z2,x3,y3,z3,x4,y4,z4,x5,y5,z5,x6,y6,z6,dt12,dt23,dt34,dt45,dt56,x_hit,y_hit,z_hit,vx_hit,vy_hit,vz_hit,t_hit,is_reachable,bounces_before_hit,has_bounce_before_hit,intercept_valid,x0,y0,z0,vx0,vy0,vz0,gravity_z_mm_s2
-45.5373415486269,2131.1632238687143,-413.13136298557464,-37.54335113698277,2042.3625279343248,-395.760795169449,-43.30833570794052,1958.7596933755067,-372.4284542371107,-36.9094509610793,1885.0748691190836,-355.42861727763784,-44.96875172235708,1811.8299903644022,-343.9608502063402,-42.9603240018909,1738.8084937972287,-324.23128208672154,0.019795183090614787,0.01737369519344424,0.01568682939498192,0.01743610979224619,0.01513781318221366,-22.78805452013945,-52.474602042721315,-800.333879339933,50.86416162570049,-4650.172669897996,-3082.664822845017,0.38517128095228537,1.0,0.0,0.0,1.0,-51.01766422240331,2528.3712297506636,-577.1429889747654,50.86416162570049,-4650.172669897996,2278.373326033619,-9659.528196177727
452.41851145312006,1961.9480806680078,-237.36066763200213,417.910005391576,1894.5462081489047,-244.86532148203247,376.84046685229043,1803.2019087647384,-252.6920161925765,347.7026882936513,1732.271089154349,-251.08267725189893,321.842707258257,1656.8721507498649,-267.67397071695814,283.56938747479865,1582.3599857572808,-282.39629287677354,0.01608356444222131,0.016755621125878445,0.016794220934419846,0.015130773995848557,0.016313381949138644,-311.64711560887594,200.9314938954404,-985.4366535117191,-2011.6959719966217,-4690.086638835141,-3820.152456770474,0.294847077285314,1.0,0.0,0.0,1.0,734.4347898293663,2639.7765460897162,-318.1881930614989,-2011.6959719966217,-4690.086638835141,1253.8122242696181,-9757.624386615555
301.4650993588675,2139.9770987702495,-194.71851818998368,307.1146315077605,2069.310368050633,-185.9346756191141,307.7072927836989,2010.937831931145,-181.6828468099003,311.39934034717567,1930.5658290916156,-169.91392215730065,319.65748115252165,1833.735058649972,-165.90500677012224,317.7714336611901,1774.5553029269265,-171.3775335386676,0.012475473087556616,0.014707244279933668,0.01636602626772224,0.017916891885184305,0.014485525227952156,408.82953691523494,-33.64579372372948,-837.1620676113805,240.66369384452966,-4802.724618405899,-3607.694128919846,0.376612657174319,1.0,0.0,0.0,1.0,274.0578683622964,2655.879992583573,-332.6831595622351,240.66369384452966,-4802.724618405899,1805.983743030035,-9667.28191419621
-197.5772060270102,2034.0769510273487,-336.9740362754688,-205.06744189167125,1954.604636912662,-327.84210192134947,-217.2761791414593,1876.315859425321,-321.67194203783316,-227.6854145007093,1804.562042580226,-325.5480108875331,-231.33905579528187,1742.707533967354,-322.71832344845404,-240.22140430937174,1687.3146532966525,-322.4610851790652,0.01649523784830427,0.017895514029270768,0.015657468003278163,0.015410213780593485,0.012773252389259027,-404.5960554786806,193.59031307263922,-1014.1111123453766,-476.4968779246135,-4253.3585704193665,-3691.894775329589,0.35168735303435567,1.0,0.0,0.0,1.0,-149.6702257890118,2469.1371482470013,-444.98472057852496,-476.4968779246135,-4253.3585704193665,1564.3194790049163,-9824.699540812151
-196.42577059901765,2328.2048568583996,-172.36501151306516,-185.01579249224042,2266.4944511840504,-150.97419039389825,-168.570120334525,2219.418852190698,-126.45251668563644,-150.17745397184135,2162.419676089692,-101.66567046199877,-124.0376681231518,2092.1085676969055,-90.52435701818767,-105.09724032714438,2042.5370189862117,-76.50434442588323,0.015051854938688498,0.015385122275001703,0.01604329643233815,0.018047644931799736,0.014113751705805283,476.8275017264884,190.660661572918,-923.4555767720858,1157.6375044230113,-3639.3922350921107,-4166.717662759587,0.5084081001097296,1.0,0.0,0.0,1.0,-258.27231358212345,2501.674730856408,-259.53551893347685,1157.6375044230113,-3639.3922350921107,2075.6308664175194,-9830.470124688367
134.27394964081583,2087.263242885161,-165.7448112505081,139.7615178870704,2029.1907305249924,-151.77284026911622,146.29505388799717,1933.8484817391607,-138.19892591750985,138.15112137508345,1869.0147006854838,-122.38313295320194,137.0345560507627,1784.77439250087,-119.08990708672201,139.28140710443685,1716.3235158084399,-115.75567212407529,0.013351510089478075,0.019223627254808737,0.012530881804598756,0.01670965524283627,0.014590458662875838,173.14286656856814,-255.49290069297194,-812.7015747248979,79.82283193539479,-4995.604980525146,-3690.9596230682,0.3942040472245926,1.0,0.0,0.0,1.0,128.84119484442454,2517.0678634984856,-273.22813974746043,79.82283193539479,-4995.604980525146,1746.9112087350939,-9797.965462708646
479.4347412983517,2044.389352181716,-250.76729506294683,465.26663943411813,1967.937147562975,-249.38421100890992,449.1386071455159,1892.955786316995,-245.71229512291316,431.0149744020148,1794.178109989197,-249.17987809789585,406.66875551637816,1712.7222958730442,-246.85893739859816,384.94489449395803,1626.391158640909,-251.76908639000953,0.014681672663646894,0.01641156206786107,0.017708967875389753,0.014272732509970576,0.019234201044436156,-4.271271995539735,0.46223277516475036,-877.6372547322559,-1218.8277016733239,-5070.169509172308,-3494.962369731086,0.3204330775505662,1.0,0.0,0.0,1.0,629.5191328745886,2636.9503775447697,-375.642282690422,-1218.8277016733239,-5070.169509172308,1564.212477262495,-9729.182398064571
540.5782734295217,2303.8225289700435,45.45274338509974,526.2519413242719,2257.743156707209,51.64689888351547,507.51645528896483,2214.421921016572,62.28483165425598,489.5556490199578,2154.402325321408,84.52634320730161,479.7310193805698,2096.687186686332,96.9229340898423,461.78344906733287,2048.861569153421,97.88134281931507,0.013428870589872854,0.014705848622667023,0.016381807935179044,0.020101708220991804,0.013474618360926172,-30.04064555156992,354.7554468178637,-1002.5470661335845,-955.2061815208956,-3277.2680033336046,-4701.237922059326,0.5169728126521721,1.0,0.0,0.0,1.0,672.0358978662866,2763.5474292680606,-225.0900105137447,-955.2061815208956,-3277.2680033336046,2585.708519012145,-9914.212844995196
-45.759169287517736,2056.032793196639,-151.2321134695008,-64.76550706079152,1985.8070920660869,-141.94808097017886,-74.57171108499156,1895.3294503268532,-142.9809599748581,-86.9136899613171,1820.7315491792217,-139.6403001871594,-103.94666322388596,1745.8039375322403,-145.58671367687526,-108.42129453480896,1669.4371263996065,-154.09802076954062,0.01676505853369195,0.0166170067598842,0.013865936486692765,0.01649276288260243,0.014141271216523504,-334.12964171693324,9.37341767825217,-849.708050213473,-690.906281025701,-4990.567096004292,-3751.068918392687,0.33398211050334875,1.0,0.0,0.0,1.0,45.86881284720175,2754.1853204806052,-287.18814459120256,-690.906281025701,-4990.567096004292,1705.5419888571628,-9921.110740454285
-125.67272162337682,2282.5026744428014,-285.46425434064656,-113.12392306826843,2223.531017017598,-273.69896864238467,-101.5446228369919,2143.935922360336,-260.74454348302504,-84.21212218442834,2089.7597003744318,-261.96941212676006,-65.73914847555521,2017.7401091974202,-254.0147651415021,-60.61882947959637,1952.203279830207,-250.61657740758847,0.015524941256525461,0.016601890251929353,0.014226648754501539,0.015297591908033537,0.012982274045810233,291.2798375253835,226.24531433223382,-1005.4661955658028,879.8280731494882,-4410.056320011387,-3836.262355065172,0.39279966096206764,1.0,0.0,0.0,1.0,-153.03333941510755,2453.3237559379854,-316.4064634002006,879.8280731494882,-4410.056320011387,1107.312920745956,-9789.257971903218
293.8443255373572,1894.8582109591673,-227.05098868397778,298.79366395030337,1824.452302302971,-243.14363804365365,312.48272574986396,1744.6514803183275,-249.10889674180788,330.02967023070903,1661.1728354104928,-256.22265204900145,330.2681533890384,1597.8250684821526,-275.3597322465067,353.6321821137718,1493.5267961259394,-296.5989187946201,0.01249665550204171,0.015031315873939965,0.0168018769963304,0.012418812880175628,0.020099429729662444,567.0414961216507,135.37037564663785,-958.5179323339327,802.7559183520999,-5127.471380613018,-3837.93514417498,0.265339955991208,1.0,0.0,0.0,1.0,193.75999408792393,2519.6445676316894,-256.19462260109185,802.7559183520999,-5127.471380613018,817.1897259692183,-10011.02122611656
-355.0135234079386,2055.7396985626015,-247.98456982113936,-357.5604675619541,1981.4633745178003,-241.90553350293231,-352.5064993433536,1918.708326661688,-250.79043733924738,-344.8711704714506,1860.811247445152,-260.8947464416465,-349.20108093397386,1796.7394184036216,-260.00141031629363,-342.3978139457174,1729.724627399854,-274.3787588933609,0.01650879113659867,0.014471384233454482,0.014946814201025005,0.014675586250534028,0.016421097112372413,-272.463481952165,425.7975546299999,-1000.9364099460014,231.88649378682055,-4161.9212831322375,-3881.989224709545,0.3140077932224967,1.0,0.0,0.0,1.0,-388.4067288455735,2506.7581961961164,-303.7079345281227,231.88649378682055,-4161.9212831322375,1093.0753230380383,-9950.129095495176
437.4216208765051,1758.0963941589405,-179.62606951853166,452.95972657563703,1675.7140812914474,-188.6419644045347,473.1873307134165,1583.6629235705143,-191.67121667921174,475.18458347908756,1503.7062485366937,-204.23196299353143,489.0015026379046,1411.2661901754545,-217.9132272249888,505.1118015114645,1322.6069870845174,-233.4677047906127,0.015209662299292076,0.014918367740810123,0.01355130956211964,0.01610772225138518,0.01577168375618282,707.7383518497218,-86.25256618426123,-804.1624880731101,835.2609047216421,-5746.8254097047875,-3553.340054550432,0.24522274888341417,1.0,0.0,0.0,1.0,323.5183356777652,2557.2871222799445,-224.95049959638698,835.2609047216421,-5746.8254097047875,1035.027061173373,-9974.711121138698
37.357838607211235,2232.8187307742855,-125.74333540902114,19.930874851692177,2156.7670483765705,-98.62521117251327,1.4826737053884973,2083.4007233370867,-85.77915604193498,-17.054186139001242,2005.6303712992153,-69.21162793607144,-40.7673904222001,1937.3842096541105,-65.64670669628096,-54.28927473339602,1861.0721913740656,-62.15198300531961,0.01736473895266416,0.01679462099055261,0.015658991485861293,0.015361048374049863,0.016909524221468908,-570.6927398681147,-153.44237639415334,-817.6911525308147,-1194.5236306958648,-4654.066605829731,-3884.0955346133546,0.43102815303472836,1.0,0.0,0.0,1.0,146.02143854940448,2638.997587103685,-257.4168270694254,-1194.5236306958648,-4654.066605829731,2016.5144497420556,-9834.34997392567
527.4031688780938,2120.439900263289,-533.9970423280772,533.9676997414247,2034.7531215099211,-519.2463041008587,537.076057212426,1958.785085156355,-515.6896021693381,528.34876742197,1856.9099861143545,-514.3481141772338,532.7023025322902,1780.1939007626258,-510.9980830413487,538.6178164658178,1699.7022406227902,-513.0070358148861,0.013551927348626494,0.015059886513527035,0.0189950478039716,0.014545821862233785,0.013337870017802067,530.0223288750855,65.63400449876423,-1006.1831208601742,-16.140010038072944,-5407.511696829387,-3124.429543049283,0.30362235683446914,1.0,0.0,0.0,1.0,537.2046333420249,2471.9767095878415,-588.5282536786881,-16.140010038072944,-5407.511696829387,1247.3290163909185,-9824.17653806786
524.457854405792,2058.382824318737,-144.11169303275994,504.9826190976811,1987.0519742001543,-148.73844127416,494.3562893511025,1913.165245788837,-153.07245487556517,472.51565695163026,1839.1676449623506,-160.1355299583858,448.96272296956386,1763.7209901013296,-170.5273042709441,426.3386690427806,1689.0895803227959,-180.3668689937323,0.011372822381703604,0.015008297078390909,0.013604722640254002,0.01620039809787227,0.015889622569489004,-30.152606149870536,56.13781920036194,-952.7454274586369,-1433.4688299364007,-5114.573978545418,-3987.080405304088,0.3175459573002822,1.0,0.0,0.0,1.0,693.7491529680105,2638.997678365795,-188.0548325461781,-1433.4688299364007,-5114.573978545418,958.6028016903904,-9793.432093058387
-230.8672949429556,2160.263934885181,-278.12606904483306,-200.78259977519724,2076.022764008896,-263.7702353750671,-170.6868220876354,1997.1735271036296,-269.74149322969504,-148.22441398652015,1919.6373901899701,-274.2402301879704,-125.63165506201602,1852.1712207699559,-280.7642793475803,-100.2966513167103,1767.097766671708,-283.96289449436284,0.019737987874275012,0.014358572690429353,0.019583295336479595,0.01503152373513797,0.014652920029349592,402.2570648128659,244.1523328976682,-1009.6901201105971,1533.0138954718964,-4663.2106107921445,-3824.577673071122,0.3276837022290939,1.0,0.0,0.0,1.0,-364.24988292308313,2575.7576382937436,-333.49362847956957,1533.0138954718964,-4663.2106107921445,1119.791706547011,-9888.738759236252
143.6695455578198,2364.5625834117386,-300.7827273136772,112.93588410394266,2277.5513706523316,-285.2480568166879,81.00590275929297,2192.871347209823,-275.730250892651,46.74097134034677,2095.776376459394,-258.74044866150575,21.54561320269475,2000.3808445809773,-260.8718053030284,-4.011221290863514,1909.2520932318482,-247.07047035668361,0.01650690804908053,0.015897343653247985,0.018927656454470733,0.014946255663718933,0.015963741938230913,-691.7924866767269,-106.31555837530681,-800.0240928363614,-1875.7181213598383,-5571.312332115023,-3279.452666834956,0.3631106263598565,1.0,0.0,0.0,1.0,171.0378491487993,2456.4881143976063,-319.3654777659442,-1875.7181213598383,-5571.312332115023,1189.6326013114087,-9715.402756839925
635.9954140216705,2289.133027266758,-179.6964626557784,615.8104704203203,2211.8467114617592,-167.66728339583415,609.4309323551093,2116.7359692348605,-159.3018351023933,588.25692828437,2037.608915986119,-172.71171652446066,571.7054968907431,1959.219541300022,-172.2531856003925,547.5456014296151,1876.0467872340234,-172.4511525604538,0.01415665130345159,0.017443922007154763,0.018673319293959628,0.015771322012420264,0.01595765363500873,220.2625000717053,26.118777429120883,-973.6395487168891,-911.4042281930355,-4989.888289722887,-3975.420445076338,0.3702160387074263,1.0,0.0,0.0,1.0,694.1926987320824,2620.8606880850175,-235.2063637454155,-911.4042281930355,-4989.888289722887,1135.2928105706724,-9828.294722398103
48.71954206127414,2407.5948249781104,-535.2755496542994,21.889264383437137,2319.250162622349,-514.7968501814094,4.962602936860599,2239.2809693253694,-492.9710395703115,-8.139184385752904,2148.654119199767,-472.2510341008733,-28.58172278083763,2049.116637874574,-461.45250083382103,-43.46182088872156,1948.8745861589618,-447.91748597401653,0.016007343600700146,0.014910538730238163,0.014984105634726394,0.01932285560707861,0.01759562377817825,-431.27633829467703,14.392327250687028,-812.8677620687284,-1105.026566353783,-5565.666525784929,-2733.103221505049,0.34783162661281075,1.0,0.0,0.0,1.0,71.51074939629495,2546.7705964828338,-571.7308098888016,-1105.026566353783,-5565.666525784929,1673.1605745603092,-9684.096255088705
182.35139032607032,1766.5318542903156,-97.16245713826116,164.73203828328914,1686.6134269022482,-98.80632078488341,136.64650426300494,1605.443885735556,-117.22425524669093,121.87176087675857,1530.1795369224217,-120.39545530193759,108.04627254111433,1457.4482686494528,-141.6035162844615,83.85032959004535,1386.6935241783758,-149.14423141898186,0.015904414512580234,0.017330143829090427,0.016931544155622064,0.0157153452673027,0.015003607183941309,-238.49002267535374,34.97301211447058,-857.0345950950965,-1169.4102570289017,-4846.498508289332,-3928.130016752692,0.27713047795970663,1.0,0.0,0.0,1.0,392.99151612025355,2652.082206590712,-200.07503374172404,-1169.4102570289017,-4846.498508289332,1494.9464561846432,-10042.734209143206
-400.0740126277052,2277.5237630882716,-553.4653358593298,-369.25290216520875,2177.5555488215364,-532.6743797055997,-331.7802144411845,2092.949454119345,-524.4266473287094,-311.62054511238,2002.8183826940788,-511.20196645964114,-279.44376812087916,1902.5928240456306,-508.10500031250365,-248.21856620086632,1817.0626780525963,-506.1845509622141,0.019009883581437875,0.013571449354874879,0.01697531009619252,0.0159985371558395,0.01871303644974595,305.52425480242925,109.88383596152654,-924.8535433167513,1772.1396654120906,-5453.845901086331,-2896.9187259559517,0.3125077924398779,1.0,0.0,0.0,1.0,-474.2171979788902,2509.5760324395133,-603.7677211090536,1772.1396654120906,-5453.845901086331,1437.4377159209737,-9850.810095174833
-224.16236527751133,2262.3302727573523,-289.3521476750437,-207.9016293459884,2185.8335196259827,-281.1040230702565,-177.57137745011195,2107.417492105126,-266.09833748082315,-152.86432756867157,2036.6879821923364,-272.26786964914737,-139.70560769583503,1975.9800272200002,-263.6784766452236,-113.87198280621433,1894.3929180074574,-259.31830390861126,0.015489229999346932,0.015842492496386085,0.01548048484063344,0.013618831397870262,0.016517443717244285,452.31937983076557,164.0132554868698,-914.7279998694071,1536.7350404167635,-4728.870755149304,-3563.8275565430426,0.3661266447221222,1.0,0.0,0.0,1.0,-323.7318155796992,2552.0929868372677,-349.249888767153,1536.7350404167635,-4728.870755149304,1324.3102848509486,-9679.48087404752
-59.89179351456699,1946.574530421688,-136.01258934402662,-50.93042166202403,1846.4738918758899,-142.78234885396924,-47.79972640882362,1764.189701811855,-146.1288539333763,-36.014979883048255,1663.1330667402765,-156.3311987901579,-35.09953391430568,1563.7568695131963,-165.34443800625738,-29.569483447433235,1459.2460473695633,-183.61434840510074,0.018026126797431277,0.01558621992200837,0.017481865501440902,0.01958678743779657,0.019928925222442995,51.3106460683034,-20.660049008660913,-843.8651867330531,290.92512653682843,-5322.330287836315,-3757.2086715563123,0.2772998891226774,1.0,0.0,0.0,1.0,-91.24266593474249,2587.281792031131,-203.22770601372463,290.92512653682843,-5322.330287836315,1142.3618114774276,-9999.12343476274
239.6187418202038,2234.435244353993,-361.424937193462,244.82375755613774,2171.720706548986,-344.3749862802301,257.07759606386315,2084.9981062057286,-326.3803368750319,266.7990738727081,2022.6835962518294,-312.1930098878326,284.82603236473886,1933.2497550668754,-297.46626219369625,289.3073191604048,1864.5203086822498,-286.7219761051099,0.015093580471421189,0.016955305802395723,0.011651947935120283,0.01696459927656782,0.01492207897449041,554.0626751034789,-68.33821782811474,-804.9676728997459,674.6507867320012,-4946.441986061227,-3220.9438781659524,0.3911208271128722,1.0,0.0,0.0,1.0,193.1245042018586,2578.008244714642,-476.7665222330592,674.6507867320012,-4946.441986061227,1994.0236887577723,-9747.602928829401
-312.3954652377987,1904.3766349720718,-483.63002916720484,-293.44028015820663,1834.852660996994,-485.8672181001776,-294.508111146648,1778.9628088860206,-483.708849838162,-288.2779747796454,1696.1367168395352,-478.337774849759,-284.28037216394216,1637.4291264422836,-485.2679086697223,-288.7102399812242,1570.2563681759057,-490.6211377932021,0.015590465481938015,0.013234912002354576,0.016820868374938514,0.0119399969145155,0.01672429539617243,-189.9291987463552,341.9651922275343,-1008.4112714800465,316.1904736646104,-4391.018340566322,-3217.040430605033,0.2808086799220311,1.0,0.0,0.0,1.0,-344.8625308420131,2493.564179105029,-611.6164370281609,316.1904736646104,-4391.018340566322,1597.469677740207,-9825.530833357638
348.0264698393222,1917.989910856054,-183.26963807150966,361.7906394070352,1834.0789482549158,-187.96947304127545,372.41341193562914,1767.229769426538,-190.83998507050939,391.1736696730973,1675.1794380490958,-192.5260387411674,407.64890625244726,1590.6096522127916,-197.6453138257199,418.28851494317126,1501.0983063159076,-210.1414542437218,0.015620644751132062,0.015795921259910667,0.0185335394546621,0.013441482893685242,0.021653620587948785,688.5361439849918,43.62332297212566,-814.9411182086061,904.0148259720048,-4919.8271890624,-3504.8116360951526,0.2966852192163833,1.0,0.0,0.0,1.0,227.48858273926874,2552.735189393944,-302.3122908538969,904.0148259720048,-4919.8271890624,1494.5025092139476,-9802.576755508044
479.93747631271674,2173.719902660067,-32.39759923191803,447.2586525657621,2084.437676333167,-20.759120738498595,421.2689374008213,2017.3791992678114,-16.401014531864362,386.8885984106405,1951.4446633989958,-5.061382651253448,351.3696125311087,1867.3214818629374,-4.540196230881499,320.698117902292,1794.796343874497,-9.366986367923957,0.019327638932805896,0.01508552709469227,0.017573448469936248,0.0199261471000394,0.015135507198764497,-416.64549568759963,94.40530892825541,-823.4592660979628,-1870.6915365938967,-4327.803473319716,-4013.197789813753,0.3937021280488071,1.0,0.0,0.0,1.0,752.5367146835861,2799.282479753084,-246.2967292065573,-1870.6915365938967,-4327.803473319716,2166.277671761253,-9887.160738520002
-346.37372618867244,2039.1084245584195,-65.88169062841322,-346.58269253626935,1984.1813999163053,-39.8307899916541,-343.3988941846666,1902.2687559600217,-30.988504670834622,-334.50310108305257,1832.6617580133964,-12.01161464309423,-347.5410925137937,1763.5379333339354,-5.706688631712179,-336.6962175166419,1696.6326159544578,4.771928284863673,0.01440175138225308,0.01611811496799434,0.014662041991046454,0.016317796420058456,0.015986366315857148,-317.82872334014667,-410.8555638944221,-807.3638070672049,50.67315990186583,-4462.509150716787,-3980.886037793424,0.47159993921174304,1.0,0.0,0.0,1.0,-351.526374674885,2556.7130213322375,-281.11447559498004,50.67315990186583,-4462.509150716787,2398.1812814859813,-9592.58243500662
-460.60340392303254,2098.613704486491,-339.3982847141884,-442.51328849188434,2034.9263117932398,-326.327289867401,-430.1916892953808,1955.6987731831096,-301.81429943731285,-422.9290555237322,1873.985969242856,-278.3426492932837,-408.20725302748957,1818.3867534541494,-279.8374450291451,-393.188070314421,1739.0855322768475,-259.4357599757972,0.013830785388800601,0.013821923423183433,0.016273911621006804,0.013947067303055838,0.016735581835773866,-53.76435797799081,-384.42144713099634,-811.2232433737771,805.757302459654,-4964.865818186914,-3394.8586635091174,0.4257790531892828,1.0,0.0,0.0,1.0,-517.0748068922917,2470.3763983264757,-483.80305395524994,805.757302459654,-4964.865818186914,2256.0058307490253,-9827.590424796772
52.06088896442343,2380.6261006535374,-519.909388464951,68.8646211209583,2291.399816822585,-519.5117285938633,88.5855709673166,2200.6406276094385,-518.5003925985212,120.25026552649197,2089.2591362633557,-529.1939555883997,131.6873244741156,2000.5682669968944,-528.9824034645214,161.55431156595012,1872.924445261047,-549.760503067466,0.015064480749695353,0.014151400475966289,0.015234490422917878,0.013843501317242851,0.020741439363772735,504.49787547843744,291.18430590296936,-1015.4588155612599,1405.660497672539,-6529.027033415022,-3127.4880217203317,0.24285037024708855,1.0,0.0,0.0,1.0,26.573306269775003,2511.0534972640776,-516.2331246732649,1405.660497672539,-6529.027033415022,190.86631061447116,-9759.865683337668
66.54137832831421,2021.6543235454867,-162.8457662029122,69.78796176262216,1955.432005598632,-158.975966853884,80.65965329073379,1892.1886464533459,-176.727235611128,91.80643904920132,1826.7921462165152,-176.35285013784238,93.79500817903731,1779.2390638898182,-186.75962543236713,104.73953936560886,1704.27076538574,-201.88129524759185,0.015948827488903167,0.0161776209414653,0.01486346983569195,0.01303477711415335,0.019905497945580275,280.75839295765996,385.0923390429225,-1013.1880730278658,550.3021320046402,-4070.634018117744,-4045.5045418212726,0.3223151740420509,1.0,0.0,0.0,1.0,-32.91382228498492,2705.3537293700365,-268.6940695086264,550.3021320046402,-4070.634018117744,1433.244880350255,-9611.841091528982
480.3114392645115,2336.407223920045,-470.51289476961654,458.2960291661348,2257.4537614974097,-463.25981642999085,441.2549969663077,2180.1931451972046,-463.002995418252,420.0077446710589,2086.529514834314,-460.0274257836244,401.98280743187047,2004.0086321406725,-467.4041135088352,372.7945656705989,1906.0092616829288,-474.47733163324614,0.013882457404144857,0.016093103693627944,0.017550659681883657,0.016967831184536195,0.01769317436308443,28.857039112116823,400.47704279370726,-1016.1830053591044,-1187.2105068845005,-5143.231903109358,-3275.6759511046585,0.2935378673088099,1.0,0.0,0.0,1.0,545.2936096068754,2637.782920646271,-504.1861584317867,-1187.2105068845005,-5143.231903109358,921.6674594847968,-9649.065311699893
261.2543159198421,1689.7088108049338,-402.9016093845992,268.61302396748596,1596.2882318821787,-392.84810511179796,277.1055793159159,1526.1312884368847,-378.9854518535293,266.6808530175849,1444.2751880803155,-368.40342617341923,273.9200541269552,1378.6644707320586,-370.59108507227177,272.15827663758716,1294.0849479319434,-372.31351913045444,0.02020552857562255,0.016681756695715116,0.01627177851040701,0.01327660165339306,0.016693292807935384,311.23041473456817,-184.2121386754071,-812.7867685008072,116.6219618085175,-4818.191599734034,-2953.6816297404985,0.3063459796587223,1.0,0.0,0.0,1.0,245.92211612179892,2513.975157175648,-690.0372601477297,116.6219618085175,-4818.191599734034,2515.2905284795156,-9766.021711107165
-246.84882006799617,2440.263485689218,-764.1739773361473,-223.89305735867256,2326.655587984626,-740.0980925048891,-200.48335970368527,2211.7460848289306,-719.467859660089,-188.7810565533792,2102.4824970882514,-697.8067745106822,-158.71043081148724,1999.3299478921344,-678.7322098675768,-133.90284364016213,1877.8776388579172,-663.2834436437292,0.018101159442231316,0.016380441700768782,0.015993796102164837,0.017157480351667316,0.016119522058927638,214.7858611260654,15.8251608435163,-835.4450790131395,1279.0376993144353,-6734.943500326093,-1954.7536448175797,0.2772757613683593,1.0,0.0,0.0,1.0,-252.0628991237038,2474.0795384625403,-769.0383719046254,1279.0376993144353,-6734.943500326093,1590.881277099699,-9714.068279225421
329.22520884416485,1746.1961518680869,-129.05759228411617,301.9793486886326,1672.1235380217943,-135.18592749172072,285.3354160258432,1611.3099948938705,-138.12767168601283,268.0953939149611,1549.587221647541,-149.14337291283383,251.61774950403665,1483.2839885501724,-161.6735784100273,234.78971356119123,1416.4492195183293,-170.52320260393424,0.019488151348145438,0.01693514651044825,0.01637072024211056,0.017713069254009006,0.015850560726805907,-96.2200676044924,172.47167415494476,-1015.94486745727,-992.9749529801084,-3762.9292931925547,-4147.367865422393,0.33294770085591036,1.0,0.0,0.0,1.0,559.1434013623775,2656.005007662029,-395.18080069449536,-992.9749529801084,-3762.9292931925547,2266.2646328079245,-9717.62499731865
-161.0120612123718,1998.2931893869782,-149.30284393238554,-140.10527332327507,1941.1069553230382,-141.7174486544951,-130.8649812868843,1892.1980092520407,-133.77451911498517,-112.92613817887498,1849.5288220286238,-139.34017698358412,-106.38526994836634,1797.4975574077248,-133.40788771826135,-90.2227758829977,1731.6216795594103,-151.5516416137328,0.014778441595234781,0.01637002068764276,0.01517895707662073,0.013881583447465151,0.01806479459518051,267.4372082080091,366.83859926981336,-1018.3002933088835,888.3717932481829,-3406.017865824785,-4155.720302536485,0.4004723935404054,1.0,0.0,0.0,1.0,-314.4463163695511,2597.780301385042,-400.2883562240421,888.3717932481829,-3406.017865824785,2268.6609526591037,-9808.215656787159
-292.58128682664153,2274.595409032383,-243.7328622473657,-262.5322512068215,2210.647922889102,-235.8281752944198,-236.23083160583286,2138.594357164397,-215.84679992074982,-201.83842961071701,2055.5702896016005,-202.54583591757384,-174.13379808211985,1982.756470389606,-194.4578099157666,-139.51393604369986,1891.2421680742127,-193.35002015712868,0.013185182163468048,0.012385748504617697,0.015766176452987682,0.01579297796945839,0.017610555927323107,682.0965086987927,-98.43307806672283,-814.9493785754196,2082.9733276721126,-5072.263840913537,-3527.0044510090856,0.39157427886263146,1.0,0.0,0.0,1.0,-432.2942216057861,2615.2280768220235,-332.46768572575206,2082.9733276721126,-5072.263840913537,1723.3345711972343,-9813.717798516473
450.6608832821556,1977.5405871268078,-283.53097573484445,442.58185276282524,1908.1015106022983,-286.88268878697335,423.8785561427601,1838.1546087665374,-290.1884045997386,413.30610130661705,1766.827405528076,-290.6257116091298,405.53091396001906,1713.511472800496,-301.12271288884034,400.0681594897663,1653.81532439482,-306.5673010768779,0.016197877144288747,0.019525027251634963,0.016223737112202458,0.012149337054727871,0.016328260588894528,187.72301875908033,372.8835570483357,-1003.6057772619716,-671.0487741393536,-4124.686112375897,-3728.0841830300797,0.31037048244517235,1.0,0.0,0.0,1.0,590.3522832426925,2847.6952244738795,-500.55268088903335,-671.0487741393536,-4124.686112375897,2051.2405284536185,-9632.207852472826
-199.87906479756907,2042.3365594005309,-624.9197609268971,-209.556300198138,1966.3864337885075,-614.8759203132826,-221.28143018393277,1878.533791281912,-610.1298859641049,-236.85818664781104,1798.739640985041,-609.5987440136463,-247.7045179654238,1732.9173353598512,-604.3781501157557,-255.21623874778908,1639.8580358140516,-610.7876765237025,0.013988902812477902,0.01713437707927895,0.014062191797602139,0.017452782169382064,0.015676688540522177,-457.95247290420855,303.4465245430402,-1010.4930919897471,-758.3805718223388,-5105.283974185916,-2836.4553802732644,0.2619887908659031,1.0,0.0,0.0,1.0,-131.84882702060224,2498.718633442988,-710.814800059479,-758.3805718223388,-5105.283974185916,1442.602859667353,-9951.298232420037
525.5795438696258,2029.3490085831247,-284.5613562401296,499.56459970395383,1965.4162548520458,-285.2183950988731,479.07504313380434,1867.8387499154337,-302.45278625481967,449.3004717327818,1805.263931052794,-311.12007580180574,421.1101524338719,1732.6108888437006,-314.44868009141015,389.7333643157027,1647.1094820632316,-342.7884971806873,0.014046716583466443,0.016493188052917218,0.014691530083081161,0.01365407039669378,0.017508917715026023,-79.26307869731305,310.7715407640488,-1006.0931273767627,-1719.7754298068476,-4890.355014254117,-3790.611074162392,0.2739653656054659,1.0,0.0,0.0,1.0,686.036987566735,2486.9795221071304,-294.9988766737506,-1719.7754298068476,-4890.355014254117,594.6818575196351,-9854.590857712406
249.84565901756255,1926.7808938887151,-272.18443669756533,224.1265462536892,1861.2152023923838,-274.8415542432062,211.62358921647402,1779.9721682824613,-284.2853306934829,197.405732397563,1705.8488339198166,-292.66222259040416,178.76027330080058,1649.2181728316868,-304.9829139947477,162.25515984891783,1583.2695181868885,-318.4882948119158,0.016962364364632138,0.017881884567942652,0.01726065858447129,0.013650789543109498,0.018300813391446347,-122.55479568157475,350.3804071403199,-1009.582289261853,-970.1146501282786,-4206.870185954943,-3804.642419651446,0.29090490071606273,1.0,0.0,0.0,1.0,444.96227464346794,2811.3994659239565,-456.64347051932174,-970.1146501282786,-4206.870185954943,1914.2532957453534,-9775.89011178939
-150.23479552552934,1999.6613269704997,-437.9233871339501,-143.83338893173635,1911.898061160724,-451.60859676789175,-138.15551473126513,1806.3358679680846,-454.23397880210285,-138.11288268155334,1713.8946199259717,-465.7211797409653,-123.2556862567437,1625.5400446946408,-470.2301978693502,-114.9513164981849,1550.9019396317071,-478.5803860259318,0.016642758719549233,0.018936486550982345,0.01646536329990214,0.013782666636347973,0.014261933040153718,-17.767650458086425,166.5091141174218,-1016.1511812308624,411.0637435592287,-5610.811958096058,-3354.79011704909,0.24727502511799188,1.0,0.0,0.0,1.0,-196.58037890635114,2607.212315889205,-479.5937119850928,411.0637435592287,-5610.811958096058,887.8592239650942,-9753.216875894681
-25.768089400925827,1933.5155941240387,-476.0933454515795,-39.53976919995664,1869.508750679965,-464.4418163869509,-47.806859169352066,1816.5563901410835,-447.06765049900764,-63.757130236014724,1772.9163002671276,-436.43825652066903,-76.39525537403293,1708.7411612859203,-417.2093661915722,-93.04216161761204,1659.2533532045343,-404.29202028314097,0.014326687349940609,0.01501508992701725,0.012744459050477247,0.018461611534262123,0.012809937285553685,-417.8986941431559,148.59292311044322,-966.4605945307783,-809.8234140706625,-3688.4201722016614,-3330.574979355382,0.40913615832475997,1.0,0.0,0.0,1.0,92.290056721361,2472.297631597495,-775.0381814573108,-809.8234140706625,-3688.4201722016614,2722.884779122161,-9608.666283297698
420.8282074125967,2421.16906397459,-170.92883628551968,404.9544378256131,2353.65706929782,-146.13547634731398,377.86414199000603,2265.387778855067,-119.78064515448928,368.5617980478872,2197.5676104264207,-110.9852031233339,348.32984397443175,2137.377772737395,-93.10669666702024,331.11534528834034,2054.731005427937,-85.22787377879263,0.016141151684693468,0.019931489339423264,0.014718212789366969,0.016056230924715836,0.01694041465464459,-221.39525419685745,36.1852519672271,-874.2653782549072,-1172.9265185666823,-4322.4375263200245,-4010.333526323524,0.4682281726690446,1.0,0.0,0.0,1.0,494.0899221288181,2672.8721430224437,-275.16875896022793,-1172.9265185666823,-4322.4375263200245,2046.0823155212954,-9928.550560401336
-93.47256264202366,1647.5954219704756,-299.1039654330739,-108.5494195763274,1576.0790965790393,-316.0244924803933,-124.14292502790536,1506.3607779743274,-325.0837700882917,-134.89679155721151,1442.9731732286575,-342.75108790364953,-148.97138598419815,1386.121616685932,-347.71503730031964,-165.7595446204348,1314.8504314978218,-371.96788732508577,0.01793191916206166,0.016890062097499714,0.01602992889602667,0.015378548154886207,0.016246554114930978,-381.3791779546155,296.1647922322777,-1014.6044657177283,-824.6652824528414,-3898.996857115076,-3781.056712241521,0.2622280424127789,1.0,0.0,0.0,1.0,96.92668586803234,2557.582969359019,-489.48290497740084,-824.6652824528414,-3898.996857115076,1970.2927096886633,-9916.119692983071
-325.7362929975205,2071.161729801392,-313.77269975334434,-315.58557183464524,1996.009611051427,-312.4542484415917,-306.31073226013774,1915.4097285553692,-324.67904549186704,-296.1347824900295,1830.4407984514874,-331.337619981684,-284.9653320129819,1740.9374175744244,-339.7321244667122,-268.66431451163385,1668.8655337731527,-354.2551194680417,0.014796351307683489,0.01540979521232251,0.017843157740378673,0.014535801787160407,0.015154542583092484,-75.83917946418741,176.83097697998207,-1018.8227505485294,697.6819886302811,-5290.143786318951,-3724.1900074625273,0.2818134885706737,1.0,0.0,0.0,1.0,-396.77289423411605,2610.2971186866976,-337.1759444030328,697.6819886302811,-5290.143786318951,760.5082416125463,-9749.344019728427
-173.38941574334524,1516.264460802965,-137.3703597892027,-175.38814048606426,1424.0585918528018,-140.35986164833548,-175.38927934799486,1337.5005366923724,-153.183786388425,-173.91818826293778,1258.74726071667,-169.43301620240612,-184.38139951473627,1178.0882675916548,-175.70281398287395,-178.41040015801585,1101.704014881431,-189.55605609524562,0.018742290925595373,0.01598365863218154,0.015619504757080904,0.011601451145833885,0.015444692778071867,-190.00564213355813,-287.4675049787119,-801.7388833065945,-42.76917178501925,-5356.28031167181,-3633.8869027999312,0.2597024053084105,1.0,0.0,0.0,1.0,-167.97951866427456,2471.016855532266,-226.08090734666382,-42.76917178501925,-5356.28031167181,1398.321947615731,-9771.279321195449
339.82870591248314,1822.6617895359445,-218.4901167650036,335.7143005007252,1764.7134394860932,-216.00879546816813,328.70880618250874,1694.91145608845,-214.30065865923766,322.8277691130335,1618.6300482539389,-215.10956150875484,315.45851911578916,1569.1434257270369,-222.54851700743546,316.367577410809,1495.270304054944,-229.13039285693404,0.013979895683745386,0.016612518544529054,0.0181159646846899,0.014483190256359968,0.01698390782036291,201.1275100770663,51.41162742699129,-989.4476151005658,-324.3270342574069,-4122.061266928954,-3855.4928185084236,0.3497376930742521,1.0,0.0,0.0,1.0,395.723730631511,2524.6483875843664,-404.52193735844867,-324.3270342574069,-4122.061266928954,1905.7405593680317,-9602.0556297941
255.29644318266136,1935.6116405286987,-164.3126629194973,201.0287930225988,1833.6413860447085,-166.5448212807155,162.56347339827025,1761.833394978253,-171.91497383286406,119.13156996371393,1660.3697904971189,-181.98768412674312,66.1610875615686,1574.3199622934687,-197.76018676273696,18.109071524629275,1475.708733166847,-221.5085267767227,0.019780016539613948,0.01207406567015401,0.01854282639345617,0.01667510606093392,0.017232455568387733,-695.5804178583737,54.448863725921676,-801.4816019124197,-2790.0655425725486,-5533.977096960298,-3542.555099133896,0.25639010616701596,1.0,0.0,0.0,1.0,573.8994040121365,2572.4084428428528,-204.1331532531641,-2790.0655425725486,-5533.977096960298,916.8476324998035,-9800.885124469678
440.6093353803285,2306.113929178099,-648.8548277264205,437.90723076577217,2232.3561093973017,-626.8473357915769,430.3626796483008,2148.1878891955507,-612.1361289328705,424.52744384795386,2079.402208974383,-601.3308198763286,419.19811694454756,1983.9146857082123,-591.7684806380969,404.43879503187225,1902.7676122218159,-587.1318820970962,0.01521300688547254,0.011805188473039102,0.017107366583744857,0.015633218975803345,0.015156198431032164,265.16801039725107,97.39564987154296,-1017.1873816311593,-426.6402073154127,-5420.765955368945,-2988.778712722905,0.333760729646794,1.0,0.0,0.0,1.0,450.75650057945677,2455.4288404570343,-675.7605252159901,-426.6402073154127,-5420.765955368945,1419.0000625382281,-10132.824770715242
177.89174175222772,1839.1688097840854,-297.06850487487526,184.72517416003143,1780.3577018206208,-298.27588535760196,196.5452880317176,1705.702155321048,-294.3010195305688,211.11287918376706,1625.609052466634,-294.922167431096,226.23531171117997,1524.644784145781,-291.36126159828075,238.90426509485653,1429.8648316099013,-304.25085510530005,0.011885629360136818,0.01720725011410132,0.017184390485457945,0.017886934001946353,0.01987126476088394,460.6254293817982,15.959227751550937,-831.7319159055669,796.6495363186525,-4994.972920081893,-3262.0510892138436,0.2827062228223027,1.0,0.0,0.0,1.0,38.40117513291318,2663.294875394959,-489.5490782804382,796.6495363186525,-4994.972920081893,1970.7950981756312,-9873.294693187698
207.1448340086386,1978.3389048110723,119.74896572514571,171.7749664554239,1908.1840504725922,124.84716929018796,163.0130514464732,1853.8676627488092,130.5211932077029,143.7073320439825,1796.650914324651,128.97090309846618,123.97504366624433,1724.6341599476493,125.02350937247837,97.30679043100932,1666.6347074662078,123.28554063794132,0.018776454685221905,0.01565740584866518,0.017776199824503736,0.01620904066524209,0.016702532979352036,-420.2476344708266,103.27812820960162,-862.3374184956266,-1257.9467780195348,-3773.2748554010877,-4414.824831806888,0.4137937213529463,1.0,0.0,0.0,1.0,491.76377959333706,2838.9023983753896,-238.26366563210547,-1257.9467780195348,-3773.2748554010877,2693.242065286833,-9804.230202887884
615.522504298421,2371.215086438383,-134.7952879203387,591.8308591547609,2292.901424541538,-104.08961062473375,569.7505583453998,2228.881738602149,-71.20892841732115,540.4179833732744,2165.749315090631,-46.27713121093878,521.4580690186999,2100.985941403703,-29.416230661649607,501.5443578613623,2030.8087386592858,-15.383012978877044,0.01726389916783693,0.01690765092610838,0.01421713339458712,0.013825860048068614,0.016554417926134088,-324.4525317426702,-247.03927897285664,-814.1765405743174,-1547.089518186901,-4293.898512754094,-4109.159452358209,0.5315808884798854,1.0,0.0,0.0,1.0,696.6265502606846,2586.9337394448457,-237.6729328404125,-1547.089518186901,-4293.898512754094,2362.17882286153,-9805.057992757187
346.8877839478972,2428.2894931526657,-288.4889228099995,334.4751024613455,2321.8232051217656,-279.2307082772726,326.97398273258847,2236.949427410463,-280.518739793436,321.1142318381223,2150.1974099072104,-273.61036179550916,309.3806074365554,2057.234501167711,-276.7246777255837,300.31488474752996,1955.4264021161289,-276.56760647564846,0.015414245910126034,0.01588083148713756,0.01397417517282358,0.013721957852578133,0.017456714532932183,92.82864774143627,-31.679418313357672,-896.5628703447844,-636.8205335798698,-6164.502472342045,-3489.3847232811454,0.32293210466213135,1.0,0.0,0.0,1.0,357.10916917708244,2526.5891077085953,-291.26809369140165,-636.8205335798698,-6164.502472342045,572.301462300982,-9787.195627908728
222.57774746535088,2342.1811010485067,-200.71652256033775,225.60989018018847,2264.1273182613854,-197.42788634143272,217.95708435257373,2161.323440150474,-198.85668271187,224.8259944119338,2081.5198607751026,-197.01220886476506,224.80230175793662,1974.0239863606625,-198.79385449876995,219.7376074305011,1880.6441468966702,-195.09138102913684,0.011761359614982363,0.01800251671204902,0.01639318198080665,0.015689311853124735,0.02018506234729088,220.33447808532193,-16.573654599502355,-903.474841871976,-8.990754736923577,-5646.680843461095,-3761.6025698486574,0.3345723707921318,1.0,0.0,0.0,1.0,224.51517903799208,2609.132937609908,-229.4372168724958,-8.990754736923577,-5646.680843461095,862.5160107111116,-9944.34103346188
191.73569544201723,2122.611997322774,-391.4384195122992,153.48683161668427,2000.8700329532921,-375.1775708991113,119.3876680106723,1902.057692146743,-373.5517304087044,86.17738350946922,1766.2509904241722,-363.8055689285277,47.688600424666696,1671.044558882731,-368.10541954673107,10.41681212975635,1552.4919014856048,-361.06570564106295,0.021233903283872625,0.015225663713086798,0.020049928944557885,0.015098585958712246,0.017892442015067622,-564.6355712778784,-221.2493549695763,-802.768101000877,-2074.3691042212045,-6409.166434275933,-2949.8703273832457,0.2778082699211744,1.0,0.0,0.0,1.0,316.9712980161336,2502.646379597695,-443.3851405157284,-2074.3691042212045,-6409.166434275933,1258.6563956884186,-9902.415818992147
-160.69907827815388,1399.5045157510172,-374.1692375109522,-169.14319404104813,1340.4406926008078,-368.10473227694985,-177.46976589312928,1264.779686687397,-371.25270084711906,-181.79595829139217,1198.063603984709,-375.36151385353526,-186.96575246182496,1133.067781651423,-367.02582354716617,-198.418169813766,1045.3078270786393,-378.97714450684964,0.010623144659004213,0.015500219003219906,0.012802686866255741,0.014292432687329937,0.01769191860445246,-297.8401579855479,-178.1767997530754,-808.7301858405375,-432.7633751490413,-5011.257617598037,-2954.1280032400164,0.24400005738508923,1.0,0.0,0.0,1.0,-53.32885102633952,2653.1837541898167,-716.8027250759407,-432.7633751490413,-5011.257617598037,2628.7210624803743,-9881.148788885659
-146.56214903118223,1753.9850973237947,-83.63724780855121,-136.35865820835485,1681.441672354491,-88.60522622958312,-126.58223446370845,1606.7590255203684,-100.9569323614449,-114.78904240047196,1534.3816075630896,-111.8529482666947,-105.09644216403625,1470.9121260784314,-129.66229364449325,-90.21198154181698,1397.7999203128513,-149.83852269173062,0.01773647385917468,0.017979883761291282,0.015454472883608655,0.015395131339568824,0.01754183590336339,82.78848735288585,72.24332844456781,-977.1255604918433,587.8144692749962,-4361.167225489319,-4220.671443251685,0.30279935565539096,1.0,0.0,0.0,1.0,-266.96112186573714,2667.137827610711,-203.5789906325665,587.8144692749962,-4361.167225489319,1620.5149059095756,-9817.11991455673
-67.05356207220643,2435.3024362566084,-208.10659055134946,-61.82313221371708,2324.1666971686213,-218.07046387482058,-61.7218465882999,2204.398971906438,-228.81689730197257,-51.219225682347286,2120.865008652099,-235.5497655762755,-44.650521542518135,2013.5576211345278,-256.96781229053613,-51.83214318898286,1887.7130435830816,-277.2615805797371,0.018536899880278526,0.017443519073569703,0.01369450814013596,0.017799070072793285,0.01854436984192083,3.628370535754537,129.002871888256,-1011.4421336407906,189.81166212932888,-6294.373542028547,-4006.407676807386,0.280456270275358,1.0,0.0,0.0,1.0,-68.50006107339038,2520.8648178591056,-200.40040864017305,189.81166212932888,-6294.373542028547,-262.23298109060045,-9853.091304517844
616.0939868458266,1448.244338984579,-169.1492930077825,604.0804133885213,1376.551445800405,-178.01183035351838,608.5080347398837,1290.6490039077632,-189.67430702379679,594.8569453984028,1221.8414800621213,-197.45041082315035,599.3414708799959,1165.1015810125693,-214.65343352098526,592.3088162735468,1091.6697666467014,-230.75685067724112,0.01591009343812627,0.016526618459952985,0.014408218411714746,0.011610177094008689,0.014561067777009995,511.31259077254384,-102.32109730361157,-831.0918794272205,-328.92399144144355,-4918.991955877253,-3645.093223848757,0.2428295938353846,1.0,0.0,0.0,1.0,683.9976862792967,2480.149679531943,-269.96067467828186,-328.92399144144355,-4918.991955877253,1507.4505390908985,-9814.36907226602
-73.82670840241599,1924.580691464999,-173.83125864175602,-68.25000936244847,1838.7086249174874,-178.11947370935906,-65.87163289889075,1766.1201503454324,-192.32521129617422,-57.34595638005623,1689.6767016958643,-195.18966129969058,-50.515111569580384,1607.8895525881117,-219.9442209646361,-45.39652088923033,1507.1506501480985,-230.68797649162178,0.016835556612929653,0.014948281851644651,0.015482487764476638,0.019034926814496644,0.018621259392352263,81.1926799569816,82.99677836282899,-985.8272096319214,413.53792721806497,-4818.038751144104,-3982.8754721738223,0.2963013501146085,1.0,0.0,0.0,1.0,-137.98242146859263,2636.557316469204,-250.6898774666439,413.53792721806497,-4818.038751144104,1208.7723319274935,-9795.561894530789
529.3738146225348,1990.542045782712,-178.4196627687325,501.37951732771097,1911.3759472014915,-183.2675146545384,485.72908256111435,1855.7008089215337,-182.6400882884673,449.369887581418,1782.5877734359476,-190.4076735715924,427.0121995959609,1711.831423492617,-199.85403857227925,395.48213265566227,1640.4783061771732,-214.56643886492307,0.016762655712738606,0.015174474968535717,0.018234509358782236,0.015537199571276111,0.015379877623389382,-125.22346480394567,222.00894223863878,-1015.0460772848182,-1560.5834025473393,-4221.042059856409,-4039.0478416092706,0.3386416352831473,1.0,0.0,0.0,1.0,709.6886555588803,2480.266444261823,-258.3615904501446,-1560.5834025473393,-4221.042059856409,1210.3207880217083,-9811.903980618661
-225.9996962830315,1861.4185999473257,-363.5114710596387,-225.22682773130026,1791.1987017342924,-341.5281292983177,-221.02083142572735,1715.6796205734324,-325.0568479292538,-222.04266861504107,1617.4061133697408,-309.4474837685557,-224.3169055276967,1545.8547791923838,-301.2032195666154,-216.35066212981033,1480.3136421360234,-295.1623714071636,0.014836859662054197,0.01873126311906323,0.018235270003764098,0.01633171669370162,0.014354367983089089,-144.96916454518112,-232.5817641045049,-804.6601710329055,178.63198656827595,-4598.350604648124,-3198.299129106997,0.3724087521918189,1.0,0.0,0.0,1.0,-250.3620366204629,2480.445092637886,-621.5407211892705,178.63198656827595,-4598.350604648124,2577.555231331953,-9789.583661760926
-197.82265992332148,1890.962180194008,-347.3623108817273,-184.46069569802876,1805.4624712452412,-349.5656325031495,-182.82735886825833,1724.0092948265642,-354.1432510258409,-175.9119809430358,1632.5122772885727,-362.06485295229794,-154.64766262876603,1522.3424509651218,-371.8654559014634,-147.87794187046578,1438.4464632059155,-385.8264985567164,0.017574284893484532,0.01605635953706705,0.01472988287919183,0.020448633332660532,0.013872927130826329,-27.915242689573084,33.57685100501584,-945.5594998854165,498.9962295777485,-5536.088381553449,-3431.890498113391,0.25528931575573277,1.0,0.0,0.0,1.0,-267.4334328868926,2690.89927415067,-429.43447669762963,498.9962295777485,-5536.088381553449,1281.3695681642764,-9819.29180474513
277.34351690177397,2309.8139722709993,-204.25417308101862,278.8596996121812,2266.8174555107144,-196.89219751520656,266.4195984932585,2183.028809017126,-195.58964639185095,257.4363673688238,2109.193357820822,-189.83802970006445,262.3036180030684,2036.4302572986533,-191.8284004534287,257.009406332347,1968.159925326449,-197.09109408326228,0.01303586193452086,0.016307094049841014,0.01920969303822087,0.017002342075742097,0.0159517091984004,124.68648300740925,242.11431724641787,-1016.1809819593275,-325.33377611785903,-4414.8382083269935,-4034.9314107796963,0.389308125113206,1.0,0.0,0.0,1.0,295.4867154692864,2559.9043766180926,-254.5241947236202,-325.33377611785903,-4414.8382083269935,1133.3817451198552,-9844.406011237235
228.35903149946316,2235.6167797668822,-25.46316776633122,220.66925123144506,2176.179428627036,-16.4965194022375,207.81616199497148,2098.1821611827386,-2.23259796606414,199.6092803067507,2022.9761024515299,19.836789137225672,190.68294818524092,1943.7173916929676,29.827369852651074,176.7008458725158,1879.2528210547473,42.64604271375245,0.012101380025200975,0.01943910419603266,0.012528202569236632,0.015536373558220934,0.015630189124721222,-146.15572134669526,-427.91468066674764,-810.1039743590396,-692.0526016421361,-4876.9001806686665,-4133.12983658294,0.4714041926984692,1.0,0.0,0.0,1.0,296.75794370427207,2693.3014349611976,-191.01685790643182,-692.0526016421361,-4876.9001806686665,2198.482597668546,-9893.144428517962
62.966659797096945,2321.211052635129,-456.2825405342629,52.141492794521135,2244.16497650226,-453.1780501059857,31.949423603054598,2158.1512635668428,-442.9865331287003,8.633453443751852,2082.8472941861323,-437.36249404870375,-17.186250040506753,2006.2430156553448,-431.2011049947316,-32.912509003992774,1921.2151554410134,-444.5389847663636,0.016092517527178718,0.017727732455219497,0.017262011320968593,0.017305888732407904,0.01460022472126929,-391.72363006497505,343.985260414652,-1004.3098222790042,-1114.8552040973677,-4819.754476568731,-3346.238002840472,0.3275485661731777,1.0,0.0,0.0,1.0,143.4068679017612,2657.467409167638,-529.1511998324596,-1114.8552040973677,-4819.754476568731,1366.4104093132094,-9818.017525320167
-428.61905137355126,2406.228449918753,-403.74116804014557,-429.48231256820003,2305.6917243057383,-409.2482023305623,-426.6584882509562,2218.588970101049,-409.17584741964856,-417.58182207940945,2100.0013488784493,-406.9632754320497,-410.6310010635901,2007.5667771215117,-415.7252210782809,-397.7898967434956,1897.0997179310846,-426.5398503946342,0.015595586797931417,0.015936157813305055,0.01732480308145868,0.014339220448223812,0.017913994604506003,-291.7329752504085,122.99418017590553,-1006.6358483259426,394.4868546498742,-6222.910810890241,-3411.530007926937,0.28568469751979664,1.0,0.0,0.0,1.0,-439.66554574410964,2456.585734259747,-414.20167615015174,394.4868546498742,-6222.910810890241,251.88108965605596,-9769.096260221304
102.1193468190492,2327.755924041374,-188.8206806648547,104.018851254054,2262.652846256576,-188.00225005375526,106.46955790966894,2204.6684199342094,-185.49571302406403,110.51626330940594,2126.246153701161,-185.19948011566805,106.37031081474933,2058.406748817274,-184.34423727022377,114.61219213564443,1998.2649665871581,-188.8998218075276,0.01536968172906232,0.014442348977452835,0.016894356155246967,0.0170075620986056,0.014497398148433205,158.76325551545983,371.1881462559218,-1003.9703457750579,125.89159317521387,-4301.188843701094,-4021.265377842466,0.3773942250300828,1.0,0.0,0.0,1.0,90.78179520084416,2693.8301218545143,-262.90806178560126,125.89159317521387,-4301.188843701094,1276.5902519555875,-9810.843758885272
264.8914997420837,2292.5534427612165,-227.486509646234,253.23871835775077,2208.196144141041,-222.72903354109525,241.05999759880737,2128.607867629087,-221.62613255465732,231.6677678749424,2018.7843161499716,-236.2602461810736,220.34929743220425,1950.5977438415998,-237.2466872187457,205.23873298048008,1853.531497061139,-248.78085838298858,0.01658135885679033,0.013423209272610898,0.01804682677822453,0.013612207216877462,0.01911670430619375,-24.100972830398323,66.1336723571935,-989.2980850361171,-720.5693888353003,-5508.4462072624865,-3892.357068582426,0.32304630885692454,1.0,0.0,0.0,1.0,296.5524052013102,2517.392234588997,-234.4443583594135,-720.5693888353003,-5508.4462072624865,499.7560498107264,-9869.917119984599
-167.3195640075076,2091.4124720619234,-78.3791614107756,-182.2077671398972,2010.3800720893016,-59.12933214484676,-199.88598229093597,1932.7126935466229,-41.472940974722924,-208.63409363832804,1857.5082955165271,-28.58166745479429,-225.01636263556492,1781.5764353312406,-24.723282033221242,-234.3784271259673,1710.2010202394179,-18.895072524611802,0.019056751712295858,0.017306396797972065,0.015697853382162535,0.016155066324419348,0.015553425137914328,-569.7622217001065,-241.41905349766793,-814.2375323939401,-776.0545479107965,-4526.593465861117,-3985.8892951571765,0.43226620681884353,1.0,0.0,0.0,1.0,-96.36894747452146,2519.802960677613,-228.05424656882838,-776.0545479107965,-4526.593465861117,2063.9768826158197,-9917.813406185234
-152.57030475604202,2373.902018902739,-307.4417217885779,-145.86470107779886,2261.1539673652014,-300.5733891941416,-138.0135350990385,2186.228872022452,-290.58492771413944,-138.66764021016388,2081.726833622453,-284.07798796463686,-120.71137379893833,1980.9038063064145,-290.07605935518984,-120.8821486688369,1899.2857883004165,-288.62596919783687,0.019690456422151916,0.011304854780858312,0.018548867674813556,0.016874194645087395,0.015211526524621738,6.675888550768081,-17.49561366275406,-877.1741694235772,376.9572070165816,-5671.4542025052815,-3394.6295712768224,0.3389729217249206,1.0,0.0,0.0,1.0,-159.18528253652778,2477.944235439566,-323.4679008827363,376.9572070165816,-5671.4542025052815,877.7828960911768,-9710.02833492726
191.3413503076832,2012.3113597853346,-234.15281813850325,187.08603009721676,1917.3456192680867,-242.4371311314213,173.66066193684148,1817.902410723756,-251.75670641315025,157.80182329904918,1717.9550294007747,-261.1727736001061,143.07567625082655,1621.4803117246852,-281.25868900169536,138.94849864684923,1519.651352487601,-295.4459193593261,0.016459199418175197,0.01732193997871835,0.014340218710016922,0.015582613083742147,0.01709646342085938,-60.84182289605439,-11.375270493676943,-886.0699960949228,-804.9680659684811,-6237.637339418912,-3606.969197778905,0.24490406940273493,1.0,0.0,0.0,1.0,261.14540349133847,2483.6796652738863,-225.04879875466986,-804.9680659684811,-6237.637339418912,301.86321107763433,-9772.081022141332
251.7172079618032,2036.973865333689,11.735230454220416,236.01547250815202,1978.5899944625896,9.0339047372285,219.61788682145956,1910.9766554674234,14.622409186007078,205.5933997526785,1849.6050420711997,7.410775798298619,194.13591608180724,1803.0831251609054,4.81518583090169,181.3469893061507,1731.993007109079,-1.969446289549274,0.014331766643034094,0.01828450600584855,0.01449567032588378,0.014094773305547925,0.019653262238683578,-182.5917115790196,163.26694444042434,-1018.9905878109402,-868.9616227603651,-3783.622605239755,-4464.884865379726,0.41326520569176606,1.0,0.0,0.0,1.0,434.3710405808404,2849.6389941606476,-285.303273050519,-868.9616227603651,-3783.622605239755,2398.1600350686845,-9666.260423166785
97.54567522960296,1837.58064337213,-169.19627212851182,110.10845585094475,1773.958184399801,-162.03112051839904,118.79122611253887,1710.6991430532903,-156.2909390832173,116.23893794330642,1657.9462783012234,-161.78074718601533,117.47037965129165,1588.5603999823854,-162.16409380411963,121.95182125592099,1532.3517666798082,-162.94710381009097,0.017306262399193223,0.014782311988021962,0.012369179669459607,0.016393785856154697,0.015742134494280025,220.0240658195955,53.43182552304103,-953.3711046644815,249.26963661937276,-4034.5304359779325,-3940.2227930866684,0.3667508615878403,1.0,0.0,0.0,1.0,61.737846566293,2615.358652369023,-432.74700809790784,249.26963661937276,-4034.5304359779325,2300.4618590187188,-9827.84984583527
156.75908560692233,2009.6421029331211,-266.7782766677404,138.53000629558022,1943.7251629294933,-258.2214695656277,120.94637415083011,1884.515914782709,-260.5858492053404,106.26207267151402,1813.3856590285852,-259.60689123948083,87.0778479926073,1754.4622931642423,-255.36604684950376,76.47522585353872,1699.5005771170256,-261.8150185485742,0.015023049766557106,0.014641086754593524,0.018571883647641785,0.01105406271655987,0.013504964400839814,-320.84038708630845,170.37683764897486,-980.602370955659,-1104.5718630797633,-4241.420096073012,-3740.671956117026,0.36029520245285773,1.0,0.0,0.0,1.0,303.242715553758,2566.7791919302344,-411.9701732973979,-1104.5718630797633,-4241.420096073012,1727.814619273609,-9678.737301576339
-295.2159136605472,2421.5711618172804,-189.26997912997118,-293.8765853898644,2349.3184273582615,-185.2216853880771,-303.81714885029527,2257.5023319806796,-171.8050402324922,-302.4180809106635,2178.1836548380356,-161.9608516633623,-308.54843310297264,2096.486841676375,-156.56711769277817,-307.45548647811063,2029.6871620195968,-149.55920526418367,0.016218292605387347,0.018333701259791918,0.01621715716978553,0.016710298316786568,0.014854647938314702,-358.75000342273125,36.36048681835132,-909.6069504822908,-129.53119997447817,-4762.953798842091,-3865.4634464311303,0.41841348091282293,1.0,0.0,0.0,1.0,-288.1554994366429,2632.1703071872957,-263.06421987972976,-129.53119997447817,-4762.953798842091,1492.8295726602678,-9831.730310259449
-80.99962299887672,1869.9751802691665,-205.40403819243656,-103.93866007149475,1767.606621547382,-204.47561699302332,-132.32046566002052,1689.5044663267226,-208.3888133872553,-166.36701631372264,1595.5629390452714,-213.98916090387752,-177.1808777416764,1511.908887327201,-221.94402174241455,-211.83577924260936,1439.9036771465821,-230.0973993989824,0.016593372257467848,0.015303550033619467,0.017406925247670985,0.012906558042791505,0.014072053404759977,-655.2828022056281,-72.16682387571646,-804.3773021936023,-1629.6773215875078,-5466.9551113682755,-3419.019064553636,0.2773827254336414,1.0,0.0,0.0,1.0,102.51715233256209,2469.967302910533,-268.8015772806797,-1629.6773215875078,-5466.9551113682755,1115.4675595518122,-9751.584137861168
86.26398427138676,2395.7317759496564,-775.4890822976276,75.4598072480874,2287.408773547251,-760.9376261225455,62.55623856454306,2190.0834388751277,-742.1517358749824,60.017501265315786,2106.5500802326196,-727.5142748592565,53.34776678412448,2021.8234407499904,-719.250899095799,50.276812909381576,1931.9617691306269,-714.6393301370423,0.017816255483275548,0.019110694446688576,0.01214140740772833,0.015478571739167536,0.01665926278640642,-102.91886891439815,172.11827561527753,-1018.4380847446939,-492.11242544883885,-5784.411049099643,-2510.374134357715,0.303710260896794,1.0,0.0,0.0,1.0,91.46553913789307,2456.9606400096377,-791.0522169003433,-492.11242544883885,-5784.411049099643,1359.0532845129133,-9796.018781950957
-187.75481633556743,2172.642440296574,-175.96858870447625,-189.96947882393874,2090.098109635042,-170.74300880281552,-198.7009297386297,2026.235282348134,-172.1158925070504,-210.87243394608842,1949.4745752536587,-174.61609096571843,-210.15332126599688,1873.056992936777,-171.8996245527182,-224.7225738304563,1805.3557487995865,-187.0340243798624,0.016361761108676015,0.013644791798935768,0.016287969460155538,0.01617828048533901,0.014346908135352915,-418.02061504636384,115.84953088849687,-961.0734544735711,-550.7788917724939,-4825.18333439492,-3938.3928513712767,0.3495512075285856,1.0,0.0,0.0,1.0,-142.63116916011626,2528.44119808596,-216.422283355241,-550.7788917724939,-4825.18333439492,959.7881668979608,-9796.362036538487
-128.6858428760246,2350.8374715283744,-52.216533991927946,-120.92143527229352,2309.345084843604,-25.2120539792192,-111.78237323526339,2255.364519979805,-6.838090622941208,-106.73842116453461,2215.8782976397165,14.816348788866367,-106.69656432569624,2176.7274060485615,33.62812474979379,-100.66691378990392,2120.2436966714317,57.82141362316973,0.015359453728218855,0.013816018517367176,0.01364727735197313,0.011560465325775843,0.01702848286011678,116.61660722419414,241.35215125961244,-1001.6526121046269,369.1014349569304,-3208.993291417964,-4695.029767225283,0.5856744213913929,1.0,0.0,0.0,1.0,-150.98193311958056,2567.872287537637,-199.06648706061355,369.1014349569304,-3208.993291417964,2480.999077448692,-9897.970820239954
161.66616950488117,1608.581421499386,-41.337611861610064,118.71697632339169,1547.869584833334,-47.661586726544584,85.48693310476799,1473.7356270330963,-53.469988187733655,66.3997343064892,1411.4213152691923,-58.110827898224954,27.956191650593787,1342.5236790024528,-67.92886683346597,-2.231043992750168,1281.7235687542602,-88.35027265023002,0.01515934481352263,0.018389778885469776,0.01586287280146345,0.015905119624760322,0.01585582664912355,-607.6558143535386,109.68375373200843,-803.3660640498894,-2086.3815784018393,-4056.457152419521,-3865.63340024494,0.2878475920473174,1.0,0.0,0.0,1.0,612.8774090115373,2482.711187897432,-215.8231322407446,-2086.3815784018393,-4056.457152419521,1856.93961628205,-9782.176096627325
-115.52400456836062,2221.4589556721053,-495.32676733549835,-106.31202221668366,2149.041192098808,-482.19798143065736,-91.9779662584729,2100.8644945054857,-465.027919171483,-79.09681883702201,2036.7154557268382,-451.14155008670525,-75.43178665446897,1988.1989350131403,-432.40589799066515,-61.11322628875476,1907.413235025075,-415.86369757915884,0.014422077981748882,0.014786690957895338,0.013900450242176912,0.014174595098125409,0.01849352260451481,216.05050346532462,247.21485569452037,-1011.812684277419,654.0868455517257,-3945.9245269230414,-3510.0233718374643,0.4230714437375783,1.0,0.0,0.0,1.0,-166.59030118243538,2555.5807039445017,-666.6492642439716,654.0868455517257,-3945.9245269230414,2329.9774913812403,-9982.907458493508
-77.67378275049502,1788.7287434090929,160.15825408315067,-97.56118563034899,1725.8106405222195,158.93255785450893,-116.81821761308693,1670.0821598963241,162.6490051204495,-139.48566069085538,1605.2567502515426,164.9696439955716,-165.43252408773827,1537.5778020249322,156.50397411011176,-183.89863862479547,1475.830913151758,150.5200228239702,0.01585267623731193,0.015583078101772119,0.015375859959411486,0.018413977475276067,0.01585135869231913,-708.0489621029774,-36.900251089031485,-800.8368469604509,-1322.2443364709547,-3827.0537400327416,-4348.869465827605,0.3955006953946089,1.0,0.0,0.0,1.0,237.3557384737545,2699.443173034379,-199.25419980114395,-1322.2443364709547,-3827.0537400327416,2666.120802444935,-9811.175200381189
-68.1522816014286,2065.9855415466563,-202.6545012607166,-74.31512398240739,1986.5609591366567,-197.53501619539165,-86.59256504890939,1900.80684065634,-192.8288032108127,-101.28211692087268,1834.6138381785604,-194.25480733109185,-109.0805238533729,1761.1067979670026,-188.26386229163487,-121.04335244542195,1699.4612804288056,-191.24636456577568,0.01720561800002958,0.017953563429190522,0.015847243899317437,0.01550489243971337,0.012960547855069227,-356.4091948619644,41.166840145471724,-883.2201254679263,-678.3282246621918,-4673.827787141773,-3658.2642429517973,0.3534591176323987,1.0,0.0,0.0,1.0,13.279687578929497,2588.402984137743,-319.08072271739843,-678.3282246621918,-4673.827787141773,1588.027902582894,-9626.224120247149
-391.0663545058568,2414.7255231018075,-263.95212741517395,-361.52381281597013,2312.7980347438793,-256.39809259747204,-332.8991291490081,2215.625913354453,-258.8019718696513,-295.4227973537469,2117.2108143989158,-256.7120051323601,-274.45219008325284,2020.2323504482522,-262.8851328246377,-241.6248353391888,1919.643918801142,-270.69509945078886,0.013817488213312305,0.017151961260798,0.014504014351920058,0.014036597383821528,0.01691358138551645,322.3459375580115,78.11529100539525,-842.5204832794146,1964.801804429094,-6413.3506225975725,-3380.953259916115,0.2870597358999164,1.0,0.0,0.0,1.0,-414.4547391028985,2483.1217744794885,-262.167510364259,1964.801804429094,-6413.3506225975725,285.7374043686216,-9777.841771425974
412.2870509446951,1625.83952260128,26.85981341751631,375.9365070686987,1561.6093263782034,32.24144382109479,359.64413787544885,1487.009543828141,25.288198691899673,339.61179466967116,1414.6656660103376,32.14319989723425,313.29595859551995,1343.720005865642,27.06334247322187,292.20470961700323,1283.2990392411484,18.75796136736531,0.014943610809659252,0.018829220182407347,0.013180352208511437,0.01630481935144895,0.014020642667604055,-219.05512770126052,-315.9867631408899,-804.3161029890542,-1426.9413198757488,-4422.403084836342,-4053.048960990984,0.3623286246120458,1.0,0.0,0.0,1.0,701.3220236185973,2536.4632265785467,-238.54628902887714,-1426.9413198757488,-4422.403084836342,2298.7239564633105,-9847.709949541555
114.40256762298596,2119.5751186192515,-398.44308463945293,117.98946732276784,2062.343525392324,-402.5053551176741,102.41999059390885,1979.4895058309444,-401.0071496811383,104.44103686602216,1913.1566027560773,-393.2771634867088,103.74938595639348,1848.8740242767042,-397.33889698594845,97.5745854527216,1786.4314440146522,-404.6698842747884,0.0148655622144864,0.01701357076639118,0.012600889758653505,0.019184896541248525,0.012872818956280035,47.99377565357482,426.5598503234537,-1006.8163419090585,-159.97884920993894,-4317.965918554278,-3476.0141267516615,0.31577193903986334,1.0,0.0,0.0,1.0,135.1822484729911,2779.8512759355326,-578.7465975698503,-159.97884920993894,-4317.965918554278,1905.115982387606,-9873.633227778482
37.326551026916505,1491.5510975483687,17.104429083685616,27.13606935550371,1416.686658636633,6.655944926074557,16.05976159132783,1351.2458406485305,7.75436713171246,2.44723936653003,1282.8827946419378,7.671895571990707,4.091168017392086,1194.93246212208,-4.586128124828126,-10.765430095707067,1126.353436734695,-13.323127680019065,0.017187917500548683,0.0143704174281446,0.013660808763558852,0.01683445193759614,0.013539923775418627,-196.6928816464585,-436.5782614990565,-803.5975311845081,-563.2611004966096,-4708.564162056318,-4006.182290867212,0.3349607269516566,1.0,0.0,0.0,1.0,160.977917168889,2553.3599814067106,-238.9856466979155,-563.2611004966096,-4708.564162056318,2227.8771428779523,-9817.416431094762
-41.949355707480855,2425.8730972636076,-354.48867061540574,-22.965901885031613,2373.5574215742154,-337.5245285595494,-12.81856589993924,2299.612756967813,-318.3562621608955,4.131007689454526,2227.976054798339,-302.06790259725256,11.92382713890013,2159.8922225171355,-289.241828632035,32.26653075613154,2088.596596956711,-284.2678844662837,0.015061997338844127,0.015378806733517353,0.018043043103821585,0.014227342549141722,0.01712593389282749,401.49917771217486,238.41959975218828,-1008.0919222128182,845.2499181294636,-4211.859688563924,-3782.263940018384,0.440259026344182,1.0,0.0,0.0,1.0,-88.74577480291464,2681.298219119261,-453.8086968375248,845.2499181294636,-4211.859688563924,1870.94247320703,-9746.907609009342
275.29064094121725,1529.870855402003,-240.0666154620829,255.244624709277,1451.4484846765233,-246.13801060741716,232.62268879649437,1369.1449197470379,-258.8168583405523,219.96155930950388,1288.736500557919,-265.31549001216825,191.63549457916073,1208.6187462557282,-270.04399041379276,168.2910898289612,1133.4669139125374,-279.42454299662944,0.015680057416142312,0.015431129069332,0.01728884885121848,0.015116399505214873,0.016045866275963272,-152.96798830705316,-124.27702322064161,-801.5361198236662,-1331.3388484504926,-5097.915751894933,-3339.5520651838306,0.24539443498890579,1.0,0.0,0.0,1.0,565.9549898562123,2628.597482802619,-445.5008043802259,-1331.3388484504926,-5097.915751894933,2020.902748726649,-9926.7681739083
-104.6231813179155,1751.5146634202385,-79.91904145402388,-81.8106415232802,1685.4321992122998,-78.77121932962156,-55.843366457096685,1631.7896219022339,-72.49544308390644,-18.79715572438546,1562.285568500384,-75.1162042054966,8.540353507771544,1509.7958933919344,-78.88733842278418,26.59673821691652,1457.6116670782503,-78.00025506194882,0.01404392500087595,0.015782462774094286,0.019453547522643777,0.015119671531572565,0.01239552523712939,596.575864370928,156.80008481197933,-810.4459352698283,1659.3656716857738,-3771.4458755612654,-3820.5172324449745,0.3446313685705534,1.0,0.0,0.0,1.0,-498.6054789416818,2645.9543626824084,-449.6157208942798,1659.3656716857738,-3771.4458755612654,2727.092340397855,-9920.620564913364
339.79050979204834,1973.5633288188467,-79.77326964524592,330.26458073644716,1909.060769973209,-71.92597593046654,320.0994566832245,1854.3397845618317,-60.069462498665985,311.5422967426085,1777.5761178457567,-60.956829926623264,307.9010280237328,1713.6449747692086,-58.22364083335839,299.0936651849905,1649.691324969016,-66.771616181493,0.017423086072869715,0.015842162432433,0.018538836084133536,0.01663439493427374,0.01728972079253424,148.98048243102403,84.91169127957278,-1001.20932917023,-385.1649550152031,-3892.3248075785405,-4313.474349563318,0.401737104887946,1.0,0.0,0.0,1.0,403.1893527410591,2653.846064281413,-310.67596664056003,-385.1649550152031,-3892.3248075785405,2220.949008564315,-9900.641451708521
60.76957785331235,2425.177882195633,-315.8841529004299,46.53277512007945,2343.351752666645,-304.8347611035194,33.63687948297253,2263.9750049430318,-289.9560071621253,25.216472804345855,2201.3935943320125,-282.66907365599,3.862067905334844,2114.0091374556796,-278.37242592310355,-6.137934083821533,2033.1423863398084,-280.4091883424144,0.01765955305071503,0.017341089354499656,0.015129790266099785,0.017780491109391408,0.017282337334833225,-306.1495182979387,215.1718658022619,-1007.4435214013022,-762.4642686075804,-4581.708777408745,-3763.2551343710375,0.39678871260637616,1.0,0.0,0.0,1.0,94.14422272104116,2620.5689739418603,-365.9368563797458,-762.4642686075804,-4581.708777408745,1319.4202200032146,-9681.286389284296
-320.9855982357017,2404.7738004393805,63.852458574664674,-306.0407258504458,2330.5058443136904,78.66122204446481,-291.9998028735666,2284.73870089905,104.21641800000509,-282.6311541590443,2215.8154512127758,122.98678327386199,-267.05572277522504,2177.268204753641,122.14908251093252,-251.61546469354897,2115.190595802475,141.9620644427654,0.016351719026802825,0.017149683273290306,0.01758089110781938,0.014768310264242496,0.016555836462639445,188.8027411109874,209.60380423785955,-1018.3503827310022,825.5671327169493,-3518.2302525137857,-4808.656969146704,0.5403944939922312,1.0,0.0,0.0,1.0,-438.6282797538929,2883.4587961483367,-212.65150853359046,825.5671327169493,-3518.2302525137857,2688.3967738903534,-9864.54439873297
-351.9075140238992,2373.7102427322707,-449.98667286719444,-348.94071380781156,2292.347709731887,-440.4643885616809,-345.8005336800331,2231.1785607854526,-422.2143651050763,-341.86360675388397,2168.2730525199904,-421.0372373235099,-336.01924145692624,2098.585345246922,-416.70854127372803,-331.38628348790667,2034.185199756941,-405.6777941899665,0.016588734911973296,0.014048747994796398,0.014457212039317768,0.016320441168805877,0.013193327800197052,-198.15403903572258,420.5178585648405,-1010.4467514761415,362.19342625433393,-4410.741223573387,-3478.4010543001555,0.36694809000832906,1.0,0.0,0.0,1.0,-384.6836535567063,2692.0495887051406,-545.1213102459762,362.19342625433393,-4410.741223573387,1671.3119621441738,-9999.442750377346
-169.36694062612943,2277.311745209328,-324.5230120205779,-138.15171532825497,2182.5958681443117,-291.5732747627285,-134.80742948409656,2121.843311455069,-264.82595604164925,-118.83466888935948,2062.4492176340755,-253.29630555107423,-101.51295793872775,1989.5890623069338,-216.86815313567817,-90.14598403577095,1925.643143286766,-207.63821102453355,0.020626007556073675,0.01739933401565369,0.013681432742474992,0.014138700258952419,0.014179274439834189,369.89044016554175,-88.95655180156427,-815.6228161816002,979.0059977639526,-4295.966654224958,-3591.777709946829,0.46987940509756077,1.0,0.0,0.0,1.0,-271.3584883698478,2724.901606715783,-563.6649397744509,979.0059977639526,-4295.966654224958,2822.440682749423,-9792.699836177477
232.16673868592449,2192.0794845967953,-211.52882709785388,233.40356319526413,2099.4810734989337,-203.8183615076982,225.23897719809915,2010.0075189576903,-216.37850013224823,228.65772420149906,1935.6706891180208,-212.85961742361508,220.6091805931392,1826.6584140461246,-226.6862531128656,224.24758904013004,1735.729172858104,-232.48812249488904,0.018459280807625003,0.015316225623141624,0.012852082315633367,0.019669597283126505,0.016431189588335865,200.86687223222577,20.773125477473716,-942.2867845465655,-77.42957008774461,-5557.088021388059,-3776.811917703098,0.30815305741542937,1.0,0.0,0.0,1.0,236.48447447258957,2577.0336153159824,-226.81373869470121,-77.42957008774461,-5557.088021388059,666.0595444341217,-9658.41622203744
-150.41870791796785,1750.2228191275904,-470.8968658000907,-150.95985352556903,1679.909189769976,-465.837737350344,-160.47915841386353,1590.3576776862117,-466.9677152054519,-160.60912512486607,1498.1321030426411,-464.7622353618338,-170.5025315093923,1399.2120618755193,-479.4162608353384,-176.94712898124033,1318.3992620425463,-480.65769193731563,0.01442218040199486,0.017263851643730788,0.017400813766674683,0.018010021446333235,0.015999144119576564,-274.3676998099033,42.0017593663182,-924.4912695378531,-380.17749835018515,-5185.065525191126,-3001.0119246750487,0.24608820174917617,1.0,0.0,0.0,1.0,-88.08072561831267,2582.6838667099664,-635.2127196055854,-380.17749835018515,-5185.065525191126,1820.2831494412912,-9839.377702278245
584.2319015079061,2355.7180550990797,-140.96320309642732,573.5790938020324,2311.3990168270184,-130.06224206814602,562.3787409823315,2264.0684442004094,-111.39466404685206,542.0950850250059,2185.5517501356485,-91.62145858441826,528.3678682633528,2129.5518994969725,-81.59368403860998,513.1773097620033,2064.2656475708823,-73.88764293761554,0.011637406650111967,0.014124570054638033,0.018181981487765342,0.015926724484368077,0.013554423413640965,-7.658740090992882,129.6343608912066,-1005.4504201527064,-1037.7213985009826,-3853.79472484019,-4325.6713617698415,0.5034507574557391,1.0,0.0,0.0,1.0,656.4829549496349,2596.0629847889286,-251.2674947887599,-1037.7213985009826,-3853.79472484019,1968.8497200075094,-9835.189190277113
-254.59594615428858,2016.2512345564512,-506.1292210485089,-236.69045229732853,1948.3121619357628,-513.9344514177042,-218.58561341983304,1870.755584195062,-508.4129701934181,-203.2996582031241,1802.9471763913198,-514.9828893247173,-192.64686948031903,1722.6980205557109,-520.1158480523551,-175.3395722766071,1625.340139287438,-539.4751541648124,0.012819652837744777,0.013611259661942668,0.014534427637094005,0.01646694437152632,0.01611692721475841,99.11733767800777,323.32982966302006,-1011.5938800147117,1094.1820325440247,-5259.841617679931,-3147.54095938121,0.24764506088540547,1.0,0.0,0.0,1.0,-360.4391159904827,2532.4633090885877,-559.9012008027216,1094.1820325440247,-5259.841617679931,996.6234393241305,-9867.058092155577
-321.8554327552729,2002.1378355311567,-320.28086624599337,-313.2607152895776,1919.1645472708951,-316.0848389641097,-305.84620059412646,1831.3299359199088,-322.62222129038184,-305.67805165600294,1736.9411029008093,-327.3247641040772,-305.334843675991,1656.406160784447,-326.78069388532913,-296.17036460762824,1557.286654166567,-325.88305864194353,0.015146935649010804,0.0189544792664309,0.015425855466884741,0.015381930659735005,0.017832100017491304,-206.7415877428772,-6.159024168240073,-888.7149299675648,314.55197656743053,-5507.831745186666,-3342.913761039473,0.2836508292635925,1.0,0.0,0.0,1.0,-357.7265364952433,2637.6002135213553,-415.80072639192883,314.55197656743053,-5507.831745186666,1372.4379128076532,-9823.649320514844
-355.86009236227756,2331.9135146458143,-590.4206491559981,-355.9554773015945,2259.989650498482,-571.9770494018545,-354.69389378937876,2196.7720169241343,-545.8518668453821,-350.4923299715974,2111.631297146795,-532.2724969564972,-349.3949850433001,2042.0373352647807,-517.2797433657223,-353.67687927664406,1987.59279985926,-505.57652200895166,0.016564304067543036,0.01586780963413771,0.018316092971163003,0.015071941628037558,0.012134129554268444,-332.0061191180157,226.68800899210993,-1003.9864439133743,47.11092672648922,-4365.053492044937,-3229.4280655922307,0.4049797318404836,1.0,0.0,0.0,1.0,-356.26824638215624,2474.6905573952513,-643.7456555706742,47.11092672648922,-4365.053492044937,1830.4347128050335,-9824.976268732551
298.44669710609435,2049.5317539230246,-310.1836696583878,285.868049961262,1953.6671607631747,-299.9776472337414,267.2890713150431,1883.9752169172136,-297.3154143540436,262.62558143372405,1818.0671771301663,-291.40495044635196,246.21800589509556,1732.0569624309126,-287.4395721755236,231.9331238257305,1661.6319636087842,-286.07945181306263,0.019177969912465495,0.015196767763453078,0.012412843019244807,0.017097493049924806,0.01642698374288734,-68.48373655367625,-1.7560778612291372,-879.9583335697956,-893.2013874844305,-4978.690033167198,-3406.7163136037702,0.3332217425896277,1.0,0.0,0.0,1.0,373.6509502511167,2462.6954885565315,-400.2996162962324,-893.2013874844305,-4978.690033167198,1468.7012943166485,-9849.328500849324
57.09759926682421,1891.1153797069826,-38.49672511214721,46.67033490930603,1834.6169694655832,-44.678418396782504,36.68711070668493,1756.025467303995,-50.539162086610155,33.40425487413345,1701.3434482473692,-60.43702702604926,23.837622695284956,1625.4603786062228,-68.4088593749159,26.349518765077594,1550.0230520601224,-80.87747596935664,0.011901636799764942,0.01852250391941332,0.014684894315392216,0.01668786925954019,0.01566940321837229,-90.87721325904485,82.4249055834369,-989.0682317729159,-330.6881155094459,-4262.49633653805,-4309.034127125751,0.3462514480834101,1.0,0.0,0.0,1.0,122.41662124454774,2831.735042650485,-243.5725558851409,-330.6881155094459,-4262.49633653805,1997.4196282489354,-9777.447682751455
373.06999417240644,2445.3311464090457,-261.9540226999641,370.2732939027904,2370.6262315333056,-242.4977194813721,373.1081339762147,2294.472350737516,-227.33598137581447,366.5725557424189,2241.1523614138855,-231.9958628300808,372.4634598365658,2162.580634178011,-225.21946412938794,377.3393891611117,2087.1539976885288,-215.9862741128494,0.015250257648004395,0.017892394013522123,0.012066929874337086,0.01693468147747177,0.016682129448973848,386.20910876234177,215.85926608383352,-1016.2806156624669,30.39436910091848,-4449.798162536931,-3946.5756387294755,0.4212432635971005,1.0,0.0,0.0,1.0,370.70798052087355,2485.2563289776676,-270.0418271673084,30.39436910091848,-4449.798162536931,1020.1490171798304,-9738.675795900604
-338.3638127426723,1894.704300500473,-276.44287281687906,-318.42040481155504,1817.7591662724979,-268.41873050834874,-306.76780860229366,1745.994807640105,-278.57113579868616,-294.33969993888047,1685.51142909328,-283.9316917076984,-285.0554405001967,1618.3549912478916,-283.60432514071744,-264.6273018406913,1555.6826213899997,-290.08714505906977,0.017462381495026463,0.01692452098415409,0.014213205256733558,0.015514616094783162,0.013550510325723825,23.348520967820335,105.58118225898335,-1006.5273076329707,864.3752446304351,-4290.695736251031,-3749.4816394426207,0.3381761403271119,1.0,0.0,0.0,1.0,-473.66724469467965,2572.7312306033227,-445.4724361030875,864.3752446304351,-4290.695736251031,1797.986434121287,-9647.770562719828
222.26742607382621,2027.6239609242396,-488.1336317173789,244.48310159930955,1937.2604061601955,-474.2602831024147,264.8081813935667,1835.8695092816145,-472.69301823685726,289.66674453173266,1752.8316425026358,-476.41264101736505,300.5650900144541,1689.7642622162418,-477.84262225458804,330.0944155882487,1591.585833004742,-475.8638417659406,0.017669326386003797,0.017727722854110534,0.01445529191235681,0.01258171551354395,0.0189558774507278,669.592880028162,140.48515045417602,-897.621090442229,1269.2351875001305,-5411.094031954024,-2882.8304075049577,0.26809262603791884,1.0,0.0,0.0,1.0,111.12939752810325,2521.3665245139464,-578.0203934593602,1269.2351875001305,-5411.094031954024,1430.0999666737234,-9802.114486769722
331.1140478982785,2042.4987093865648,-397.862607003875,315.65315419788107,1970.7366231596407,-400.74447725736616,312.6937280644731,1907.2494768149502,-402.01241483552633,308.21995378202723,1859.8035145509523,-405.8878287672355,293.0081872952034,1784.4299616591652,-410.5739180348766,284.9779287693364,1703.9257597399271,-423.287933097217,0.014049287669350569,0.013487065551268024,0.013699049243811212,0.01730329366820227,0.01757946257181367,120.10724182940275,455.88525838792276,-1012.6761724866935,-595.1287446865406,-4458.672583992354,-3475.489468708918,0.278629785530236,1.0,0.0,0.0,1.0,423.6229016195392,2729.808276224027,-526.7328816136773,-595.1287446865406,-4458.672583992354,1569.8295045010148,-9892.782300411625
438.4636673020537,1951.9988844367774,-276.3087401381617,410.4293564002391,1883.4637288784897,-270.3897884643412,378.5126714378758,1792.6825534654213,-260.19488918869786,364.05920863022794,1716.5111003821744,-250.14061410537545,330.0239713318802,1649.2881467447135,-252.5527197729298,316.2738707129991,1595.377820732799,-247.09107412632022,0.013790071921438662,0.019742920963207483,0.01566639429591074,0.01671700814626431,0.012598921304252525,-198.25568051384684,25.13980680623503,-831.8521481837435,-1485.5711222921004,-4545.134845019321,-3409.808234418288,0.3442828638160137,1.0,0.0,0.0,1.0,618.8084367468089,2524.9639715668573,-462.1302761867947,-1485.5711222921004,-4545.134845019321,2065.3650635202885,-9954.86054170649
506.4227761573922,2227.592146370647,-470.7118642143689,492.06771072362255,2149.15480674232,-447.14389529615795,467.05465118076927,2059.797535927011,-438.9146760120634,429.9452658865513,1980.9235013148352,-421.76629870875894,410.53533786696954,1881.1645667634216,-413.40207700991226,380.1214716894688,1795.0536121474436,-399.28497474624623,0.01388940641389945,0.013122609150854517,0.01544837684883374,0.016535648039885456,0.016901014561203576,-220.3569443190432,-223.31978329656317,-809.1506689340606,-1680.3564275965375,-5603.292567737018,-2888.0373252967424,0.3599531585779042,1.0,0.0,0.0,1.0,603.0177052032602,2522.2935748945783,-558.5086179218773,-1680.3564275965375,-5603.292567737018,1865.0085456551863,-9700.093614187614
-313.6534932395359,2107.0589452596087,-198.7339912942058,-296.26851260601654,2018.184128057788,-201.951101002304,-287.58198324376997,1961.43253697834,-204.04023537082335,-271.97925744248914,1893.288160972991,-216.89748267752745,-261.073159373194,1821.205397430831,-227.9644513798064,-239.61809920068234,1756.9660561005478,-238.74170725771378,0.01889701852618028,0.014725914805688856,0.014875994028589828,0.017010963319655403,0.014854329273027933,47.97577316335506,375.47298880682365,-1012.0695596058056,917.1335573676648,-4347.825809946249,-3992.2154528523674,0.3165769649929369,1.0,0.0,0.0,1.0,-433.5193444546684,2658.0815390286016,-266.5003132174012,917.1335573676648,-4347.825809946249,1151.9516570870112,-9798.413542741673
94.45602871448538,2274.6749039876754,-459.39592724954923,82.18173724498604,2163.7753654627845,-455.83674071583187,66.82365225327314,2067.4616163251817,-458.67305996665067,65.61553001828868,1983.807657500522,-468.0130600001185,53.322402034848736,1892.450342053341,-474.5467875902703,46.63799721633441,1801.726177187391,-474.2879134849536,0.01897301884396893,0.017745705419130176,0.013639974292536813,0.01602451443328458,0.015451349692180455,-112.14285176159493,268.6063077973588,-1003.6147433404808,-604.7773773827092,-5824.038357064662,-3290.3828386366768,0.2625703382556923,1.0,0.0,0.0,1.0,123.72032541766157,2539.9812670525785,-469.663959335669,-604.7773773827092,-5824.038357064662,552.173689894061,-9852.709047514714
333.85411298415,1999.5767228623126,-523.8341908522558,304.2849252097096,1935.7192858727751,-518.9923459780964,283.171114104133,1867.6243526552093,-526.1563419786042,263.21321282676206,1794.6140282374065,-527.7135633720485,230.04553472124178,1731.5708563135095,-533.984147345687,207.75382429460126,1661.2641109989008,-546.0142406674746,0.012659139762477623,0.01491073917941202,0.014223927778561268,0.012599256078654392,0.013093210350115958,-278.60972738581773,415.2999165532758,-1013.7739180021862,-1885.0624282433707,-4853.895751762212,-3115.41297247873,0.25770187468951933,1.0,0.0,0.0,1.0,541.392428900049,2526.7445685698426,-588.4016918068387,-1885.0624282433707,-4853.895751762212,1159.67859916679,-9827.796716426486
103.38449079104178,1938.8012563484563,-392.68093605055014,91.74740091358848,1852.3564194892951,-379.21493436455467,79.25005408306139,1798.765688114638,-358.34883550155854,60.117752615254965,1735.9934252617381,-355.1088440543845,42.16228178450586,1665.965574768751,-342.1685824288801,25.816839603244986,1599.8776272607045,-336.09123812443005,0.015604082080514614,0.013404252973100272,0.013368856653114047,0.017615620294577583,0.01223467407404466,-384.0426742555363,-18.529874522219643,-802.0743763912649,-1162.26137452278,-4574.592413690016,-3093.4473973718013,0.3545878336265335,1.0,0.0,0.0,1.0,284.25761609506196,2611.8607633495344,-680.7750952735307,-1162.26137452278,-4574.592413690016,2671.536854353593,-10026.05956821807
389.62662591334515,2395.2097203652447,-409.78023126685616,384.2186345742864,2303.761522422209,-406.89052525578813,374.52083517690534,2176.7934192272337,-403.79998091948454,374.2240804523491,2073.9764663877327,-405.4587668886951,373.9293125855508,1949.5456053808061,-406.5513901426328,356.65073495847923,1825.7483773663528,-414.46587778413004,0.015044146129908547,0.017384763194362846,0.015051281330082406,0.019230546760416287,0.01706413288149493,268.07821296031875,-36.657264459267616,-891.4663783193216,-349.6119803772069,-6941.409807530524,-3091.256998571176,0.26767320104531317,1.0,0.0,0.0,1.0,393.93852589611447,2462.250266251725,-416.15906663917247,-349.6119803772069,-6941.409807530524,450.6608225703381,-9838.660614281991
512.1013894018954,2288.015312327144,-686.1762648957763,485.66004681896345,2199.48418581073,-673.5379410934613,458.27207783280926,2119.513563394722,-658.6332243104933,431.797284942319,2030.8244478037686,-641.2779322883894,411.5326157291589,1954.8952772211167,-633.375507650467,389.0797101593364,1859.5701215045663,-625.8985631053122,0.015725718264182696,0.013896160095706475,0.018246132254384526,0.010758590459084727,0.016460985401150652,-163.82103254680726,53.87003882272256,-947.6212193022232,-1749.7747727750677,-5798.802364781842,-2555.48552073928,0.31162185990244995,1.0,0.0,0.0,1.0,614.8287413380986,2634.3370911506418,-777.9759713239301,-1749.7747727750677,-5798.802364781842,1793.0349680278682,-9771.95615453291
-318.5992034526806,2143.8256319655816,-355.0122963879282,-297.36299020235856,2049.876166255948,-355.34335747588153,-272.66712934010127,1959.138487914632,-347.1139229731357,-254.42586268932357,1858.008566715696,-341.83053667225244,-226.43013254578773,1775.1989834810468,-341.4359162133683,-204.57737741036715,1654.7475317726896,-339.23806814684053,0.013035436275499586,0.013820224047849591,0.015591830417143515,0.0164622912881789,0.015676149270188983,255.53588813596934,-226.29200491833842,-806.9145967640993,1539.3096307829028,-6307.788562881236,-3016.4495838704593,0.299252555614256,1.0,0.0,0.0,1.0,-398.67070494676454,2454.51813430619,-402.70086826930867,1539.3096307829028,-6307.788562881236,1114.2673321302677,-9719.333920001705
346.6079453737751,1951.5988954829431,-398.7783030295734,304.3903157761837,1883.5292411962928,-406.93602785251977,272.18193827312876,1810.0695347917754,-411.803038827491,222.3445608050697,1719.6582991932617,-422.2636455877394,191.20592873642502,1660.8092385219306,-424.19655576273453,150.5696560376134,1580.008609546924,-444.8034476204563,0.015960679365628033,0.013899936841472588,0.019533440087100506,0.013585536438470103,0.014034357037504941,-480.5119951158099,316.8894672341685,-1005.5982928076681,-2445.0324852670333,-4871.66321741825,-3416.165326341936,0.25999798448850014,1.0,0.0,0.0,1.0,705.3287602387004,2679.6461276820173,-487.28964773296025,-2445.0324852670333,-4871.66321741825,1278.810088920469,-9680.36168095342
-191.25156888920452,1884.291649666418,-440.7727016337874,-195.97787200422286,1794.0122732878215,-431.11941775111814,-208.14727344686415,1718.6418589612979,-433.37388931622496,-205.90054588807723,1639.3213463273814,-421.89755369881266,-219.89823576199058,1553.3763887735463,-428.08261461553366,-228.8995108523837,1473.4132801507449,-427.48471503135045,0.0149485633040084,0.017998653513648682,0.01623297150726899,0.013961681167990375,0.017911497934232218,-369.2984372144396,34.30951166154654,-881.1290546693182,-498.53289859576927,-5093.277000786918,-2992.2099030199693,0.2813734316737385,1.0,0.0,0.0,1.0,-112.55399443761848,2657.347167066814,-638.8603037333146,-498.53289859576927,-5093.277000786918,2051.360384821892,-9793.340364741483
-16.403637673320006,1941.1845949305934,-490.2058125030051,-6.0856327523794995,1871.7180252550668,-472.25777650358305,7.440240094080391,1807.9889513542448,-473.8000544650054,28.64194877792321,1750.9535032018562,-467.7389599324941,34.111075516445446,1694.10808057,-462.25316976023424,52.733441492685756,1628.0572282769958,-457.6845532231246,0.01746799384520384,0.01740302258663068,0.01593181763051843,0.015408607842941097,0.01842620417190599,343.57532478368154,371.30202280428216,-1006.6528670992911,869.2467310109712,-3705.85475544726,-3266.1030637111444,0.33770828787621054,1.0,0.0,0.0,1.0,-147.54907823751682,2465.1099596319805,-709.9062879260608,869.2467310109712,-3705.85475544726,2215.6726949563536,-9702.257979942478
25.98334104867766,2291.510413415,-189.90061648427817,25.45492815352842,2222.24964066937,-169.35683252333047,15.617085442594133,2169.493340121823,-160.72464966889038,17.660225144683093,2095.3076453866443,-148.46583319000175,6.2589043064026475,2041.471417659073,-130.5064777588752,7.359532149389062,1992.201254516014,-124.46922739084518,0.015627000395039628,0.01450043597427314,0.015172412252501682,0.012744645232145746,0.015393552716363917,-119.35110876516087,53.305103261593956,-934.2260190135072,-269.87429539773154,-4172.021403245441,-4016.4737598175993,0.4633123819506859,1.0,0.0,0.0,1.0,47.97095438143242,2639.9583732737647,-330.66959673137944,-269.87429539773154,-4172.021403245441,2069.5175589075125,-9816.115030201805
579.2854849234831,2251.4428868985065,-292.2844265662361,565.151819815469,2183.1846605709825,-282.3820928236097,536.0919610585381,2121.3984694394076,-279.73637142454794,522.2819703982291,2048.159079415439,-279.91432325330464,501.3522319743952,1974.059696788679,-284.4581378880705,481.5173382656928,1912.7719075280893,-284.4277406689271,0.019717215062623777,0.013960915562038365,0.012961504183239256,0.016650381384279225,0.014555568909847216,32.534627387187626,230.15667867362384,-1017.3388318192124,-1245.3584511150427,-4619.07483584815,-3813.984243278998,0.3641246042130266,1.0,0.0,0.0,1.0,667.66743745586,2585.884844956182,-350.4008872067901,-1245.3584511150427,-4619.07483584815,1198.541323230287,-9828.481502959376
-393.86962748617475,1952.189832233035,-533.431172123211,-383.5458080927448,1847.5170006181543,-527.8781035468564,-379.7888702290402,1760.2900015793234,-513.5536799712411,-376.92094348910405,1670.59083238104,-514.4447018564736,-369.37603058229416,1591.6863441537266,-520.4695897978299,-362.0854214191222,1522.4273836319683,-527.1018064901658,0.019250069216287635,0.01618586378842797,0.01555900085214501,0.01505329461468688,0.014810565483427324,-258.6902291273994,15.66508604944583,-992.6284759921059,383.5758581673729,-5475.019316462116,-3053.2562755637505,0.27446489489502446,1.0,0.0,0.0,1.0,-433.2172445935554,2506.798875039707,-620.2625118067442,383.5758581673729,-5475.019316462116,1416.4828066171021,-9823.602378419448
26.88707250404633,2056.705244046098,-472.6419809261664,-2.9957462081014623,1977.5040651082077,-465.5713952198434,-19.32037577240614,1906.329610901174,-467.1854065910911,-43.013834821114074,1836.5689395260824,-462.2962082658881,-63.057694067918135,1765.069227437227,-473.200163075574,-87.26748321120688,1675.1616400989026,-479.5559684278323,0.013127008505986387,0.014259240001956483,0.016621855411283665,0.014281919011134181,0.015452465764814877,-502.81849670683243,247.78373058272751,-1009.8175535243081,-1483.0915119600102,-5098.72544015485,-3265.285314031449,0.28085369438280183,1.0,0.0,0.0,1.0,164.5726836751728,2542.2101786524104,-531.2735328330834,-1483.0915119600102,-5098.72544015485,1138.4229998482303,-9786.018475288187
-296.24328118347313,2399.2212398494603,-610.5772955885692,-262.1854860931931,2300.613122729394,-602.4081214488951,-229.78260106484834,2202.27866109024,-599.1867053446158,-202.1037469855143,2119.278703853097,-597.1445099196898,-164.9252696736797,2009.6158967588435,-595.7263725610724,-128.8179460770148,1911.5821100379999,-611.5227372111282,0.015907884181854716,0.01442834149867639,0.015316645131394198,0.018293053741328336,0.013312464762533421,397.9926918098418,355.1364135723587,-1018.4061163239329,2109.0438927098708,-6224.131541157716,-2894.02229923863,0.2504396790667156,1.0,0.0,0.0,1.0,-340.1726706386132,2533.5824529775605,-618.3370266477618,2109.0438927098708,-6224.131541157716,607.9132153748006,-10005.530041752663
254.21791813789835,1752.3630972830047,-136.20373284558684,248.371188993679,1679.7066405754172,-149.18635083493282,236.2649060437677,1628.9030600097499,-161.79744906358349,222.24918876600464,1566.693186577914,-175.25933263769375,207.0854355815067,1507.5502003658823,-198.43026228729354,198.128810526747,1436.0545897442103,-222.14137377472235,0.019191407949741973,0.013924977257184834,0.015008873802041467,0.016267661031182323,0.017099627200975243,-22.616061629697963,377.38744241060886,-1018.048646678363,-782.7581414525041,-3859.8634364822547,-4249.0806275930245,0.2757745836968458,1.0,0.0,0.0,1.0,450.9526139490673,2712.604821482374,-269.2721297448535,-782.7581414525041,-3859.8634364822547,1773.7863567384502,-9955.15204021732
217.0819656888675,1888.3621909838762,-522.9659902162782,224.96234652397135,1813.3454502879624,-511.28586649852696,225.28382957704645,1708.2389039549707,-502.0917491994956,228.13365536678458,1600.5910085230223,-488.8660555763562,226.45240168588032,1506.5888568034406,-489.7432683546349,231.716513257694,1411.8065264540414,-492.03570845024564,0.014822110938283117,0.016677334645863323,0.019072066654837294,0.014149986643029161,0.015045625847131622,265.2812904298594,-105.967600212755,-810.5360983968568,136.83691283133726,-5934.330621203149,-2525.3240304832984,0.2577009735492689,1.0,0.0,0.0,1.0,205.0730487840715,2505.1378731166296,-652.8210363192159,136.83691283133726,-5934.330621203149,1808.4373846758517,-9849.457761725333
182.5186377300031,1970.9272722339822,-179.9986874318372,178.22812310672367,1876.7064546423005,-200.03321570612803,163.08487111339238,1798.125818202352,-213.9929436655348,157.92229107521595,1728.3572157354768,-238.90280447063924,147.96498686628235,1640.3111631914314,-264.1169544787809,143.73152599700143,1560.260026429044,-281.2654244897385,0.016938266386814144,0.017356058148747966,0.016053248125546787,0.016738652249851743,0.01585778572495314,26.803141570056177,342.4695167757991,-1011.9231972151772,-455.3938883851447,-4820.979409398753,-4111.938015349889,0.253656252583081,1.0,0.0,0.0,1.0,256.7770552045547,2777.0641185221684,-181.97900484315392,-455.3938883851447,-4820.979409398753,825.0303227874151,-9776.174927004568
-277.44907861148937,2414.1307370755917,-502.89182208122753,-288.08025186111854,2330.3803276650847,-490.3069644013519,-302.56278821090854,2244.469009306361,-468.0320063298247,-311.6085323965422,2159.772045572223,-459.7499524390064,-324.6548027941137,2058.6174094787216,-452.1283218455649,-339.0394222967843,1953.1215153357296,-445.3369144596128,0.01452616570673064,0.01357100463707767,0.015422756101927164,0.016607293156424265,0.017846843592173894,-579.9361491035719,54.891576777638576,-866.1530799045773,-745.5278752942929,-5891.16353022067,-2921.8388305940402,0.322463165172879,1.0,0.0,0.0,1.0,-270.54208085644075,2499.724441819216,-516.1517544791067,-745.5278752942929,-5891.16353022067,1235.085455049608,-10016.685025647339
609.8802224006361,2152.684513756161,-564.2763554939228,579.313463340006,2068.689140350631,-537.1456254650266,551.194546053957,1981.6191430985236,-526.4305483501203,519.5547916680649,1894.726547601347,-507.1505932931066,486.7993164339168,1817.3610478335775,-496.97466705634224,460.67933886532603,1722.3683458478815,-488.43698024628867,0.014604723641874207,0.01684644698642343,0.01898296448133764,0.01278193564296895,0.016640005860935447,-110.05342462878356,-4.3122944249086075,-806.352420462202,-1785.3268693662833,-5354.78353503969,-2572.6411577895688,0.32369763974342924,1.0,0.0,0.0,1.0,737.9768383202004,2539.209884718942,-684.7887718606601,-1785.3268693662833,-5354.78353503969,2060.794216309384,-9754.60078757674
685.3983111607644,1934.6090487082254,-492.26572856083186,683.6971007132422,1857.828115702814,-483.65404153020137,672.7793500396673,1765.7506261827775,-475.8317571418406,656.2337121670902,1693.5165217716756,-476.03967443133166,647.9683447132005,1612.3362608379734,-473.1385041631001,651.9305016599807,1548.412691442781,-473.90089952175606,0.019917381197921497,0.01809845845965155,0.015974318893122064,0.014639858103130815,0.012491814417478597,485.9533038110635,27.508400810896788,-1017.1009087344762,-506.15352491647786,-4834.443177699101,-3291.363695271934,0.3155121350070012,1.0,0.0,0.0,1.0,754.2146720167959,2589.763284991416,-665.976328990837,-506.15352491647786,-4834.443177699101,1966.365281144983,-9920.243351730034
59.967100144792745,2064.637061689691,-84.26890495105411,47.48556685164696,2012.8778667403249,-71.75776200655669,34.27775963964602,1949.2556969274963,-59.37939029912494,24.16685191903898,1890.3662742500362,-43.54931106629697,9.706297245061759,1826.3480713546082,-40.070886429600385,2.649662183673564,1767.428621081207,-29.96332662118896,0.013204624068572368,0.01563262534411286,0.014387483874069129,0.01376748208259787,0.01589636569688957,-332.83186933718076,-9.930892597851965,-823.7338401299302,-775.4175745910479,-4110.614213006123,-3913.5088694830106,0.43140568622132375,1.0,0.0,0.0,1.0,167.31246627404516,2641.4152747910894,-319.2148962610829,-775.4175745910479,-4110.614213006123,2349.1090435331002,-9709.485136459096
-15.325119212285973,2137.2523666158318,-248.15740474269305,-15.743107675592839,2060.5606050902757,-238.72366819518308,-17.30952812597787,1978.6775323215566,-228.02894861912728,-16.919336318119335,1898.480403560724,-230.55831849314634,-8.2606229570165,1831.662918067083,-232.70213859719658,-17.289992203092307,1753.7013228587446,-238.3084612996356,0.016597801464284787,0.01854518524245291,0.014755286433072501,0.015179218411074058,0.018527526340574113,-6.202116901162062,85.82087222211072,-982.7990438747152,29.822606641388063,-4565.710774648174,-3817.568599745159,0.36560151028272614,1.0,0.0,0.0,1.0,-23.201002686753327,2688.2760137715672,-387.5143605496179,29.822606641388063,-4565.710774648174,1728.850412639562,-9730.559670850396
12.436229645218873,2159.8525130873377,-658.7360435141326,-0.5447064528804448,2085.468125845234,-644.5666708566135,3.13079643628643,2009.5807022130784,-638.7404203616708,-0.6937506546473091,1924.0109671955856,-633.805500412525,0.13663458162510933,1855.021328993964,-624.0435264112972,-5.896859684154343,1788.8337838891648,-618.5779044173838,0.016744086246092776,0.01338007100245446,0.019423515930107077,0.017043900034243747,0.015036920892399636,-40.20549508258192,446.6129316026727,-1011.0438151204792,-106.49615181384365,-4578.8982962191285,-2774.7273158320127,0.29184963258166285,1.0,0.0,0.0,1.0,10.91265778806303,2644.4841137878498,-810.4270363487389,-106.49615181384365,-4578.8982962191285,1938.8240709497622,-9819.898722462023
-153.23206475908887,1819.392360924242,-379.9221018053172,-136.11731453472672,1758.0136703013081,-375.8247870468318,-120.53369944515444,1682.3612431432953,-375.2455178945514,-105.93905469951945,1612.6148153537379,-381.2375936317677,-94.53367855658679,1536.2829447106376,-386.2974462715244,-79.30459290732529,1441.5871641174756,-389.9729330763531,0.011555640842407122,0.017602831860859203,0.01708784062800678,0.01692963369595407,0.019139971663868438,146.0941847954941,59.872497382761395,-970.4905557552528,754.469757914887,-4558.979889012375,-3422.225384508619,0.3027972377024026,1.0,0.0,0.0,1.0,-276.4088796368428,2612.9012352296886,-602.7353800843962,754.469757914887,-4558.979889012375,2108.8140428269894,-9876.856120242166
243.84463421160476,2078.9537620129113,-625.4281928152217,215.3989315979748,2005.1323667823267,-616.9568945064785,181.3041225893429,1918.0743862685108,-606.8650992944779,153.38725296883837,1837.546222083443,-599.581129277655,119.83116572898743,1760.845358879652,-596.1666970473797,94.17356405259896,1672.3804814868306,-600.1481126042286,0.015723795228742482,0.01604292988021852,0.019370342623782233,0.014601353975653347,0.017529181500022667,-433.84372292804386,309.71285920567124,-1013.3007868393239,-1873.8013525450192,-4898.048204932422,-2838.9729821513065,0.2801661216046123,1.0,0.0,0.0,1.0,465.5809262935662,2660.7759975732347,-771.9406345345344,-1873.8013525450192,-4898.048204932422,1833.305680881353,-9733.913881318042
408.4633977412993,1710.7803027858138,-132.19437079682496,405.8017488371836,1667.521073912987,-144.52952338354987,394.5634639462544,1612.3750097192788,-155.7613724498525,379.0699487112224,1558.9919514809565,-169.26483073107948,372.68775746100914,1497.8303550512935,-184.43026438565792,372.4561227811764,1431.9108662708916,-213.8848599206655,0.015984048657116723,0.012021669185518224,0.014326637022573863,0.017773324826135528,0.019024655663151147,193.98259448954786,421.82641131706913,-1012.8109681044365,-614.3072692653365,-3632.9152848550234,-4278.303735633589,0.27747524672936125,1.0,0.0,0.0,1.0,568.7100287414037,2637.904735078637,-274.68656301826024,-614.3072692653365,-3632.9152848550234,1858.2237189576051,-10059.881073100323
-94.48988109966366,1810.0878632253862,-66.756386591795,-98.71728326893498,1748.9729440021813,-76.95757488684544,-89.28823278268297,1683.2026217211596,-82.59052307418801,-90.31281868261708,1621.6732857254199,-88.30030735209327,-96.69076674230396,1557.6390920675665,-107.88728822887246,-97.07720209542508,1491.910314397785,-118.0095536004423,0.014554689635043139,0.015262931126455825,0.014820814366122231,0.014803807284662546,0.015114895023920216,-92.36373875968559,96.95673000258489,-1003.0226464617938,14.159249454918267,-4246.082716874111,-4295.160187925973,0.32890165094381874,1.0,0.0,0.0,1.0,-100.78849218536135,2623.375946542684,-188.48352100333295,14.159249454918267,-4246.082716874111,1557.213547729464,-9835.922244799045
-1.723197434471159,2240.889861360871,-97.17413480634207,-15.868244405475043,2169.9000893219727,-71.76017458346828,-19.69582306667515,2116.7753748645137,-54.34908117583461,-29.670263612743277,2042.18353975188,-31.93656147702707,-33.66119886291258,1965.8750722353311,-11.257448192470713,-40.3658138890818,1875.1549376579164,-9.910832220883192,0.01685683836937331,0.012126847674838875,0.018664560250919143,0.014954045245776648,0.019878926726637797,-305.709139175367,-328.26797393881964,-800.2911633292155,-517.4228014123777,-4446.394995870815,-4002.5331739613152,0.4958798013230006,1.0,0.0,0.0,1.0,51.31259379917367,2739.7445732120486,-338.8302510780597,-517.4228014123777,-4446.394995870815,2664.9653123637604,-9663.041284529087
-260.10085242872987,2280.5034549092197,-233.98468254420993,-252.00645943828525,2181.9031728792247,-242.88488465600852,-253.5479557132996,2107.147606090213,-252.34719519958298,-253.39642588334664,2015.7389667114087,-262.3305014253294,-253.08122339613817,1926.3811868622013,-280.63341186644334,-260.1335547179397,1828.4772845091845,-302.18804936439443,0.017018549812469145,0.013903174672746349,0.013805122149588817,0.015973777223367444,0.016680256679754868,-259.44311046107686,221.5338399248708,-1016.7457620531873,-12.320675536347096,-5812.652088323742,-3959.938185177828,0.2771397863676684,1.0,0.0,0.0,1.0,-254.69965037958173,2459.4048939295103,-220.98227101723705,-12.320675536347096,-5812.652088323742,-173.8981318920338,-9833.87026827481
570.7745556140723,2086.7017561767425,-151.42572965786772,560.6064330439771,2004.2286834798415,-141.3975746685545,556.1444366589259,1914.9389309407961,-144.2338318297881,549.6358120674751,1823.3233020066934,-142.67035692322617,543.4882535395728,1747.8776415264954,-147.87188259185308,527.8309087998149,1665.921317371172,-142.80195262049304,0.016744562422528364,0.01605855700799573,0.016806667134119435,0.013500933641129725,0.015723270703504738,358.4385959386268,-161.88503199051817,-801.9085284519836,-518.8163709146108,-5424.162352250663,-3611.8140179299858,0.3362024264849349,1.0,0.0,0.0,1.0,623.0349451050768,2604.437767657314,-237.40813160854157,-518.8163709146108,-5424.162352250663,1398.0869714851094,-9823.335273362925
283.170911355785,1694.6971539134672,-243.7436586381671,263.15076309202914,1591.2009790797813,-238.25906612532685,232.25941886944744,1484.610343229157,-255.22195295657428,223.55473388395538,1402.7905942270356,-250.88160416149645,200.1917437110773,1310.2854232529562,-268.6878592490021,191.1733064443179,1220.581759517278,-273.3657583640832,0.015492798761607057,0.01927188813684083,0.014019108550466758,0.015128575607288808,0.01578866728952985,-120.66389482696991,-326.6598761534791,-802.8525701477171,-1200.4200265615182,-6052.7615307191445,-3333.4101304817905,0.2545203616722893,1.0,0.0,0.0,1.0,449.53561778975075,2548.4018509381153,-344.2363767609087,-1200.4200265615182,-6052.7615307191445,1402.394579379436,-9970.11517865521
203.16873537498972,1803.1401790398115,-292.1540784696226,203.6769595258654,1701.3945740052175,-300.69579960154107,203.50773180901353,1615.701778924593,-312.58573786886933,205.70916447829444,1531.23123132078,-326.84366379757455,207.43187274957833,1459.8512362305025,-337.0979803994053,208.6161288243878,1371.467400301374,-355.84145904110346,0.015860389780156803,0.015916629102586594,0.015120881635083211,0.012481269143323537,0.016770822805495772,218.08994815989104,39.24917291513907,-957.832112987957,49.463273730521934,-5546.906287649789,-3646.1538525334963,0.24063004271273764,1.0,0.0,0.0,1.0,195.33684224385138,2590.826065234038,-317.6523750882495,49.463273730521934,-5546.906287649789,862.7636877521575,-9801.994652794883
-156.18437855299467,2312.4392335917582,-462.0035278213061,-140.61234638300346,2244.215655909509,-430.8738075807051,-120.30849292324439,2189.1488502847214,-414.2524058696625,-94.15358631106758,2129.7296437954324,-391.17160414456885,-76.99718494692142,2079.0526727325873,-373.5897372075284,-64.85640200946622,2015.1906500937932,-361.45731049503064,0.01569740397918766,0.014522982089933606,0.016378202658454855,0.014742860409782482,0.01636022788066316,446.5529077834899,273.10020586476395,-1005.2366721799696,1129.9113627989398,-3799.5333454965185,-3687.1290833605126,0.45782923082880866,1.0,0.0,0.0,1.0,-287.88947803582147,2742.7968804375023,-709.8158136159959,1129.9113627989398,-3799.5333454965185,2778.1418262405864,-9946.570630155522
541.300863964529,1660.6313757322075,-307.98658817107497,544.9265196422812,1582.1824811895003,-313.2707341992683,550.4882548752254,1507.2201300920217,-313.96924952469294,547.2368200799929,1441.0360332503337,-317.7654005995876,555.7689941218656,1365.2581578783559,-324.0498625635011,549.3740926886002,1281.3670410348009,-340.6351939870619,0.016673484602721195,0.017749230251184578,0.013869892743037349,0.01841357326340126,0.01582764105403317,580.1322588905996,38.16709997393859,-944.8251128692663,100.07704477984811,-4436.661072634873,-3554.685845744966,0.28175866636911123,1.0,0.0,0.0,1.0,522.087572918289,2611.4305221021696,-548.87972192552,100.07704477984811,-4436.661072634873,2189.356911456193,-9903.521995174424
397.44788007492224,2123.9612612623546,-250.5390690497133,369.3903608087531,2037.0351797502756,-242.5564714570778,346.7093509551934,1929.4581166209848,-224.3305069435205,315.33736208948966,1840.9404492286349,-217.0392761007169,288.67110348725873,1744.510444607439,-214.32561043021747,267.92955017980904,1644.049348038259,-220.9860716666202,0.016384027546723134,0.01760572048255858,0.01671282894245664,0.01493390295417768,0.014873164890594398,-304.75111875067864,-425.5759236874533,-806.6392326827029,-1624.5023185846746,-5957.810045779948,-3386.549449568738,0.34899727918939705,1.0,0.0,0.0,1.0,523.7450637275065,2612.907199660317,-350.68961397629994,-1624.5023185846746,-5957.810045779948,1598.5117291514675,-9774.629762196468
358.1139758714153,1501.977688314635,-120.3969318626432,373.7318757852582,1428.482745665388,-123.85016592994411,382.6029603298466,1358.8623921877072,-132.56208698466213,394.0434796889359,1278.4585460315227,-146.4524351005447,408.6607237602874,1215.3581572921094,-152.76994972391876,415.72723914420163,1147.6766351269757,-166.37457601699805,0.015513613224262535,0.013959347638058284,0.017153900232013686,0.01432881176209111,0.01592597902646936,630.6058287469572,-135.8649216711626,-810.977064007253,796.9787608865576,-4655.086203981204,-3710.835762903546,0.2740483158110055,1.0,0.0,0.0,1.0,180.31282884605332,2494.258783578215,-292.1819263061834,796.9787608865576,-4655.086203981204,1874.392797590025,-9885.360284059409
-64.35783148762567,1982.8519243782155,-318.45746913477643,-65.65446712047958,1904.6475281316311,-305.92876040495594,-60.01388144732958,1802.608144713383,-285.8493560313111,-61.239908244170664,1739.729883048584,-286.29569998264355,-56.91795591870571,1672.0959295309171,-280.21576508320913,-60.42446687835959,1592.657343474523,-275.71237453969496,0.01733256436579006,0.020093530345490412,0.014335855608748033,0.014784101686265733,0.015475218396357848,-30.59909799084251,-51.47266006247611,-841.9849957945275,82.34376717914085,-4719.0625517596745,-3332.4328798037686,0.34912004221688664,1.0,0.0,0.0,1.0,-77.94676411884836,2661.9883071993336,-540.9621880881368,82.34376717914085,-4719.0625517596745,2285.397026911973,-9770.138968201292
224.59063176229043,2243.8160847349504,-651.0097930100986,221.04856896680317,2155.015993628171,-633.3783582691129,216.67945063035785,2061.092268075348,-620.3912810158082,202.81863832182776,1967.1724500432847,-606.3473825255161,199.33264554865414,1893.2255250042783,-601.3148931350047,187.48944653278622,1790.4683137618717,-592.249069005394,0.014996356734246492,0.017378486011974517,0.016857384139138246,0.013900573565175017,0.01752565386703507,62.445032503415,23.228317222185424,-971.2023524859368,-406.07606087196007,-5573.042759871403,-2757.7733078810893,0.3179754549007101,1.0,0.0,0.0,1.0,245.17925989579658,2531.097559164318,-721.9837594491855,-406.07606087196007,-5573.042759871403,1650.1351166066336,-9795.352054417159
545.6502438102128,1811.118165931377,-440.53870041361466,531.4041463336661,1738.4384949020746,-428.758872335401,528.1387702451433,1662.7900394283326,-412.8829910132516,510.138727843832,1588.256871586073,-405.75482520150655,493.78038525994145,1507.0018808868952,-401.3248237655055,480.94595506912555,1416.1196091719255,-392.56382684470736,0.01654118051776915,0.014860023910759246,0.014110411783692628,0.01708978700437408,0.016860527354379484,211.3674840383369,-81.34269390841251,-802.6040414601434,-897.2587983589142,-4994.964160167268,-2809.6598580146783,0.3009647696212595,1.0,0.0,0.0,1.0,713.8324111193301,2715.8372357852604,-758.0183127000041,-897.2587983589142,-4994.964160167268,2650.4251124427547,-9750.15173295971
330.474696430755,2213.447379242489,121.03115649707134,313.58801570213143,2141.260050919079,131.1205204731843,288.018663825926,2086.9054784884843,134.8227456704169,266.5506083875172,2029.4896489449898,140.45315438049062,250.59723643743595,1974.2660951447303,137.25189171081513,223.56616387130688,1913.3789602899556,131.85050250742788,0.020282939498611985,0.015254165113183171,0.015322237292456825,0.018548202240786626,0.015315946348997855,-378.86898950961756,364.40204757958327,-998.2615977922842,-1300.0787095780101,-3371.011060552013,-4657.953721451147,0.46241474669988025,1.0,0.0,0.0,1.0,596.1900426738898,2892.660342993586,-181.2421961944035,-1300.0787095780101,-3371.011060552013,2479.2353171901364,-9516.25205152172
41.30975871200975,2291.1983778515914,-459.95472765640733,41.414336654159975,2235.370349919587,-445.69361642579685,63.18330509893323,2169.8400829730144,-424.8371518440588,60.836083822954905,2101.3140272053815,-400.11225348530473,61.10325330171074,2033.6599919775986,-388.6457491285929,76.60017661854484,1975.880725328333,-374.34461541085545,0.014448843229374897,0.01756651041731315,0.016026606377248703,0.015298930671915428,0.01610442366721221,273.9081301075103,125.59206152217172,-1017.2383229299126,441.8059162313267,-4172.356588697436,-3606.5812262780264,0.44084240734965735,1.0,0.0,0.0,1.0,2.19749162524397,2691.5913635710917,-653.675472780784,441.8059162313267,-4172.356588697436,2424.263014410938,-9806.25079786824
-147.14620989009003,2011.5649188609473,-305.33554126300714,-138.63684901017484,1941.560244420329,-310.9927870700475,-128.93724731417268,1862.6895648924153,-321.25987615145124,-129.32177813193397,1809.7941791430633,-331.1432748598564,-116.06335826581841,1738.3941886761982,-339.7660477616332,-102.77483402967259,1654.8881699430774,-361.6006057909059,0.016811236966191925,0.015387451816056413,0.012780962257174261,0.016203275222574365,0.015510218665273218,40.416144538650094,415.59304621343523,-1015.6844100328067,535.2695155679539,-4541.3778699335435,-3743.5930245435175,0.27512264036107537,1.0,0.0,0.0,1.0,-211.16052777828838,2550.0406450821997,-345.4218718276844,535.2695155679539,-4541.3778699335435,891.4120109046942,-9861.712841379167
-165.87734826303029,1670.2554828280836,-188.30399375068998,-162.0122856239351,1604.6037131460507,-185.1264805989208,-152.16971878807453,1536.6589949658774,-184.44419890335053,-138.33442727548967,1479.0597539461317,-186.10082552828752,-124.46719902204035,1406.2370348698983,-186.6649305711787,-122.81414719773653,1337.0335789226979,-197.93320873490947,0.014750544407084759,0.01853905703831718,0.013763769800177295,0.018094427504643462,0.013977319203033411,76.95096372681883,-15.373017379918565,-885.3119839421419,607.2063287021812,-4134.5631746434265,-3723.656324606953,0.3288547896026671,1.0,0.0,0.0,1.0,-308.6250549990665,2610.0745985186572,-516.6735826956847,607.2063287021812,-4134.5631746434265,2562.5904939094503,-9899.601289002221
596.2584336755933,1656.2465508079054,-236.65488791432972,595.3356620729985,1585.6176385370618,-231.5140926227422,605.449571954219,1528.259606604918,-235.85121871842813,606.9266360546196,1458.0893161510703,-252.08895960391084,609.8085945089937,1378.738883619164,-257.5507939049123,611.9821451434802,1315.8637040503245,-271.5527293741405,0.01491772084065579,0.015306647209274826,0.015461609845379698,0.015401462459201154,0.01607751839945254,703.4572439396156,63.85368887000442,-918.9860472001359,295.97111874237237,-4321.922280547313,-3669.5642540414565,0.29045850277920526,1.0,0.0,0.0,1.0,521.435005913062,2721.8358914066002,-522.9932816437122,295.97111874237237,-4321.922280547313,2381.7829026384507,-9839.588872650254
15.81417372055289,1933.0569340443724,-448.66167335201874,19.82009776283989,1856.4450998189925,-448.52945954983454,25.281654080369847,1760.1735908819198,-451.528645882553,21.680204046769816,1689.1387632030664,-457.75517504715066,20.196909706502897,1623.4847857933378,-465.1198628436009,22.29020769666149,1551.083203767093,-475.2467930818375,0.014264904178159843,0.01874779159678258,0.01712295420149748,0.013723187967000033,0.014181137504097302,33.960219909970945,261.7689535167792,-1003.7458939689117,36.12503609949789,-4860.372537988832,-3288.884719570814,0.2646010971473592,1.0,0.0,0.0,1.0,16.981452943206932,2546.1440463715303,-540.4587668518761,36.12503609949789,-4860.372537988832,1317.4501360940658,-9800.71245886144
-459.9261535105223,2372.341446530529,-462.0785504321988,-450.05283616624996,2257.679705174193,-448.9523699337572,-441.2938171910997,2156.0681756315994,-448.6192958088401,-435.17479163977043,2049.6352473962816,-441.872078546044,-433.4218806798271,1972.6705860609286,-440.38206807770393,-417.3193754957582,1865.8339730812613,-439.543302112375,0.01743922406313788,0.013798839565530636,0.01631634553157254,0.011626067575576285,0.019372084736388365,-276.2443178856159,-22.219380542841286,-893.3519559083155,483.73390548469445,-6483.136146059913,-2988.102176202614,0.290925573079598,1.0,0.0,0.0,1.0,-462.4818714972213,2473.788035690226,-469.4441495643058,483.73390548469445,-6483.136146059913,785.9837016882777,-9802.820462054256
-65.77937409096397,2044.9315786869274,-615.3228221002217,-83.06340439759659,1942.9021979113775,-600.2217098244691,-102.8474262697313,1854.5449726385975,-600.4541183164027,-130.85918582362737,1751.617850430399,-599.6560190483943,-157.65510017647426,1650.4315664474684,-596.513888553802,-168.670500117852,1570.7462480576426,-595.6365790409956,0.016507126914489925,0.016786707555403138,0.014534908109930633,0.016643192430564474,0.015740613930780606,-520.7906404643807,126.75426047147869,-938.0732237155742,-1424.7132183301574,-5964.024475848442,-2583.324497974279,0.24127451950459167,1.0,0.0,0.0,1.0,41.9710807760315,2482.5439284316153,-683.6026721571818,-1424.7132183301574,-5964.024475848442,1294.8660090710193,-9818.203815304556
-56.64617380219851,2265.6945577080446,-52.15361406707639,-54.791211951842335,2192.963282771538,-17.715510837713655,-52.432705212470786,2115.4472335020696,15.012752841613331,-59.11863232110448,2043.2932907536988,30.432248523829607,-60.15641661654875,1959.8283087501466,49.69600492416697,-53.00976118901793,1896.7991791835418,70.80916520276045,0.017629565569014363,0.017325430926814073,0.016306693403185954,0.01682373273195964,0.015753250557382692,-56.870537747904415,-429.83666222026477,-810.4618302451777,5.333613893525637,-4415.24048271552,-4274.6323448490475,0.5266023733587982,1.0,0.0,0.0,1.0,-60.57739940390434,2638.7554732670205,-223.99504805466222,5.333613893525637,-4415.24048271552,2586.95815149504,-9872.792081070613
362.49947029426596,2015.584352172863,-480.19013193160777,336.97538356056845,1936.9472606516592,-481.7346219756988,331.8253359407466,1860.981384146407,-497.48710992682186,329.02159245009096,1787.2095274150217,-493.68829381322047,324.76726856101226,1708.7889833381973,-502.20633056910935,306.71424489644284,1621.0151010015434,-512.3002684017758,0.017531661903900486,0.013325893176612605,0.015668371109186202,0.01603379556276699,0.018882547322952387,172.66854793255644,356.2296120140918,-1006.5063724824107,-552.3559832151964,-5007.221755039611,-3190.060693301333,0.2513076063480132,1.0,0.0,0.0,1.0,410.1816207150904,2509.3349666811237,-535.9733172128265,-552.3559832151964,-5007.221755039611,1001.5348548381386,-9747.89662358017
372.25460941256796,2198.3587664990446,-191.2033902752397,350.8698426216746,2142.2419257116976,-181.131620724148,342.4454661732733,2100.4621137897084,-172.40345605532795,330.3441055325951,2045.7440306881824,-157.02553650122638,314.1514408056616,1996.7272700359933,-153.79382067984199,299.05450190433675,1945.6771871019741,-141.58838265400394,0.01489225697331406,0.01674262513369848,0.015776998368138728,0.0130709862547497,0.016115527046597522,-114.12276010792257,440.7557424174658,-1013.7057327771096,-915.6633987359492,-3336.470085306489,-4096.169011566757,0.4517111244754164,1.0,0.0,0.0,1.0,535.9982529946003,2809.6495029850757,-530.1453252738884,-915.6633987359492,-3336.470085306489,2734.027018599938,-9619.994408685478
601.0878045252773,2334.1640389240138,-607.1971322954724,569.7164020308956,2245.935564702488,-594.1471064671168,532.2875769413802,2162.8036110543567,-578.1212167518394,491.6445149323693,2089.2767862885194,-565.7539941583303,473.30840635533195,2033.4409477225756,-561.5282634985329,428.2166974372508,1954.3464685335682,-555.6845003566693,0.01758690804936528,0.015874698233738715,0.013063557215469188,0.011542958468328451,0.016229874425455953,-358.5388750889898,200.9898021439857,-981.5780389145681,-2346.8257761826517,-5174.890361868283,-2937.146467438875,0.3379352628119395,1.0,0.0,0.0,1.0,721.0009819550291,2581.4393686033964,-672.9292460558727,-2346.8257761826517,-5174.890361868283,1595.1951941402099,-9852.916655606701
450.44704208296963,2113.6262473837687,-188.20455633429003,420.1643863760537,2038.5145800978662,-192.09558302377096,397.7643249847474,1965.103543476234,-196.62049348425052,369.28914465988237,1876.3870922150616,-196.7542260819798,334.7479446867699,1801.259350863915,-201.66447006545192,316.510375252287,1736.726961659952,-207.73051484757866,0.014046640452568926,0.015514657697685022,0.015547433700441343,0.012867790651998473,0.015137810909283012,-278.36450240675407,87.90454164517672,-865.9057965342297,-1885.2887372339246,-5250.7743811191285,-3642.4161705279876,0.31259415826280035,1.0,0.0,0.0,1.0,636.0005351516995,2634.5301164879497,-258.5587577835163,-1885.2887372339246,-5250.7743811191285,1137.8922993910303,-9856.30612354437
-253.35399140873622,1829.5816118262094,-230.14804744250756,-238.6623728354809,1762.6566798773683,-227.4457390039201,-212.081278701683,1676.4357734842147,-233.89549252391618,-190.96391974006806,1589.7876792144507,-240.55426557810185,-170.14940527553622,1508.6422540861747,-245.56696671447125,-148.0437855340012,1447.4639546961364,-252.83137378168772,0.014099391414061524,0.01624587957958143,0.013966743264653442,0.015461796065367045,0.014387408217614306,243.45940480888297,-3.1137837616715345,-811.5061876989906,1436.186785772551,-5262.552527932764,-3386.393281499389,0.27462873401141075,1.0,0.0,0.0,1.0,-438.7293184330788,2496.598667006393,-304.4561960516594,1436.186785772551,-5262.552527932764,1251.4459482474635,-9763.872062624945
40.53652996634759,2410.8706463116573,-422.7482058495561,39.47673220522811,2336.1842936665903,-404.23071448427993,40.65037616101393,2261.909123187084,-387.6419158671466,40.738988160822814,2181.343736985635,-365.1164662191646,28.61731079499018,2131.111979285307,-351.0263736066326,39.0806757745604,2039.5568541213765,-336.8552977638148,0.016759262407998632,0.015296857865074814,0.018157602229262326,0.013427544797323776,0.018474634052405584,18.529046873693147,61.505270019370656,-968.255523135761,-39.81395683325363,-4543.578540185653,-3583.4836849561975,0.4357908330195036,1.0,0.0,0.0,1.0,41.22300226864786,2651.345037925193,-518.364823745726,-39.81395683325363,-4543.578540185653,2004.9198274472974,-9804.216688427177
292.787281488379,2181.277448721042,-169.195065737421,289.4050883213666,2100.3515641143363,-171.01812403481193,290.38225228088777,2045.5912071224448,-167.69112719182297,293.4625186988824,1992.2556774038433,-166.4096835149893,285.2348863468826,1912.9624066998308,-167.89612669237334,276.7550026679188,1854.6739529155602,-165.59667503899027,0.01659715673453359,0.013524114242297686,0.013933387206901529,0.017529182457437592,0.014475794547126886,238.47405329636422,240.3264206727704,-1008.8665848944711,-114.3960758971387,-4281.048693404993,-4096.231346987347,0.37646094988060586,1.0,0.0,0.0,1.0,299.6759539013335,2530.68747164444,-245.6042433330391,-114.3960758971387,-4281.048693404993,1242.9141822717095,-9979.711269643087
-298.29492451484714,1786.393783571514,-355.19396495536085,-274.0807115252341,1697.6955393276967,-362.7422288085161,-254.40524210404956,1623.840130490171,-368.3826145643948,-233.07380303008142,1540.3872453237398,-377.1899298852333,-215.4474974775195,1464.0979934557843,-385.06083800028784,-191.00953966171937,1379.6102449539767,-399.1504911215529,0.016408927669508855,0.014295768015841287,0.015386365068091462,0.012995174974043039,0.01663749941884929,162.54976983697804,48.765802347046815,-935.6281082155382,1400.8722877513012,-5280.144355498738,-3373.947026605584,0.2523134116602005,1.0,0.0,0.0,1.0,-495.8602054061342,2530.43364943146,-431.10145097484497,1400.8722877513012,-5280.144355498738,1227.025080900498,-9789.302356395927
0.24492389741498233,1853.8525408164007,-99.71484837849889,-15.144167755895738,1793.2344232436253,-101.76131680385693,-30.377012926399505,1735.5204318876877,-102.36055574514789,-46.448938008944566,1684.1501077397118,-105.75517550124326,-56.62285070285368,1636.6677324533894,-115.56264091358788,-74.98277807204643,1564.1483068229802,-124.37523236942309,0.01868075021128221,0.015447221614659057,0.01490176159458606,0.01748909942506774,0.01944959943612526,-377.0582824351896,349.6750341537389,-1008.458309901507,-839.9672675480934,-3401.681384458343,-4226.721614827751,0.35657896177934334,1.0,0.0,0.0,1.0,143.72142344462804,2458.7174925179065,-280.11413372366053,-839.9672675480934,-3401.681384458343,1877.22427231857,-9845.074011526329
55.29276528296966,2350.4917852865724,-64.75891531299273,52.42070733420358,2284.3616039039985,-38.64056220949915,41.4596618090506,2228.52315803709,-24.008618024759556,46.5799143483333,2170.1119309548512,3.9417775902997625,41.423043227179654,2107.417914017922,16.717011346029793,44.396780211338154,2048.5557021694035,32.02439458685706,0.016147057420441646,0.013642363615396405,0.014493516765781936,0.01762831315870622,0.015628739983349738,-65.13137729484522,-21.79415199119713,-868.330124171729,-193.11703825167672,-3881.108688031957,-4315.186312319103,0.5322834657295112,1.0,0.0,0.0,1.0,69.08496429007016,2675.5763861910164,-241.49444176648512,-193.11703825167672,-3881.108688031957,2511.342621944302,-9822.343790307059
463.0559723539486,1920.2668937860947,-385.38429682960924,442.4007858787949,1833.2844132454136,-368.0716289850264,420.6511711741144,1774.9059766634061,-350.32748322792696,388.35095032764383,1710.2435629018644,-344.69970393160105,366.2810633599348,1640.1882542130274,-328.87787616193737,337.7087274179133,1582.2915976627655,-327.8844999210541,0.01564831453657839,0.01476814881051236,0.016488477409400987,0.015505984828954628,0.014008362170043892,-238.26557255715585,5.636721878086483,-813.2542160494281,-1613.777833417744,-4374.299166564001,-3143.0064495588003,0.36006173437923183,1.0,0.0,0.0,1.0,738.0700166605802,2652.0877176493113,-726.1978358565489,-1613.777833417744,-4374.299166564001,2855.2167629707765,-9914.418533106746
31.575191860107914,2278.005739027882,-366.4557391712404,15.274206026550846,2205.663899512371,-350.73434519251026,3.992160869916471,2119.804355917335,-340.17374026935073,-2.1268638355230545,2029.7292035994958,-327.5498231137239,-16.43747009985818,1935.5157558137291,-325.2586049312935,-31.31868982441794,1847.79687715359,-318.4237473255064,0.011873304824922784,0.016562168496346577,0.013968051359529318,0.016734050608512185,0.016829250844306892,-270.43782979802364,-71.01093655327739,-805.1167006099946,-722.875288943537,-5690.797323929295,-3123.673198256888,0.33595054173480476,1.0,0.0,0.0,1.0,54.8560502265683,2489.847859214904,-407.569974961568,-722.875288943537,-5690.797323929295,1356.7988620416545,-9956.604578441202
679.0821364013449,2332.3029882067663,-212.78076414716952,666.7037350458027,2255.354075205024,-199.10586031796856,649.6474067425291,2169.1739557819087,-187.9675790261717,638.0397420346835,2100.29653534931,-183.75332225030553,632.6489538351113,2013.6279693350523,-171.7172252475393,604.4788935607808,1940.283956559591,-178.67319495614083,0.016294044097184643,0.016116616618787702,0.015320011478025752,0.017362946260989914,0.01673120819810335,262.2393900614593,-9.989948444237292,-951.3490137927762,-864.3954118999314,-4864.857363523863,-3908.2583075845873,0.39941508266576997,1.0,0.0,0.0,1.0,729.0129124874225,2617.0330278586534,-280.09397876517437,-864.3954118999314,-4864.857363523863,1422.1285482231033,-9871.086770014233
250.26613666114045,2390.4342793721517,-212.03299852271655,233.48837267090363,2311.147169162185,-198.94299447270043,215.15868631832166,2231.0119544406416,-183.63881140604437,188.57057960479906,2141.221085189625,-171.90663492971225,172.72178982576943,2064.683171770278,-164.14169464845725,149.3828251722487,1996.4031509117294,-157.5359617842302,0.018550310722274622,0.015281543483765637,0.01836155794167827,0.015991172516697474,0.015610906788145473,-364.58407180912354,56.52955462023138,-850.8496336370188,-1259.0372480206638,-4741.681016270176,-3724.0654637631574,0.4090024147865846,1.0,0.0,0.0,1.0,271.22973844131093,2451.0784678366754,-226.13728362457618,-1259.0372480206638,-4741.681016270176,1249.9571468821891,-9849.549724050186
560.1087795414988,2342.9094564149036,-247.13748894375223,540.7601968054386,2251.584089338054,-240.69513780407982,520.3594516128237,2166.9817233337285,-222.83560171667503,504.4738401645333,2076.800255917799,-215.23937741195468,489.2377619944552,1985.9185315729492,-221.04740968385994,473.11557757078765,1928.8463509348726,-213.40224677884046,0.01498503479700071,0.01665882575455125,0.016928948409098768,0.015197609952250002,0.01298351244229562,49.40678174512652,-25.012682620110496,-898.5200008549269,-1148.075185450165,-5321.718960703828,-3650.462437918594,0.3664899617141074,1.0,0.0,0.0,1.0,600.4828707612073,2529.412418517727,-271.744660279045,-1148.075185450165,-5321.718960703828,1038.8985188524182,-9769.501993272948
173.841865590058,2436.8780248851635,-308.92049105660925,162.45926371781388,2356.612842744115,-306.6476224370915,137.20480672465337,2251.787953544749,-301.11466035699874,125.50427061006226,2159.7748540711777,-299.36386519967226,96.43459958974456,2056.6883732998253,-295.95692245644375,75.98833647580324,1975.5645304769785,-300.93853211560804,0.013368475252390231,0.017232050903744463,0.014419112159067063,0.016187696728353074,0.012815937979435754,-320.1644445904091,56.98067311423757,-846.8101043279113,-1290.3260618323084,-6150.7922629799605,-3289.1369723925472,0.31380518433281734,1.0,0.0,0.0,1.0,183.06271952419127,2455.7896556764176,-311.7786082164795,-1290.3260618323084,-6150.7922629799605,545.3857102826378,-9832.10944275689
19.091563659645768,1858.3210670933222,-97.62783596547695,3.4028182625643137,1795.332139143436,-97.19044837378745,-18.16750764526624,1710.4056210427989,-91.09213001361825,-29.00653490330131,1630.1075245027132,-92.34221259908638,-57.058810487517,1538.258919770408,-91.18408912330958,-65.01332073219963,1466.847040335294,-97.61575956867067,0.013166640059951579,0.01555642339030805,0.016223118003878906,0.020199198184354922,0.01482389357054159,-448.08675472394407,-242.06388693574823,-810.3019126645469,-1096.3797190069386,-4927.850168968668,-3721.7750736883518,0.3455292743725802,1.0,0.0,0.0,1.0,187.8134823000803,2616.0892110660857,-277.0107103430005,-1096.3797190069386,-4927.850168968668,1882.8398932692241,-9663.129253375126
379.49991200336393,1798.4648864880583,6.268177849877722,347.2249242428654,1730.1031655931858,6.785646995354533,321.16149671156717,1660.8555288530933,22.2437681907789,288.1994686909532,1595.2958880085332,20.316285033967013,258.5428033584039,1521.2922243652104,22.0089375888263,226.5528980607348,1453.6764597077058,15.134376741690813,0.017922633366650675,0.01695902990030948,0.015234441438254254,0.01557135363346962,0.016343030458208174,-485.3257970713676,-223.85452899366337,-812.0430836815349,-1816.5805529865318,-4276.034286378713,-4016.5685868001883,0.39335404776923466,1.0,0.0,0.0,1.0,759.0318817244076,2705.2289571757506,-327.05523097056675,-1816.5805529865318,-4276.034286378713,2600.545659176926,-9660.020797046896
-158.29881510277502,2316.001591426166,-459.0316022604013,-178.5136808950669,2233.7330293363393,-452.54587201601794,-207.2786758183545,2139.143182984412,-450.3444857578283,-226.91292477722868,2038.1300901008285,-458.64744983473395,-240.9318189576176,1953.7075535894746,-461.0302171348514,-262.1464386442452,1841.4512642736843,-458.70154083295466,0.01425920238082214,0.015727581308260546,0.015250652475775915,0.01426996647212396,0.017629027661501387,-618.2706889509637,160.42230787054677,-951.9943415988236,-1295.0189791470023,-6144.987315773626,-3149.261910069098,0.2736046284808997,1.0,0.0,0.0,1.0,-132.63857177083776,2464.792551285657,-464.83434784240126,-1295.0189791470023,-6144.987315773626,551.075276701519,-9867.565831388314
32.56657667778116,2340.8823378084653,-101.4250552200076,17.603414424342844,2269.0463855262324,-91.03740370928473,1.453186944882512,2202.0700528374964,-86.61341485728022,-20.824921246126333,2140.1831875218654,-74.53534073854748,-34.3711857606605,2079.9914966502206,-74.21309380463128,-56.16506244756987,2015.056053340501,-74.80658977815578,0.019093584284383458,0.0151152025460069,0.01751168259994601,0.01438216070295903,0.018830843292181848,-536.6192312754612,306.64438620659405,-1017.2559215242958,-1115.2048905472282,-3959.688969186874,-4266.689775920913,0.4296736443163398,1.0,0.0,0.0,1.0,165.9598497692923,2801.2484367943225,-249.45760372082816,-1115.2048905472282,-3959.688969186874,1829.2347987670503,-9676.070753472955
408.05355877396704,1715.7704089225247,-152.96186248593654,384.8824834178948,1655.8974363015245,-156.2996504416549,368.90473465119635,1587.492870281798,-147.48593595918226,345.3860308678567,1519.3442884519116,-146.72580297413694,322.253833332115,1443.753425714065,-158.85167604334129,298.7466098588376,1369.1478451847177,-149.41192240293043,0.013505511479287802,0.015616765119658982,0.012247395291552526,0.017738718583789392,0.016230768740184864,-215.29501292593145,-229.41782934410173,-807.9287164507141,-1517.8838648001242,-4743.014688486778,-3595.4282702493006,0.3359342489221589,1.0,0.0,0.0,1.0,733.3824025741453,2734.966350960143,-468.27204387559266,-1517.8838648001242,-4743.014688486778,2508.5269180089067,-9766.328301213121
138.41652174415492,2153.4898211185055,-323.1300642643528,115.92243425342383,2051.0645134455895,-319.99662940114746,100.6827826260476,1971.0138990672085,-320.7601639085952,84.37490394209684,1880.4395265543849,-335.03462063559783,66.54519709700322,1784.535715507958,-337.38600280556983,44.14251289963057,1689.646734217626,-351.8012335644273,0.017830670786832856,0.010881578898471328,0.01678774974108818,0.014738835744210643,0.015465059540023376,-283.8216466222772,60.93374995972433,-894.2733309997847,-1252.481621439114,-6198.830830051323,-3366.779199157876,0.2616561219167548,1.0,0.0,0.0,1.0,210.90859384617283,2509.47192783,-340.2825702536138,-1252.481621439114,-6198.830830051323,561.7626890506727,-9945.675666350748
-431.33188274919553,1675.5461103218681,-271.6116057762047,-437.5838679105022,1569.8655659933368,-283.8443213747332,-434.78298977980614,1496.1425412520407,-296.54875741617775,-425.12397222554733,1423.7035509009172,-309.74169539999576,-429.45817336795756,1332.6660160215306,-332.90321838984073,-429.8992213512723,1254.8834952389802,-352.8585154640566,0.01650264457760592,0.017292506228434645,0.013442849969783122,0.01798121158532945,0.01794340816479323,-389.63395679690143,44.85687045632312,-978.0451458765755,152.465074257339,-4913.250860646691,-3745.79909631041,0.24556156531578494,1.0,0.0,0.0,1.0,-472.7274222671509,2722.578589508777,-394.9410382706817,152.465074257339,-4913.250860646691,1605.9675087658406,-9819.755238672014
486.2409591616977,1970.013645876289,-293.91342085241376,485.6850260445899,1900.417194086686,-292.61916425413546,479.4252825869432,1832.3966070984136,-284.6452134534327,477.469748077479,1756.6463783892027,-292.5523439178707,476.03232733822534,1676.6435429760206,-302.022534373301,476.33700395113493,1602.7774227570612,-305.37575283259474,0.015598346523848616,0.0162469750323902,0.015567674210383298,0.018418042359402143,0.018172813506294155,435.83416408041694,191.2301859070959,-1002.357160618583,-127.47782491314715,-4427.695791978902,-3785.4643833897285,0.31688004900480393,1.0,0.0,0.0,1.0,504.6721895335172,2582.185913575703,-422.29219658759314,-127.47782491314715,-4427.695791978902,1637.0756277193943,-10041.740761313187
412.8827278701278,2195.2771259018655,-588.8588058855181,392.6921684822754,2103.616583625761,-558.624259169398,376.87945794829096,2033.9644795583092,-546.946811409596,370.1465557809288,1961.1910519019466,-536.2966444666399,355.44345112350334,1878.3799110837208,-516.5174068407482,339.94002232551617,1794.0630892981496,-505.4238127829407,0.017850996829323687,0.013830206855438926,0.015348593579091532,0.013694390050029745,0.01681477818584201,34.175466572908476,-34.8309330996141,-818.1998207294987,-888.222653845765,-5328.279938402642,-2574.811179021179,0.3427845571681174,1.0,0.0,0.0,1.0,456.08122714964657,2496.102037641643,-683.1918278521016,-888.222653845765,-5328.279938402642,2006.3564721689693,-9644.563476189776
-220.41445871462315,1819.1590209013725,-101.42987604547446,-215.82351816904023,1750.309566925015,-100.28459001397006,-218.28848366561334,1697.9706079423452,-105.57202679826747,-213.23699021754376,1644.6352651175844,-110.77291804638043,-209.31631429282112,1585.561585697054,-114.66101400660959,-206.7253141537009,1512.430576877124,-129.98449751688793,0.016808063444015697,0.01328200681486974,0.014273255914973026,0.016602385570368527,0.01910303723727197,-149.11588252727037,171.1920842852597,-1014.3144633818863,163.91900901698256,-3722.8092686358477,-4240.115281403277,0.3609994167874635,1.0,0.0,0.0,1.0,-258.1220235235652,2646.860247928105,-371.61373917703855,163.91900901698256,-3722.8092686358477,2307.180772516518,-9845.55797581923
-93.59747253856514,1874.2043905250496,-97.37219699774764,-94.03686065873104,1819.066674398545,-99.41677536777695,-93.19610666142549,1763.2766574729278,-107.28981284970588,-108.35743279535413,1708.2147118217013,-104.67197735812182,-106.31250394050112,1650.184877175438,-117.04287097391045,-110.8727929323113,1592.1834530915473,-125.77058974579477,0.016289250129507632,0.014596494303579122,0.014387897557953055,0.0177517980640855,0.015867907488032407,-183.74952832502981,327.7404170192779,-1002.3800311429841,-213.99290313026424,-3594.3322262630404,-4193.480456886446,0.3523088329116975,1.0,0.0,0.0,1.0,-38.23435419645011,2771.88633087814,-394.93239050733007,-213.99290313026424,-3594.3322262630404,2406.8697491345247,-9706.397361795536
1.6230900053894315,2364.511138401832,-551.6245460016112,34.855955425170535,2286.4252294535972,-543.5411253094912,57.0325104054497,2189.576573793851,-539.6028346190146,70.05293266814238,2093.430660761842,-528.9373106420388,95.55299722458683,2001.7767747183818,-525.9833075728924,118.39079131527438,1925.1274685603748,-522.6177201850197,0.014702855030345623,0.017797478475397532,0.014756763247500998,0.014769198890546745,0.015414017350228931,554.3702846106879,151.5768100185698,-938.6594630154327,1439.5980682007262,-5879.535560967081,-2866.4107547300937,0.3010565526392178,1.0,0.0,0.0,1.0,-50.26090403361661,2620.981745624746,-596.6263714468403,1439.5980682007262,-5879.535560967081,1237.6817472606213,-9771.648814263606
638.920370145996,2108.2204759887236,-125.30339900184704,627.7494968468392,2055.466569656646,-111.42241504766838,615.7913139682956,1997.6407125736484,-105.60150927500165,614.6444150739272,1957.61933732043,-96.23951299678733,598.6942890507396,1900.923828660943,-90.89893339794206,585.8634078205374,1849.416712100719,-91.8880660192256,0.015223812438710155,0.013809383183839563,0.01355769961824188,0.013613092354947565,0.015910049378632635,258.20020367882194,244.90084058528558,-1002.8080606629323,-744.8448141856295,-3651.3610143013407,-4222.956490298115,0.43837310095603077,1.0,0.0,0.0,1.0,753.5220051122633,2673.055915095681,-360.2075053622526,-744.8448141856295,-3651.3610143013407,2290.3232412735115,-9794.405611385908
-40.56509764387998,2384.941350999063,-205.36169832617944,-43.622234150930154,2310.6200278096544,-199.8478011212395,-48.22943416013709,2239.4555652358445,-195.8771767386115,-49.00532697912451,2162.95565152386,-206.46715477996457,-62.888217558269034,2104.4506229175868,-198.90484025232598,-65.51146919593815,2028.8284117144585,-207.76790649737703,0.013524953731287509,0.015894358313648,0.014032835645939448,0.01423872802201788,0.014837306138775319,-177.4872793958538,264.30945436431904,-1019.9476462551867,-323.44156077833577,-4781.053611009895,-3983.834009347941,0.36897334173546803,1.0,0.0,0.0,1.0,-22.235330222252514,2559.215187649064,-221.4294959328115,-323.44156077833577,-4781.053611009895,656.6750496713772,-9667.72720629026
322.84219378772826,2435.4761245878253,-206.87861981964423,311.7242676446683,2367.324380723006,-188.3886437217045,301.93249710867195,2285.5747584953942,-166.78550328717893,291.9757919397488,2208.6648088153056,-161.65714876530143,286.21311906445385,2107.3885764282622,-155.84313977996646,271.1016706724647,2018.9544070191032,-146.54862014657812,0.01271713089354801,0.01687425315212191,0.014817108071293189,0.017401644015000203,0.015958442874254186,9.255725993871593,-56.32755453195897,-800.7248733308543,-644.1030000029599,-5140.978911344702,-3595.403452145357,0.4062683033026565,1.0,0.0,0.0,1.0,340.9687709953969,2591.276584810562,-242.43091123895272,-644.1030000029599,-5140.978911344702,1427.2715605263274,-9752.76701489648
669.9792223425599,1780.0159421761018,-263.78224897936224,663.025374482907,1693.8522262051008,-259.90939292036205,658.1635690680307,1625.819381333724,-258.87258606233854,648.157598393443,1547.9951252825515,-263.1349797401775,650.5001960400535,1486.8265694644608,-267.3510739589284,641.5516420465968,1408.672853190198,-279.20223275231524,0.018261853586098914,0.011697399508199063,0.017040834749274286,0.013476706655275394,0.01502779939202245,536.1596488166367,-48.15300737957526,-893.7213231835169,-367.6139304301994,-4868.977783109159,-3529.9476378939717,0.30002412307937854,1.0,0.0,0.0,1.0,742.0234498575526,2678.474551161553,-461.16184574239384,-367.6139304301994,-4868.977783109159,1985.09236131853,-9848.28571287947
-243.00104362786405,2310.9919648744835,-409.32407826619345,-238.39788442059228,2219.765025353154,-388.38373721334705,-228.22236193949394,2150.5831101814797,-380.2676886561877,-214.75907296978048,2091.464354924011,-372.7952012836167,-208.64853968397438,2002.7938861310674,-357.70700991418505,-199.1318084378806,1941.1268436007067,-358.8594908911081,0.018919140479419838,0.015450718236554362,0.013573591298173537,0.01851162465611403,0.016526617795696447,23.60185535905532,145.84215788361513,-1013.4046345903747,560.6758143289483,-4499.097069500466,-3586.7440027232246,0.39882785632504436,1.0,0.0,0.0,1.0,-293.1799797368001,2687.832002151383,-535.5978739803797,560.6758143289483,-4499.097069500466,1895.3926377320984,-9702.896708770482
-284.86777394643843,2174.4381455996104,-587.3988523954195,-290.9571395255995,2092.8176795088434,-565.8060134270335,-282.75249861827103,2015.362641718756,-537.0479852808038,-278.7852541839833,1951.5801949647846,-516.1569373468436,-275.3577540278105,1872.6214150356147,-504.0691264992041,-273.6148435049459,1794.2261205527832,-482.38424466272164,0.016739622381530428,0.01696026100608669,0.011403189140751668,0.01777651280927972,0.01616978711941658,-214.96858262767446,-27.45119570974063,-845.3916774616278,156.75229694030998,-4774.4575492297045,-2847.2240282795815,0.38168074239388045,1.0,0.0,0.0,1.0,-300.3985844601426,2574.62816862045,-773.8847286270648,156.75229694030998,-4774.4575492297045,2584.8132068683467,-9967.040798436556
-177.54865579616356,1854.9854927622634,-253.19280921434992,-146.0198194869217,1774.1783277326836,-269.71659977985667,-121.02929707229193,1716.3175925006692,-275.7662532039102,-90.7024077857729,1626.4316078846691,-298.6509207468824,-54.71372979514218,1543.6527118336232,-321.3586609211938,-28.742540376794285,1468.9994047483622,-345.6190852007747,0.018166875454136117,0.0112909104246674,0.01865297052484241,0.016898621793834556,0.015654738391870593,387.5381554463426,291.60364907261817,-1005.0138104583308,1746.086153169595,-4868.002661121475,-3897.86516468296,0.2414297962828797,1.0,0.0,0.0,1.0,-494.23535190430346,2749.9449929389625,-277.258237469023,1746.086153169595,-4868.002661121475,1015.664875616399,-9729.76245603834
124.48250861439845,2402.2848788222545,-734.6448782785325,103.09604231857529,2313.246391538406,-720.2982350513912,76.71803269716966,2200.3588202346646,-699.7424654712277,58.92558303041705,2105.937897519068,-688.2290738718111,37.327043739183445,2017.210759827467,-681.3146822268507,10.21058812505456,1903.853633867911,-682.4272755956922,0.017298087487391447,0.018213087712662397,0.014888078336181672,0.015351503988155692,0.01789398280349566,-392.7188409598771,178.696106808457,-1015.3536633086261,-1411.9027985126088,-6052.136808974182,-2568.1380646798807,0.286387693107743,1.0,0.0,0.0,1.0,143.804222474914,2478.5080942186432,-745.485201155509,-1411.9027985126088,-6052.136808974182,1147.7777375582364,-9778.72579536347
-317.87807391217916,2091.0564774405448,-669.5395419464979,-306.43761087939856,2007.453349437941,-646.741139795665,-301.54973312593404,1931.6358073523272,-642.3232288961784,-296.4245572252517,1831.881306030694,-640.4264406337815,-287.5871366824273,1761.1761863009249,-636.4373233978284,-276.31979835534185,1692.2656715726816,-631.1718450208889,0.01481357528346805,0.013680918609569034,0.017638304796946294,0.013631323734980938,0.012442125757095274,-137.82683782264553,179.17005068049366,-1017.213117894852,513.2942012326539,-5393.026778707462,-2732.0283975564275,0.28067170395357044,1.0,0.0,0.0,1.0,-366.24275737117773,2579.0669672053145,-767.3314229555419,513.2942012326539,-5393.026778707462,1608.9646000763667,-9755.040444118635
-134.23712250128833,2377.429204589594,-432.67427353969566,-142.69996441469453,2333.3877731502807,-402.3173222007831,-141.3810798760296,2285.8720367470505,-380.55361255899743,-144.8165249512082,2240.0857672539946,-356.4325674201073,-132.49286055602937,2189.7421387919703,-347.98717222325627,-135.35257090732975,2136.887259455668,-314.2699218598072,0.01466754234632868,0.013870003300261863,0.014952051562432789,0.015439132845155717,0.017409411322293733,-140.93736839966567,443.65323319846584,-1008.1841917224743,-4.522557322491934,-3289.7366068420692,-3877.3572977645113,0.5119561099790433,1.0,0.0,0.0,1.0,-137.99770614004643,2581.982027645804,-570.7511867755811,-4.522557322491934,-3289.7366068420692,2531.4095902356216,-9859.641366154056
645.4160404129757,1555.6494212800444,-378.4181206045808,639.6765237542402,1481.2497262315064,-374.31771636871935,627.3379308074128,1395.1072550941067,-368.4240643028976,623.6659473173723,1312.2100868631321,-362.82821518988015,610.9286241493805,1232.570686505193,-368.1940913155616,603.7436962400244,1151.0018726532046,-373.466837029987,0.01559889355676064,0.016843575429423663,0.016278282610298844,0.013605646694466733,0.016268648016339038,459.24936140253976,-287.43399297192127,-814.5993247482693,-525.8482362966811,-5222.214303284561,-2971.4770871932374,0.274636779687613,1.0,0.0,0.0,1.0,745.8366501842297,2558.6728023181604,-664.077757620058,-525.8482362966811,-5222.214303284561,2419.104363786964,-9890.975139413214
527.8936355218439,2437.9687335146423,-297.74440509034525,505.26352544724705,2377.300383356221,-284.743432239253,496.87252400524767,2320.2938713107637,-269.4526386588134,471.6110749436126,2239.09191842661,-268.104902823454,461.5520467738604,2172.7762955308785,-269.27537541595274,443.528673000401,2116.8386230644123,-269.57893999157636,0.013041118075709332,0.014439973147152986,0.014822094010698672,0.014723823480087203,0.013928609466351036,28.815383167421164,347.36125381743,-1019.2105036443064,-1072.8983304036935,-4545.241643490391,-3846.6085021984895,0.388794350096825,1.0,0.0,0.0,1.0,565.2645483692672,2619.9820755626306,-329.60881113165607,-1072.8983304036935,-4545.241643490391,1088.2017321478847,-9869.620468692741
103.08279617413835,1730.7888541722477,-229.33850546886464,94.33768075177674,1656.568474817334,-240.91164572205645,90.49389754971315,1564.2475213924972,-254.25444276558005,80.06451725462216,1487.6014693720258,-255.71513051081544,80.68497667368085,1391.3493579487667,-278.85757210055897,62.38934764408069,1299.5176006245415,-299.2118107602172,0.013009437696423098,0.018831901395714057,0.015318676999485359,0.017687859415790763,0.018302047222460677,-72.36435151491452,-5.3681674778086474,-886.0885968189453,-555.0382647632599,-5338.02127299763,-3627.148216958935,0.24162880091526695,1.0,0.0,0.0,1.0,207.92997219053188,2690.3325753859926,-307.4835613607472,-555.0382647632599,-5338.02127299763,1335.6431260353745,-9827.309590087732
536.4166212896067,2413.926715372515,-402.9919834542938,520.2152056933851,2348.8459667879843,-376.45150000551615,498.91588035685936,2294.096798584332,-349.3267518286532,487.6106959304353,2209.6279601785086,-326.9572720479633,462.76024918907143,2152.211132417022,-312.1931176759538,445.1319133717225,2081.0183665066897,-303.70442100399123,0.01687046098906045,0.016335782396069143,0.018137011210445086,0.01571508693097487,0.016279430012787005,-47.53201001970292,170.65538603103275,-1011.3784335006433,-1030.6754784954542,-3983.9568526406683,-3816.4833306708824,0.479976065295008,1.0,0.0,0.0,1.0,617.2536736098666,2740.307555984268,-565.4576025758097,-1030.6754784954542,-3983.9568526406683,2433.783079741164,-9690.335520018682
194.62707477961388,2410.8246795546647,-152.34415807910037,218.7956717335195,2352.050803936113,-122.28975690623837,216.2737531145317,2285.824906892262,-100.11256634243108,228.7955030433362,2243.9683356552327,-68.09099891688918,231.16365969700976,2180.8223340453756,-49.16675353783794,230.2364523977263,2120.3898089375225,-21.24589119044634,0.019221836565212397,0.011988096518080943,0.014210072273917226,0.018723219272057376,0.014264092642043147,508.2816137041857,-16.30073364607489,-810.8855958244988,467.84129904160613,-3731.688767716619,-4170.501318726194,0.5734110929404599,1.0,0.0,0.0,1.0,192.4887368511014,2502.5891845626384,-211.41354080178075,467.84129904160613,-3731.688767716619,2394.2878223625794,-9725.613542353727
126.56939444209938,1787.49735060556,-258.91634456494097,111.48393765004255,1674.8603374781658,-261.83544797614337,107.88815677913365,1583.1746378945948,-271.01133106667083,102.12548169086782,1469.1736450612195,-266.01155139468085,97.976116001832,1355.845516314027,-288.6779517425804,91.00327609192615,1246.0048865199335,-294.56457827100166,0.016053522242448548,0.015066674125671364,0.016576171820073426,0.019289329497535146,0.016715038447749964,14.316990565388888,-385.9382002929234,-810.2704068432954,-324.9818323705998,-6459.429555513432,-3295.618331335263,0.25176489252553647,1.0,0.0,0.0,1.0,158.93390597030566,2488.507951910558,-317.769737668535,-324.9818323705998,-6459.429555513432,1082.1321777408396,-9837.641593429436
222.26708532407076,1840.9788960523872,-597.226916966529,202.96613988072872,1775.445283059364,-597.0594542416425,181.1392156257357,1701.8592980844562,-591.0963764701479,158.6288517037947,1612.2036672330566,-575.216056783924,138.28096551094603,1543.3549583214838,-581.3480674375712,122.76431862936491,1475.0058694743232,-582.4793501093408,0.01328819492116437,0.01642187158239891,0.019380557773293977,0.013549742112181407,0.01729053449482873,-221.7884371172486,140.2434587615926,-1007.1999324474305,-1187.4296830884778,-4645.649836288429,-2913.3551519696853,0.2865217415049969,1.0,0.0,0.0,1.0,383.8007012578746,2509.524875268692,-800.9334274218835,-1187.4296830884778,-4645.649836288429,2104.4668969675304,-9838.866762621978
354.98999373489073,2172.521331414825,-303.216613319782,356.4584976767731,2077.4991330929793,-305.3301141372581,356.6760131612227,1979.269814484646,-303.4512205655541,356.28261119034846,1887.498984686749,-299.6498732421367,359.38031242517394,1795.3925150074642,-306.45527089710407,349.57346479765,1711.166486256337,-314.31397534350157,0.014524566839794702,0.016036865114791937,0.013183575607361664,0.016199894586795077,0.014625190097585797,354.97365374193043,-35.36281125475449,-848.3886592754252,9.864416265870943,-6070.378548279893,-3304.777027312918,0.28781496722205147,1.0,0.0,0.0,1.0,350.8305989102638,2514.196179022801,-338.514014562719,9.864416265870943,-6070.378548279893,876.8025286809805,-9956.141799985475
314.0542031080539,1970.5222501721494,-575.847953828179,277.4869706198986,1894.4308638382306,-561.1300278580392,240.33613259943516,1797.9227753946288,-553.3929422671197,204.45961169393584,1740.7595193047243,-549.6311686195644,173.12092101974844,1666.6724342745795,-542.9650447332975,149.73656009313808,1602.894829995341,-545.5705227858227,0.015428026263469036,0.020709810345386603,0.01627136134388618,0.016427421611330845,0.013241166141527816,-476.1527903632398,304.7287031498886,-1014.1737681290812,-2073.110608557296,-4334.859135705391,-3047.036081954291,0.2992412695341842,1.0,0.0,0.0,1.0,653.6924913004859,2667.226932109327,-817.3758138188616,-2073.110608557296,-4334.859135705391,2324.8417542103875,-9856.656580118683
-396.10811469317014,1935.5478058328915,-354.5652461964822,-389.12086136312956,1858.452123235868,-361.80105336384173,-385.5000478248024,1790.65774800644,-367.51520532459597,-382.2186606928248,1718.1441417286753,-377.34667971464023,-381.4366635824001,1647.749681598548,-389.0372324762538,-381.5395791276075,1560.6501661022774,-410.846548094772,0.016123252199082616,0.016281837236743313,0.016379498010755944,0.015316961163105436,0.018232130223046372,-307.5474772426875,394.79573788554535,-1013.689239626766,241.1306489106803,-4408.175428637291,-3580.0261675752026,0.2649963376292983,1.0,0.0,0.0,1.0,-431.72976143168654,2665.0060836337543,-456.12518227569456,241.1306489106803,-4408.175428637291,1414.728857473946,-9698.553446697368
13.302590389986301,2128.228226473779,-278.45376620183777,9.027152720901242,2016.2067386050442,-277.1551088460697,-5.347153524469549,1919.4365965183536,-281.5766493716343,-13.699508450175985,1831.2693928155652,-287.6751741099291,-29.89954171534284,1724.1831060196225,-295.1362097853492,-43.23487827267492,1598.6991432486543,-313.7220103491331,0.016060387567763318,0.015095286619363421,0.013785773065581111,0.017645755411378597,0.017971703183328913,-219.0809497498941,-0.16992570730666046,-854.5420083566642,-720.2317125507557,-6450.520835379716,-3387.803867780409,0.24800107846863323,1.0,0.0,0.0,1.0,61.809418144900405,2515.5332000907842,-286.0939644545708,-720.2317125507557,-6450.520835379716,472.6856939235182,-9898.691183856216
-117.01467821033928,1823.9626499544959,-371.2869088506006,-100.06471074289155,1760.697094725054,-353.6752164444549,-81.2035675399832,1675.5823241724643,-342.9637790786679,-60.12662724274426,1592.016967152073,-343.3387514291983,-43.665185400463784,1519.9596770213257,-343.6469096892168,-19.73282940083359,1438.213700810228,-338.90115341890197,0.011600214902968947,0.016892302842476864,0.01689618474789628,0.015664206780685447,0.01668148620645199,372.4021221564981,-63.74353579797612,-814.0815181062221,1272.670462035164,-4895.083554287002,-3043.687248460511,0.30636218236079493,1.0,0.0,0.0,1.0,-353.02004120354513,2726.454090145615,-670.071433871708,1272.670462035164,-4895.083554287002,2538.3887072867715,-9793.115711837328
-437.5444893681269,2428.243058505949,-265.9910264849484,-425.34228566938737,2364.499691888942,-261.39312548862256,-407.13301141459215,2304.8521293917347,-254.13969618145222,-386.7989530212303,2225.7823095242547,-239.0001084891084,-373.8577391965224,2167.980439744126,-235.93498573366395,-360.9041229635022,2098.4246812183383,-240.40165453648342,0.016145275807308887,0.011320059956869206,0.014598333006887572,0.016726089420515053,0.012709048961069724,89.9697978309836,221.28089560019083,-1001.3240986945011,1127.2731710227472,-4752.5454495848735,-3876.500788382226,0.39391026526090916,1.0,0.0,0.0,1.0,-445.4849584048216,2478.7399841530087,-274.0243793635128,1127.2731710227472,-4752.5454495848735,814.1861806728074,-9875.130461168505
-262.0041895806884,1884.6944055279655,-243.88352662723153,-266.61654361726175,1813.6553913508899,-232.57563392459372,-278.3369001988612,1723.953166826206,-219.40373845682984,-278.5601789758384,1677.6808062377083,-214.240713182853,-290.7315229474213,1594.1390220128499,-215.23656874337823,-296.40581477722685,1529.0229734825075,-209.0448062119785,0.016645164206189028,0.018970193234849414,0.014519213461666153,0.01682453398066719,0.01690890328723238,-460.99780458822494,18.970893208538563,-881.0914478030552,-456.9166268925595,-4283.175464416983,-3642.610056272499,0.3522086003435084,1.0,0.0,0.0,1.0,-195.98616099053845,2503.2126625703872,-440.7966657861783,-456.9166268925595,-4283.175464416983,2124.3521872487863,-9943.038350898763
244.11393917816613,2009.2221245367214,-590.6719491583568,202.68707561967614,1915.1889046022463,-581.9454741521712,173.4145570377669,1830.1226097422398,-568.3872069989063,151.7232842421916,1741.7693780704203,-570.3540298759389,112.92122714461682,1642.0210020917286,-560.5232344027216,90.45216180454955,1553.9918318196976,-561.3842913088486,0.019294306197355546,0.016932093159767805,0.015437523049337931,0.01784995600904496,0.016177580484206616,-390.9370478419917,144.223889514966,-948.0254339306869,-1791.071573188855,-5294.486492255035,-2770.5343305073534,0.2667463899705391,1.0,0.0,0.0,1.0,415.04516009299334,2526.742811029737,-711.430766913433,-1791.071573188855,-5294.486492255035,1719.0024770973223,-9976.748461343728
275.8253165154212,2130.9185469611275,-299.7256595587881,272.22687861969706,2037.684383082328,-295.65697113931896,269.4670894828303,1931.7233934565324,-280.84761333149,263.17820960361524,1855.4140626005228,-273.52594814690923,263.0796392478711,1774.6672628307497,-274.55251617692664,250.2036385074037,1691.135077171575,-263.83788174902037,0.016713903036308375,0.02022872138004167,0.014445541479707877,0.015454119395019505,0.014063613127891783,157.15088928943138,-71.7522307837536,-806.843088381012,-296.69436656570775,-5394.493090257843,-3267.237258795077,0.327297895243747,1.0,0.0,0.0,1.0,298.08071340814206,2490.6319870887246,-371.34546807435873,-296.69436656570775,-5394.493090257843,1433.5630680302293,-9896.421740684857
-55.43109002412068,1936.520508904721,-231.37121386612148,-62.70893887965571,1860.3458696347689,-219.53687973824296,-72.06415885066224,1792.7421808628565,-208.06719920582344,-84.30053353547187,1721.7632179864804,-206.36907890623885,-90.99642589898964,1640.037876468144,-199.30270015167943,-95.79312028709272,1578.494925407049,-195.29605543575815,0.014979067597518242,0.014594619232487602,0.014557085458445418,0.01723042380607065,0.013421222408621591,-283.7273732661956,-195.05038006763522,-808.33149440514,-515.4388500835171,-4914.874162766475,-3436.235015444404,0.35974864909454063,1.0,0.0,0.0,1.0,-5.390394221096244,2458.9816678262596,-366.342665484807,-515.4388500835171,-4914.874162766475,1799.2393527765132,-9695.322904112822
-79.69444821370149,1768.5142538102875,-451.83511782661884,-87.32901174252144,1704.6362433434372,-435.26901235876085,-95.82231839228237,1651.8076329232501,-437.2530386595166,-100.70098801953944,1605.2966524767876,-435.6812132423887,-108.23810254073692,1536.64742193271,-438.43563176358526,-111.88715764137329,1466.1028506834261,-443.6445170718811,0.017203284739442326,0.012721200294757151,0.011451673930693712,0.015166599216400012,0.02105436087027379,-216.28165902166944,192.28779640901757,-1006.5354444201404,-332.91350314733916,-4026.9421479604143,-3364.1434238072316,0.3132042152092225,1.0,0.0,0.0,1.0,-28.18552974342242,2467.51011000665,-693.727002578192,-332.91350314733916,-4026.9421479604143,2256.856904012719,-9948.673146583991
-195.74122567813373,1953.8219153525938,-447.4017434987006,-180.70736797563004,1876.3653071009185,-427.3056930903576,-161.45102695857582,1794.3397565916457,-417.63046293604145,-146.30471435457412,1705.6587820451487,-403.3893713672514,-126.87805072294887,1614.070882939793,-397.7723355931488,-111.07645917524484,1519.4391400324844,-396.0431896464272,0.01279832386360548,0.015581666883368095,0.016408613914412812,0.017311808497288805,0.01706122957364925,215.8156543147336,-156.07784071142532,-805.5721863028838,1039.05992811409,-5394.570532049205,-2860.5100812618493,0.3108485069110277,1.0,0.0,0.0,1.0,-308.9096093828822,2568.180277973425,-623.9575952760721,1039.05992811409,-5394.570532049205,2141.244374224983,-9904.464268290754
-44.819682040949296,2151.033015551616,-487.35204076240984,-23.039311005591216,2083.034008550793,-474.79764998858855,-4.5975263451974175,2018.9947537445619,-459.4144795149769,17.605443617235583,1962.285781717702,-445.0632219785483,34.65062295884506,1908.5587821537622,-437.36026278034916,46.62512012680719,1840.0375907860173,-428.05160348671643,0.014933505162190802,0.013573576052324676,0.01505236900649784,0.012224185120359277,0.01580558215160821,601.6625701906012,229.729379713456,-915.0117808791981,1462.8479382024077,-4317.78792646649,-3134.667061336924,0.3724032276049912,1.0,0.0,0.0,1.0,-239.47499427578418,2712.457437431687,-730.1540367897043,1462.8479382024077,-4317.78792646649,2491.683603634343,-9784.957678210905
-442.76775013054754,1555.4277193765306,-304.03522967764997,-451.3551901075679,1496.6475246904392,-309.66747842414645,-457.6893910022339,1426.3548912821163,-316.25521024856005,-459.04820626141765,1372.8225960001819,-317.8102879490736,-481.47554590062924,1292.9212201127334,-328.1734907165161,-482.6384768204611,1220.8951429320236,-344.4774111126175,0.015536962488338024,0.015134708992719514,0.013159942441024697,0.017921152578924127,0.017102844497214498,-619.9959634828297,49.347107195984506,-886.8179123700967,-515.4180564287196,-4394.375949301238,-3382.870406618533,0.2655543264333234,1.0,0.0,0.0,1.0,-308.16803934345455,2707.9445565232295,-651.2625111384034,-515.4180564287196,-4394.375949301238,2604.1748653567315,-9895.94259830623
-44.59569908239028,2148.516695633254,-643.0641731124664,-8.899500521158323,2054.4884823818343,-623.6686815573698,10.977401346497622,1974.1784404591024,-613.1259503187244,44.171695739018304,1895.9727454099238,-604.9621667525853,63.96943338618977,1827.7626987432113,-591.333754460135,92.24957554073671,1741.364515205316,-590.8101515735865,0.01958573138610689,0.013639083858636492,0.018311627935855807,0.012983780712894494,0.017840688311081015,558.0229656632006,237.04849928389308,-983.9444662904046,1570.5147819136694,-4969.920098247211,-2786.273043121603,0.3019321156736431,1.0,0.0,0.0,1.0,-211.52927747449678,2672.3093474250213,-811.0044443569698,1570.5147819136694,-4969.920098247211,2080.3954025769704,-9931.976419793002
117.81909311290673,2189.606296060489,-150.91298041068518,108.95234149475027,2127.0570443067136,-129.85061974617238,107.57903119699503,2026.682190613729,-105.99403846416337,104.09070061828112,1960.6084532409686,-92.2570063305707,106.65957594342903,1891.3101859715453,-78.78277212622939,96.29877474360248,1805.2836015159878,-63.26463680943805,0.014388809920819104,0.019456199591410872,0.012941289661651159,0.013165591931280862,0.01771935689230833,21.014127954843048,-451.1787719824604,-809.9669492749871,-177.07677257852512,-4897.671870460132,-3950.33351098729,0.4607148319803004,1.0,0.0,0.0,1.0,127.26019150195793,2487.4243502936165,-259.826780623054,-177.07677257852512,-4897.671870460132,2116.5329488141824,-10111.444099669123
-241.96150548239694,2265.0229096764865,-279.93408479375046,-230.42122528369978,2180.803136288687,-275.5666498480665,-215.20642514366864,2090.7265988103777,-276.08803891314193,-209.85852937072679,2024.9731843556317,-272.96301490437935,-198.53205820248368,1955.655072606919,-271.6879391690967,-190.6513526980288,1865.9572364759579,-270.91469625436156,0.01551111192189461,0.018577270522178294,0.013603816648379383,0.014736028927640574,0.01689259631076248,44.238290001929705,74.52624153922625,-1001.5672747899686,643.5295981882389,-5000.306472544203,-3770.6846073513884,0.357995529126268,1.0,0.0,0.0,1.0,-277.52650909219,2574.679477811325,-339.49146547503796,643.5295981882389,-5000.306472544203,1122.3813700916724,-9786.131954886107
344.77426517195244,2083.511788196359,-289.7558124952444,324.3272490683808,1985.5490504484312,-256.9489717173151,323.13401232245866,1922.027640078165,-245.07098393413972,302.82715358091053,1849.863190269226,-226.82345670598838,280.4819329246586,1776.4048818794124,-213.5520751733166,272.50377841298433,1707.5988438297445,-200.72620788311247,0.01855446378232209,0.013146002554339148,0.013732786465383479,0.0163937105296717,0.01337727479663467,-184.6393524326466,-359.6497156445917,-800.00909556744,-1071.1176114384675,-4861.232727735942,-3509.3645586402904,0.4252186553602116,1.0,0.0,0.0,1.0,452.67562637324136,2532.78375735829,-468.1388449347122,-1071.1176114384675,-4861.232727735942,2393.834304412632,-9921.342626979696
-321.43156699144447,2195.2185051409833,-44.63248109043626,-334.33418986684813,2145.5435844911685,-34.77068663707991,-345.96778406058417,2080.3645623537714,-24.351084458973055,-351.6488940458603,2023.2399911274752,-22.582133601380235,-354.5462154373333,1958.2494609335915,-12.925512477057458,-360.229974325098,1899.5324631456206,-16.51987033690944,0.014724490657113454,0.015283317008730257,0.01435956160421431,0.016507214231231804,0.013565499961702698,-537.3379459527564,90.75582122506219,-936.0709380103881,-392.9077868902459,-4112.033360097455,-4251.844986450372,0.44120503269189637,1.0,0.0,0.0,1.0,-278.0188066051933,2804.6978388893845,-265.042644921793,-392.9077868902459,-4112.033360097455,2218.4259164849354,-9803.440762023205
-163.3912739510392,2170.7572106743296,-560.7248958758208,-160.70324055464084,2091.9522073216303,-541.5434536664227,-165.6490799339487,2011.165609328978,-534.1361860591883,-157.26130833450222,1934.276300631591,-525.3858355920065,-145.31171767807655,1858.9995748632969,-525.3027554863617,-148.70539479321414,1798.8655101146826,-516.1215842511623,0.015804476387797167,0.015994836155498904,0.014545686243970207,0.01885196707671241,0.01365668799804412,-85.46423076627349,273.4987354984414,-1013.2732950695337,192.81242840580722,-4698.805328904695,-3106.1311150389092,0.32296328272742925,1.0,0.0,0.0,1.0,-186.69075567932225,2740.3715331734024,-732.0737866932116,192.81242840580722,-4698.805328904695,2034.8948926529238,-9792.430490841583
514.9462227815006,2412.2764703524435,-561.7411727290985,505.4899865365165,2337.0459896619013,-541.254897961494,487.0074653287333,2255.8547869224167,-521.0264990859433,476.0806363800642,2191.309792525107,-495.03300266572876,462.9064196742169,2115.0690777211644,-475.39751781843484,453.4261035974732,2035.602590167556,-457.58780692426507,0.019077921577947174,0.015130917727419813,0.014880466524153244,0.01644467826835494,0.018035876561098202,168.36171843886314,116.66118660934534,-1003.6159162712989,-681.8739678806257,-4505.286592657287,-3425.6895639367312,0.4257392780845315,1.0,0.0,0.0,1.0,560.4392499702244,2707.200977387284,-700.1321982138827,-681.8739678806257,-4505.286592657287,2370.094022867462,-10079.623629224674
-80.44140118473388,2077.413189507883,-388.2668790429075,-69.25288116391292,2010.5679677565054,-381.5163235762739,-58.640442057032935,1943.202079917914,-376.9928597795304,-53.294940713892856,1887.3121247570687,-378.80908229108627,-35.54317088710563,1818.5679541940722,-378.76376351359886,-27.14345051145865,1748.60729950755,-383.6622562294592,0.016292539261781924,0.015018146844782171,0.014935032641862467,0.016267956913404685,0.015703899253606324,229.86868727008567,391.63571420687356,-1007.2425641438482,775.6850003226162,-4180.620730563204,-3519.9107631599118,0.32479819465697307,1.0,0.0,0.0,1.0,-208.39333791219315,2753.6864269750818,-599.4139137462646,775.6850003226162,-4180.620730563204,2076.2695228144976,-9904.743868981264
195.40714908811913,1916.2513935983998,-201.15320123073934,206.77825566643148,1840.9381203652117,-210.53299504622242,223.84396779450958,1766.7067954064335,-217.24515757560823,231.68894410195813,1705.3577595988277,-229.36009218408384,246.59529403430255,1638.9967000030574,-244.40473444621347,265.9798090589258,1549.127252440599,-256.91334424948377,0.015762844779873886,0.016751479971141542,0.013263748646288459,0.015276961230285713,0.016802104204640983,514.0068309707186,204.60554717351644,-1008.6546486506888,857.6647531846872,-4540.358702388683,-3962.376095111284,0.29769362476135003,1.0,0.0,0.0,1.0,68.02115931468074,2565.5920724156285,-253.7518851997877,857.6647531846872,-4540.358702388683,1058.903927992438,-9656.307736737926
375.0958758953926,2269.078962476885,-91.19584676133788,371.01435676630706,2217.1806292753326,-53.380825472350764,360.17925191752755,2179.7405118956513,-31.682911100710875,353.9218211238977,2132.114782020206,-3.0047639013998295,345.7540878508177,2084.6100922650785,23.402360339433777,347.43993746532135,2031.7842216076044,51.89808117345601,0.019419501023639554,0.0166779301217148,0.015460503409193013,0.017461410233502755,0.01564151447949569,170.57383451146194,359.79868545621207,-1014.0396800712759,-285.8801635914617,-2740.0343227715066,-4748.726550104462,0.6125009244591858,1.0,0.0,0.0,1.0,389.27215965892856,2455.924942376409,-257.7591998934496,-285.8801635914617,-2740.0343227715066,2771.522680358517,-9830.391150932015
266.6676326638922,2162.7166318936434,-170.98038681702963,267.9567864045366,2109.2821436782606,-160.94430225719935,264.5842256885304,2059.7509080859118,-146.01356958984715,256.79293271307023,2012.4197960823099,-136.7096957969359,247.2652919626829,1951.919789446843,-125.64958619794947,248.1677180672521,1892.5569173988517,-119.13427545969667,0.017534138162207336,0.015299594025405816,0.01280435750557607,0.01818602729826388,0.017982828430729764,133.471724430353,356.3897917039898,-1013.8488847337069,-256.7067444932661,-3380.379426200457,-4194.332318054486,0.4539838659369239,1.0,0.0,0.0,1.0,304.181709518376,2604.3421101272957,-394.6750604568686,-256.7067444932661,-3380.379426200457,2332.155402936173,-9814.267249609997
325.33025906191983,1790.7873564183985,-489.25020215849895,318.7234962264338,1724.2277036553137,-483.1157904215101,309.93002371150135,1640.8443376191983,-491.150805987694,296.99395825669745,1575.6601739949735,-496.2709483029611,286.76386552509905,1480.758250407689,-506.8957942041381,280.1658069608052,1404.1707607769813,-519.0913314020506,0.014188363566696754,0.020562831292569445,0.015381199275177282,0.02074268121990175,0.01843802781166287,140.9704023166379,331.29325374361036,-1005.4264447392115,-547.6874242836835,-4295.999780241538,-3187.057877533142,0.25054217269337825,1.0,0.0,0.0,1.0,425.76786294415444,2565.213139469205,-673.1659797868906,-547.6874242836835,-4295.999780241538,1909.1330123319153,-9800.367095894344
598.3642380317993,2103.5911555026437,-399.82917916472707,566.0816917731632,2006.3396144053856,-416.2211217706189,551.4223415742371,1912.816357249825,-414.6045839959254,525.345652670206,1798.2404955353977,-424.1561574446837,505.72674014245615,1711.7107603640625,-429.5769128001617,481.1503299210479,1636.7421764673322,-436.7932212237343,0.015382930289684044,0.016479865988741862,0.017738853557632495,0.013864638134478774,0.013582971262133356,70.20564627677368,34.67563114800896,-997.6407524396499,-1572.690118162589,-6125.484262287046,-3444.452596830894,0.26016807198282255,1.0,0.0,0.0,1.0,691.4182429509954,2454.241914751392,-417.7483449592146,-1572.690118162589,-6125.484262287046,508.2885083223635,-10006.939506717094
-150.1579548327637,1765.2656505291939,-507.13520142777975,-137.26391804651925,1674.9188322478692,-502.97241742001194,-119.66220733853855,1588.1051271119088,-489.8255960268541,-117.80508064300054,1500.7032781026417,-489.90818328542804,-99.36835249249891,1433.2669731539072,-486.73142620612606,-88.69140904844787,1337.9806992328226,-485.13480621214495,0.0160122313076769,0.018759832469115695,0.016296824649475072,0.013963768839897278,0.01731499279374818,82.66385442413483,-19.596012838139018,-872.5614405982359,674.2424181781146,-5140.371980285393,-2738.0011138889413,0.2637666415094237,1.0,0.0,0.0,1.0,-267.9422030284844,2653.3974169102644,-763.6439826540801,674.2424181781146,-5140.371980285393,2319.087814103717,-9725.171015370483
254.79021472038207,2227.61248925561,-257.7959544945862,224.50914757608393,2164.7010214335482,-238.79690747599258,192.8660359626935,2084.7104723356924,-229.3258294494085,174.15342964349566,2019.3865769453885,-218.989499990832,151.59237923373,1946.3706300927367,-217.4168229727759,122.02225338889423,1877.8451559019459,-221.99658657535258,0.015256154845902745,0.01883189401933004,0.016112938834380974,0.01929131323399398,0.019551680198032606,-474.30788253623905,260.8777572737958,-996.8904614683419,-1483.6018227070467,-4027.421335831047,-3921.50790280615,0.3982901783597791,1.0,0.0,0.0,1.0,349.0911290661709,2496.09659866003,-334.84271515857876,-1483.6018227070467,-4027.421335831047,1535.7502584466463,-9832.897587842883
-12.655722882219779,2173.0533800768603,-19.128043413022546,-18.715497172613436,2109.9481988117345,-9.217886565753194,-14.31007391941461,2060.483243356212,1.082795135976382,-24.742383474374193,2007.6035060326387,6.6820329271586445,-20.11390677488067,1947.9240427232521,10.561969565659174,-28.783328772665467,1905.0245668994248,7.302230698854136,0.014995229348240519,0.014303206153417958,0.017392231063580676,0.014868097298458144,0.013147455614510112,-86.64939607799292,349.8704980516785,-1006.7277028862699,-136.0046620075011,-3451.3032745238993,-4467.768901686832,0.45137469468351366,1.0,0.0,0.0,1.0,7.873844017220563,2748.526273845782,-283.6027116814489,-136.0046620075011,-3451.3032745238993,2386.833675198137,-9862.737520697789
-146.93359114860954,1940.872216679291,-7.214279831463131,-155.42802246832002,1893.361513979046,4.128698265227706,-161.85098704468516,1836.9951787647149,-0.08823396591650123,-171.98687357018855,1781.847427973542,6.570332245067714,-174.52278737355644,1720.0366909295046,-0.43766107782558605,-185.71466290178327,1666.2915792801339,-6.497172504670852,0.015036809390084505,0.014018755758872847,0.016568872969942,0.01601308737016066,0.015846768646263942,-338.9969328706757,259.92848842819825,-1000.0772875792741,-383.5143638383239,-3474.7105210249065,-4420.222125584757,0.4071530528371582,1.0,0.0,0.0,1.0,-72.45445000304187,2674.852300540515,-280.61810686393915,-383.5143638383239,-3474.7105210249065,2349.835994029837,-9741.090819589346
134.9934082410958,1800.0041173400239,-231.82386235950082,112.52490090912127,1750.4560759406168,-234.0068513251756,85.3976720147082,1693.29343260351,-222.44885700411697,58.78316421818849,1628.9917077333894,-227.46471160209134,34.79513018584833,1572.537442418807,-227.91536866606856,8.055663617546173,1516.6130008955633,-231.82545490797233,0.014299406959011052,0.014442125367053582,0.01582167443571747,0.016408783294333318,0.015654927719285616,-561.7434959371981,285.02805745221224,-943.1600412213784,-1680.0386653333696,-3654.9828202292433,-3758.8972036227756,0.33648010275580803,1.0,0.0,0.0,1.0,505.0810565494917,2605.9421482977814,-547.598395997583,-1680.0386653333696,-3654.9828202292433,2513.033754099013,-9877.056626333531
-168.51557414939464,2352.8621944079887,-346.32414844953485,-166.78135215828183,2311.066622394047,-321.43178512323124,-164.87778680800594,2249.781430641386,-290.6854192107855,-164.15462518027817,2198.549984276063,-271.01458385843017,-162.86608068384479,2160.8027391375463,-262.80590109483404,-155.07551372043068,2106.391693698573,-244.8346200583616,0.016025269690393446,0.016914840750573396,0.016615544134415794,0.01234555221728309,0.015860643894313298,-89.66523269329775,437.2334892286355,-1017.5073492600696,130.6714388748453,-3248.6673584147993,-3984.543347811322,0.513625809016715,1.0,0.0,0.0,1.0,-181.7885971000632,2727.543976911064,-603.0095090670409,130.6714388748453,-3248.6673584147993,2808.6629501006023,-9635.753614059462
282.26622705840487,2356.0495976852676,-158.39935389053142,266.2082670545172,2294.4788142277484,-165.788648401761,243.60597604514444,2222.0275194874202,-162.72933363576726,214.6583940405701,2147.3449101570595,-170.35464903503632,201.58936613970658,2085.1170561545955,-169.80609319798177,173.98644433736547,2030.0874741388777,-180.23006483640668,0.014029031367022632,0.01567744969424914,0.014017094529474847,0.013085820239572499,0.012890114951770282,-367.95776404985673,387.5372239735061,-1007.2588607786947,-1562.9776174640197,-4701.440707498569,-4095.6021048798953,0.34899969102182726,1.0,0.0,0.0,1.0,421.34593276947226,2761.764781260283,-198.74927974206832,-1562.9776174640197,-4701.440707498569,893.5839621605854,-9879.576370377205
402.77152456699326,1869.8752481139975,-59.30852838810302,417.8233647529014,1803.3923388053593,-55.45410989696985,416.4177392213733,1730.984015482486,-54.57628946457238,424.8976424221872,1674.84414044148,-52.552624377456155,429.3380439822588,1604.067864753894,-58.24040655644781,433.91233401967446,1544.7085444968316,-65.0157695562472,0.017648860605473354,0.014187767502209875,0.013204680775805056,0.017762375864512125,0.013755802824694241,530.194303502637,15.790696578473195,-891.5414582435773,276.01354601361606,-4217.720552012192,-4091.6909514188255,0.36353268538696926,1.0,0.0,0.0,1.0,350.78549859378404,2757.3090553863935,-326.6456271776068,276.01354601361606,-4217.720552012192,2353.549932754307,-9915.755206420214
617.2328991952294,1919.1886438874158,-269.8399795913145,602.2906775396357,1863.178160876343,-255.9911271875937,607.753214395668,1782.2041790073772,-243.86997179303359,601.3493079903615,1716.4210210346369,-226.12170791661848,598.771247570132,1657.9828282119279,-228.2432046210205,602.7636395904898,1587.8984071718212,-220.89881818872968,0.01428465333678694,0.017829819851826773,0.014959402480875739,0.014144485533390927,0.015796352135618058,521.4651443680643,-48.10966338681936,-851.7144473791595,-182.12354939541729,-4265.00937483137,-3540.834974856653,0.385111481352232,1.0,0.0,0.0,1.0,629.8286562583387,2489.5709146378454,-495.1129855505268,-182.12354939541729,-4265.00937483137,2342.1745989620927,-9887.41104843487
409.46115567214173,2406.327904497127,-371.4490682037333,403.6339066617679,2331.9969632863526,-336.4391087314357,402.40764628108747,2290.038297540664,-310.85976889040785,395.7452291249381,2226.2552004846602,-277.59794200762525,393.38711856745346,2161.8497750844595,-261.3358200838392,387.3029395727906,2105.7515774314575,-225.0200749673525,0.02046349112578633,0.013523705595261629,0.01751192401836297,0.01790773287085047,0.01651790356674629,237.81404970999972,202.18094854080948,-1018.261439803924,-274.4427378439266,-3479.122367429805,-4148.928036639482,0.5483713760144828,1.0,0.0,0.0,1.0,418.9462566869896,2498.4017110444793,-437.25558660831734,-274.4427378439266,-3479.122367429805,2388.304239077039,-9904.897387449275
411.2015651372415,2020.5292307574769,-325.1834653358527,414.1280596180722,1941.4180260203675,-325.41645501888644,424.51354772439635,1841.0561378063435,-305.6281458312508,427.83199193845724,1739.1515356409905,-298.870951515806,435.90668105270595,1661.0714031912605,-298.8083524039009,440.28056081023516,1558.6640292410457,-293.42972575024214,0.014891752595037056,0.017431935862406753,0.015168993434506936,0.015382197686109933,0.017757907556567448,521.2150965474239,-260.2310726303463,-806.4721949075471,264.0433870728337,-5684.481073066635,-3172.002435233666,0.3206575878019168,1.0,0.0,0.0,1.0,394.47427075246435,2468.319842441639,-425.3270505987472,264.0433870728337,-5684.481073066635,1583.89766728032,-9908.125213570795
625.2825459323604,2254.5700896452977,-260.0156719730008,592.5734609072948,2177.4613642897966,-248.93084162101178,570.9050023837718,2119.6990449939076,-248.87911914164013,543.5931917524836,2032.9585681337178,-248.5451245563981,515.6700801894088,1960.3488622618056,-250.63055459189894,497.74213475978763,1882.3698872970194,-249.85690988634022,0.016773990354123122,0.010138337419257334,0.017279555395406432,0.015146472251457835,0.01798165826312695,-103.24118167021975,179.3148799493315,-1007.5960024913493,-1624.0636123763427,-4649.248563168297,-3850.5563135006623,0.3666778023429262,1.0,0.0,0.0,1.0,733.1515787035962,2573.677889981003,-312.3177963237184,-1624.0636123763427,-4649.248563168297,1150.446774985592,-9710.685608711174
38.989041036919446,2064.776359003602,-580.4416201863097,68.81626767725547,1951.1802748765317,-555.409962225244,90.47026511590786,1850.290261658441,-542.6863025617625,127.12259517639954,1754.6723230087598,-531.4704082685779,144.90920903619994,1654.3916097535837,-522.3888653801142,168.03721750171928,1574.0476231550865,-516.3400972416523,0.017937733462602773,0.01600036614510908,0.01620553944497649,0.016773952725937763,0.011459719645285193,637.971344489418,-190.99849392400347,-807.847703460242,1647.2568193472157,-6204.468743939749,-2432.6744901179613,0.28578021195556574,1.0,0.0,0.0,1.0,-95.05794012009346,2569.9900971291827,-704.1539533143209,1647.2568193472157,-6204.468743939749,1966.6351636194422,-9886.089109522256
-12.429581903147302,1711.8537260768742,-94.37388955195765,13.111728269640693,1632.7475381980814,-88.83147123931896,41.27850686633946,1571.5581191297313,-91.89795041095527,61.751871028456776,1501.9311190022588,-95.86389135918549,80.54833035139282,1439.759051415528,-88.61262146965063,103.2737302504376,1368.2686121585643,-108.57481782609906,0.018022325162619923,0.017222129050048246,0.014788218497873762,0.016596879528414987,0.01730457369142041,565.7635273855229,-11.93554913012764,-806.9285393378616,1365.5364634321072,-4092.739154701013,-3759.5719632025875,0.3368057740120873,1.0,0.0,0.0,1.0,-294.5244445767037,2566.490118331516,-387.16307848449475,1365.5364634321072,-4092.739154701013,2426.9831985887286,-9819.928828240198
-296.5725857202345,2020.4704593198494,-354.4729478378761,-269.0623849608361,1941.2041259206412,-358.4152327235007,-231.43577949635628,1855.8328567228334,-371.5971055267999,-207.6522943856857,1771.7227512191503,-381.3107742143047,-172.93710453147636,1702.0639210945155,-400.7349364378426,-138.24001055323936,1603.3385958826639,-418.7529162365115,0.014308235792026364,0.018697628107018832,0.01486011260932063,0.016185131354303967,0.015716616570355668,324.8849839335157,401.2668489255663,-1003.5009512079481,1918.3636955035931,-5022.729324583011,-3601.499236787252,0.24096842445812702,1.0,0.0,0.0,1.0,-471.2359497004752,2485.6995186275126,-360.9239464394222,1918.3636955035931,-5022.729324583011,504.7425873003831,-9894.558612259376
272.4467411347198,1860.0576646414727,-188.97326481351874,272.4603737067905,1806.1151815378685,-182.76485537405387,282.5958920140427,1743.2611727909434,-190.66478956609933,285.8887033636442,1682.3716710031172,-197.82051298981256,294.72906048696524,1621.647124601872,-210.00118964865877,293.7849102811801,1569.3791480969437,-216.45460203110613,0.015817287418080528,0.017732780689271477,0.016511882734902034,0.01651406859236626,0.01382261497571724,395.8299189969185,378.5518903531847,-1015.9935799749048,311.49977373782554,-3668.8289796987706,-4052.8474050809746,0.3245824257494462,1.0,0.0,0.0,1.0,208.93005475422115,2579.84927817245,-364.6237466888424,311.49977373782554,-3668.8289796987706,1881.6146274607631,-9890.77005423622
213.69813240993415,1811.5169758510285,-90.97901222309576,184.04016750910782,1757.8309053432902,-82.35026942551815,154.1677252969458,1713.342437920714,-76.85569122540609,127.75622328018402,1652.9206910187854,-67.88425683893311,97.7404263436232,1593.0927031969006,-62.60835782112927,77.58320493976657,1541.8551611803136,-60.206557399943904,0.01594852615483533,0.01527109839346244,0.014433713446684704,0.016944459736824402,0.013197961930512536,-664.0982271466656,168.13799978742935,-806.1276317250316,-1850.5282680196995,-3465.388622635301,-3827.884670782217,0.39807853264953397,1.0,0.0,0.0,1.0,585.0083537666314,2507.2753200662564,-457.55374749140054,-1850.5282680196995,-3465.388622635301,2795.073161941831,-9811.789381813416
86.98849503409852,2081.689411196996,-279.7982097439164,80.37874990714248,2010.5190848913717,-279.86735176344524,85.6536553160359,1949.6925015405604,-282.38559398549404,74.92661064569326,1861.8014526611673,-288.269199485792,67.99319329598588,1775.0963550851548,-302.3756073982342,64.72096628887974,1705.4952022752495,-309.6846978438719,0.013558340038399133,0.012636923716756981,0.016519486521768642,0.017842873589631297,0.015098026437270068,-34.99215429456549,253.9373910273166,-1007.0437809070754,-318.14859234990615,-4856.5156211068615,-3795.0531543110965,0.29899639808089806,1.0,0.0,0.0,1.0,112.94694114814081,2512.2171548420133,-304.90299967514215,-318.14859234990615,-4856.5156211068615,775.09280492643,-9828.270880080694
303.63943054467575,1907.2554630668737,156.3866497244727,287.97768759061927,1843.531863200859,174.8217950062219,276.64671672081886,1780.155469554564,180.4231437188904,266.9778554676133,1719.2781502304622,184.39384570059207,259.68153698721005,1654.526601597987,187.6783166655323,238.984808525186,1593.9412739861714,195.25116222931308,0.017734236770686307,0.014751003553362008,0.01379308085412806,0.016028602814023796,0.013793492930767037,-181.75168147362956,-357.57586999736753,-816.109068895922,-886.0539386028435,-4145.463038678784,-4446.111745955818,0.47195983327849367,1.0,0.0,0.0,1.0,487.21904217151814,2772.24872420512,-235.7474127092571,-886.0539386028435,-4145.463038678784,2908.7298752626657,-9741.512081084094
252.7388184475007,2344.4279857421616,-253.21297301142442,247.20374664084795,2261.652626277563,-248.8783686995026,233.84361988264237,2182.3225462466808,-237.8657852119665,230.2058632839649,2104.544352673739,-227.46025102865016,220.81365526212744,2015.6619976347736,-229.34197623119542,215.53605058412091,1930.8850717943071,-228.67862889882858,0.015622820045758282,0.016040865010335054,0.01708630421538085,0.018113759405930824,0.017886176182764987,46.28593235017601,75.91751568762135,-977.9780936867415,-439.64491198521273,-4844.383751838502,-3826.6405708285974,0.38165761646308355,1.0,0.0,0.0,1.0,274.9012865824873,2594.9970666436448,-308.0911196573039,-439.64491198521273,-4844.383751838502,1250.1522091769132,-9763.063038472132
76.87448512616868,1922.2761686319793,-413.8278474746814,105.60809186636378,1826.365883162973,-412.4169541915076,132.89802888417515,1737.7185934478475,-414.56788175336624,156.08502139890538,1649.6424224379039,-426.5524125435867,181.20055987354976,1566.7593393548837,-436.2579067003133,206.67233152898322,1503.6957227339788,-445.4023206255483,0.0177146617873835,0.0169492978443401,0.016871687845476352,0.015492123009893138,0.01258534270879566,610.9847988510444,217.0277875368957,-907.0296959941592,1650.7342571303957,-5204.4542074515975,-3102.3477656671103,0.24786444721425108,1.0,0.0,0.0,1.0,-131.84561685763424,2559.0321808901163,-498.96565455854034,1650.7342571303957,-5204.4542074515975,1288.7298037310184,-9757.950154218059
-456.39409883335713,2367.5751807560787,-210.84666274144806,-438.64250452525573,2302.537215049021,-180.6153191518695,-414.21215407772274,2247.0547752628054,-155.40798717813635,-400.0943370947913,2188.370920853925,-116.30035465157492,-374.7084008772674,2128.7748490178406,-98.61512559820699,-355.3644264818043,2075.5827298598315,-72.43061961954362,0.017286745216631413,0.014887552990830714,0.016168124803273273,0.017914230383972857,0.01619906907357517,391.6002119373045,120.74824407710912,-866.277307921485,1344.590104405931,-3534.462168798745,-4134.767436935456,0.5527425190145444,1.0,0.0,0.0,1.0,-515.9981085366979,2506.5102080162624,-298.13839118695546,1344.590104405931,-3534.462168798745,2451.3928688331457,-9757.274527064588
-337.4044575739145,2219.4471660726927,-445.830961344594,-347.7076576413684,2145.637039358465,-445.2845702559132,-365.85367239871925,2051.5405240247082,-438.52344168261504,-383.7415438433299,1959.1170024307337,-450.40033283332974,-391.69265245426396,1866.047306450828,-461.2714988186565,-417.67405578295427,1773.446905902968,-455.1398939910907,0.014284583055122195,0.017061529749680643,0.013493489705616216,0.013853374055827442,0.016804036454464127,-695.3809858993395,112.3687588617409,-966.6593980010422,-1066.73468914463,-6229.119347962218,-3200.3038033196704,0.265788305910148,1.0,0.0,0.0,1.0,-279.3544571329319,2541.7253045670036,-466.8594007141661,-1066.73468914463,-6229.119347962218,637.2268941561956,-9839.822301220163
101.40365802200058,2314.9351718003327,-346.06696406419553,95.4706477650021,2262.7814620494405,-342.5397787669516,96.03723175926596,2191.0398425533735,-319.5356020551515,85.41630155159424,2112.75591941002,-305.05967173509595,77.66131498296417,2054.6395805526054,-300.06637802443953,77.21858381674714,1984.5220029450848,-296.16018531540874,0.014408660002209528,0.01907752802538401,0.019562131421827333,0.014037214378677942,0.017336067922816473,-10.454950579040426,452.6975353150351,-1013.3554801907927,-233.8545246355252,-3858.707749427559,-3760.012178726857,0.3979776523095553,1.0,0.0,0.0,1.0,132.19630944862956,2806.509262465849,-555.7848925784017,-233.8545246355252,-3858.707749427559,2259.780743932133,-9868.51298796557
254.8709884236428,1691.5637077158435,-346.9074819940248,267.6403087723039,1603.0675928571097,-337.92466047977024,255.52056913072968,1504.8741699634515,-334.32325529012763,269.2700233370927,1429.6509107645118,-329.9690616925948,263.7520905417006,1337.5398345229216,-333.26838190236157,269.24310794282684,1267.4519613234306,-336.40631685646576,0.01476607496006338,0.015281279733266151,0.015242777001263946,0.01584274609630215,0.013868463422208294,323.87681913445397,-382.49445823661654,-811.6842799425388,184.2370486087187,-5540.379129913429,-3040.163338438351,0.29745138492485645,1.0,0.0,0.0,1.0,226.23118337183496,2553.906480617503,-553.8619577036957,184.2370486087187,-5540.379129913429,2067.2489148955433,-9636.626893082816
629.1131392352045,2295.4078387734685,-357.8003916746737,621.9667057315388,2192.6532815658043,-333.7425387284311,612.9423012706715,2094.529920403683,-337.9382434458255,606.6782507338559,1981.9615828075544,-320.3301990327679,603.1575261145146,1866.083744523285,-312.6881147541556,590.1044837808555,1756.6658452260679,-308.3565122251878,0.016727471936749852,0.01816681320637817,0.018359508495768798,0.017086490668439758,0.019914565268815312,457.8921805138071,-238.8704527212413,-802.8291737751541,-413.71835449341006,-6124.896475237588,-3092.7518883850194,0.32500904710010015,1.0,0.0,0.0,1.0,644.0654400358401,2517.332961135674,-393.8551192807609,-413.71835449341006,-6124.896475237588,1275.0894239654856,-9706.31402744556
-441.16814136238065,2094.0653553060774,-101.14032145948595,-442.9143159132622,2023.4006182418877,-88.78491526057587,-430.5915027081306,1944.6790424733138,-84.5281459685528,-432.96870226377706,1857.8883096241848,-79.45257832244349,-423.0859659984713,1779.3620896839511,-79.47918832289471,-424.6343233645586,1698.046297753775,-87.16516374786372,0.013559279553459008,0.01503194288029705,0.01893529340050737,0.01399739064136532,0.012913963253715965,-293.2204085451125,-106.72712040440244,-810.8456125977707,347.74604132967124,-5037.318966569224,-3772.0907325280787,0.36190269224873206,1.0,0.0,0.0,1.0,-489.6969218963783,2739.358095707205,-245.14272147896133,347.74604132967124,-5037.318966569224,1769.6026223729998,-9808.306822833774
169.92643875621712,2035.8430506472112,-21.9163395871476,173.0782487770205,1982.7762544301956,-4.13070194570361,167.5120918908505,1937.4549858349392,7.608566433776059,159.81723897690878,1884.3113787323484,8.864633625671898,165.82989918904224,1827.3911982426953,9.604730531892603,159.71142574019495,1788.3368516410192,12.113435488603574,0.013832024470239124,0.01698344517299319,0.014835436645154132,0.015735768768159714,0.01488058049736879,84.59343202813702,335.19512473388204,-999.149641394193,-165.74446452986498,-3180.1458355334,-4489.780821608135,0.4557248892102157,1.0,0.0,0.0,1.0,203.10072416699074,2608.9993971402655,-326.9936637409941,-165.74446452986498,-3180.1458355334,2609.6242407600207,-9929.237849465942
-332.5272460199303,2012.0489539694145,-415.1170784568004,-336.9860973024803,1915.824625529053,-406.02119776679325,-342.75385456787825,1846.6315047734627,-405.63019669294084,-349.0455140866161,1749.4526717027939,-406.1741894986052,-355.9905768080046,1683.6919138789333,-398.63479660354045,-358.73040570441793,1603.7157920734785,-404.8703873001206,0.018204464225291997,0.013683924079147092,0.017202445214131362,0.011987952004903102,0.013463850916267922,-464.000535767722,16.647527385931813,-899.7486130426894,-367.82980275669905,-5417.520813841567,-3103.8110024468847,0.293877775249449,1.0,0.0,0.0,1.0,-285.60308143072547,2644.145122099091,-535.4423831467566,-367.82980275669905,-5417.520813841567,1601.517270917264,-9701.707780132274
-261.1082145004743,1834.5948133407908,-251.73597528029393,-250.0951199459131,1758.1186604187803,-258.6447075697928,-244.42118638727993,1678.9563132042272,-276.3012316015706,-226.44050068323665,1596.4502633060808,-291.1141457490096,-214.27469430375112,1526.7407651067283,-304.2483317872941,-203.75832728498602,1443.7264702441512,-326.0861409288204,0.012563096356195763,0.01830985988608208,0.016529906391065857,0.015233336506746603,0.01629453780892967,-18.21202896173982,217.47258877307058,-1013.0632691902819,718.7503120653394,-4787.418983548741,-3926.3610979816203,0.25762414370067327,1.0,0.0,0.0,1.0,-384.77468811506367,2659.0562703829287,-295.19070884618395,718.7503120653394,-4787.418983548741,1111.1745868282899,-9877.520950607659
-381.7457627803026,1760.9524474063148,-150.7942056194978,-364.56228031420244,1694.7575036237358,-157.30866730177107,-365.1199958292736,1633.4989230401784,-160.47820609356876,-352.1297201579348,1557.7338845003487,-172.54633855273661,-338.0313728301479,1471.6875570541663,-187.2080484715653,-333.2548836917957,1404.9913943113643,-190.99718834097354,0.01615940237027308,0.013603315008376388,0.015355014653773646,0.018382875902356516,0.013852737585577979,-150.90341531802898,12.588582513761274,-939.6602611671988,590.607644351182,-4565.944753190216,-3927.7684882577137,0.3067681939643649,1.0,0.0,0.0,1.0,-472.78458148942195,2501.028473002429,-242.8595233114729,590.607644351182,-4565.944753190216,1370.7015603467948,-9721.963391934878
422.7686302385588,1806.2083176271267,-427.3325282953092,400.1338021524778,1734.8172032046496,-418.69206169623726,382.45729834279973,1673.9784962196597,-427.2285849631674,377.2482262216626,1604.4450556967934,-433.64934416485875,361.88124096441226,1539.722806676528,-451.6269004481846,342.869747195225,1476.7482256795008,-458.48459939090765,0.016093273202377856,0.014889830718641833,0.017896272645877342,0.0168565352358431,0.013192289606579949,99.19307630112121,386.3423959186752,-1011.503844455625,-932.7094200125362,-4168.416001564208,-3402.1964164968113,0.2616093832017968,1.0,0.0,0.0,1.0,579.5384276075768,2533.0766367242477,-561.0620417053849,-932.7094200125362,-4168.416001564208,1652.9078621269252,-9815.736463347053
575.4829393342206,2427.3239874149644,-225.42804371897822,573.7527736800431,2315.1413505695245,-214.82629637716838,561.3263127189168,2233.2345676882223,-203.85641126704462,547.2547555723447,2119.3753273461703,-190.59756625892913,543.6717724439972,2034.3143166688426,-195.56693660660503,529.91857972063,1922.2091804443337,-190.084959694423,0.020144233619042676,0.014462552749769361,0.019594826298441705,0.014722544389773662,0.01867275034712139,305.0291384072949,-191.90461107776602,-814.991616619839,-631.2919770076543,-5911.82300395984,-3479.508542756884,0.35696592113174525,1.0,0.0,0.0,1.0,595.4234478308163,2527.533970743763,-241.8305332961595,-631.2919770076543,-5911.82300395984,987.5038326539302,-9710.896468284365
6.640259501794681,2444.488819602806,-217.89726965734394,20.64060748221983,2345.4851123955236,-219.8385698142773,30.998003177411245,2252.602709997679,-218.20676602227763,43.20460394069771,2162.667388612018,-216.41118493875888,58.5152222532592,2060.1849922306455,-222.82410885592117,74.29342118938727,1937.0984140489713,-226.98674561029418,0.014538450589140434,0.013524880339161525,0.014949295303973667,0.017383162527401443,0.018793157765827143,299.78069097678105,19.187579602629743,-838.1458016239252,755.6682565733279,-6323.322211456382,-3469.2043967458653,0.30220616009454504,1.0,0.0,0.0,1.0,5.0700709131831445,2485.2832420706177,-220.1116542766623,755.6682565733279,-6323.322211456382,299.7985129137495,-9664.110024768232
184.55521316308463,1708.5049618567425,-164.60268988668588,193.44800200408562,1622.7919416326147,-163.00859862531783,191.0275000555771,1529.393422912517,-173.5250848012319,201.069299559701,1445.560677934392,-184.62389416773783,201.68171875068663,1364.677174829249,-195.92386369217664,211.46249099684061,1274.0639868827084,-210.9586589459023,0.014992538864418842,0.015793767858602675,0.01666384099964116,0.015585562483281162,0.01655475531008968,273.6310570776582,-78.8865249984086,-803.6658742310739,264.88894277630965,-5329.178769532031,-3590.962868915231,0.254662361343085,1.0,0.0,0.0,1.0,137.21325154785848,2665.6405413105895,-263.75698123752807,264.88894277630965,-5329.178769532031,1494.229303891752,-9874.159558848507
-233.49392189836504,2326.066796342422,-388.0293288734735,-216.42187325790692,2271.468879329629,-374.3242775900367,-200.0876135267886,2177.574222489588,-347.0600043018017,-180.1558489549903,2095.012176060253,-322.10167190603346,-160.62502035795424,2034.3683297241205,-302.4607514871058,-137.44963120060694,1941.4416000337048,-275.74924532707894,0.01193311499436071,0.016295007680393797,0.01892151046922174,0.012620384003294807,0.018983191306890607,393.60203237556397,-257.41069559642995,-805.4004080424621,1205.0777109308883,-4943.385727655646,-3383.9762278136795,0.443701380646577,1.0,0.0,0.0,1.0,-269.1907086364255,2461.451454614173,-444.9259669364295,1205.0777109308883,-4943.385727655646,2073.1600783371937,-9922.066011183391
-291.917856646338,2442.691704280764,-174.89374067781017,-290.0606252875504,2392.7460854646515,-149.76232407567198,-291.8999862898453,2330.056937938871,-136.1006225056124,-279.93144839279904,2279.859660162626,-124.09502620820618,-287.13278046680205,2224.4579152000197,-116.99778609791916,-287.042654151485,2172.9249030652336,-104.03733733509017,0.014527874139441614,0.013646632671231201,0.014939168257329244,0.01392299719164801,0.013702649348617368,-236.34123417742205,247.70556807017613,-1017.2857479169885,93.68657011501541,-3885.6687171691965,-4277.919824293361,0.4954456343391378,1.0,0.0,0.0,1.0,-294.4269076487325,2656.8201727150827,-254.25608369114468,93.68657011501541,-3885.6687171691965,1816.533810661605,-9829.763927346714
103.55704152045472,1741.4420938048995,-256.6789305942042,93.58289430420461,1673.7144864961344,-269.38927334404445,71.37807336181703,1603.0782449158967,-269.23830784538364,65.52895442622642,1539.591716255508,-283.6554306901536,45.90370721131175,1486.7837581425038,-300.6270029852153,43.47604031276866,1408.9476573666484,-316.19855382167754,0.017455576724981797,0.020221495032463455,0.016398937114409207,0.012568980222049692,0.018926768766974023,-194.0299614648703,352.2203799223617,-1010.0226734152787,-811.9677373712509,-3801.596525444269,-3862.1660783580605,0.2806058115825045,1.0,0.0,0.0,1.0,256.61213277617446,2462.1064515439275,-388.6852601942305,-811.9677373712509,-3801.596525444269,1623.112337020947,-9883.384532214433
246.72615400934163,1887.8960015805553,-331.63103238128406,245.80410788270316,1812.3878503575156,-323.07920461554687,225.90046878478557,1735.957701575737,-318.91517781896687,219.43623191534041,1668.501053203765,-320.3775857270781,221.72861132582565,1610.0095148731946,-321.0848579010514,212.020254204901,1528.5331950475959,-322.8593798431995,0.014155453159082204,0.018405372938712944,0.012309373525883016,0.015256394205104634,0.01536772203667397,45.56739145821638,31.2600421178998,-931.298275850124,-494.7100031580365,-4559.940764682003,-3458.6641208985943,0.3295699543625755,1.0,0.0,0.0,1.0,310.23724314776575,2470.8283512227686,-478.7041358429303,-494.7100031580365,-4559.940764682003,1766.7234105913324,-9767.079498112022
80.16217778701487,2154.1780298674503,-37.427339621461726,82.37667883614927,2081.9819977218563,-23.442888778774655,92.32804654033136,2014.9820168333904,-14.742368294482294,98.01324621485324,1943.0264576229904,-7.370771179017391,114.21205373160491,1884.6259482503347,1.1313609031358718,107.7875410569675,1826.5258305373736,9.251741748762049,0.017004594018548008,0.016183808604751604,0.015486463992102767,0.013732618756467696,0.014218081177185204,323.82389522658394,-65.68548516010802,-809.3963362815672,475.6954191081902,-4265.636873360975,-4013.564955784095,0.4426890980438519,1.0,0.0,0.0,1.0,24.135781188424062,2621.6657450573107,-218.93757900920707,475.6954191081902,-4265.636873360975,2139.092710475019,-9766.123279776379
88.48963186972891,2130.468999521199,-273.3597679852642,95.44932828606449,2056.436291510864,-270.20718444891986,91.29116210255208,2010.4912619899364,-283.08068842163055,83.88894362077374,1939.5408594641954,-278.69889802617774,87.10525124510573,1876.9606273532104,-297.0794377323286,81.01397795906436,1800.5671173828307,-296.59062807609286,0.014867620321202007,0.012850466572010083,0.015151101985733703,0.012577892013691777,0.01643003894697656,58.05188223167601,406.59462186282144,-1007.0348106535931,-80.96962002585857,-4612.775904121786,-3794.0714439852263,0.30256696861882565,1.0,0.0,0.0,1.0,94.48821124331289,2482.343778717627,-281.69318086528415,-80.96962002585857,-4612.775904121786,570.3308671482973,-9698.671802518935
136.24445528294305,2318.8522310529966,-405.2443867216284,138.92339508523835,2262.284551423815,-389.24271650340046,138.49601593448114,2198.862221936011,-368.56067422393744,144.3698155502549,2147.3649391195563,-354.9447343223517,148.68997665946347,2091.7387436983113,-343.46193128808625,153.08416918923413,2010.8302346291239,-327.974532778814,0.014544885713436456,0.015536409412002072,0.013163600220038818,0.013950334771284184,0.01977758901908694,302.8960187862672,265.10076352157205,-1015.8153245578737,326.8243366270851,-3931.479987963685,-3707.3794955059057,0.44478159950733254,1.0,0.0,0.0,1.0,93.72844334493277,2781.247955818323,-638.6193789523286,326.8243366270851,-3931.479987963685,2528.6421654885844,-9743.783845303884
-270.63140741484193,2402.7684850221594,-313.91586500767625,-267.79388845273934,2341.984225921208,-285.54992116482765,-272.45590524439723,2282.152106103614,-268.1214026303837,-273.35106808228994,2222.1572977561013,-239.5821453704814,-261.9673574403499,2170.2874284943355,-232.25107855954917,-264.5512388998588,2109.350363060199,-222.14065603160822,0.017573792654601548,0.015780285330923217,0.014955436471716328,0.013843628500405977,0.013303136350803879,-199.42746391632758,155.8573775685257,-1018.0539010273553,122.49248162256092,-3941.306666878705,-4042.567875187929,0.49623279951495947,1.0,0.0,0.0,1.0,-271.69802807363783,2481.2283110269586,-343.12361839753225,122.49248162256092,-3941.306666878705,1754.6686120359961,-9825.824554616836
-331.71606215922776,2084.2757259765995,-567.9674764413504,-303.3344146507242,2001.51675232071,-552.262703563337,-278.12492506397774,1915.6398338526274,-534.3538265323559,-245.81054827029675,1803.8158991661953,-520.1722424071111,-209.55520384713117,1724.5614347884066,-501.37865869521994,-177.59323564614687,1627.53308658517,-494.35783235275085,0.015637337976246654,0.013455579932070832,0.02158443146742231,0.013426896197299587,0.01652866723584695,441.76975084703605,-148.85742468704603,-805.6760747222747,1953.8540841597849,-5624.226793641408,-2519.312349550181,0.31657064618469233,1.0,0.0,0.0,1.0,-486.3109391288624,2522.650302292624,-706.5870012990864,1953.8540841597849,-5624.226793641408,2102.095198294656,-9729.279048094388
153.7475646948038,1924.0802463425864,-344.04886084085746,172.3264083674782,1862.8013957914068,-343.1822130154985,193.79206198164547,1785.6790256628076,-353.9671395508218,216.03053832598962,1703.3525519681205,-356.96238209417953,242.72952235891265,1614.2077641849012,-377.1493838278241,260.6755915316288,1543.9843705359046,-390.160715235858,0.013753367549720702,0.015635089961818865,0.016951008592262173,0.017355373345741776,0.013681384623712212,617.4596769481241,219.4651344233386,-993.8370316311027,1320.9348402193395,-4932.152103741422,-3593.726078590655,0.26938825880974193,1.0,0.0,0.0,1.0,-43.00774316154627,2685.5411862940537,-435.5657354531044,1320.9348402193395,-4932.152103741422,1360.6408938786658,-9908.733944938636
72.3796847245605,2080.3616333779755,-307.49498788465087,49.15351931370378,1984.4959899359044,-304.43755253846604,24.12134244394009,1907.234383159592,-297.27491962227754,-1.2704798469610394,1836.0525063822686,-298.4293566095201,-34.0043165519386,1760.2612278708416,-298.95865238321136,-62.01780141922737,1672.0169041842591,-307.4640507507336,0.018655929682280345,0.013869255212047321,0.014646279777200108,0.014457519415305209,0.01735363685403732,-561.2344056485864,139.07969471016668,-845.8103484921464,-1701.6445716087242,-5205.051875707252,-3282.869990761272,0.29386569021587006,1.0,0.0,0.0,1.0,221.52209729142612,2533.4035575355015,-377.9702624201918,-1701.6445716087242,-5205.051875707252,1248.782660013644,-9851.418806032438
49.425777651471606,1708.9349241391324,-130.96839656665924,35.184890952410306,1648.324360959026,-143.80131962380608,34.39366452523155,1579.9912523047772,-151.93481300365764,21.703822100866223,1516.0607609425676,-167.87079213066855,7.566937395016699,1436.6022955810313,-189.08569907677682,8.766015650146535,1363.3700978960364,-201.16495968007226,0.01621711782724891,0.014671926047576417,0.012683225253699582,0.020222683742976644,0.017990757779449307,-167.52229881591057,129.3918018611962,-1017.3230594641707,-590.4920813378407,-4255.375766907367,-4213.734079972623,0.2888279614709923,1.0,0.0,0.0,1.0,174.9631083600367,2597.5097466674715,-230.47614784218035,-590.4920813378407,-4255.375766907367,1500.4688674830072,-9852.0740473373
-170.3401310133744,1771.8707951606445,-161.061480761822,-149.90575985379257,1709.2540513248964,-153.69034020473103,-139.99381277119744,1649.205596472467,-147.6432250896326,-128.9779858842829,1616.8968376222886,-152.09769096144302,-109.44656365984483,1565.572209015886,-154.7709295928806,-96.0886508012977,1502.9839267482632,-151.64976519369748,0.01621834295874422,0.016240935840427573,0.012195443589214594,0.016136738754010088,0.01603075544938737,203.45563012901226,227.98646275746887,-1006.6754149261683,818.3276851603038,-3422.0761459801065,-4109.1883101532985,0.3730098767563029,1.0,0.0,0.0,1.0,-332.5490036509864,2469.446338374435,-431.43220635415514,818.3276851603038,-3422.0761459801065,2352.720497719673,-9865.509630340408
623.688379085525,2068.3444720843086,-399.98500892027874,614.3347888698794,2017.9823885405042,-374.5970081921154,607.0618151986307,1961.3887885435013,-356.796085479308,593.1621436717072,1898.6267583559459,-334.28500173758306,572.6251108095029,1836.445953615817,-314.1057081635206,565.6999797321572,1777.3497630854922,-295.1488336684678,0.014481272339355061,0.014510425767584267,0.016997490668431897,0.01882771734246938,0.01761752014001841,213.06240861973595,91.40498465832036,-1014.6965569220606,-728.2403112090345,-3535.8870725028946,-3873.655630144785,0.4767555810282934,1.0,0.0,0.0,1.0,704.6246186858361,2478.1287585977716,-663.9663567432991,-728.2403112090345,-3535.8870725028946,2834.4550370225306,-9937.941729136763
458.09648621967085,2132.8920869370777,-378.0875447668452,437.6669142501414,2081.2245286591765,-360.40839846427855,418.67503647254665,2026.274550189917,-355.535226422191,392.97433638061136,1959.5712891912085,-340.00305804149406,372.83219009582416,1901.212397621916,-328.31041183776034,340.42033793939447,1834.0600310242678,-328.3560952479115,0.01447413869295415,0.013791606939016043,0.018119689602469652,0.01748000659375154,0.01519058457791686,-225.7387143283779,367.7994812287502,-1003.9535544835023,-1443.0612917627373,-3723.2473244202947,-3685.86415253012,0.39452221449708763,1.0,0.0,0.0,1.0,632.882754270451,2583.1316392588283,-576.761972549624,-1443.0612917627373,-3723.2473244202947,2249.926061996078,-9976.118007607054
-270.0605568344911,2272.4650433708866,-98.12643794201574,-261.4374086879987,2195.8406464777468,-90.91374304575967,-257.0678829604768,2129.132458458079,-78.41552390162641,-248.33259656490745,2074.331349769704,-76.9929370457599,-245.76160771464342,1983.388497983851,-67.06772614035391,-260.20462012155485,1911.1416865162005,-69.38998273669823,0.01800972638005084,0.012962614130652514,0.012408845890256315,0.016866794938552393,0.014568890950637126,-180.86316325421032,-27.78273090989278,-850.5576933169737,169.62981218100236,-4778.150152629649,-3940.1701007462725,0.40689629529920757,1.0,0.0,0.0,1.0,-279.24845431919124,2743.5443576153048,-225.67465422713224,169.62981218100236,-4778.150152629649,1785.4010004364752,-9871.67431238406
-249.02387056171494,2370.6269812701603,-110.34654015973219,-243.22190860547835,2297.5337649501885,-87.80696536701741,-247.0978918785841,2215.6379659774584,-61.44998242773992,-225.64203285324373,2129.9288334454363,-46.448943516615486,-226.27158022989164,2043.3880994633873,-39.59506594213413,-221.67769656781732,1965.8901892123245,-19.602119679507926,0.015247858009713691,0.0161677436615921,0.01587473977092016,0.016136479610034546,0.01663399322372751,-64.33502802362457,-450.2248226976267,-802.5791076766258,337.59467232981876,-5136.478342329205,-4005.3539289133005,0.46961621119774094,1.0,0.0,0.0,1.0,-266.89183142151535,2631.6621826998994,-194.04700058999435,337.59467232981876,-5136.478342329205,1976.9135719578617,-9970.445834785258
343.39069057357193,2032.8189283152285,-207.5527148809979,341.800243261198,1981.5592748673273,-207.20628982723582,334.59458396370485,1938.4660000989431,-197.2941821620181,338.539536128816,1873.8679001551736,-194.60103228393305,324.8450972729727,1817.5010251845515,-191.5807571111248,328.8822050903163,1761.2194675080566,-201.72692001511817,0.014390952349658453,0.011573571746864103,0.016134858329704765,0.017085519111015107,0.01187781849436248,234.80168227921763,267.01915739537617,-1011.999055163244,-235.67189396102222,-3940.826436555022,-4016.4118147327863,0.379702436959726,1.0,0.0,0.0,1.0,376.20481865583156,2631.515019328386,-379.5074967770984,-235.67189396102222,-3940.826436555022,1908.1066201122999,-9874.197391408465
720.7341919452157,2426.814659988427,-736.8262634351659,696.2283520041589,2348.57974425488,-706.4223498126385,682.9097058077865,2268.9335127210734,-676.7836556586597,662.757614005607,2188.6206533848786,-649.3952780479142,640.8398827246021,2101.670343442878,-628.6888338628337,621.8950968819447,2030.6910096306171,-613.3260396776237,0.015010844809998414,0.015493891822808116,0.017087955256948638,0.01527326978249248,0.012873023855198049,124.88325288000648,-15.239257360971095,-929.2354696213733,-1232.5463005648066,-5113.075859032223,-2791.125005902578,0.4015863038387866,1.0,0.0,0.0,1.0,734.9936716595869,2515.733292859983,-772.6834155280009,-1232.5463005648066,-5113.075859032223,2158.5914540101626,-9999.427191742916
-296.59405807678195,2089.5875718629068,-238.74315956154373,-291.32496220625404,2001.6054264242139,-238.42542437224463,-303.35370300221285,1938.6026440222424,-238.11309233903594,-307.90094983540445,1827.1321574299473,-247.6053399422278,-317.0335396292934,1741.7718247170353,-245.60183130235552,-324.68459338710085,1652.7767211374937,-256.80636716343764,0.014431643518988443,0.012823372497160118,0.019200186872007557,0.013052810401349008,0.016460330876546914,-438.758350757175,7.308105749529858,-853.4389520099525,-408.6498339812277,-5781.59358477813,-3512.486351204201,0.2840372805539222,1.0,0.0,0.0,1.0,-258.9524238054365,2551.209283051911,-272.86723914196864,-408.6498339812277,-5781.59358477813,873.524019986086,-9968.205389068826
306.89112947983557,2140.2077923252,-178.04324298618252,294.53893750198483,2058.048312092156,-166.7505826993685,264.70853753881113,1987.4411191240263,-150.87641191764715,246.77439603085978,1908.7662759378948,-151.69217688698515,230.61897310346328,1824.1754524744701,-153.42845044182286,211.37201144744773,1751.245995335297,-144.37579261481196,0.018304743784327476,0.015542091668268476,0.019111693239728694,0.017407007296328825,0.014909779376369448,-235.0258670901801,26.614358118813453,-862.1405671099155,-1179.2939333835711,-4568.904804666139,-3723.347661110153,0.3785057446998479,1.0,0.0,0.0,1.0,454.8610839392096,2699.4236688485094,-342.7871487297793,-1179.2939333835711,-4568.904804666139,1947.780418784906,-9694.236034008656
-247.4863845138585,2108.124874286754,-614.1330327316855,-249.7393056488826,2019.9446103166485,-595.0768871531517,-252.55760580380516,1945.9776683660746,-580.7352380713571,-247.90271560865563,1879.7081517956926,-585.3231013358818,-251.4814141402453,1783.590498658652,-576.4818642453696,-248.42038247472624,1704.305164277636,-586.7936087654588,0.0184028489864997,0.015318909481226911,0.014538599629215804,0.020030334240899644,0.01616271493511634,-235.61587551908036,322.7539459082386,-1019.5816542695312,45.43071071348649,-4745.991959735508,-2959.1929876100944,0.29131883601071296,1.0,0.0,0.0,1.0,-258.3312308758234,2695.749925775994,-780.6021358800973,45.43071071348649,-4745.991959735508,2003.2749140523765,-9924.935803324948
87.44889243791538,1965.1009778666792,-425.92084497667497,77.20362434508493,1867.9107387658207,-429.28258096728075,54.92990648135082,1784.2407339946508,-431.9529683663362,40.115904711385994,1695.5142241613735,-440.5381018007894,22.12545367843429,1601.0872703738264,-459.81386394385316,4.5995419524173276,1507.8439797051594,-463.6311469435403,0.016598229911493734,0.01697428298043449,0.013549946708493035,0.019887143205503582,0.014959591063107208,-250.4803614774618,112.06244135741224,-998.5908888393374,-1032.8211557697516,-5689.430278501025,-3371.2974265071102,0.24581716580495816,1.0,0.0,0.0,1.0,178.140418166985,2473.1760069353327,-454.1456963468405,-1032.8211557697516,-5689.430278501025,747.4651735312202,-9924.72915671886
-382.640833560095,1658.6933069966256,12.10154870207117,-379.89598152437554,1593.5439711363551,12.368739604971324,-370.0387389717744,1531.1746932822734,11.993573530992194,-365.31075382531435,1478.8471247559517,3.4909632021367076,-359.920808036327,1410.7133243250685,-8.49314808952892,-353.49363252544845,1358.8035943015855,-16.934166434929097,0.01662989952513491,0.016342858912095165,0.014552466001988118,0.015879632963185286,0.013439708764987734,-217.97143641611126,-30.923329494892513,-898.3885151294152,383.8967724808658,-3921.3970065961435,-4215.387228480955,0.3551246716154945,1.0,0.0,0.0,1.0,-463.6653708038642,2478.77075472664,-197.1627279173291,383.8967724808658,-3921.3970065961435,2024.0566434431914,-9749.131049881486
396.6585976323415,1794.4647996860147,-229.43065632147642,381.0869825408674,1720.9923381315903,-226.84604202162586,365.7292874975725,1670.43211225037,-222.622543322109,357.1362380750515,1610.423874798171,-221.3449951528751,347.50954578878304,1534.7226095105152,-226.14627235844387,330.0032137688024,1464.8654707504832,-221.4804485067846,0.01723822839039399,0.014630066017159604,0.011701303157412524,0.01700272022643834,0.0161933764285164,52.370219266415894,-9.203683211995667,-914.1382798858583,-819.7145652881156,-4311.2758515525,-3676.6416357762987,0.34182728273748053,1.0,0.0,0.0,1.0,536.0018127864053,2534.4490692039744,-435.1817376489387,-819.7145652881156,-4311.2758515525,2053.0601366680944,-9711.358936346422
20.61961409015057,1889.3092075743352,-188.45545156393118,-7.972054222057814,1820.4901583925239,-190.69418629973987,-20.554675239853196,1734.7964415130534,-190.77983224159357,-41.204540756627196,1661.8850575611216,-200.29347337729263,-58.79201252893799,1575.5602974566684,-207.60436476100955,-91.6810396872096,1503.5110420485344,-213.4651278091357,0.013767473958198384,0.019656555785787344,0.017154505884156013,0.017800233003074456,0.015416334938801679,-462.05221528571843,112.30847373782149,-898.8311762241314,-1233.334384734541,-4567.492536994312,-3732.096464630441,0.3047585350005783,1.0,0.0,0.0,1.0,210.11502439460673,2601.591906399717,-324.125727525595,-1233.334384734541,-4567.492536994312,1623.0856437183852,-9826.022217153813
386.10091651117983,2099.802690454721,-652.8703239040206,387.1103541866672,2009.1449096064846,-634.7216476477588,388.1888054573235,1930.9180908895778,-622.0724608261384,393.3417103280588,1838.3417395598906,-615.4486472666081,392.02781355246105,1753.9412206812003,-616.7094348817537,395.0868479489761,1685.2059059817543,-607.6483777675403,0.017701378423115893,0.015010189900545284,0.018551084919638555,0.01432020821816446,0.015717391773191897,459.6738851428209,107.91583474403522,-1012.4931145212054,190.5913821475114,-5194.614118161077,-2810.525843556932,0.30295271267815815,1.0,0.0,0.0,1.0,365.33115097980294,2679.249823233775,-816.0100795471731,190.5913821475114,-5194.614118161077,2016.6549951770046,-9751.880482290784
-294.4445939184849,2298.8273589688574,-633.2246612010601,-289.56860938361973,2243.9698321994206,-616.2754984901476,-272.9810394478237,2183.3684791211926,-602.3795708128572,-251.66742873758417,2134.73199210533,-588.0774519631186,-226.63618706912138,2066.2319056400975,-570.3002568128998,-210.73109473310132,2001.703958017556,-552.4876364289252,0.011530795024241161,0.01456492137844835,0.013627673364494566,0.016029975620987,0.01661833361203581,288.1541010361246,398.8314846784134,-1006.7604944934806,1242.5984245503214,-4000.0661744611234,-3096.162961127039,0.4005087524293883,1.0,0.0,0.0,1.0,-382.84904822104863,2558.8672188874207,-768.3939073864211,1242.5984245503214,-4000.0661744611234,2213.323749619404,-9832.382797678603
51.83891898211043,2207.6503395724903,-550.4911755492919,55.2639946065639,2144.781987019232,-538.9686849547178,56.79176540494477,2053.1012870204654,-528.0329019403014,61.785080470768186,1977.1670702365702,-525.8827242739618,66.66619095624993,1891.8727074050128,-520.7622110159912,72.4835246906173,1826.3236475618153,-514.1739246490664,0.01455992672824001,0.016923398203360612,0.01878348186083137,0.016669525016234976,0.013856985680773176,137.79622547208157,288.58117339335786,-1005.778220407276,208.22029697031797,-4809.828461076356,-3098.8743195059633,0.3192153458254565,1.0,0.0,0.0,1.0,31.60387401721914,2741.5936885423007,-696.028979889167,208.22029697031797,-4809.828461076356,1884.1714155133748,-9770.677911802635
62.58410978920826,1773.4513907218527,-231.42027660889252,51.47251117707246,1690.5197092345006,-234.87545886410976,41.73262333357634,1628.7933658979998,-257.37484623077086,51.09583934827626,1570.1694985401114,-270.08432878947536,52.141203007094035,1500.8450381801827,-290.41483306183017,49.645913705603945,1428.9920547250279,-311.1921217299234,0.019176269212795333,0.016583869726549377,0.011509820466198861,0.01518452733210085,0.015808217837528726,-3.455066802845159,259.0129598017636,-1002.8910887536124,-181.15337326336413,-4519.317373383404,-3943.477949913789,0.259206645565896,1.0,0.0,0.0,1.0,92.55622102673783,2654.2511676949644,-277.0114785846456,-181.15337326336413,-4519.317373383404,1204.3096096535319,-9712.806716164745
419.23370893069836,2096.2333512609184,-186.42338084662669,410.07940607924445,2005.3523927404124,-193.7296842141281,406.42403223149967,1921.152124787358,-198.32596675137395,405.7003855454795,1835.8852090093337,-205.78278905672306,406.0368748304152,1737.3766112928986,-224.39387211674944,399.97483459454253,1655.0383569825426,-236.7871352683675,0.020025412813451632,0.013576691167214675,0.017705033443781895,0.018450096766903817,0.015253567341461965,347.7015515092517,53.54741741390744,-985.0576179412718,-184.61602076139823,-5283.652187495742,-3955.0231841399846,0.3030808247710998,1.0,0.0,0.0,1.0,433.54800116329966,2510.4456845994278,-208.17865621054034,-184.61602076139823,-5283.652187495742,613.6082949755382,-9825.013933581753
-5.247833938408629,2137.7604293722957,-168.00605038963596,-25.274317962356104,2058.9730254008846,-160.09199910741083,-49.36707589875022,1988.1939365913681,-152.3887547800105,-66.30232837096695,1922.257565580276,-148.75859829482823,-80.0926341387993,1848.6221239833603,-157.71350960541577,-99.46720819817678,1769.4356975840617,-157.5800900919768,0.018102434609825552,0.014963516995529808,0.014950695560606991,0.017459655054997275,0.014988451699259747,-499.69378047013277,141.30121513135725,-920.4547541900648,-1106.8978043545967,-4516.146096600748,-3895.1049626116,0.36110708458118856,1.0,0.0,0.0,1.0,136.77245703375945,2738.0852206767822,-315.1009326929097,-1106.8978043545967,-4516.146096600748,1789.5264530562795,-9886.315505509356
90.77721951065897,1884.4983566458618,-258.5009944460721,81.63165030140469,1834.0411755990724,-271.2169145865089,70.4502399337155,1768.8949729026972,-274.7054765667961,56.79949225853222,1691.299716727797,-299.21115923978135,38.62312188586458,1622.2951536938756,-314.8553300471511,22.387184331886147,1557.434673019217,-339.1494867550192,0.012975619508266228,0.015093680173817237,0.01801134870893034,0.015712580036027296,0.014902356853377902,-217.95216017566932,404.2218726392974,-1011.8520423703027,-925.2876005848941,-4378.698778730943,-3838.4057515241434,0.26307219402242377,1.0,0.0,0.0,1.0,249.3180781197018,2615.464755898421,-292.0987422732003,-925.2876005848941,-4378.698778730943,987.8976323276988,-9557.036403667022
357.38096174097404,1846.6080810678607,-65.98726285115222,316.3408484189879,1776.49809033674,-71.99410173628111,282.1920950440786,1714.9176507119848,-81.7087590144299,234.60444238559847,1639.2671521575257,-95.31291672009237,198.26887011177146,1583.1866728568666,-95.79521835361975,155.40022687683543,1517.4588558229068,-114.02627873121895,0.01947868269350045,0.014299422305447174,0.019898455950433103,0.01419173767055018,0.015498297042022768,-615.2809975052759,238.06251872035656,-964.9122046708096,-2322.179439281894,-3819.237152838883,-4203.081136434977,0.33818275940366155,1.0,0.0,0.0,1.0,754.8048716710434,2491.4124388952996,-213.16353872420063,-2322.179439281894,-3819.237152838883,1654.780573904095,-9928.579170066227
318.06032023602876,1992.1437037590713,-187.71742237751582,317.4123467888302,1926.3566445513914,-199.32146351221644,305.38460604267806,1845.1428225919342,-212.3337526306395,301.93904558332287,1762.6474138974374,-218.3885669877679,298.46945069971446,1697.918762541883,-232.52336994223347,293.7142574080614,1631.5271126122122,-257.91634736850665,0.016399074895115495,0.015205411395087826,0.017495430835583664,0.014165999814966301,0.01542832608308009,187.6669919782245,272.2792291172147,-1000.4320610505926,-353.63751904639463,-4776.600496448819,-4017.0236975079606,0.28260033496834364,1.0,0.0,0.0,1.0,368.0221266918845,2708.345482306116,-227.00906313211067,-353.63751904639463,-4776.600496448819,983.9923331217641,-9805.91378554849
402.4976754600179,2326.353533008096,-483.0130146821402,399.3331015665984,2228.7345250448247,-484.17979267614,396.0167232346957,2154.630223433149,-487.7314685383825,383.44621361719754,2063.597791785507,-485.62791713598796,383.5190710830821,2003.2107130958077,-496.1839565534469,374.2883760702928,1919.8801040830908,-493.6459999825018,0.016096818123927104,0.011622896178384856,0.017157405221787034,0.01231470508283257,0.014709059760591267,279.4382981474638,423.89883111603103,-1004.1042274799396,-358.12731363269813,-5509.799029641116,-3222.598767273394,0.2713355825720688,1.0,0.0,0.0,1.0,422.6892236005443,2627.818442972478,-512.2908387727547,-358.12731363269813,-5509.799029641116,763.5318237374817,-9965.326477527184
287.16230448741334,1447.7381839602363,-10.154707414872673,259.9930514741404,1375.5694781896,-24.426096503145896,227.64732735026843,1316.684680004947,-23.433356029603846,198.67235397806573,1254.8703571508543,-28.790843139839698,167.8248376125317,1178.6924751940812,-39.30772567812865,141.78503118945378,1121.4919317080453,-42.39039047679447,0.017337006791001253,0.014025755677048835,0.0164747997996047,0.015678218222389628,0.01461330291185342,-448.62544603236296,-257.5384051112356,-815.5775943007845,-1825.9673739870211,-4243.367551956565,-3930.891736482644,0.3249226413729201,1.0,0.0,0.0,1.0,729.1235101892669,2479.433665900742,-304.4443430391899,-1825.9673739870211,-4243.367551956565,2345.9824302451457,-9731.587855391926
382.25699927576096,2340.0773339305115,149.0061591419767,372.1151742315187,2295.801291093655,160.4339625460072,347.43811870252046,2241.7450461878766,177.2523121019277,320.55076361101464,2177.1501687501736,195.65741808249638,297.73868114312705,2122.8102312382316,211.09333810766725,266.80154849704724,2063.8929465526867,206.2416799058793,0.01433914628309757,0.012698136510246177,0.01871688976470312,0.017231604515234006,0.01706283407971454,-507.73314860332243,296.3654901170808,-956.5349103719567,-1513.6602643481347,-3439.9167727409204,-4770.237406469158,0.512269615875002,1.0,0.0,0.0,1.0,665.3535562664811,2962.300988991289,-203.72735211951624,-1513.6602643481347,-3439.9167727409204,2827.5082238822165,-9803.542748840488
430.0047359117974,2447.1318210421246,-337.9457053224026,408.8320420825205,2369.8138500702084,-323.3692877296357,395.4105413469424,2295.675660207567,-314.1666417220287,375.1727087505333,2220.5852322326637,-319.0850349597026,354.3732330381388,2148.9805989823235,-318.65424619379536,337.7688973603006,2066.832534345404,-319.52872998000726,0.016851987611365186,0.013057171751422056,0.016755512127788252,0.014568424479494121,0.01746044805086651,-89.15363862801792,345.77602030752087,-1002.1601644866674,-1188.4468964861665,-4785.863298135704,-3643.3287672161878,0.35926209924503366,1.0,0.0,0.0,1.0,451.5896992731872,2523.3438209592646,-349.0042683270752,-1188.4468964861665,-4785.863298135704,772.3138390421648,-9704.709024743639
-365.3534119087493,2125.3379489558115,-270.01052421596364,-369.7241412894589,2060.128288134825,-273.52817296693934,-374.00397312995193,1969.5647567933793,-282.06759815458423,-370.7846139535062,1892.4291325559,-281.04464988818586,-362.87113376522814,1815.239330321771,-298.5887590393097,-363.01178404134043,1735.2937304478908,-310.10047448870375,0.0141007375010678,0.01688097931578557,0.015607099085783088,0.015634391883496135,0.016409668918847237,-346.8378928475085,252.4572943752207,-1013.7531364242359,67.40888713004571,-4987.869930402105,-3832.710099139239,0.296223463764135,1.0,0.0,0.0,1.0,-377.5089364916792,2521.938112708183,-291.4893122131622,67.40888713004571,-4987.869930402105,657.924058650998,-9869.525621517001
-66.86966956283754,2373.2247826915973,-94.9286085736559,-64.88829727670375,2302.892696791099,-75.44514446318124,-61.811232397657086,2232.0422228843345,-53.02861701098182,-71.0137828940123,2168.5815987141623,-41.169720442312226,-59.03208367177921,2097.859489833181,-30.524131745630534,-62.98545728381647,2015.3063028725387,-15.2322687764496,0.015319970690332224,0.014983455769775153,0.011398408873828078,0.01488850301270847,0.017776739216470078,-79.7236225670298,-350.7343463043626,-806.7992287018399,-20.89274076924815,-4948.690714501121,-3973.920629213162,0.47718823361394913,1.0,0.0,0.0,1.0,-66.87458699394284,2692.710443113825,-204.14223515306628,-20.89274076924815,-4948.690714501121,2014.0604875911376,-9736.55466147041
240.57450972779122,1720.4283255340752,-90.67422632575823,188.03749102426684,1644.0312783370757,-96.31050057567299,164.0181223806025,1595.450944783818,-100.4011148403508,127.40595961569177,1530.8101487129702,-108.5801528467928,90.49246216003093,1466.6985509430083,-119.39434438903582,60.74622346421739,1400.9123178385532,-128.61151539188742,0.01905512955761915,0.012451101580502166,0.01568521140789486,0.016207904947365598,0.014602358172449259,-599.528439403164,237.30172272054918,-801.1633472278952,-2269.3181293993825,-4044.0874067504824,-3727.318949737222,0.28910299665089284,1.0,0.0,0.0,1.0,659.9431224134923,2481.7702334670644,-238.98128260819112,-2269.3181293993825,-4044.0874067504824,1701.4376357923388,-9781.543397350559
441.74380840406366,1737.720916561746,-99.02042864761312,448.0139535016385,1682.542717014336,-106.66958491629548,467.71139167648147,1608.8054872790287,-114.99869726975133,469.5744955231125,1550.561716142667,-127.03139572338489,474.1263849923054,1485.2325657786048,-146.09279335600996,484.82654611436664,1415.7348464603697,-159.20686980395433,0.013588181225172385,0.01691082336977759,0.011706466755829148,0.01955001740440082,0.015858668261843623,652.8084083415583,167.52788754695854,-968.0015957012862,551.5201965002257,-4175.861177385891,-4150.493899051865,0.2981857913370913,1.0,0.0,0.0,1.0,321.8962904414243,2673.0445939784954,-232.67087726342584,551.5201965002257,-4175.861177385891,1699.391504258995,-9749.809005518111
610.2849402419905,2383.0473984397836,-58.004821958582696,593.6915562972656,2337.7049252802913,-34.43355247097717,554.2824062026425,2274.0051443783696,-13.132688952698404,533.8037667741704,2221.9737057507677,15.226524588468664,494.41230887832046,2151.991498062911,42.031417808212,465.6950943504536,2082.0890145589083,66.65939192009277,0.013334956118632071,0.01425549387718647,0.013880193966074636,0.016382012640694596,0.01875581711435255,-651.326651925824,-148.72518677281715,-817.2204520902732,-1980.3468368538006,-3974.117027790295,-4324.998672769836,0.5620128506498349,1.0,0.0,0.0,1.0,725.0143996875674,2613.2861475414397,-187.8054902564786,-1980.3468368538006,-3974.117027790295,2513.7325955502865,-9839.901105496587
136.30119442406325,2048.215350625818,-255.1010667584384,151.19078681618055,1963.075461100662,-263.8956073529292,164.69947083255104,1869.7663140039456,-285.09831161906163,176.69285409492218,1780.186317751589,-298.2942204798792,185.38928477942795,1690.9441263112494,-316.98782474979004,207.5367400226512,1598.0968584203833,-348.33247717541144,0.015714033728499582,0.017866656070980882,0.015459974153467865,0.014466272612557285,0.02012939441374112,405.8999678176311,318.45092048754816,-1009.8265032988501,819.3615535077711,-5317.794459436406,-3929.2359526368064,0.24036225842065403,1.0,0.0,0.0,1.0,53.574499809290046,2605.102538045199,-229.56959221478712,819.3615535077711,-5317.794459436406,300.13404061790794,-9835.744170359812
81.46950572788299,1945.261009445728,-356.4370299969945,80.24608748787423,1867.1242629814913,-352.3387830757915,70.06171586802894,1777.3384947331933,-357.5265160904287,57.917188866828766,1702.2007328255293,-372.0589817407912,55.19249906793825,1622.0322963279214,-380.5717806022549,49.175018593492084,1546.76673775337,-395.56241391376403,0.016464315665174478,0.020498883535202628,0.018679143866223213,0.0144657928863611,0.018241475234176352,-48.54235986102855,315.0956977582752,-1014.8622660876155,-379.35603956514217,-4525.239642602748,-3627.6123180854984,0.27157484529211157,1.0,0.0,0.0,1.0,144.92922031719377,2622.9679154856763,-446.5288383878317,-379.35603956514217,-4525.239642602748,1398.8537780863442,-9855.815874846741
-167.64158559800933,2251.634798465542,-371.43459151562746,-138.38307274771148,2177.557634643116,-363.812492542022,-115.94887127617432,2096.832199131257,-368.9313799834522,-78.90372406036836,1986.9556146749603,-358.11803523403455,-56.020184984962604,1916.1213773498555,-358.6129779997088,-27.123061671855787,1836.761310532744,-371.09704725567235,0.013442643676839242,0.015275972979216255,0.0185040665489222,0.012750784947404045,0.016397033807364986,557.2030837877855,186.45956907655386,-878.5417277660914,1983.9181312516716,-5611.974275948897,-3189.6605107152054,0.29172176595939525,1.0,0.0,0.0,1.0,-266.12294068165863,2515.4288935953427,-404.5806495132332,1983.9181312516716,-5611.974275948897,905.5107360026363,-9867.882522211663
48.55583373332443,2169.6679068536673,-53.37290770188023,45.56957247397574,2107.3676388538115,-44.63369352519585,37.310909645936285,2060.4182166953633,-39.19159004628262,34.44633998700302,2013.236652434312,-25.161494841819316,31.56810937160399,1950.4744625046717,-21.451731180073573,15.57188598791058,1906.0767251263017,-27.719294998148097,0.018851916446425837,0.013188932566121303,0.016494771795932395,0.018873156035234262,0.013468196317834746,-116.2253371369633,383.42078007709085,-1004.0188080147793,-304.83397522105054,-3336.261026178759,-4354.42820300794,0.45465402014100503,1.0,0.0,0.0,1.0,110.87597440271907,2868.935244580261,-438.4808320448747,-304.83397522105054,-3336.261026178759,2836.205448726312,-9651.857250649993
-16.14365349336666,2083.708189207965,-301.9748885406283,-27.319083674019893,1997.4638036170986,-285.85655969700525,-33.877212624115785,1905.3216329106172,-272.37791561538387,-43.50370624913859,1819.138974557146,-259.32181015789075,-50.8834318994942,1730.1449251719507,-249.50713106393303,-55.67570450181005,1652.6234759058898,-248.3368833277127,0.01492070055399379,0.0212488797162865,0.015225087747582355,0.017927502028893483,0.014993131442374685,-248.43826929178118,-231.61209451476,-811.5684297585007,-504.76390865518397,-5055.550656308784,-3339.029613652093,0.37274232598505125,1.0,0.0,0.0,1.0,41.8009781849496,2675.3295328627923,-504.49136487390683,-504.76390865518397,-5055.550656308784,2270.9354749230665,-9756.461023608974
449.289257114504,2261.6322139017975,-319.5421969226984,442.9364112720627,2184.679682208689,-310.3626564213272,442.90239637015804,2091.338783109514,-308.38562348776185,442.62459771538533,1997.5886484927796,-304.90679344895784,437.5172396662874,1917.6511678390523,-314.83241638538277,430.17687666358796,1831.8156753484077,-317.98603863922995,0.01555097033851438,0.015171388331693299,0.01575384683737091,0.015076622575458859,0.015317304319952957,375.69402836266124,18.68304398688608,-964.0611983286763,-171.26569938768483,-5555.133288092446,-3603.5409235834404,0.32705788092212185,1.0,0.0,0.0,1.0,451.9072645901816,2490.717357188024,-335.2454290450344,-171.26569938768483,-5555.133288092446,777.4026346681972,-9844.816984835135
279.0386254361093,1846.4761994224239,-444.2811324975241,295.15125982757917,1761.1744063757856,-440.93809124029394,292.5372912752485,1694.8656935174201,-438.6613919987372,308.0792818764864,1620.1422361210903,-432.11955326807845,314.0879322074237,1567.8573672679438,-434.281885950422,329.02004123904914,1485.4147933405602,-440.5038881755296,0.017862662784935146,0.016754929520518963,0.01481182666548947,0.012500154525207363,0.01646796778059284,513.2446543268777,136.66080503179808,-982.5745006987513,611.830381189923,-4452.64312514709,-3277.7114313340485,0.30548963668578444,1.0,0.0,0.0,1.0,143.08727370697613,2830.509895745791,-798.6721253799215,611.830381189923,-4452.64312514709,2669.7696947428826,-9830.547315829646
612.6420191874455,2033.7341563226073,-254.78037525308733,611.8575075645408,1942.5183034285535,-250.20815985176966,605.0433873672729,1851.1807335225567,-248.4702770750998,596.3153123958597,1773.1541354297656,-248.38632494222082,592.390448411538,1680.88822431002,-249.59555030044731,592.0633267433724,1593.211707005331,-254.98715236801323,0.015478775383947235,0.019939113794201324,0.014305799502882799,0.017336952523196197,0.016828578728406235,470.98367459265296,-56.95304753794019,-879.9996781281853,-367.29799879472455,-5287.51676955832,-3521.2342142524744,0.31216967604615464,1.0,0.0,0.0,1.0,661.9786339659074,2692.555672632388,-374.7352419420636,-367.29799879472455,-5287.51676955832,1577.9094596904583,-9806.045526813323
518.8866298015147,2389.8238494437446,-205.7647625155301,490.85395771005557,2296.600189226613,-213.43782049395205,451.5984906823753,2205.5756525317793,-218.9020289007903,415.2308156559128,2110.5327522639186,-229.56770689938097,378.7949622937787,2015.81758354549,-238.0474475784893,336.06636019273253,1919.8244219593728,-254.04518827563598,0.01546320357661177,0.01582323811455901,0.01536603292662471,0.01356428795261079,0.016662879607661385,-363.37796978352924,136.5098750769207,-904.7429223503723,-2440.443031215788,-6194.084794069731,-3694.476567505998,0.2866352488727249,1.0,0.0,0.0,1.0,551.7881669223909,2459.2916728530736,-212.56344771090846,-2440.443031215788,-6194.084794069731,2.852702762188784,-9859.54472071516
-176.5618341769214,2325.411196962987,-534.2838440709767,-188.9926169095278,2256.1133206379272,-504.4387424057741,-203.17754755995662,2174.800296015583,-473.55342684952245,-221.3469474742294,2114.5884220897615,-463.7478454637903,-230.39470358789086,2046.4631077197555,-444.1769714599523,-242.80376371750438,2000.5186863287809,-429.1218335017429,0.018406753288961297,0.01832489580636966,0.017398122820122736,0.014643811027800768,0.011621099015758363,-673.5550639344814,161.23779268930227,-1001.5133876711195,-947.0176068450658,-4065.319546028449,-3437.829693954927,0.45283663556406417,1.0,0.0,0.0,1.0,-129.0199399985687,2498.7965316556615,-616.0939833339012,-947.0176068450658,-4065.319546028449,2097.240461477651,-9626.2089659697
13.234308889345694,2191.8143535285058,-163.48723008701404,7.590573683389607,2130.1237717705753,-144.2451360391136,13.431134729748457,2065.147007982804,-129.42578182392646,2.333208397678318,1995.056801931569,-110.1001551022432,13.117041374829338,1925.5399214478807,-104.56163660121064,11.010490314530474,1860.3270558771433,-92.39251612912071,0.015988852302360676,0.014422100785648304,0.01650641663220445,0.018770426264423476,0.015097863123293254,1.8670311416189378,-21.057715531097312,-858.6750197430542,-13.768175187435004,-4250.219769547926,-3885.4283905350662,0.44113420992096286,1.0,0.0,0.0,1.0,10.127936254079941,2529.074146197666,-286.9653252058997,-13.768175187435004,-4250.219769547926,1979.7294087445518,-9775.262998799353
161.1217043712755,1922.104420396664,-188.05563084714882,124.61397215264562,1837.9542929864913,-177.0116709133602,86.98766407402866,1768.6347701889697,-174.07822545236522,66.4061963893157,1708.852788690841,-173.912253436845,38.46505757027062,1652.8225264847572,-169.8713503648466,0.5929599196650464,1577.6170059459141,-168.13779617731834,0.017875112737028187,0.015233685492374,0.01418219602893403,0.012994969007809554,0.016785305081244928,-669.7904835051628,89.83698624294695,-807.3085838836031,-1954.6384495690202,-4332.300116326765,-3552.235132727722,0.34438764949006156,1.0,0.0,0.0,1.0,561.6317397233199,2819.1860595288113,-531.4081072070196,-1954.6384495690202,-4332.300116326765,2676.360603595713,-9886.659898926093
183.92708409502978,2006.7344541082225,-183.2694289448799,181.6716600259057,1946.3647390119747,-182.2642485697701,178.11016278321893,1846.6879495865687,-174.3026468117369,174.36357453518565,1774.0276320992414,-185.76436836255215,160.68488342465707,1694.5620202193409,-187.73877780093895,162.5299450010143,1628.3255094574133,-194.5576327776094,0.014411173745024375,0.018466381452474007,0.014576275791614718,0.018977694229313724,0.013038993757478828,54.195934474553994,-7.8891595556694085,-915.1232893972093,-328.50531182156385,-4876.657518070473,-3809.50832107729,0.33437918763926316,1.0,0.0,0.0,1.0,231.58880285819782,2625.505900202385,-300.6255075814746,-328.50531182156385,-4876.657518070473,1533.590610648649,-9894.627651344339
-322.31009738097464,2337.333261331847,-163.76520591332968,-302.0552344642368,2270.794272545021,-153.72908981301828,-266.7825561664413,2193.9627060762004,-155.6559667709959,-248.6611518959683,2115.368759404217,-154.78886720212213,-209.3767176644371,2043.5745452035762,-157.34519936962892,-181.51121019972507,1969.0462852182973,-165.12588691495796,0.016250083474726257,0.01594613173599134,0.01694188992221332,0.014521052839299275,0.01758812937033652,469.87989165758,262.1790064429442,-1013.9813218011788,1737.5171487237708,-4526.568537753885,-4098.358062884146,0.37654892821549324,1.0,0.0,0.0,1.0,-459.69178290963737,2683.8931741412716,-217.6339943709611,1737.5171487237708,-4526.568537753885,1121.3587080048344,-9756.479945586896
187.4601669804177,2177.3976165532404,-668.7260389591098,202.10375557668476,2075.8599291924947,-666.8138139341745,220.9415492655504,1969.0958566507106,-649.5373198737663,236.16769908179376,1863.9001986089418,-646.1308359155421,254.11617727594077,1767.847831477989,-638.5592491306367,277.90590078382974,1668.5615427194307,-643.7151429734807,0.01583957997335684,0.015868437755473877,0.01664511499160609,0.01495413311979528,0.01442981229750466,556.8617312837375,108.93042592722908,-940.6294204209171,1154.0286833900373,-6398.113273401028,-2368.7138490476045,0.2449648867990711,1.0,0.0,0.0,1.0,124.10097501247321,2508.222903452616,-720.4368420243715,1154.0286833900373,-6398.113273401028,1194.3534309326747,-9501.512746614078
-78.66387366577653,2304.1269997839067,-210.19043304324754,-93.44914270053742,2222.217384955452,-218.05159135776546,-123.36342493165081,2125.88743093777,-222.746840980833,-142.4136678743724,2031.9827980109133,-238.28513220636756,-172.73239900315528,1901.6790272259789,-249.8726610200761,-207.43522247499087,1803.7789200809966,-271.3509233181906,0.013997942821032373,0.014877624649844871,0.013496443462342439,0.021403763285480798,0.016862045505970896,-611.5980039349079,129.9261962294196,-891.2418813474949,-1559.80007874164,-6317.478368480619,-3656.617106661133,0.26412626607428336,1.0,0.0,0.0,1.0,-18.873974013085217,2530.5679762520567,-212.79618938015915,-1559.80007874164,-6317.478368480619,85.85030683305446,-9848.598456563657
-127.02515914143603,1699.835031981415,-327.45399204330454,-118.75206970761087,1617.723899283907,-327.8351846204968,-101.33646008068612,1550.903749000633,-329.26922520327264,-93.55885304724595,1486.106697831103,-326.526609005029,-80.62304094825987,1424.954672067827,-333.42873875771465,-65.69435579457262,1362.947801037197,-333.03949453548154,0.017946427706069995,0.016407894791147043,0.013237308171103301,0.014063747538285043,0.012844898918995762,177.84444261072298,36.81404736696915,-892.0537683206378,843.3770637063558,-4499.932455107044,-3327.5210730001763,0.2955584224017784,1.0,0.0,0.0,1.0,-311.3142543389631,2646.7748713290557,-610.9071071553157,843.3770637063558,-4499.932455107044,2358.0498276025132,-9802.708449314974
547.5054150931786,1744.218242848463,-53.57180396398467,566.070974288039,1691.2803774756446,-54.81560347083223,566.9071516791859,1629.3349481412936,-50.89080834305586,577.3946622271266,1575.3926621056332,-50.812174361110976,583.7999211210794,1511.5350107124218,-57.48556242854067,574.2532512049514,1455.3865976486295,-64.91640487895269,0.01419619331584776,0.017349052191033998,0.014275383350943804,0.016027594069356166,0.015945468734408608,638.7168164556102,77.04339583838072,-942.7786745162875,161.21696439378718,-3727.9844485512904,-4181.41213406005,0.36948134732323806,1.0,0.0,0.0,1.0,531.5075351337377,2556.153054124986,-328.67978117667633,161.21696439378718,-3727.9844485512904,2334.4981691288895,-9798.36135817885
-39.46783103146525,2027.6899522320646,-204.86223470229262,-59.969153203827794,1948.914441588134,-200.0425818404983,-90.03253264673448,1867.5249959639407,-204.24038455895843,-108.5877525929083,1794.6538130257966,-206.21777964143553,-133.65027399174508,1713.5922035536707,-210.5763598756492,-158.08278985009366,1644.9040205908568,-213.0678538814953,0.01507677088323893,0.016101599812811396,0.014133472068509012,0.017314098500267244,0.014337724226796328,-649.7331092032028,153.9290221525715,-818.3874469046838,-1640.3989827827122,-4981.930915905381,-3484.7257845049853,0.2986617043109422,1.0,0.0,0.0,1.0,154.0623923603265,2595.0751709462065,-289.740156699668,-1640.3989827827122,-4981.930915905381,1326.9817428518618,-9819.811280320093
-291.0637294357379,2215.825955990235,-261.60866705685896,-280.6179661618651,2176.9118852488054,-252.70120178043842,-289.50567790083073,2102.964324914375,-242.67675502301583,-295.1499093435174,2026.0572701704582,-247.8983807084126,-299.90359698272255,1944.875032139086,-249.60377790749283,-302.5484250745014,1871.9993238634324,-241.8630047697007,0.009430250505727607,0.016874956926927254,0.016307573929286875,0.017601511321603355,0.01521776559950476,-429.58183313662846,231.29482437110875,-1009.0791870001015,-356.87970663695563,-4584.1422168269955,-3861.5772932774057,0.3592552099862254,1.0,0.0,0.0,1.0,-256.49517541770297,2454.603799532202,-281.6468133946113,-356.87970663695563,-4584.1422168269955,861.8561650073333,-9739.038058319042
-448.91193004285975,1671.7507207463723,-187.03988944288224,-448.79181134249984,1582.4970058073616,-202.04498808722818,-446.9794185183699,1508.7827085148863,-220.01117397361156,-441.01979026938074,1429.4736210294702,-245.2382710493997,-431.8281161008696,1358.13546361397,-261.45214519971967,-441.58738123242296,1296.8349135621977,-283.8609377981855,0.01617898238281601,0.015280731811216586,0.016379864106229408,0.014050695548840475,0.012982681354286096,-370.7552559218878,58.078658991187005,-984.9388979949714,260.78273768899703,-5073.356402402563,-4074.2901273922253,0.24335745459434593,1.0,0.0,0.0,1.0,-505.0583658317221,2670.8572062285057,-186.42611522004916,260.78273768899703,-5073.356402402563,973.2696117614602,-9801.086872143083
393.483729327804,1731.631774520982,-118.08241716817716,380.953819793154,1653.3384346170149,-133.54852256849315,360.96165182841594,1587.0089241056833,-146.65726101846482,351.5557949105359,1489.6819588744854,-164.20454397272349,343.82344732021676,1406.332423842032,-187.93836960803006,318.7765253309843,1333.7633997502253,-208.0903953669106,0.01499863310159999,0.016351774910538935,0.019380695455350178,0.01850338724735251,0.016339145018778756,111.98451794590648,45.582935119081185,-990.5445771628465,-768.65114386395,-4663.771494576989,-4158.737500824969,0.2755279455943779,1.0,0.0,0.0,1.0,553.9589256676779,2727.251544500855,-194.28676765629018,-768.65114386395,-4663.771494576989,1389.1451199325966,-9648.491514360972
-125.39568368601606,2424.7522031474173,-462.3442424093528,-121.4266985911277,2326.7015937952538,-435.3869495833072,-110.54522040880197,2227.2977428812196,-421.121150449943,-110.10281945474921,2114.7588508463245,-414.2296464286951,-108.23978130739692,2018.8301246756116,-402.54764410444426,-102.44038091107538,1924.7891488962468,-395.0363974475634,0.014994803723725511,0.016858380103938517,0.016833205736808833,0.015116808432875259,0.01457927118924672,10.118884042138186,-191.90712160279588,-808.0037869973758,326.0991174231781,-6324.201002466742,-2904.302155845861,0.33552108381655926,1.0,0.0,0.0,1.0,-131.73423203694415,2559.120314470233,-478.31750103283645,326.0991174231781,-6324.201002466742,1388.5031399169516,-9868.517921293816
-138.3155905330288,2277.6395514517817,-345.97875211408837,-146.9961704376811,2216.465824592417,-327.92532677090617,-140.8999926749661,2139.0762129410564,-320.06121902315994,-136.52082483747955,2089.0542800970843,-315.2411958911499,-133.09559754496595,2008.638684018834,-301.2338783202244,-135.22166250474854,1949.9184846904895,-300.11198646502515,0.014757454585615365,0.017148418916682576,0.015559604155873569,0.018482496362644374,0.013036435699492394,-97.83768484467544,338.2876560913723,-1014.4765354631791,88.20470281830671,-4090.7505077407786,-3777.293445174524,0.39483550901801456,1.0,0.0,0.0,1.0,-148.99641247929412,2710.9229505810254,-501.2715171157372,88.20470281830671,-4090.7505077407786,2007.6209681143853,-9973.990367739503
301.16518523747936,2086.1302224899964,-442.3237632098519,301.9243494982361,2015.5577902236666,-434.28516750202357,303.6770635621534,1941.5252175239712,-411.10822346811165,307.6030571702538,1873.1607033431394,-405.9864779149221,312.8738417310287,1808.8965163466542,-392.4586183830928,310.2879256282337,1740.0761212094342,-391.59402450618677,0.013819211339105603,0.017334436110551354,0.012365191459241476,0.015133201853866601,0.014748338278657763,385.59346819999223,41.29746288857149,-911.4056561115405,194.85869131289897,-4693.685538693728,-3236.426572147275,0.3614716160422546,1.0,0.0,0.0,1.0,278.4211879778961,2622.824509170117,-631.8041127650511,194.85869131289897,-4693.685538693728,2219.693687250951,-9920.218653451317
473.5709550997405,1913.837650451131,-338.32236646886986,466.92429887419496,1814.478627890499,-342.0035676262968,465.43878177901286,1720.137179877479,-352.9127548246111,465.33682635885924,1643.7069914170718,-356.8616097517178,460.4138473323338,1570.137844626603,-370.78027918358913,458.19190598238185,1491.6082013999248,-383.53892675386305,0.019457180985383835,0.017563693328277036,0.015099082684457005,0.014329541335928009,0.013447367097461416,389.69675305871397,97.09803960823231,-1016.9414942248593,-233.99690875058505,-5189.98695406402,-3671.563726714225,0.2709340387053885,1.0,0.0,0.0,1.0,499.6753001714909,2536.391908018321,-379.10422613677065,-233.99690875058505,-5189.98695406402,957.3625859138517,-9848.77938857039
-3.714042393927284,2064.183706990403,-407.76388849004064,2.3149261653911264,2005.7220678650547,-387.39487738221925,11.371051109429917,1924.4662077695766,-371.90000173381327,20.80345653600817,1860.86444797347,-349.2667772824553,28.493091551168348,1791.471209429307,-335.58399035857144,39.94327093909094,1718.0568352560038,-317.94100845079873,0.013535652820570204,0.014977388522114665,0.015698834033774256,0.013716640270503455,0.016009976577547436,313.62661402199416,-246.8742936518519,-810.1698701489133,647.3225247894181,-4668.576348517888,-3214.92946731119,0.42069882642013257,1.0,0.0,0.0,1.0,-94.18657659533937,2694.3288059144143,-716.4700138457307,647.3225247894181,-4668.576348517888,2917.46960603125,-9733.966783083224
-422.9411789129279,2207.188756496357,-421.81805923070226,-416.3789571508,2125.798980759614,-417.48605412692564,-406.22658723113886,2062.6882559870087,-421.223245117438,-402.09376002299285,1988.6173744328887,-405.32089827277304,-390.1248190420066,1900.1079437257863,-412.1286211682818,-381.2904809104839,1837.441888921033,-421.12475920193447,0.014810180505555812,0.012413940714208524,0.014500632374584571,0.01856162418012365,0.014222344488223765,-246.56073499467985,225.7769369476357,-1007.4733343587374,431.8129030535548,-5017.940572647047,-3401.1394831137477,0.31890004396518085,1.0,0.0,0.0,1.0,-449.512799429853,2584.209006091752,-486.0191863589598,431.8129030535548,-5017.940572647047,1182.1856618381044,-9751.75562755714
703.5938878740428,2399.899876369969,-565.0877223478362,680.4981225564309,2324.750496524918,-521.405373697727,649.710570419698,2285.0308949763585,-490.3268408242336,625.6943342500585,2215.795777356976,-461.9814134360991,591.7131973205416,2166.5753636609734,-430.94516530441905,567.0287494016646,2094.3265911935146,-410.7204927289439,0.01593786308351689,0.012793327090155661,0.01611099209659634,0.013261827309808835,0.015939781260560795,-386.51134625526225,53.94733402196306,-808.2351131968223,-1877.7910967012283,-4046.8894005714474,-3286.439389406793,0.5051473670971027,1.0,0.0,0.0,1.0,758.9412227324879,2522.5498683705496,-639.2639954743613,-1877.7910967012283,-4046.8894005714474,2732.4357247429907,-9867.008383852091
163.379520343719,2169.070636543981,-388.8998449768187,183.14845002433404,2083.6895349567467,-380.9127821412547,203.35006205401865,1998.4163142251991,-379.3352213675697,225.32705467810035,1914.0286941505133,-378.97835279557415,243.8657451174792,1844.1157197041675,-379.72065724620666,263.524076097108,1759.7909772343864,-392.4623526453179,0.016140740135523822,0.015591400166055716,0.017349074923103336,0.01440801816952289,0.013737291186479858,643.3584068543572,206.73619950486136,-965.8811424781867,1271.3474292591181,-5197.743486557701,-3426.5006874438714,0.3003012033717374,1.0,0.0,0.0,1.0,90.32227512664122,2467.754616157462,-422.83512875823845,1271.3474292591181,-5197.743486557701,929.7374059728309,-10014.340444636087
15.29528420405452,2233.8474265310433,-344.6966935619781,26.54545179599166,2161.3673283831054,-347.8861179905417,40.92736597254605,2080.252666927035,-349.21821635591135,49.757219035623024,2006.232016720252,-358.66886006361926,63.74787262743994,1917.0907220833574,-358.7009012238075,68.12167591085267,1835.886646584368,-364.5127365093948,0.013860364917757703,0.013419009958584756,0.018529040833255447,0.01631511930112131,0.01344289534234723,283.58449738189734,252.68837516612018,-1008.2023991133156,703.9643248926864,-5226.584646550908,-3591.347256456402,0.30274111251899527,1.0,0.0,0.0,1.0,-15.600340697493777,2473.9868499502563,-363.82660709735,703.9643248926864,-5226.584646550908,558.9905881459724,-9765.500810829102
194.34217977853348,1948.7017123742835,-68.32380001977708,184.26037125601644,1898.9286193240077,-68.29521686020512,169.90485975047272,1856.8533177689187,-61.453324601812284,165.2891370257682,1798.006325817067,-54.68750093093917,149.02885273696035,1744.0143131398127,-66.60402110233946,139.33201255671975,1696.0634511429935,-63.24806169518266,0.01530187980573014,0.013816532286625022,0.01571475931507474,0.01696732325525549,0.015030696101974883,-138.31579593432164,371.37820864109676,-1004.9239335468676,-687.7871292905629,-3275.7017537218862,-4328.117359584686,0.40436422726490295,1.0,0.0,0.0,1.0,325.94051633680874,2582.4768924033633,-343.73595571824245,-687.7871292905629,-3275.7017537218862,2369.041869722086,-9921.717376750767
484.5052011577745,2389.3302569118546,-514.1034217746745,468.90725107550037,2308.7776713631133,-503.0281530022968,452.01588329347555,2220.15098088913,-488.20655135993866,434.03198919188657,2135.4943432528644,-490.0511451284432,421.59424559391994,2060.133383363782,-485.1635726601989,397.94084007598855,1977.5886592170168,-483.0234873394782,0.01585075464486147,0.018109446246753515,0.018699618712119517,0.015803051551946445,0.014229763994573832,55.26724667578388,333.0746404907459,-1004.3864804808287,-1061.0215463724057,-5079.528062621116,-3206.7225416292554,0.32344789179564576,1.0,0.0,0.0,1.0,527.4218348115053,2593.464628357139,-551.5257939240871,-1061.0215463724057,-5079.528062621116,1171.39361328436,-9838.463269468803
-210.1327064630197,1772.425908156225,-222.27715813087713,-215.71227375400917,1680.7181931666785,-237.35778085792052,-218.9942176266078,1603.1648243452382,-253.7841381835332,-218.96696699367487,1503.7967593352269,-271.8305034061615,-213.80064628303845,1416.4674666834928,-283.95619873133575,-215.8897575234399,1334.1027721347955,-312.8789313081541,0.019326238964701675,0.015400098797247908,0.020675991777588026,0.014907290004647411,0.017383513534173223,-221.94233893705228,58.80270183409885,-988.5586908992748,-33.89543797962119,-5000.22972164635,-3916.809631949354,0.25503730766844984,1.0,0.0,0.0,1.0,-204.65566556744432,2608.9198598737344,-271.4881781180155,-33.89543797962119,-5000.22972164635,1104.7684053561834,-9846.231445697123
-326.2240574587841,2369.911432977034,-373.0137096416672,-298.7987043000244,2280.8794144448384,-365.78887838273226,-287.89673854522414,2218.0124615892146,-364.86417459356437,-265.6712730228291,2141.725584315014,-366.9647380953563,-248.30708048216587,2060.048485326505,-370.93530239666677,-230.9946570345884,1983.4100150013546,-371.50912953726856,0.016937928546356937,0.012162021432344489,0.015967257765711312,0.01460694569170047,0.015002318762047578,194.69569006283285,346.43883885531454,-1003.9723532956431,1309.8194555286268,-5086.375134682974,-3525.4556866786934,0.32108559803897363,1.0,0.0,0.0,1.0,-407.82125948033513,2686.1714008094777,-414.7791474418796,1309.8194555286268,-5086.375134682974,963.7460960101683,-9759.134310193189
68.45614321430142,2352.0933483081176,-383.4592972658392,65.6858819166415,2246.3321368480697,-383.6738023955288,57.05955538588125,2143.391058748001,-386.4771611286967,50.307529836967234,2060.689627378283,-389.2503848706031,40.6948500648718,1980.9590664449504,-395.3043780432556,33.06618302395504,1885.7030086404154,-404.32464851801916,0.019059887835866242,0.01783817608853249,0.014999005277292636,0.014980256712560758,0.018228108889160974,-96.41007634572253,353.8737741249331,-1013.5034499155075,-471.6302205788477,-5389.9606372352955,-3540.8248968103803,0.284580943534335,1.0,0.0,0.0,1.0,87.52570968002817,2455.9584226466964,-385.45397595999594,-471.6302205788477,-5389.9606372352955,320.0583637051991,-9899.700667988656
-406.65131655305476,2437.6077056436816,-229.369343734668,-394.698051334311,2373.2596826540844,-211.54390337759617,-384.331245391576,2303.268689631131,-195.79675999187572,-363.6331432785864,2226.8693664977222,-191.85208419129518,-359.2234186226003,2163.2379979822276,-184.2099352679924,-344.5989572901646,2106.4968506954356,-181.85079037252777,0.015844740900412643,0.016478826738128484,0.01774613098874954,0.016737943227826166,0.015633023609032043,22.55827259458208,382.62237224142837,-1012.3092575030107,856.5733693147001,-4073.962436928191,-4031.0194113080806,0.4219070785744424,1.0,0.0,0.0,1.0,-439.99134683535556,2582.562088182654,-263.2779041715087,856.5733693147001,-4073.962436928191,1256.8292137839958,-9792.31226868902
267.6527248957597,2036.1423295258319,-246.06109448660257,245.97804132034832,1944.2526564632535,-254.646210863995,233.99861036416,1884.6848853450986,-250.53988331728198,204.88137642882614,1796.2265175251848,-264.8789354395496,184.59642316487117,1708.5775352044564,-269.2048189333958,165.58322325999063,1614.978135378736,-289.8708290212889,0.01651135834585596,0.013122628915063467,0.017449953900693954,0.016907025588575098,0.01858287122479138,-188.578406687267,109.00485542597238,-964.2667380309218,-1182.3392581917046,-5045.576860836052,-3727.7517813278246,0.29764428116848707,1.0,0.0,0.0,1.0,414.41461499050195,2682.24905445236,-326.4096218661174,-1182.3392581917046,-5045.576860836052,1226.3513257795828,-9713.927660994932
177.50120090836853,1826.9241726006817,-24.49102984926999,155.05276455884612,1748.9135169841124,-12.63653212965729,129.47675807646792,1692.8064526651724,-22.334389718033854,101.65818331597279,1619.5386237344826,-21.821314045580444,87.02193093596622,1546.179346195876,-29.825510200217483,53.60408112648461,1490.8576288901825,-30.47997174698591,0.017665847322068384,0.017542000539040092,0.018259861731977217,0.015475220839482051,0.01520295588463244,-454.50706078239654,98.19013403083684,-819.0541056175208,-1501.0617049412003,-4087.0457895179507,-3972.884190942178,0.34039554372869274,1.0,0.0,0.0,1.0,423.61403660820486,2489.1119208988393,-183.33928978410245,-1501.0617049412003,-4087.0457895179507,1799.5002051868987,-9867.323754066794
-338.5545874486354,1863.3169736743669,-380.14642922727825,-323.3854631178898,1780.6815201117886,-375.5114027816197,-292.98423153922084,1682.444327673581,-361.4247229656807,-281.46481108726437,1621.3273018327836,-340.5652638971209,-266.36619826504955,1544.2181691313126,-339.497840480904,-238.67975056222812,1437.0961615681326,-332.95224080189706,0.014717169348541462,0.01598807768009264,0.015675566633245208,0.013681828320041417,0.019201093700265348,185.75480643489664,-370.3898919440539,-802.6645080256405,1245.8789440457742,-5279.63899855881,-3024.9353160679793,0.34249777384644386,1.0,0.0,0.0,1.0,-493.24921807005,2507.013362270495,-590.5428701962132,1245.8789440457742,-5279.63899855881,2246.5072873361387,-9672.371749365346
-99.50922025798727,1958.0600903606148,-158.48032314386782,-122.99167449566184,1888.7589879603722,-150.6291022112048,-152.70367215225355,1837.111715502854,-150.3301865229193,-164.68357852902443,1781.9350327537138,-143.21242554954435,-172.1652138213419,1724.4868988196909,-141.1851997568099,-191.43983314233944,1670.3894337955885,-146.3733448820988,0.01541521334173837,0.015802139173701935,0.011540094574062215,0.01481585679569944,0.013672934994469393,-625.5954235985599,191.48850889400683,-923.2921754282353,-1161.5987900000596,-3945.8970553982936,-3918.435902019849,0.3760965809273769,1.0,0.0,0.0,1.0,71.36385040147672,2559.0267421329813,-345.99879263304643,-1161.5987900000596,-3945.8970553982936,1994.1246260358946,-9854.26754675958
-450.25619756606324,2217.930971214557,-323.6086508910464,-436.19807422621363,2138.356719920198,-310.8574635915656,-432.28832615869476,2059.968724631156,-303.09436451509896,-417.18681164529227,1986.0157142546523,-283.5352056750756,-406.7029142534637,1923.466310587864,-283.2067581249793,-395.9157927219317,1844.0750381515504,-278.9760160289967,0.017035462531015275,0.014222358943504723,0.017221700296424766,0.01435155871493278,0.017437236662581845,-191.0245967644437,-0.06384023569160746,-943.2008093262286,542.2912278797958,-4664.4566674791495,-3638.4474880681987,0.395427433978566,1.0,0.0,0.0,1.0,-483.86185981953463,2518.7427602030452,-412.6702010392164,542.2912278797958,-4664.4566674791495,1673.5193092274212,-9836.975550547457
354.04154299723734,1790.2630180765639,-617.8040647167682,331.7213714682134,1704.0443691227701,-609.8427906488747,320.75655850950363,1613.4062127332054,-606.0669968974556,304.26786693933053,1537.0168008413382,-603.6559205303478,292.68329539892034,1454.7150986880174,-604.961646602488,277.91412977920055,1365.9737418682887,-616.3941048202385,0.015093024714117914,0.01688510788453962,0.012267091669686092,0.015910626871417893,0.01785813885069676,49.12260120413454,19.351202942245877,-979.8332718031119,-940.5385805943598,-5559.696582181611,-2718.749331841166,0.24062197157994647,1.0,0.0,0.0,1.0,472.3649624715972,2521.214664923971,-759.393901314291,-940.5385805943598,-5559.696582181611,1739.0187963352778,-9906.151395947652
228.92263182708953,2250.309604290844,-175.20957781751844,231.27763338028953,2151.730112305687,-171.819588766832,243.7944181327525,2088.38045660082,-168.75972197954638,255.80351898239914,2014.2455971702614,-175.68631654385615,259.51727318695083,1940.3789516231407,-185.47391565017165,268.0978430980071,1861.3804407649461,-194.91443841516084,0.019261778438617795,0.013680119492937959,0.014693080689713672,0.014514218708272533,0.017569625758764904,449.36584016372706,133.90557902670201,-1003.571835455523,526.9452427457461,-5042.01253932141,-4011.181404584753,0.3414633002959478,1.0,0.0,0.0,1.0,201.70157607322471,2503.6514725077695,-180.1247671331887,526.9452427457461,-5042.01253932141,507.15132661737493,-9613.473896174726
-284.48781515069373,2296.4371146879075,-278.88836472909975,-288.2891999155698,2232.258587690261,-261.6719413606096,-279.8299743049966,2186.995464466069,-239.82934677124823,-280.85283306164604,2106.58176788823,-229.2204558435427,-277.6023174380029,2040.9019556031476,-228.6392997568806,-277.59695614641697,1987.6876293811686,-214.3425935132342,0.01551290190450326,0.013170580708158408,0.019396476360387965,0.01611036256608983,0.016292454764745057,-225.34909031182755,285.08169934418174,-1000.6588998483878,117.678156960373,-3837.2036578504335,-3919.237955549284,0.4426852621439222,1.0,0.0,0.0,1.0,-297.1327660576542,2625.775930632952,-413.11425215310004,117.678156960373,-3837.2036578504335,1992.8620614663685,-9691.967241009253
92.20616802304943,2066.0183713502347,-196.48327808446228,104.6997276802968,1997.6641113505855,-188.25225806958076,112.64547583030026,1920.6152507953684,-198.4895866707864,121.23185790835127,1839.4951201706876,-206.18438071399703,135.45464119956208,1772.4409878911463,-215.38559445610528,143.75987596960235,1693.251820983613,-231.14794225541874,0.01536951276019577,0.01854362360715267,0.01657621006002849,0.01606457936863434,0.01818463325407993,325.29939716526036,276.01532451788734,-1004.3516066738151,567.9956205315697,-4408.83956030199,-3967.8886978162727,0.3215816507366114,1.0,0.0,0.0,1.0,24.261718283528808,2612.7002914779437,-262.8483939762765,567.9956205315697,-4408.83956030199,1169.7633668821607,-9693.683140940431
-230.57221597985287,2072.6861368948903,-316.8070712814168,-223.11200175380517,2014.586872005633,-320.1619637355829,-208.10676486198474,1930.839148866985,-340.356836587166,-197.45947191617074,1866.0906681077215,-347.8675199406752,-182.4114792195961,1772.9364863281883,-365.5700191255853,-166.6216609895915,1711.0452065579038,-371.7554540046645,0.011350055744006812,0.01595247876264859,0.013090910315693455,0.01665729653771733,0.015052871127424428,52.2133476161881,381.179760483903,-1014.2659840831809,868.805570819813,-5188.318226579943,-3746.4674970106717,0.2539729159236265,1.0,0.0,0.0,1.0,-308.3409642740345,2534.3318245145783,-310.2830606164648,868.805570819813,-5188.318226579943,353.77870921927587,-9880.111340313133
-30.561648852583815,1940.1514497374144,-10.741701100870895,-14.230650156528828,1895.3452325473681,-11.30767101458835,17.23992304036439,1815.231320123491,-19.766241451844852,40.95437225734913,1753.2733158494134,-29.61219573723592,60.68027978151659,1691.4571091362334,-48.93154557754413,83.41649047911615,1627.512697098312,-57.69588347635898,0.012925113108527841,0.018048698942073532,0.015631553560132794,0.016012006591560657,0.015161977045605624,584.7778653114879,272.3883362062903,-983.734288206944,1441.8576841344163,-3944.8127299921166,-4397.717011095123,0.3456842549434585,1.0,0.0,0.0,1.0,-345.22034095521093,2816.792547051199,-201.60673184497773,1441.8576841344163,-3944.8127299921166,1972.5152859417326,-9876.329142692797
205.03923544278612,2000.3075064639809,-193.80138018366128,175.93678147380268,1894.178257585416,-198.00909852519175,146.71512457053075,1813.113295188125,-215.68778540269668,121.84695558773703,1721.2024392055946,-226.28121818112857,99.4111170655664,1632.4307730968324,-237.2355053553911,69.60915883331674,1528.1383957645955,-260.7080913291353,0.016317180688605576,0.014179445888362674,0.016330975557320104,0.015463494336738978,0.016467915976587005,-353.59316368146597,90.03865726099457,-888.0783469454276,-1693.517548834398,-5832.3146489970895,-3740.023594717053,0.2486746707863126,1.0,0.0,0.0,1.0,332.2814435964649,2452.126090104816,-187.50245946174266,-1693.517548834398,-5832.3146489970895,280.38958245193476,-9926.946116466623
122.5622586699574,2063.9012032208257,-463.27279128301325,130.80078679721376,1997.6813640062678,-450.6479082958121,135.68687766906157,1929.4285253884548,-448.802172161317,152.44921966921774,1864.0287953238208,-453.0932336432373,159.24045661557562,1776.168331360438,-442.1922300295477,169.5345797552415,1714.2435402658948,-444.0980163066173,0.016899650324671694,0.017423946150969927,0.014159823500081908,0.019227728023017976,0.015928388890333656,385.1917691283746,385.9024108452418,-1005.8365411329464,671.6979604081283,-4205.335537568226,-3306.6664610691146,0.3159178175412759,1.0,0.0,0.0,1.0,32.55033991410653,2593.7035680685603,-623.4353562001861,671.6979604081283,-4205.335537568226,1849.9000422776394,-9822.031434946202
730.327900711224,2282.404758884856,-258.3354210873764,726.1264346106914,2206.8393214587363,-248.0653464864652,725.6231060786984,2138.0864971535375,-246.63735809552074,711.6458784951034,2054.8419763930196,-243.99849293707848,720.476330274592,1996.6053149769202,-253.56863975047895,699.168630288175,1908.766842817118,-246.52540208022276,0.013949436931016315,0.015055057374789946,0.016447851940391098,0.01067796573978802,0.019118894042449402,571.0571114922423,118.14624536846237,-1019.7349662720746,-355.0030713334638,-4903.752272547368,-3901.2236145095176,0.364282196575697,1.0,0.0,0.0,1.0,741.4585857323,2471.9473361911955,-282.4491011212864,-355.0030713334638,-4903.752272547368,829.1991763812414,-9855.047481022424
-307.6346850635336,1759.8591551891725,-214.91737308068187,-315.12219212548854,1695.96887833384,-199.8594383355954,-321.8233324295326,1618.8665580549616,-202.1480687388062,-340.5450116123891,1575.669913429706,-194.8545357648646,-345.00031402716917,1500.5505185901684,-200.09087859683697,-353.4480593388895,1437.8414973270872,-197.3255836671267,0.016104074878287578,0.016491022875764955,0.012891431011005261,0.014649694338098207,0.015711496667922153,-560.2895045827128,6.916666703018194,-812.0477366422285,-618.5734083027692,-4256.8512103311805,-3439.281841296135,0.33637185213730186,1.0,0.0,0.0,1.0,-186.05259255953797,2582.3116489533813,-497.84980069443634,-618.5734083027692,-4256.8512103311805,2400.610978658808,-9652.71540488421
365.2041844423556,2065.908147479069,-427.31105654998925,356.14354073933464,1959.9393204637934,-435.0692538336256,357.7166582756337,1862.0813990778784,-437.81264515176605,346.6961265371185,1786.7848645036445,-438.58364435054034,344.385517984151,1690.060009538189,-453.94308800605137,329.32945207200726,1607.471778334684,-467.1381420082801,0.019786679052029008,0.016715435388593783,0.013011870630644073,0.01700723283533967,0.015764122087318422,247.49768971693743,112.42232884822124,-1011.6833679218918,-348.1505011551208,-5768.842332567373,-3396.5565954312538,0.2578881223521058,1.0,0.0,0.0,1.0,398.94315771941615,2621.8687435150246,-468.39563867495593,-348.1505011551208,-5768.842332567373,898.6819782039702,-9874.111663529262
-139.12571167952473,2415.1802441362433,-432.22135051824154,-147.0222123630141,2324.877562893097,-415.52844628624877,-135.70208802090326,2230.8083593261113,-395.65768950543196,-135.47112631068853,2139.9480698515117,-374.5996031464825,-137.42526322532393,2046.4656498703425,-367.541514368693,-138.08172271879334,1949.370097539859,-359.8183445896831,0.01289413428769325,0.016576873429293433,0.016209859988390515,0.016683081146163792,0.015785956390658037,-127.79135719782238,-269.94838369107447,-812.9683213758406,33.624417095684294,-6025.624213631086,-3041.7860063583007,0.36732300778707017,1.0,0.0,0.0,1.0,-143.59483323279346,2562.0949967155375,-468.7455892080109,33.624417095684294,-6025.624213631086,1577.008422665403,-9827.222189412132
453.50530287497605,1678.7685751030513,97.70993988253915,448.90156022262113,1608.6822347465716,87.29462090424342,445.0186681512715,1542.4037087462223,97.01699039562835,436.15360483924337,1475.4010883946921,82.89812264604244,426.9747316385511,1403.885155241295,80.41684903222443,423.457093147191,1324.3465725692367,73.97935461745142,0.015466446958648988,0.014187189014588819,0.015321143862888298,0.015706430980490516,0.01924796550023916,288.48874512389864,-323.3846759584147,-804.717861451971,-360.9778780867724,-4468.713638749093,-4180.132953234045,0.36807565300150485,1.0,0.0,0.0,1.0,539.3683703942056,2782.3713029722053,-243.5560714664747,-360.9778780867724,-4468.713638749093,2565.2788813333327,-9705.628538945859
44.33515645080679,1649.3257137568694,-138.6593112025215,12.402378900200862,1569.4880297190907,-139.77719053468118,-24.226777325504955,1491.3232618121842,-146.41968260961337,-63.99647803824617,1412.4603510915551,-160.56964564512953,-105.84531482075208,1317.7662193142678,-172.28353541154553,-148.2039068392675,1250.1826428855854,-189.84576121198248,0.01646934394638558,0.01595939296180593,0.01847827313968642,0.017814436551040536,0.01784839546666922,-706.5893269798703,25.965648255279238,-810.6304024660316,-2118.66902062402,-4594.060629930561,-3629.51444741455,0.2659330743233909,1.0,0.0,0.0,1.0,564.6120853945417,2782.402026213619,-389.11587456058055,-2118.66902062402,-4594.060629930561,2224.4660210630373,-9756.634114129307
-42.449222374564904,1698.8667023265364,-363.95665505493827,-47.96624297251711,1642.4934023638393,-368.61406028523317,-52.24103514134234,1573.0741131985865,-360.199709886961,-54.18046377253405,1492.2217863731096,-373.8915616838544,-64.81923001189955,1415.3469277198576,-383.6402844188701,-70.83557323999193,1345.090292701061,-390.44207888225577,0.015025085266526322,0.014543634627295743,0.017249818910675563,0.014791239847995685,0.01835778144480199,-203.92739179261565,81.3959799600367,-970.5368640997726,-454.92467889374814,-4456.408691707356,-3457.516769188799,0.28295790872734833,1.0,0.0,0.0,1.0,62.20354536022694,2688.3950646088406,-634.2482822997019,-454.92467889374814,-4456.408691707356,2307.812216026165,-9855.263222589689
-430.525150533823,2360.6558151609624,-182.3767684443532,-388.80476110349343,2254.8865813853117,-193.22590182075498,-352.1662386979492,2151.6354678615553,-201.7434809164982,-301.3036913158868,2040.8761363864382,-213.35850064140052,-275.1178735322062,1937.9630325192932,-227.21713179730529,-233.9151352036111,1840.3984461422222,-253.13598131307282,0.018278048531603922,0.01628934003448406,0.019235659250824454,0.01654097020059629,0.016991543693733555,394.00986662673773,186.9829269991169,-934.0790144619585,2283.4157293464696,-6009.374606428785,-3854.6073730046946,0.27438194278580735,1.0,0.0,0.0,1.0,-473.68811052492094,2470.5452774420537,-181.38854314979665,2283.4157293464696,-6009.374606428785,-106.92142337510398,-9862.33144639368
37.28478536273789,2317.5734096843175,-127.98517910616626,52.78148844362193,2267.407199470159,-114.15995156613621,68.65599778919068,2212.21392818861,-93.69134134180582,77.8122148746821,2139.921335287525,-89.30616382330913,86.23950071317371,2090.7439380906108,-68.7233956344658,98.82544690864782,2026.3586988978473,-62.93982638307765,0.01614992809464255,0.015362108225468088,0.018371266779823148,0.013224310181657678,0.01697926727091581,450.979685288624,222.59525527334426,-1001.8598294368386,728.877349292326,-3725.8316199826363,-4328.511504448794,0.4839792334700198,1.0,0.0,0.0,1.0,-30.07936524431159,2681.6441244618845,-299.0180013898936,728.877349292326,-3725.8316199826363,2198.687783094413,-9889.695890216974
517.2639653029324,2065.763003509982,-370.24033621395535,502.69293920531595,1993.2733326694247,-365.70149689942974,481.1027718728539,1921.9998154769435,-362.30543163242965,475.3259735127397,1837.761508393798,-361.9868761792462,454.5588886100205,1765.8659410631726,-360.2025575475602,437.5919871260503,1691.588635309001,-364.4423283694333,0.016651062298599584,0.012856912009225632,0.015480736396237038,0.017108901926071535,0.013215581686395167,120.8377550857366,51.35101824429006,-994.3691712909258,-959.3192886146765,-4923.119205081163,-3513.1085060162754,0.33432392459186,1.0,0.0,0.0,1.0,590.9042065069273,2463.679428734066,-442.35351903157255,-959.3192886146765,-4923.119205081163,1259.9833947536124,-9741.003879122227
146.24073067451283,2385.3822958509545,-474.75006144344576,119.3798924666522,2267.665372259189,-469.9944322983745,103.95766306048178,2165.3632420231247,-478.25939110945774,89.35708806953681,2055.1295451980395,-475.46906162269676,70.3257038562539,1938.0581675490178,-488.984652306445,54.33103052599992,1846.0547374886785,-494.63340180098743,0.016324743160117866,0.017343835934709406,0.014609352537980264,0.018729723005875977,0.011898513813978134,-219.46359183231573,95.6465989707656,-998.6740426051041,-1038.5823659754021,-6656.858033747422,-3197.918336941532,0.26436891678914176,1.0,0.0,0.0,1.0,149.2331480889518,2458.8312009510996,-479.4821192824338,-1038.5823659754021,-6656.858033747422,272.89341681381717,-9776.934517620697
31.8178140767175,1580.4787895867073,-212.8304467683664,2.728674093609558,1496.9819164291841,-218.45836886756197,-26.21458702161694,1424.6836155397975,-222.77855406153162,-53.1014021388829,1341.6480751556699,-229.94175066046478,-71.32282901175722,1246.8631764943216,-245.61229560720795,-102.6320626017974,1165.923022954018,-254.8781478391289,0.01723605150509394,0.016967940405850646,0.014889886878990288,0.019330146538383358,0.015747142019230886,-512.9373321758393,-87.94441986082114,-812.2594241112954,-1609.4723457725227,-4940.616842775477,-3436.1803736376933,0.25523681231088036,1.0,0.0,0.0,1.0,332.0356493547348,2505.8794225963093,-366.13826951004233,-1609.4723457725227,-4940.616842775477,1736.671213251971,-9853.050641694585
-317.5628978975333,2333.666036141406,-623.3036675635673,-285.73369267918054,2252.294106969991,-581.7449229964789,-263.6040003582452,2183.2344584817015,-564.4702837601247,-232.89061550028921,2104.260601081542,-534.4460498576096,-202.1531251023848,2037.5012752410853,-508.03252490726436,-182.32455521176718,1966.4022342106132,-481.6520732208091,0.018108691537228425,0.013227844120920526,0.015971724692908917,0.015913115434823044,0.013780114777490457,643.3497653276877,-158.53939908168974,-814.0431949018043,1843.6594374458386,-4762.064466283669,-2895.672904533043,0.4463360629799376,1.0,0.0,0.0,1.0,-370.6629252675235,2460.596057374326,-684.2447327172749,1843.6594374458386,-4762.064466283669,2423.678496589297,-9671.548002040623
-334.12049843456947,2007.568121720202,-159.88046320963028,-330.82566527959244,1943.8950449446363,-160.53693276360687,-324.6626419357932,1868.7164322596698,-170.85713029891514,-325.54436364955893,1795.4897570318215,-180.1417653416791,-322.6461322428093,1729.6129037679132,-200.35899434261316,-328.85340747164145,1645.7199169738087,-213.28484517658023,0.013736255602053188,0.019976231273547446,0.014886453083868656,0.017292807888188988,0.017301018745918828,-302.46961007624395,332.66655244192725,-1018.7031736995842,61.90276532784051,-4226.804961480091,-4094.8564889988284,0.3122876521909705,1.0,0.0,0.0,1.0,-339.30175544630924,2847.615504522574,-299.7314691534866,61.90276532784051,-4226.804961480091,1678.1448770791712,-9702.523304332777
-346.7330142582804,2435.6515775966755,-315.51313392019694,-345.9190172214763,2378.6176194180425,-295.9484373264681,-336.04090427808245,2319.803952980285,-272.18047755731953,-328.1878649996579,2255.238018961979,-257.9812251725794,-314.5258397091341,2199.4628295583952,-252.4433912440801,-301.3970102975088,2139.456743903551,-226.45657704270423,0.012754127075312358,0.017021146979962765,0.014889783855862482,0.015508069456041287,0.01827366164456637,-73.28175548849197,302.5322700974748,-1008.02325096867,500.8391344626111,-3805.2293978119465,-3986.8371239163102,0.4808817478354731,1.0,0.0,0.0,1.0,-386.30621452762443,2680.8006437299405,-436.2775568536196,500.8391344626111,-3805.2293978119465,2157.250902748153,-9830.540842663142
366.2097822844253,2412.5207613327307,-422.8285450022961,355.1746919317165,2328.0499448505575,-414.6367626480687,351.4999712607461,2257.8414580254453,-402.11683971632885,349.6594184674545,2206.457465424376,-396.3093782381979,336.75433564708004,2128.232196442285,-395.3947573898221,336.57197250481914,2048.997532911311,-392.9567771641072,0.01913904084112028,0.013772583456287645,0.011249562279987455,0.015044739350512967,0.017803694451420174,186.9482352030093,325.61477789094556,-1008.6313856866024,-404.3274691799975,-4798.388874770248,-3473.4916630896637,0.35914749132592255,1.0,0.0,0.0,1.0,376.9821457176083,2580.857549032966,-460.093493978203,-404.3274691799975,-4798.388874770248,1139.287868585838,-9814.424535479786
519.0595658523522,2352.1218725092103,-138.00459046211478,479.89529091487555,2282.098555999094,-128.30775455298982,457.8554081002479,2233.3280865094603,-114.39085748895391,418.14369474399285,2155.1200299913944,-97.21189703820991,381.6085542374267,2093.0087427020007,-86.39158101712444,346.7924707832625,2031.1475783917222,-77.09467717798793,0.01738600136922447,0.014536186997064278,0.018781266929521687,0.016674667841034968,0.01643106725140976,-598.312887516858,257.67430485680495,-967.5198549878245,-2035.8578400488518,-3835.50371764026,-4184.233524730621,0.4621865190572447,1.0,0.0,0.0,1.0,582.4846597114774,2482.2664610881543,-189.39780613247444,-2035.8578400488518,-3835.50371764026,1501.0540459190727,-9802.219949396029
-151.0682359340893,2432.433817559572,-180.86142640061576,-148.7599536685716,2369.5059301119695,-164.54127822226386,-141.18140720999264,2309.957066822556,-152.86930400287446,-133.22854478309102,2251.9127622291458,-138.85155160188458,-132.11050892512043,2189.592994622859,-134.9471678243799,-126.97798220825379,2131.781396141604,-133.6868706982761,0.015076202924441909,0.015117710089672068,0.015021846913500073,0.01679749203807948,0.012413458675160222,-0.1483838483405222,346.5125448157823,-1010.6016871513413,283.04923630335315,-4002.0656609725506,-4133.532927694139,0.446834756946203,1.0,0.0,0.0,1.0,-168.56267944883587,2727.741613094451,-275.4006212750121,283.04923630335315,-4002.0656609725506,1662.2688407148912,-9740.843308250485
464.35888499993854,2236.1230113886722,-83.47209549992138,459.47744443311905,2168.4863235514613,-79.3609432559837,473.35839736773664,2089.5981273868915,-71.98166249768262,469.1386653861657,2034.9458305792734,-66.15563753063513,473.14718203483574,1972.175965450634,-68.4351664987148,484.41419163412286,1913.1259507518423,-68.25153326847156,0.017576364029372404,0.015731459012780863,0.013233196850260781,0.015005857456564492,0.01558784299714433,565.5999628593264,116.64127071569672,-988.8813258400309,202.26522133919252,-4259.877530374074,-4270.483056963033,0.4195873630177517,1.0,0.0,0.0,1.0,443.22950394911686,2693.867176592009,-211.6713804041517,202.26522133919252,-4259.877530374074,1701.1939811419434,-9870.54055885121
-322.13207467760856,1920.227223989534,-139.30757036585186,-304.72843352327254,1873.2922008324294,-143.18938627427892,-282.9492857645687,1809.4164298855785,-142.81550085681346,-261.6344325027776,1756.1954427958135,-152.59708331177188,-246.86406027407602,1707.1168070408712,-158.12786986113693,-216.73606204589487,1632.8800832072343,-176.12297635190134,0.012840787983546181,0.015486317234045005,0.014564292151464237,0.013875840639604398,0.017894783961286465,184.26205506609574,377.38456756764424,-1007.0391764792607,1242.0407410863425,-3793.788759354699,-4126.920118725734,0.3318691058926522,1.0,0.0,0.0,1.0,-517.4909636476873,2520.875216603057,-238.1529353335577,1242.0407410863425,-3793.788759354699,1405.1989111303214,-9791.361114789486
-32.541649085823074,2155.837203275854,-455.56865928631345,-25.45061753730507,2088.990669066618,-429.47158411253525,-14.38222309776198,2001.4483484444681,-400.4000859081583,-1.5464452176007435,1916.6102157820826,-380.3592865190656,-0.9475879399797034,1855.1494291984081,-360.5009110204878,11.579433384689352,1774.2435124168117,-342.418577172159,0.013901567166562906,0.016993441654270233,0.016446420166251613,0.011609146366737488,0.01890804061839832,284.31262004190694,-360.42917862846156,-801.1408465145067,633.199190917918,-4974.8972405081895,-3157.067863311198,0.42855013853024454,1.0,0.0,0.0,1.0,-95.60689450884365,2624.5091656764557,-662.370734952297,633.199190917918,-4974.8972405081895,2694.500824770499,-9752.614480136157
-189.01875885720398,1589.1099835008702,-344.67783673545466,-186.92693653062625,1497.9652982454174,-325.50589555171723,-190.46310457705815,1421.0197719173498,-328.3591859136312,-196.27102521045745,1341.482210764996,-319.8077119615028,-190.6717147859919,1270.0051833597013,-311.36965019282997,-185.96734636691258,1204.5536689711046,-309.0658610575289,0.016297689175488184,0.016094579343126914,0.016853060357510247,0.014049685550759972,0.014660407311399892,-155.71745143973016,-373.1061344205539,-811.4078401713093,98.46642150965823,-4916.150950233392,-3084.712274556665,0.31960830477809776,1.0,0.0,0.0,1.0,-212.33564380778387,2453.6806619636445,-623.6855849294934,98.46642150965823,-4916.150950233392,2431.765299802521,-9593.874042363808
-18.502077226875258,2196.782466597623,-368.09993650250266,-2.9402997848362378,2080.5366378060803,-375.6824926012488,6.466813977096482,2000.01662585715,-379.6250547739269,24.120237742389868,1923.0802530314297,-390.07619573486664,45.046188403512716,1824.2567606023229,-408.07462069614087,52.736478858264725,1720.2069919158478,-423.68936621445016,0.02240340289143726,0.012090731772789326,0.013797318008784837,0.019367066779975878,0.015623586122849892,286.6375655001235,309.16147678628977,-1002.8381053697767,959.0840144451035,-5772.506193107993,-3575.1004553901575,0.24498279926374003,1.0,0.0,0.0,1.0,-101.7914603501431,2647.0264849950236,-370.50666739518954,959.0840144451035,-5772.506193107993,452.47607033046796,-9944.633396841042
560.6900286483673,1976.3442817003834,-350.4481176095927,544.1915574783536,1901.4690182050037,-334.27115607791234,535.1840975892532,1799.3325568230557,-338.35390566604457,513.3916180516704,1716.9285764002339,-340.08347722625535,499.7871894752527,1638.1917425047454,-342.514867833592,487.09745802881434,1549.121623108847,-337.022513320352,0.014931223944532862,0.015090898260702576,0.01710669644523119,0.012774864504548622,0.01623945457243875,233.10748481598813,-59.20262179918595,-839.4514303627512,-914.9137470747419,-5656.625276606778,-3142.304441646483,0.28387381300038017,1.0,0.0,0.0,1.0,663.116945941118,2599.411258206003,-443.0180169569031,-914.9137470747419,-5656.625276606778,1455.3537463024459,-9782.251463721124
305.27126672441943,2168.843137445565,-270.664270891171,278.1497919236799,2103.704333173744,-274.75256659757065,258.0995086744609,2000.2411349216832,-285.80328645528994,226.28320990802095,1932.885453300408,-285.1439760487974,204.7181807407991,1856.8786552126448,-305.80602968313013,180.07209649583743,1771.893155091608,-322.18922481930775,0.014002367648019931,0.018509064325063718,0.013335945991137826,0.01642612015836166,0.01673557103513823,-270.7820704046584,318.331872319593,-1006.4555831607995,-1592.5108987926958,-5092.6815747777755,-3800.0381142350757,0.2845398000890344,1.0,0.0,0.0,1.0,421.96017057016365,2533.6483573479277,-271.93039298539315,-1592.5108987926958,-5092.6815747777755,422.91080308377036,-9707.928545560555
2.540576975701667,1923.843913679178,-225.12132596242762,8.921744221123426,1847.239527796847,-226.42942611494894,28.264214655326104,1788.6353702138665,-226.26383115098696,44.33284251249802,1713.4394499001748,-226.4749993236936,59.44873728654909,1656.823415567358,-230.14391557957865,73.69748729684908,1597.3651140072689,-235.30744936380867,0.016159412537639556,0.015703536969460974,0.018182985333779877,0.01346436053126282,0.015962380655675512,372.9420524666492,179.61087059678476,-996.6039729768656,879.1070759594287,-4053.9125897122935,-3881.621699088518,0.34898397666293196,1.0,0.0,0.0,1.0,-154.52219310900762,2611.958424424166,-431.944965493951,879.1070759594287,-4053.9125897122935,1999.4250074787988,-9801.744510945517
47.12130894541016,2207.965899349006,-582.1256621118227,57.00727000437025,2137.0812558588595,-570.0889543710367,59.200483705518266,2047.2343167886322,-558.8267723595719,73.53139801370871,1971.6759934738334,-569.9148478733235,86.890045045344,1897.2730957344756,-557.5791044539322,104.34133228172254,1812.6113435159818,-555.7117749879093,0.014578088661040683,0.01811047511496093,0.01599997412392315,0.015601487479404125,0.01701330848365845,295.38556921394667,383.8606458855944,-1018.5692267795209,677.2847158964585,-4856.205041800266,-3021.952096814935,0.29375185124449765,1.0,0.0,0.0,1.0,-26.324670836871064,2690.558040740721,-703.771248375652,677.2847158964585,-4856.205041800266,1696.4869245881114,-9933.555834532726
-234.17406128231377,1849.9780902318496,-414.7932739549446,-225.15980826608546,1775.2376083366826,-412.7183036118767,-204.85023693697173,1714.7354227646015,-414.33889888122724,-189.14779360580272,1647.991340368386,-415.49072930642245,-180.40657650366285,1607.2733220547177,-411.9756065459077,-170.489122975065,1543.488063846822,-430.7965307962618,0.015461630327517961,0.01806576427261314,0.01695600066600439,0.01191424870641744,0.016238128362432935,68.53440392346457,455.04206555509586,-1015.7269100092943,830.9215554026807,-3793.6394393367923,-3449.1809774522862,0.2879406261409911,1.0,0.0,0.0,1.0,-450.7915682032102,2826.0667151405905,-781.4155297619866,830.9215554026807,-3793.6394393367923,2699.3845606609043,-9837.704860981114
443.73961607830495,2410.717300791496,-262.3690560134082,440.6476620522177,2329.351794072748,-257.24588137759747,438.13781207594485,2253.2432091721403,-254.624869712761,421.22235466143786,2185.8132428266413,-252.96047526671438,422.99123511115886,2106.4261225956016,-253.27928714981016,419.63423112526,2045.1152965879546,-260.8928069460135,0.017379064631671708,0.014788317819250024,0.01231810426637521,0.016446845615777236,0.01536297371767717,242.86666251128997,318.20078646228495,-1018.1442006791448,-477.97141860142136,-4824.791004886416,-3862.846346770097,0.35768177594843786,1.0,0.0,0.0,1.0,474.68280053297815,2658.224423832198,-291.6745908652483,-477.97141860142136,-4824.791004886416,867.0953784653573,-9752.457165433916
-91.15343923957593,1909.7313243094388,-527.1145316141458,-64.23548652688063,1825.2020654029627,-513.3717053249918,-41.80842092314408,1736.4765888691581,-504.4809951152985,-12.830278438601072,1671.1851712605217,-505.3329765993442,16.09163189866905,1588.6964558735297,-510.82034379801087,37.90778051135363,1509.4953240261116,-498.8670964702191,0.016001605330200452,0.0179945300455244,0.01304505115925017,0.014802955126199113,0.018789986491381944,495.31966220965006,173.80470848982907,-880.6772007893782,1701.8234055629125,-5027.480997796643,-2729.4425408721895,0.26425992418268707,1.0,0.0,0.0,1.0,-355.59204057180665,2687.5452073881524,-751.872824884049,1701.8234055629125,-5027.480997796643,2214.2250372508697,-9887.335156246121
228.32596513284045,1778.004873223533,-415.7983850265043,222.4509333985169,1693.991186953532,-406.4853915687591,236.25484884837445,1603.5603726727286,-393.42797691736786,232.32119005754683,1515.2007341461629,-387.9052293974303,235.71771088360623,1431.240894627024,-391.11148386288653,238.35073201215502,1351.6658284512241,-384.9405895652335,0.01479552458609476,0.015015797513013712,0.016339649006316986,0.015724277539307913,0.015264840734228652,274.6834982290312,-328.13270022596043,-810.0130269862866,129.3146840156803,-5566.812209067798,-2918.3401237782145,0.3004120652931305,1.0,0.0,0.0,1.0,207.43986254087713,2566.6096484892923,-638.0411566471647,129.3146840156803,-5566.812209067798,2256.909853243123,-9952.403801964123
132.79233951531913,2106.107100764987,-600.2933941440149,126.21802309359298,2032.4496914653353,-593.5060670933585,133.6243074195286,1966.4550011485946,-576.6340919697864,131.92722713768276,1892.1132898459166,-574.2987532292467,134.34910777610867,1798.8067671337521,-562.6433515523821,133.54998022943872,1735.7214181108614,-573.3537745161273,0.016911464305430363,0.014284963865103029,0.018081424737277307,0.0176733823862682,0.01627977908087233,149.08485312342074,370.16941022792474,-1013.0972271416357,58.250782954135644,-4479.008070810499,-2918.8030973563395,0.3052126043150865,1.0,0.0,0.0,1.0,121.99823904974664,2452.9081631548092,-689.4062891816534,58.250782954135644,-4479.008070810499,1526.584009356413,-9559.972272500538
132.92463496441258,2201.0225463338134,-634.6385340311208,132.45942516825448,2125.4133674078366,-620.9106604758903,129.4622515460792,2039.0739321469164,-605.8593215075613,139.0708489246113,1946.1677792825496,-594.7663379704936,131.60339920026618,1865.2877972376775,-579.8989061913055,130.45971653573577,1779.6028473757087,-575.2120523450418,0.014237823894202584,0.016411769754635527,0.017646199541260288,0.01426758918558478,0.018338674514783618,84.49067345044804,59.84115542693905,-990.7066027321422,-133.1432827059693,-5207.902494248116,-2868.43366612902,0.3294935667710702,1.0,0.0,0.0,1.0,146.4022999087241,2481.515815252314,-715.5970197926986,-133.1432827059693,-5207.902494248116,1685.1666427335485,-9792.688836263593
-137.76583732114395,1655.5380391896194,29.011220712799577,-119.42453384763903,1584.3067431406048,31.902672772173222,-102.24623931428881,1522.1223986124442,26.83789623814717,-85.63192903289409,1448.3030950740213,13.288147642056302,-61.61520751078921,1383.9879083082699,12.534107778619102,-42.96224962522869,1321.5488304919459,1.7572241548278376,0.015499604898927793,0.017263758090212022,0.014819802263440873,0.013872798170878609,0.016711033021519273,396.85287806759663,-141.1584061848121,-811.124462849263,1271.7260612721493,-4227.936851624555,-4018.5236014590864,0.345123995941025,1.0,0.0,0.0,1.0,-442.48632237202116,2649.2799158874,-250.51346673729108,1271.7260612721493,-4227.936851624555,2319.7024011197745,-9603.372731180085
-14.442438981838155,1947.1868943848563,-603.4182679422734,-25.97635390063316,1819.345209423134,-582.0246406462317,-43.50835927248842,1729.2910120713666,-569.0136489491362,-67.1402627481443,1614.8046641081141,-556.2827808640035,-79.57274606173665,1485.540547245455,-542.5848343107655,-94.11661441249308,1409.4813807652663,-549.2315612702265,0.019047758352694927,0.015496594585733978,0.014739723737068097,0.0205033062410018,0.011308850275067006,-366.6514454408209,-266.97061906327633,-800.3623445782276,-1044.8310085685891,-6582.1395476292,-2224.8710991205567,0.25505442376409715,1.0,0.0,0.0,1.0,66.95342311514332,2464.6172932028417,-709.3392551951272,-1044.8310085685891,-6582.1395476292,1786.2056081176793,-9665.245077682497
360.16933777171585,2269.885443904927,-295.95770698569675,354.38251339131267,2200.61648034854,-290.03939009974573,340.1920156398415,2136.403029209852,-287.67154165431936,337.7027124326951,2059.2869106383864,-298.1405846282358,337.86548546869835,1988.4279879227086,-295.1925409350592,324.8337157705948,1929.5535477771268,-302.2216783011248,0.016511071589484477,0.016193098901996425,0.015472811082804211,0.013747280124524835,0.015840869072549557,174.62496179775985,426.79790937732923,-1004.4260938813366,-448.19932749457087,-4412.390911327472,-3755.2814380070863,0.340467480285956,1.0,0.0,0.0,1.0,407.68861209493593,2721.241183267616,-385.2748174891926,-448.19932749457087,-4412.390911327472,1373.93037496038,-9863.86887109127
-148.8770867988499,1723.3667254880825,-159.36521360880954,-164.83147350223803,1644.374200896646,-169.39563094159323,-198.08268872408752,1555.1858642464047,-176.09689414231687,-219.98825073135808,1480.7905395268297,-192.5512342866679,-241.2958338084041,1395.414462113611,-206.1255072225598,-265.89364588014445,1319.0269393405713,-228.02297292676357,0.012889627022784012,0.015486233928600157,0.014027751399140254,0.012254523453997329,0.017995333790756324,-646.4779200879598,-39.18131051790709,-816.9103231977338,-1545.8803545988842,-5514.40866986001,-3611.110826921137,0.24589724344420405,1.0,0.0,0.0,1.0,56.89764125453257,2469.8746342683976,-183.22524008145797,-1545.8803545988842,-5514.40866986001,825.6818901462966,-9751.192784763594
406.7632430519264,2308.107256904521,-150.35743140605226,390.6141865190629,2235.5717502526722,-133.10796765033194,386.56298396711156,2167.5114711245915,-120.15652575991695,364.27392918388716,2101.4748958152704,-111.47993620511738,353.68732369021745,2026.7519820406603,-113.21601917771933,334.91375593376597,1973.2648117532476,-108.11004436570936,0.017717462648086116,0.017459213035124904,0.016171551498823822,0.018356989439040045,0.01692785538232322,-13.58887198267077,274.22940858384897,-1013.9898220378491,-815.1595140007155,-3903.85343437391,-4227.199542598143,0.43331243572599476,1.0,0.0,0.0,1.0,499.9616218377812,2733.6570722394167,-301.67465117002337,-815.1595140007155,-3903.85343437391,1965.8815398431434,-9830.287432446474
