x1,y1,z1,x2,y2,z2,x3,y3,z3,x4,y4,z4,dt12,dt23,dt34,x_hit,y_hit,z_hit,vx_hit,vy_hit,vz_hit,t_hit,is_reachable,bounces_before_hit,has_bounce_before_hit,intercept_valid,x0,y0,z0,vx0,vy0,vz0,gravity_z_mm_s2
102.63510712534347,2500.197955708998,-1009.9452716190336,94.94765425459697,2454.117663649963,-1021.5713676355049,89.83601087121848,2420.0079791504036,-1039.8934371936482,89.28016204391234,2363.4233531308655,-1058.5527025635138,0.015592002325555446,0.017424950665107977,0.015299435408376492,-166.11871753641373,376.6451104144821,-1018.7093204698331,-333.9376949618096,-2649.5873315812637,-1017.7506891051755,0.7516836116009606,1.0,2.0,1.0,1.0,101.03143843303417,2496.3149756795,-1004.2518064785887,-333.9376949618096,-2649.5873315812637,-870.4368816201348,-9650.337790717766
-202.8991609086312,2453.302891188368,-903.439311241768,-189.17364766536494,2415.000916776646,-913.5785647292071,-180.79442558455378,2371.8649861066447,-926.661632360982,-174.42207494323148,2337.8945318123947,-930.4594259963609,0.012866521566654326,0.01607445691534912,0.014286586920150297,505.6532588636547,163.8177832804442,-915.654507066101,747.3129279957859,-2419.6700278420503,-598.4970421028801,0.901772434597847,1.0,2.0,1.0,1.0,-200.55745809236385,2450.405959591173,-904.2866312654822,747.3129279957859,-2419.6700278420503,-376.53459219883155,-9559.7103433611
87.09264724059312,2502.694655282872,-879.4970413452103,70.32705563460846,2451.37113747041,-890.4467794055673,65.86412861793163,2406.6081695976536,-887.8441418863858,59.30647432146118,2366.768201396335,-899.9882309306859,0.015677219716483573,0.013965699016940336,0.017353862049806122,-363.54528513811607,60.627602314067424,-893.8817968458466,-499.37311298898067,-2726.4799724740315,334.8920707433007,0.8480032192167707,1.0,2.0,1.0,1.0,83.39365098702217,2500.827177678331,-888.0686280605694,-499.37311298898067,-2726.4799724740315,6.258419546166978,-9743.48171050831
-120.58800885699499,2612.4237859876744,-915.7418707190658,-129.48474781794198,2564.47778862495,-944.4958007756873,-128.71738325131076,2535.7402436323687,-958.9524930420897,-142.10403042305322,2492.995607335248,-984.921951512037,0.01637721171171892,0.016753386616296866,0.014334132408268432,-445.98004427275333,81.97001653763317,-940.2409899140022,-329.90142703844833,-2619.99997792069,-1181.4448699677187,0.9175352692637165,1.0,2.0,1.0,1.0,-127.62516718064819,2610.2699952311,-921.0630402253822,-329.90142703844833,-2619.99997792069,-1006.4903121882901,-9992.774625125927
-342.27503312811666,2607.8764518738067,-632.4723842652215,-345.8380777285888,2575.6618871239943,-636.017792450944,-331.56316969558685,2548.1655543904917,-647.1243597940945,-342.9110840107684,2501.2226806373883,-655.2700504759123,0.017621107327234337,0.015623335418257474,0.016831496962096508,-352.70366378331295,346.5776408481156,-804.908763277449,-7.935109823699207,-2073.9796653386247,1862.3545199015211,1.0399240602924105,1.0,2.0,1.0,1.0,-344.05439407548016,2607.2154760672215,-631.7867924756949,-7.935109823699207,-2073.9796653386247,-170.11867474244895,-9936.340791240918
557.808216810068,2538.928332101129,-997.2272435564188,539.9598185077825,2487.1731975131615,-1016.0444828829294,527.1181898447642,2440.5464021545617,-1058.1688482888553,497.1594748180406,2391.5489236933963,-1089.5670933104996,0.016622073930946318,0.01587143047346684,0.01586519188759932,-332.5700504558281,125.08979615097167,-871.2939956414328,-1192.1345157583175,-3239.634013050283,926.0690071555034,0.696641303707988,1.0,2.0,1.0,1.0,555.5701637841169,2538.617135873426,-995.0445242390458,-1192.1345157583175,-3239.634013050283,-1817.4976902861385,-9877.013199094528
-330.2571112465912,2615.628937446004,-745.5353759871882,-314.8600152452279,2583.8515017888167,-762.159056679347,-305.72542651320117,2539.9915163663904,-785.6435237368286,-296.45117198389903,2496.9233817687996,-805.5854787719768,0.017595072813252493,0.016995631509897333,0.015196485057290897,210.37261108672348,183.96236356750637,-804.8489272561229,554.7894683689635,-2508.9293288805943,1387.6181039830371,0.9202128106195601,1.0,2.0,1.0,1.0,-327.77317323117177,2617.623812581673,-750.6129056743264,554.7894683689635,-2508.9293288805943,-931.7827302004862,-9752.676013345343
289.3602194808951,2493.943724417742,-711.1655422325455,289.601627555442,2452.9469295828426,-725.8590242080786,281.9842120045569,2409.3758531652447,-742.5247075565246,284.214026075595,2378.104870890171,-760.9019801156892,0.015720281030674736,0.015250445993163098,0.015441287602452263,97.72458240588821,6.159257123211029,-884.6174999775658,-198.92449335936195,-2587.2840617804836,1930.477749319532,0.9135879853737107,1.0,2.0,1.0,1.0,288.6920960308753,2489.951956432476,-717.1325964281884,-198.92449335936195,-2587.2840617804836,-696.8816880342918,-9678.32227757479
712.7573744813812,2463.2754639650598,-527.8778090338649,697.8023841863023,2433.0869862405166,-537.894719866182,682.0296631603792,2394.1393818171737,-553.9868408625251,664.2156700746866,2345.5535830440135,-572.820174440107,0.014401144013987944,0.014975067720391906,0.011339354785278154,-460.36849794483095,-125.23998450326393,-811.6814035823984,-1316.0867740220629,-2901.349146960035,-2512.168636485515,0.8542844334803427,1.0,1.0,1.0,1.0,717.5291648049167,2471.4675020259647,-528.6477717340834,-1316.0867740220629,-2901.349146960035,-814.2804008887124,-9978.102979379553
712.9603294774791,2535.034232160447,-711.1759720455833,697.9774717025609,2476.6088877134466,-740.5663275273735,694.8507197217765,2440.8855938195716,-755.6813929936192,693.4103252445535,2395.0945397927076,-791.9924149679604,0.019568410601901176,0.013029371537993942,0.017154142398854384,249.73460117686395,-47.1596664756898,-891.1176824064271,-488.01767129893506,-2732.941362810414,2414.0213689374723,0.8952480754612512,1.0,2.0,1.0,1.0,710.9113005543618,2535.4699213801514,-708.5086375670221,-488.01767129893506,-2732.941362810414,-1489.7594466099447,-9881.00906774084
149.88853991840745,2685.8872153852094,-511.0662484919186,151.71152891217244,2657.3661660721946,-506.3655031145666,155.2689741109123,2612.2445451317712,-531.0074402696146,156.40761459744658,2595.7902026664115,-528.6642815825454,0.016571121955086355,0.01705547267617431,0.0147497333185439,188.8694780557458,279.8074523333416,-808.5928584707412,28.43951524811648,-2103.0913001182757,2523.421396713621,1.096623672050193,1.0,2.0,1.0,1.0,156.30623309665054,2687.846990968777,-504.97409476235293,28.43951524811648,-2103.0913001182757,-319.0655367556358,-10319.663585158101
578.7632940230513,2598.089082554934,-579.0332539288887,570.1146121757465,2551.929371864194,-591.6149729472442,560.0835775476666,2509.9107851444464,-603.4915356508786,543.0903060791413,2475.50440289863,-614.3662588854739,0.014588226658653045,0.01811156004621651,0.01719573632214818,-10.852323998758308,65.39791549890566,-974.9573319058236,-646.7598708266169,-2768.855150280484,-2850.812510659022,0.865104476972983,1.0,1.0,1.0,1.0,580.9329578075988,2598.9003780055527,-582.7057909568098,-646.7598708266169,-2768.855150280484,-573.8206709518555,-9940.01506338963
206.1460309766514,2660.4837080673055,-451.4015523142702,198.85402154772402,2619.097478654001,-449.3756490039698,196.18691203506734,2572.0086514003087,-455.95481239715326,182.56760682579696,2537.7840879736755,-472.5479820510594,0.014107287145209499,0.0175055395263558,0.014223663891820039,-279.2211709562553,3.7710757737197866,-868.337503711451,-466.21439047147237,-2540.827528751308,-2835.7800818710475,0.9991635094366144,1.0,1.0,1.0,1.0,207.9728670864323,2658.935843318825,-449.92202297432414,-466.21439047147237,-2540.827528751308,-160.9637065342892,-9579.148192047971
255.27857886651663,2572.8589805525517,-908.983376030921,250.9781314505233,2516.906784848639,-925.4133280153193,233.49504126034873,2475.265964798721,-948.123615775898,224.80781779998546,2434.266668402834,-979.2756771198071,0.015897149017714572,0.017746212531540087,0.014238053826117474,-438.98842833365944,122.45941135795873,-841.4467121808711,-793.8266851018184,-2795.965271261459,166.41704166487875,0.8271185846246285,1.0,2.0,1.0,1.0,255.60992113043073,2568.929023711742,-908.6154665016558,-793.8266851018184,-2795.965271261459,-1155.642464727326,-9730.486170118842
57.336067800073465,2595.464499975788,-447.28182433366635,65.1522586613201,2561.782803450458,-436.14614445090695,81.84336357789151,2531.230152478186,-439.0366696814366,85.99868666635388,2501.3892069457165,-440.8019647655199,0.015953647985397605,0.01304865878487135,0.017173077102159623,676.1583743984864,159.01883994357246,-920.4816389254323,554.0756427123624,-2196.1001964520483,-3095.9732271698354,1.0638246161275697,1.0,1.0,1.0,1.0,61.13441098776684,2596.690058005354,-433.49684570288366,554.0756427123624,-2196.1001964520483,250.07272987479047,-9777.2487401127
124.51534381471566,2546.5388398786386,-805.1792232336117,142.32294672541641,2513.672729543316,-822.8382776783707,138.59258225762437,2436.0986140213827,-869.3065833750483,144.87419221763537,2396.799552679586,-896.0979881728568,0.016834437558725268,0.01505188183899896,0.020120637232417873,405.97807968320427,-19.213982358309643,-973.092649579579,334.62935491494477,-3072.81070504435,2366.8960986216016,0.7829930433698585,1.0,2.0,1.0,1.0,126.56256832922634,2546.582956353723,-805.3241667033433,334.62935491494477,-3072.81070504435,-1524.9381561181829,-9768.662619181949
-471.0513503607075,2491.3951742440413,-611.4926856097744,-458.72683678623605,2442.8698998508885,-615.8662058169682,-443.42312687662513,2391.824838331967,-624.2468244111245,-423.94239857971155,2345.370457806312,-628.1252255257704,0.013212873129311284,0.014975940193103991,0.015380040322000167,630.6124392021244,-207.58831409229683,-803.0547272324145,1286.3357325531867,-3134.312824704552,-1912.3539365414906,0.8164311463555852,1.0,1.0,1.0,1.0,-475.63629079361715,2487.920715153621,-611.3790082384266,1286.3357325531867,-3134.312824704552,-175.25027216702205,-9460.055496350076
628.1252185367396,2569.0113289197807,-745.3302128498618,623.4151334131883,2523.663384779616,-742.1309193775332,620.9863333445221,2477.875977668366,-763.4175912405815,610.1520807176204,2431.9972297607014,-780.3408836747502,0.01178189995314484,0.01836535931605259,0.015191923305925156,293.34635783505814,-23.863896203207233,-883.4920476393849,-348.3808225713339,-2722.665620490797,1706.6303561492532,0.9046608174248781,1.0,2.0,1.0,1.0,624.3081392778261,2562.668443263057,-748.7671386793768,-348.3808225713339,-2722.665620490797,-607.0034186988744,-9444.705980933819
-408.23352925397904,2479.595701386678,-892.7131466253433,-403.6760816685653,2432.448735503291,-890.9355841305284,-411.1910482035189,2381.2394770424253,-909.2282186081172,-414.8249717653151,2340.2546833516635,-919.308962901703,0.014168813016770223,0.017755091937549723,0.010963308395678786,-421.3428728132062,-1.4064302459952636,-894.8036487784808,-15.526564510989779,-2900.156921427747,510.39874272782276,0.812112786650002,1.0,2.0,1.0,1.0,-408.06766015630797,2478.2277375747317,-889.0520925258184,-15.526564510989779,-2900.156921427747,-388.83877505563373,-9580.059173472864
-438.4790043725099,2551.2652746756044,-564.6966480507211,-417.2303569189256,2506.1501001997062,-594.869341009895,-399.2870443974755,2470.8616084669993,-621.1128742982206,-384.555072683887,2433.470072979546,-650.6081479293788,0.017643199293895233,0.013338392285218308,0.015102380242420058,573.6384109033834,173.90493114345125,-821.5626671983223,1134.2717394284355,-2669.591410944126,-2696.484893258015,0.8439160281784671,1.0,1.0,1.0,1.0,-435.8634371879248,2549.84128688372,-565.6583598727163,1134.2717394284355,-2669.591410944126,-1538.5971086608529,-9581.931473336546
711.3521883032796,2561.9228336030437,-599.7274007285872,698.9728396082153,2536.003899203806,-614.7240886491177,688.1430485953099,2496.720573827085,-630.8067376915036,685.126790569416,2468.23763615477,-645.7201629786473,0.011528878758253355,0.01723629773499613,0.014118375240837103,-193.31666342395948,-347.26763603785054,-808.9746787449558,-604.1081539976212,-1936.990038021759,-2147.3422836854297,1.4571164482659034,1.0,2.0,1.0,1.0,712.8455675724701,2558.2174209947875,-602.5829296268251,-604.1081539976212,-1936.990038021759,-701.5054661590606,-9980.803010568152
299.51053527416263,2540.1322152037465,-447.70206067633967,306.30884778820354,2506.841661869199,-466.8771663326182,300.7365771367153,2477.22464273261,-493.6801020617459,316.8773293931879,2443.491870330019,-513.1249372999725,0.01841552884615012,0.014052515914742922,0.016456175860840853,412.6454117749492,206.97051447409257,-810.7595124990904,95.75501788471333,-1995.8986257377899,2983.364878274889,1.121075779378263,1.0,2.0,1.0,1.0,300.6120408498384,2542.171906587306,-445.7552621434729,95.75501788471333,-1995.8986257377899,-1317.2221244077648,-9817.074957637727
-492.16915877312744,2552.2464671054763,-562.9076775551802,-488.1684718141444,2498.260546259338,-600.0387733590755,-491.606508989821,2448.047291446785,-631.9263055805119,-484.3327905631064,2385.773208277979,-670.727241937486,0.014547910033529513,0.01762584274474102,0.019012087729916118,-322.64387335378,-326.89887911516996,-804.5626439472176,186.38569406913615,-3193.938186778288,-2874.365035925454,0.848814159491814,1.0,1.0,1.0,1.0,-490.39099801600014,2547.6454889852807,-563.6428484507034,186.38569406913615,-3193.938186778288,-1896.4449100726686,-9683.575171014205
409.37240152074276,2440.9690345028503,-1064.4629428731453,399.7837493341009,2388.3226897933946,-1078.2858828860942,394.60421103764673,2338.0158185071755,-1101.4306106456431,388.24044816255616,2279.7229535843985,-1125.1746056687102,0.015446377705888262,0.017006446960673487,0.017146924162824578,150.42364310048032,17.503471817488975,-1019.7225068537414,-367.4585882697145,-3435.1755261440608,-955.4198604596719,0.6554002511706142,1.0,2.0,1.0,1.0,409.48194783062763,2439.302217749052,-1057.3569694836297,-367.4585882697145,-3435.1755261440608,-1299.5200418141567,-10292.14660686529
-85.8679167510631,2497.754932082042,-1025.9406646884877,-76.7137905797058,2454.0831417263453,-1034.860290937257,-73.51620361477399,2405.6777919936753,-1064.415124671077,-60.99436278696339,2352.541110486123,-1087.7235858331035,0.014743626605062066,0.015306134015544405,0.011695531051861299,295.23005879024817,42.21797573266916,-939.6722404278182,533.66730136538,-3410.2846348932317,-176.65978246941842,0.6782547083275328,1.0,2.0,1.0,1.0,-89.01039819282573,2497.6229128557957,-1021.8329037893473,533.66730136538,-3410.2846348932317,-1282.6105765181667,-9815.216043968181
496.2590941073863,2546.2770027249476,-506.8936274101453,497.07939992326254,2494.893109459374,-544.104081349877,497.55184103403326,2460.9840596786985,-568.8817425346815,482.0404342161059,2440.221561356316,-601.665128467125,0.014296711600829983,0.017077381591017737,0.01253133452482437,75.47765259091057,-37.99251956618564,-914.2703112628425,-394.00363415606915,-2359.582778929074,3314.401741134822,1.0510945722833265,1.0,2.0,1.0,1.0,506.9116319918071,2545.750623361137,-510.01601094352384,-394.00363415606915,-2359.582778929074,-1744.7887985152483,-9821.863909520627
495.2628249945838,2588.4960559384963,-475.70792139006454,483.87313045453016,2550.2148625782766,-503.4887752314701,465.466948416202,2528.4731953357496,-538.7536530761676,455.1955721751658,2488.0997610264076,-570.8512333099435,0.016242481958414764,0.014769125936188357,0.018113570630385174,-617.6602751073755,160.91185171640456,-988.7547159926369,-1005.3096173548943,-2184.8771718969974,3566.5211662222096,1.06087482147501,1.0,2.0,1.0,1.0,498.233400156559,2586.125512522079,-475.7482375605505,-1005.3096173548943,-2184.8771718969974,-1695.5042297834325,-9596.815385948326
360.2000769679027,2578.844850966071,-934.6683323136937,344.32943985112917,2543.366673388531,-956.6290780675755,337.4694635618639,2499.846407306215,-995.4391061647697,318.4897304259286,2467.7365372170807,-1018.6313147116521,0.017541697335017814,0.013402414759200398,0.013726769380646587,-438.17492059657565,146.68326649633016,-814.6550879392468,-893.2148221153515,-2721.209659091433,-83.99315820003028,0.8503291185251359,1.0,2.0,1.0,1.0,361.25234519666367,2582.165911383166,-939.0939022430043,-893.2148221153515,-2721.209659091433,-1567.805631427811,-9845.57384954441
-27.12053683032542,2589.794026852575,-555.1132080769939,-16.941428352838276,2550.55238604402,-580.6375038996663,-10.730242427913971,2519.19350441232,-601.3368673543399,-13.049193791558771,2491.2798669148924,-633.1027934216014,0.014684793961873091,0.014825687086286253,0.013622703943737258,425.917377911867,247.81667537814982,-806.8410777395621,408.2801867317023,-2109.4678219473203,2689.052829794971,1.0618668150081019,1.0,2.0,1.0,1.0,-25.232228426663426,2578.778618629946,-553.998845616541,408.2801867317023,-2109.4678219473203,-1530.7756622966842,-9667.831311692222
-328.04306541982834,2582.057116517694,-896.4243615592286,-326.1154352947718,2558.0291568865177,-883.8042423917931,-320.76685366077726,2526.5023033981324,-876.1424380898261,-323.9374356815653,2505.0714418506814,-892.0293504157853,0.0137948884378083,0.014762570177119435,0.013421850929487285,1.3353687951814468,469.71054100102197,-1012.1594668413203,299.3683814408496,-1895.8538606544112,-1573.2196766009545,1.0730206904555832,1.0,2.0,1.0,1.0,-332.46037651136635,2583.5875956306822,-890.0433449673807,299.3683814408496,-1895.8538606544112,271.2109916647655,-9835.966384556205
533.0906292232381,2518.282558892483,-487.13996199056334,538.4542793809213,2483.9899852476146,-510.9164768881906,535.2411751469155,2466.485781888956,-533.2970886345366,523.3202827505821,2437.5755082399432,-570.4779934344268,0.01637445430138566,0.015337550272709043,0.014960754189488404,223.4050094645563,413.18329409110964,-804.0463986350729,-278.36113521492666,-1858.5601802869796,2897.2735620379926,1.0883272412364147,1.0,2.0,1.0,1.0,539.3448979334974,2522.649098716838,-487.23177875669603,-278.36113521492666,-1858.5601802869796,-1443.455560939278,-9961.374825565288
445.79235469068055,2619.1969304254676,-780.1298404205854,445.0314326274213,2589.787033097731,-773.2499792769968,444.8304653089708,2547.525047097838,-785.0062530709357,441.21047529549077,2517.9639296297173,-791.1905828123067,0.012735964727452658,0.015900582306687224,0.014983018280627584,173.66407354226112,-31.728767315994084,-889.598836838811,-223.81459558821564,-2126.741597477433,-1502.0997932165544,1.201380434685228,1.0,2.0,1.0,1.0,452.3132450495883,2616.0645215434038,-775.7516780803292,-223.81459558821564,-2126.741597477433,-131.28423963443433,-9837.746500669415
-297.771122369241,2527.4922445508223,-537.0989753708304,-291.3007291952826,2481.311807028247,-563.7685969335336,-280.9230751118413,2449.0069370476886,-595.0406207208599,-265.8365888892452,2415.678084623709,-619.7363125202857,0.015376121443793002,0.013278328200489794,0.01847971154820949,637.3467871886783,176.15702480676737,-960.2546060420084,883.4050778190232,-2197.24531438249,3410.4530878302357,1.017865838807507,1.0,2.0,1.0,1.0,-303.47962068857925,2516.2232846241295,-534.2336998303217,883.4050778190232,-2197.24531438249,-1804.100792814357,-9831.84695424791
688.3738650043878,2605.2608035207186,-745.6057543190796,671.7100774572863,2564.185225994142,-762.9363300338745,669.3022418271075,2524.8172864193357,-783.3188718784397,662.1409846198065,2497.210554959443,-801.3083272474589,0.016982480009360094,0.017925335729837625,0.01035252589236315,-0.44393691295707427,-264.26829214501754,-804.6771524344291,-548.4034385380164,-2283.9862116649606,-1462.954118889452,1.2097396583684343,1.0,2.0,1.0,1.0,687.802378452255,2602.1344034945187,-741.086024848528,-548.4034385380164,-2283.9862116649606,-930.4614083165542,-10029.646033573534
212.99225692183114,2607.082014645911,-669.6722105064615,222.53003918022316,2584.4262781423126,-694.4868181353696,223.20806732359603,2564.405127389004,-713.8914070679184,223.02487701057447,2536.7558756678145,-749.8216918073956,0.015223741024170954,0.012099336096457301,0.016363582395900945,671.5614984344868,103.39478841700114,-877.1239235121718,302.5109726634034,-1669.0207989053063,-2562.6070941372227,1.4563133404834707,1.0,2.0,1.0,1.0,217.7950394393756,2606.9259867749734,-669.797615255238,302.5109726634034,-1669.0207989053063,-1570.4487353062777,-9891.34771512224
341.5651465935428,2677.9745484336036,-694.3339928982018,342.75396579793437,2641.842048776831,-719.8804234384817,328.17528631766817,2609.390083662607,-736.6234580191336,328.6632505906382,2576.3447391896148,-758.2472711732022,0.01806327428087192,0.012961488651365562,0.017143530642251572,178.15840844196148,-414.39381264245395,-806.3761009170375,-122.96973002327843,-2286.4056829733313,-1803.8517058441316,1.306831706425504,1.0,2.0,1.0,1.0,344.7823926235061,2683.6858877864056,-694.3783063372427,-122.96973002327843,-2286.4056829733313,-1009.4429005810975,-9981.073522711116
-226.30749787106956,2587.977035642408,-474.995432473476,-217.04332778676724,2555.843765260204,-487.8655649979726,-234.0865953699771,2513.1878580099037,-509.46589978915495,-232.8337696967398,2483.310389780369,-536.7802071670797,0.014239636000134484,0.015106400346967436,0.015712670845305067,-340.8463004971418,82.47166453672236,-941.9392653937134,-123.13957425840331,-2535.253672325039,-3279.767438315514,0.9449412928075938,1.0,1.0,1.0,1.0,-218.9381219813231,2592.3728001385175,-467.904855792537,-123.13957425840331,-2535.253672325039,-1149.2166080574227,-9953.702336275468
-321.7388853031027,2580.112294996718,-817.6239185446439,-318.5160854442394,2548.3210914793444,-836.8007610542729,-323.1955597555142,2518.0816861318385,-852.9452369334772,-315.3801366863856,2487.912608539577,-877.4775030125537,0.012639676159276983,0.017075879032849288,0.01745740041839869,-210.27167385801982,99.69957711765441,-1001.1625630361758,89.71676950652005,-2011.8846342092384,-2154.3017929324064,1.1878270443894707,1.0,2.0,1.0,1.0,-321.0718841985688,2584.3771003660495,-816.5265104837215,89.71676950652005,-2011.8846342092384,-1001.1748376201903,-9856.771799143104
-156.4811780285517,2444.647014939731,-1018.6196156736506,-163.94668186108143,2408.862286455265,-1037.2468597141017,-162.95351751966314,2380.626258922778,-1063.608249197155,-162.28341473123461,2341.899625034874,-1090.93471443769,0.010863017641884623,0.01579416255250544,0.01783082283061526,-262.5313040226237,414.75864570196865,-1013.6277774615914,-113.69256138633818,-2279.8735137467365,-1477.6522668984096,0.8455119969749954,1.0,2.0,1.0,1.0,-161.3449243887851,2443.846072936567,-1018.5553686265944,-113.69256138633818,-2279.8735137467365,-1510.6808237325902,-9914.122150640453
626.2717858317997,2526.1117004021526,-498.6490677884881,610.5890202905147,2484.5385264863758,-515.2516864755082,600.1130928974437,2454.1827050007123,-540.7360818161862,583.4381808846146,2423.1830701915655,-564.4288696945792,0.018617265560114112,0.01479480456349094,0.017018519219892933,-324.63338231505526,40.552224595939066,-968.1825803093365,-875.8344711329873,-2289.4627788836315,3250.515509238674,1.0345694106565009,1.0,2.0,1.0,1.0,625.647018864237,2524.619339684674,-500.12953504726045,-875.8344711329873,-2289.4627788836315,-1196.4245276768145,-9759.14314332238
690.1178078526954,2462.8595221428245,-1022.9440906033433,676.5445997358718,2392.5642936150552,-1040.4507641745004,679.0088130830835,2336.4749629175863,-1059.4622232139168,680.6019818528675,2278.2300975750277,-1101.5719749878037,0.016201801531158803,0.015381802655197913,0.015411242035349368,637.7053862347908,-20.482941810719183,-961.1519335006979,-67.57856866786258,-3907.3995681586694,1069.8682074825779,0.5880051537782943,1.0,2.0,1.0,1.0,680.6177773388843,2460.7157839700426,-1014.7473337191964,-67.57856866786258,-3907.3995681586694,-1486.6702527750713,-9934.277306349566
485.85636572877604,2560.0345294620092,-708.1568275328322,480.96977531847585,2506.918432344586,-700.0913709807553,471.6569824784429,2451.869894065218,-700.4340343121412,469.4896069931684,2403.17275442494,-696.5417307726805,0.013669972803223605,0.01687629796238213,0.018761967177694315,210.20233853583073,-25.58160829000166,-877.7868850483815,-338.7550655419486,-3156.323650014362,-1855.422981249548,0.7706917620567005,1.0,1.0,1.0,1.0,487.981492280225,2562.603784721785,-702.2371349131452,-338.7550655419486,-3156.323650014362,189.22663038427436,-9704.143197307072
770.3164873181646,2465.3586420458373,-844.4226189482531,750.6299238028046,2425.4327964237764,-872.2761175979253,747.8644348837274,2388.1299239647906,-899.6284113680333,727.7861275607188,2351.9405285714593,-927.8274082071479,0.014102838015438556,0.016310367336091147,0.01600975974836942,-171.46858948796643,365.7765977445538,-800.0218855006226,-1050.0896040693822,-2324.203948571632,1580.7577192282674,0.8535770349001015,1.0,2.0,1.0,1.0,773.6120541744772,2457.560151459021,-836.1089080435147,-1050.0896040693822,-2324.203948571632,-1793.1027330601669,-9918.091363531312
-445.06776310604255,2563.9292884582105,-697.6431132799656,-418.4467166444216,2527.917959237999,-713.8813941020829,-407.66727061967,2484.5226127638634,-729.9088848574064,-399.51018948424877,2468.3493845752637,-735.4545054420923,0.01812647682974502,0.011196848302182382,0.0160597364148943,452.7210872533537,171.03739077073405,-883.7547102741489,903.4581788490211,-2437.0145877613445,1917.1493361271955,0.9396169384531791,1.0,2.0,1.0,1.0,-437.1852189129305,2571.496759715657,-705.2343470367298,903.4581788490211,-2437.0145877613445,-504.8924235408198,-9582.439532132521
199.69364172694654,2498.4348734712157,-555.4093508397231,189.70436639293226,2462.797062082257,-548.4012780122299,181.16531944923304,2421.6016736260294,-541.5329278889681,177.94273347323934,2387.419179594839,-537.9597951002896,0.017328161836097644,0.012207936946059164,0.017840412636583834,-529.4155166122544,-92.05230529895047,-802.1624383356876,-747.5121935559249,-2635.6971484980695,-2295.0020394955914,0.9376234885812601,1.0,1.0,1.0,1.0,206.88399404033237,2504.109385971644,-549.1625013405394,-747.5121935559249,-2635.6971484980695,497.04166098527173,-9922.064351806303
748.5685189931996,2494.395192428953,-873.5608404068528,726.6350374969134,2454.0020224611776,-881.2938354869084,714.4119468383884,2423.8297685179346,-900.8223237005702,696.1309115702827,2382.9718714348437,-912.1198328889842,0.014304366269866699,0.020306038051130598,0.01525674754081862,-205.47114081737922,122.62974461334284,-955.162913251665,-901.8894772582254,-2255.137917242928,-1358.5245227543314,1.0001328481381837,1.0,2.0,1.0,1.0,741.512810303755,2490.524557718426,-879.0207253661226,-901.8894772582254,-2255.137917242928,-594.0143299117466,-9809.558502028283
351.4371058973826,2557.0981711949944,-500.7887296527209,339.56776910838073,2510.355523348105,-515.6292696579351,341.575041546655,2470.008187401267,-547.0510197926742,331.09913424778466,2422.230720023258,-575.9518484877722,0.015973186240334367,0.016506974344832358,0.015795156030368386,-105.31810350004977,-54.26913327423674,-815.3709568420171,-487.0904750686814,-2773.6139977507455,-2707.094113525252,0.8917246833844656,1.0,1.0,1.0,1.0,352.5469430645102,2552.9280246114545,-504.8139316356379,-487.0904750686814,-2773.6139977507455,-1202.9632389629642,-9469.597692702686
-413.8278095026613,2633.641438513114,-775.7643625761631,-397.8545475846084,2601.8437691854165,-797.1433318944979,-394.02765629625463,2566.7358122506366,-818.6103467175313,-386.41557957785716,2545.9021750857564,-834.125259552668,0.013939790850213955,0.016365323223812463,0.014862062611232983,272.5819945233759,111.63383872726985,-934.4305823415799,535.5572717700566,-1976.1203272209937,-1995.634677344515,1.2298328233147353,1.0,2.0,1.0,1.0,-410.25352698344466,2631.1872559340404,-781.5995771910592,535.5572717700566,-1976.1203272209937,-998.3960968137851,-9771.447009917893
774.0208810002159,2431.0803068290684,-719.3962622052312,762.1547783020784,2383.811660474632,-736.4400284643531,760.1713297209413,2326.5015716390467,-763.7629152685158,758.0453101409478,2283.500956530996,-786.9718177808072,0.017562612124540106,0.011324569962182587,0.01605780518957396,517.1993400260446,-25.906196117015625,-944.4740081547661,-328.25808080625353,-3215.889557437561,-2446.874886337146,0.7200550127237039,1.0,1.0,1.0,1.0,768.3167718428219,2434.249315322715,-722.7191802628759,-328.25808080625353,-3215.889557437561,-1280.1443728859322,-9805.937411362358
62.07593106598646,2517.0834142459753,-950.6073376710217,56.71181643914609,2471.6549980294426,-959.6877019182724,52.64636483748065,2431.408336221365,-975.7062321069485,40.26687679508869,2386.724841996109,-979.1530439234554,0.01542945131780689,0.01716025350056885,0.015344664588579547,-235.9255535248474,82.6902387895691,-1019.7457460030141,-328.0338680629185,-2688.601606560451,-1273.3955251353218,0.8570656305930454,1.0,2.0,1.0,1.0,60.945097072094086,2515.8746927267694,-951.777994236777,-328.0338680629185,-2688.601606560451,-525.6208152632848,-9901.330467091426
-292.2132380045624,2471.618080897991,-733.028768836263,-283.5484252662948,2427.9275833167794,-759.9890475604717,-272.5064714929897,2388.2818574530525,-802.5507002387563,-261.9461800841258,2342.7890008903387,-844.4266779517875,0.0171605314753588,0.017854107462394457,0.016359608432922085,355.4975684305488,57.60968218126672,-923.4071483965876,686.0368114558308,-2545.120161673876,2849.586187080428,0.8936257526293254,1.0,2.0,1.0,1.0,-292.80721839521175,2462.7482349630804,-727.2155564865891,686.0368114558308,-2545.120161673876,-2066.6555378707826,-9811.414025245844
259.0720668074897,2510.092544470653,-726.4531663585295,257.6228710638836,2489.1685392822883,-750.9321755074704,237.2096457217513,2452.9950250603347,-791.6969841280412,234.36452038744673,2413.6135446948037,-821.3565433372875,0.018103386525995923,0.015100668561161334,0.016219921848804907,-281.4705862089022,406.59981606963356,-808.8448526756422,-547.6744953260506,-2145.5866495849045,2105.594471000236,0.9355760230640386,1.0,2.0,1.0,1.0,257.98879168725693,2520.0026659107716,-731.6584741902111,-547.6744953260506,-2145.5866495849045,-1719.5029681233837,-9572.519769609016
-267.0982374813301,2435.9769433413144,-695.6314458023462,-257.79655254843584,2392.401728281266,-710.8645258428088,-269.30973329858045,2357.154412026669,-739.6228535118432,-271.8149603441212,2307.514619444904,-765.6952848322069,0.017589693596257627,0.014802693314369442,0.01360035466198127,-331.96953602594584,-57.91873213276218,-959.8395852760206,-73.06889721930435,-2704.573204374886,2728.5862698320275,0.8740072584273924,1.0,2.0,1.0,1.0,-264.74615058418135,2430.2886158921397,-694.9711972314443,-73.06889721930435,-2704.573204374886,-1455.2118674433875,-10058.707742629727
-367.6028303179562,2482.396858660379,-998.9884563744266,-365.1876927142306,2436.164208173968,-1023.7444390145129,-365.1287403186018,2373.0157907487633,-1052.487938133325,-353.3876719082237,2317.646507964543,-1086.2329219609107,0.015310779891728807,0.015382479219100974,0.015250412626569614,-154.33173061009558,-35.99384767781321,-952.4369412881789,329.932657432238,-3823.458383661838,1117.5971932458224,0.614056328262601,1.0,2.0,1.0,1.0,-372.08728451537456,2487.488685538993,-1002.5194325786566,329.932657432238,-3823.458383661838,-1492.4666185321032,-9758.305763514874
730.187663466469,2639.886777707115,-670.5224371044637,727.8102948083205,2609.7330771521,-683.7754528428735,721.4863909448911,2585.866031970651,-689.7924618640227,715.3492270248737,2546.6690664906473,-718.0637070134111,0.016036869247995137,0.013645648182109157,0.017157150377008754,104.21914435766745,-85.85549062356958,-838.5296211186625,-439.5583212571956,-1918.3256104506036,-1970.7813693108012,1.3731603321928787,1.0,2.0,1.0,1.0,728.3919605428825,2638.1668762162863,-666.5041324602503,-439.5583212571956,-1918.3256104506036,-719.1015832024552,-9787.279351343539
-486.6885932808947,2585.6308637459674,-629.0524583038637,-466.32289940407765,2547.6088832331247,-646.9767704971347,-449.93163832758586,2490.009297001458,-666.0706477066038,-435.79950649080354,2455.5077508844356,-686.0223246722721,0.019174438560541126,0.011507339369772558,0.017588566159880248,445.1043834236581,269.2770265640777,-990.87186297416,1061.883815807051,-2643.0119302292906,-2923.5702119675634,0.8267296559098067,1.0,1.0,1.0,1.0,-484.04395540751096,2581.9124655147107,-622.9305993471494,1061.883815807051,-2643.0119302292906,-1136.3619091265568,-9860.922094405136
567.6444263317428,2614.096889993622,-487.7556058677916,571.5616158183344,2561.486128327828,-522.0440913500012,568.8699583204415,2525.423957007536,-547.2838446875272,563.5840774325163,2482.221788778085,-578.4942129375979,0.015778282707926146,0.014696289470668047,0.016750729815017372,531.2312852492581,-50.321999950098686,-871.3829038704595,-38.5652748735302,-2789.0265410427323,-3193.5096128217733,0.9077746980063892,1.0,1.0,1.0,1.0,568.0611227534803,2613.198346745712,-491.24973359783576,-38.5652748735302,-2789.0265410427323,-1620.0281806634637,-9962.806390499147
506.8493827409468,2433.4259947988676,-900.2051949733964,504.5028362618521,2379.9359691270715,-933.1357128454474,500.7100590241406,2315.499813550578,-949.4082839970964,506.01790478465097,2249.3584979569387,-996.6297227293162,0.014507717651170211,0.017237306601061195,0.01529182471852264,449.5174881777732,102.58539199965674,-1013.1709474419162,-101.86168823844575,-3882.941887429222,-2175.1368257790373,0.5529631510292464,1.0,1.0,1.0,1.0,510.63450112083933,2432.3505244571847,-899.7884612076276,-101.86168823844575,-3882.941887429222,-1556.8113033798347,-10178.53798569705
524.4845501915808,2499.93067777958,-697.5338709687271,514.1854577527653,2480.466319244122,-713.0231343227006,499.71098272670895,2437.7934908869206,-724.2709050831253,487.9411522973385,2411.0751959750382,-745.7759906533953,0.013662560191560615,0.015579741958948273,0.01765906040999915,-503.26105755932355,-90.75792923634518,-805.9244288516527,-776.6350491215543,-1977.6895644078504,-1650.529959889743,1.2680986374394858,1.0,2.0,1.0,1.0,518.0140320355217,2509.903847959987,-699.1632163780247,-776.6350491215543,-1977.6895644078504,-741.1785454586826,-10190.798093467483
-495.2731793066454,2480.899787005927,-928.7075710493833,-490.1339503806527,2447.679130706419,-943.0967718088741,-485.80271445906016,2410.7016413305405,-966.6069057563132,-477.78866983937866,2383.586724649779,-989.7844537273342,0.018551712698783945,0.0156222056373649,0.01603653469929156,-289.05099014279284,404.3405835263243,-1014.9534928385302,200.80484090775107,-2025.1495362768526,-1660.3131001013596,0.9747895469645598,1.0,2.0,1.0,1.0,-494.87595207324273,2480.1188582100926,-927.3259369649384,200.80484090775107,-2025.1495362768526,-1031.2356620737692,-9667.290449282678
543.4031334118151,2484.895833598746,-1054.5948812884913,537.2579396898764,2444.4203911196423,-1090.3297441131574,529.5420142025632,2398.875819302551,-1117.0632796968498,517.2430276022495,2340.790227273361,-1138.6525865203719,0.017815963852096075,0.017080347825135324,0.014774860634376157,82.15680182969953,-1.3504169029921336,-942.646961595662,-577.6373662354465,-3116.3893330215633,-842.3031198825781,0.750328827688393,1.0,2.0,1.0,1.0,544.2666948180554,2491.761049514257,-1055.8086236776835,-577.6373662354465,-3116.3893330215633,-1717.271795172168,-9890.39318929009
442.9682444398169,2487.4556387207535,-809.593287406214,421.7303479305585,2453.3863996342575,-826.753194163021,412.2120404479552,2418.0199193912454,-854.4599894899335,398.6956001460907,2372.523388057497,-886.8946222970587,0.01907033293862387,0.013072076290037177,0.017330177244392304,-497.9897084578946,267.01171973694323,-807.2158703960523,-1024.3988049991506,-2416.129890647501,1347.3444403940553,0.8705274135269474,1.0,2.0,1.0,1.0,444.45719214132225,2489.8512191326527,-809.0297343270347,-1024.3988049991506,-2416.129890647501,-1360.5769812902136,-9736.112115342792
110.78043511597356,2656.453255526203,-745.2077617388683,103.16335955680422,2622.706565515042,-744.596790215847,101.58098859928377,2585.1932538222286,-747.3471161237467,103.61668973319752,2543.702410644644,-747.639242767122,0.013804917170037437,0.01679765453816192,0.013966467915468891,-108.80303254127948,126.39694974561759,-802.1663023726685,-204.7815821272962,-2383.965574173383,1065.2944230483904,1.0154309603763312,1.0,2.0,1.0,1.0,108.26544451365453,2653.4004583693904,-750.13978376197,-204.7815821272962,-2383.965574173383,301.3181766222985,-10043.595853193885
185.10023047206562,2442.766326640935,-610.396511915167,177.6145971360538,2396.363523956695,-612.1877090737935,165.19030685402913,2359.0575782916676,-618.6654382350317,158.56337542299627,2311.2416001417955,-612.9052706038917,0.015774339054663467,0.01355401960621878,0.015162135149572143,-341.0580129014935,-187.20211625417622,-808.265142899767,-599.0275209579103,-2969.5837053751193,-1970.3453651971527,0.8405095061895462,1.0,1.0,1.0,1.0,189.08134314625704,2440.8794630028106,-612.8635608633319,-599.0275209579103,-2969.5837053751193,208.8773531767456,-9823.929163166375
-459.1854038396374,2663.9382382693248,-864.9736402279098,-455.9676371316891,2633.1932350208467,-886.9384695380078,-463.20357695380534,2597.3730024324086,-930.457332260317,-456.50092604540055,2563.6642835773155,-961.9330069919938,0.01023054232426901,0.019238912121946908,0.018796395819330004,-107.79124626283885,-13.450001973207543,-900.7555954806159,284.8702020401458,-2144.0147992869224,-1960.0987534987094,1.2017341497344494,1.0,2.0,1.0,1.0,-463.87899881301973,2666.5684971354476,-863.151349181934,284.8702020401458,-2144.0147992869224,-1767.8093571484173,-9546.32703352616
-252.69028432878048,2479.0217235063865,-552.2121933163522,-242.35217630677766,2425.7072809422643,-572.9859213928137,-240.0054558356461,2384.5947517763298,-582.9417824787878,-231.44616757755767,2328.5788001260594,-598.6833167791012,0.018870158935916377,0.015730413499695072,0.018520003509773425,157.68612009087053,-329.04104926448935,-807.4867425811799,467.6410778840777,-3192.288152088442,-2317.2301658310885,0.8268794240546158,1.0,1.0,1.0,1.0,-253.83802844711767,2480.1725245733383,-555.207714800506,467.6410778840777,-3192.288152088442,-655.8846893595766,-9790.6030566482
714.4775842503516,2651.338813558007,-643.0472653165104,713.4685778708523,2625.584888936605,-677.4909009430174,704.7850229661028,2596.1755680523033,-702.3411691887414,709.4216812743067,2570.2371262459637,-729.8075970289561,0.016144580216005528,0.01690118355289097,0.0160559883562511,629.1481289463674,181.8137511612792,-849.6773198346126,-55.249335803217875,-1650.9153799668459,-2446.203178803345,1.4508982478748524,1.0,2.0,1.0,1.0,712.0221326512096,2658.18682111158,-652.4718027188221,-55.249335803217875,-1650.9153799668459,-1445.2308055482881,-9878.92695842883
667.9901630871617,2609.31878019864,-874.9874369182979,672.4143426239597,2569.573783779025,-887.0129032130612,675.9936784236979,2533.933539085801,-902.8467407290196,663.5981268222033,2494.9704734387283,-915.6110299258047,0.014142765409992222,0.015005798539227799,0.015177427714419014,476.53664347043355,-34.394720974225386,-910.5969776217727,-195.08131197271985,-2645.8979282971964,-1031.5814274485842,0.9556740083363616,1.0,2.0,1.0,1.0,671.6179554431508,2611.5032073229736,-877.7292567752977,-195.08131197271985,-2645.8979282971964,-631.1013754891397,-10148.01922311701
-172.9756388909193,2436.381101092278,-634.2668356636442,-169.6940916950782,2389.291111041819,-649.8976034792922,-164.49903666360095,2354.9733676380556,-661.260856772797,-162.97549064897848,2307.3647816897505,-699.0171162792486,0.01455242789279285,0.015331269416380312,0.018446023087272754,123.64123425615577,122.319473743373,-1005.0391558995915,343.32236158304204,-2680.4796172293,-2863.7012904843073,0.8166702796035548,1.0,1.0,1.0,1.0,-173.3326085131755,2440.9343426467276,-634.3306482058916,343.32236158304204,-2680.4796172293,-893.525419647357,-9984.50292017011
391.71053050124056,2608.0419866365123,-484.6581654078395,380.5702852440471,2551.4972544985953,-514.5199627805893,365.67160055777333,2521.1061251363735,-557.0562369250417,344.80923557985653,2479.2526208467525,-598.3125180407974,0.016172738601883077,0.016605058456141242,0.017733790801263943,-681.0795195790171,151.8066813031345,-901.6792936192659,-1070.9869341209742,-2435.526144016707,-3589.0220639236286,0.9544884121407123,1.0,1.0,1.0,1.0,395.26234921256,2599.5104560399186,-483.593324631654,-1070.9869341209742,-2435.526144016707,-2163.7480018772812,-9806.123507900205
374.0272035078544,2601.898446407718,-799.0430457620977,374.84635442388463,2570.6302192954427,-799.5721769824911,374.8278316239654,2525.117582782663,-787.3065771855325,381.64041630943257,2490.45693913829,-790.5786249970829,0.014556272468618396,0.018881909207439387,0.014617417513472446,461.9833523190443,25.134403232842974,-886.3755068604947,83.24079706035387,-2558.4192404790365,1325.7638196710377,0.9619444008104703,1.0,2.0,1.0,1.0,377.91014728808807,2609.137836116665,-810.8753455917026,83.24079706035387,-2558.4192404790365,557.3168938599312,-9586.80405810984
54.19107152550693,2530.3639536548408,-1018.2936008678606,53.794038632846615,2490.2060135771785,-1050.242415663045,42.79576764895675,2458.195924591919,-1080.4300176803965,33.3513805294181,2416.919291842838,-1106.6173344173314,0.01420388879522352,0.015030337873883325,0.01703130095595833,-190.0305379113086,136.12523488326576,-1016.2173379761501,-241.73839885282524,-2381.3699510788656,-1820.720548700601,0.9587344723749354,1.0,2.0,1.0,1.0,52.91655293578037,2529.402035717538,-1011.5738221070628,-241.73839885282524,-2381.3699510788656,-1796.0132469292087,-9716.29443004803
-457.2696859964302,2537.0202635683254,-500.72632709116954,-453.73163911996306,2496.4377541593985,-515.5861838593817,-449.4691126871602,2451.0936633872993,-526.4602486651835,-430.68457733036234,2401.312545892139,-546.2281443783612,0.014557210187393328,0.018649819541926724,0.013159310426423612,196.49485276782136,-177.1379507243311,-804.7741178536933,700.3295260757441,-2888.2791355713025,-2580.677522924304,0.893633659844257,1.0,1.0,1.0,1.0,-461.8149017433791,2537.844436712694,-494.7099044800158,700.3295260757441,-2888.2791355713025,-830.9945909333189,-9626.901146954751
485.6643411042853,2436.1884809227795,-789.8370762924143,475.94473695582144,2377.821355308092,-804.8927716551019,469.36936806960915,2336.90151581959,-827.0039131635308,463.7852927809238,2290.025245158682,-864.3601322535285,0.018439169092062856,0.013446980851799972,0.017598400929357338,14.66326285768531,-113.7405780885479,-1009.2789113499636,-564.8534667152601,-3054.29776137944,2412.7548367070353,0.7855154491267805,1.0,2.0,1.0,1.0,486.31590756492767,2436.598052663284,-789.685638015096,-564.8534667152601,-3054.29776137944,-1270.5118038294006,-9582.035176522117
680.6645950562669,2507.4320841523613,-879.9867753829186,671.6358268125249,2467.1091297135836,-906.0480422343591,659.059274442361,2434.9587315105923,-942.4828310126026,658.2396090698821,2399.9424637087304,-985.4132824395181,0.014040800716143508,0.018788148323090108,0.013257759710431916,235.38363913189323,-108.96324409557613,-802.3787296706058,-387.8092611873948,-2303.2949576654523,-1214.3250393914964,1.0889132912503323,1.0,2.0,1.0,1.0,675.5471505795838,2505.276532854717,-885.3983949368044,-387.8092611873948,-2303.2949576654523,-1751.4917619264884,-9592.888514718818
285.38184204626515,2455.728565904767,-860.5651857998182,278.45434861711476,2402.2699457573217,-879.310629385313,264.94962689306004,2346.8632339572696,-907.6391646278812,249.730025656376,2278.839262170432,-931.6119169242339,0.012839692191819343,0.017046957187253933,0.01604473689375751,-107.71333819555744,169.38073558151643,-1012.5235805713688,-631.6832223073677,-3685.766611674691,-1988.8732773589966,0.5740686137271697,1.0,1.0,1.0,1.0,283.93025963501043,2454.5560348198233,-867.839357846759,-631.6832223073677,-3685.766611674691,-1051.8571299484818,-9847.207465908194
680.9208849584559,2633.382947261816,-456.4985926131625,656.0679620168906,2594.4568751785905,-485.5200573361989,636.3595093212593,2552.5278291846325,-517.103796600987,623.0922062988633,2526.7673137508546,-549.4622049878952,0.01493091479258731,0.01846061972994795,0.01473490196740923,-432.6801915134198,138.5904000154379,-923.43127201878,-1000.4948370358358,-2259.0661236103933,3560.556896878405,1.056873563510054,1.0,2.0,1.0,1.0,672.8666034111759,2634.8584666049333,-451.8148885009459,-1000.4948370358358,-2259.0661236103933,-1720.2041378966699,-10304.563045401394
263.38325614693576,2532.830055270426,-642.4283492801106,254.65583411638875,2492.5335771749033,-683.2463774173908,248.14414616997175,2434.075383935244,-711.445199185777,246.90385412471448,2385.7065812926758,-746.434675449541,0.01607260682051082,0.015808642676067332,0.013491646166401729,-78.51466642636501,-198.03582030226164,-802.8573648107495,-402.78518013495386,-3253.351714852698,-2686.727600553562,0.7946271043370208,1.0,1.0,1.0,1.0,259.82488488699573,2534.779620174005,-639.6887856845773,-402.78518013495386,-3253.351714852698,-2013.36380445472,-9699.951598376441
-193.4597437268846,2584.1405948653887,-664.0290388549375,-200.51194460322355,2566.911417254908,-677.4285155752498,-204.6861808031724,2530.088494077417,-688.4553022538661,-194.51818478864402,2499.8339858122426,-712.7925446164263,0.012506044979498566,0.01719313653102665,0.01844898561960871,-156.09000317072133,-54.6754994417301,-860.4229327281522,27.487129050765958,-1839.4147422246592,-1998.6874876710026,1.3868518328698576,1.0,2.0,1.0,1.0,-195.53403335856672,2584.88465565065,-670.6793995885944,27.487129050765958,-1839.4147422246592,-592.0487079453965,-9603.859742970455
-287.8805659279988,2476.287547735484,-772.0477839769411,-291.51070369339465,2450.020831360538,-798.9897803595788,-298.0118636870235,2425.266592058043,-831.7191002790682,-286.34413351414753,2390.042697325647,-848.6366741338798,0.016343181236148113,0.016904057354300894,0.014948406303068935,-24.862942080028184,-62.947151567956155,-831.7376407321235,213.2853923691567,-1998.9194241235878,-1795.0552379784199,1.226804355106477,1.0,2.0,1.0,1.0,-296.80181735070306,2485.6751141896257,-769.0034406440316,213.2853923691567,-1998.9194241235878,-1400.9601380599063,-10045.52248246238
184.1830205843779,2501.8921648873393,-610.2598458942574,177.2118321826468,2477.7995879221457,-621.9999653976826,174.9531558947067,2447.2891755529704,-640.0594281939209,169.88185704920448,2415.5593222854336,-668.2842403748119,0.011506898717037783,0.015557513935625149,0.018673619185422725,-208.31860858923142,-297.88509820269235,-804.8306357049157,-259.3303519956879,-1866.275394009938,-2268.8283642808456,1.4542619681619045,1.0,2.0,1.0,1.0,180.67691940430007,2501.527992812219,-610.6890599898566,-259.3303519956879,-1866.275394009938,-1117.731293415904,-10041.386078266909
-61.88083956566723,2556.3856619832854,-430.0,-58.694903724212416,2519.3699119819707,-440.3567023022481,-46.02959128818651,2487.7555514064884,-440.48998341929087,-32.91495845696718,2445.8403310558047,-455.9835467539868,0.01558279613752832,0.01152695162412944,0.017617542724613595,619.0139942269843,59.620612347861794,-810.7810487584056,665.8037555563582,-2448.9258457053465,-2729.166201896165,0.9752727095137289,1.0,1.0,1.0,1.0,-60.10583644050314,2557.5249749673126,-433.41670554661255,665.8037555563582,-2448.9258457053465,-267.15978503512076,-9775.056099809988
301.1918995713906,2623.6543598129715,-876.7333213866463,282.052148539758,2581.4663559851674,-879.3258967762421,275.32721336677895,2550.79878542258,-871.3543973529383,255.8030559158328,2503.18865153728,-867.4600401796415,0.0157868492789099,0.013199891564689727,0.01801437017910484,-427.7954972588326,127.52029596823976,-872.493749919952,-726.9252370892616,-2512.0753295044933,6.8883057247903565,0.9479988889772963,1.0,2.0,1.0,1.0,295.49511364498426,2627.035248825202,-879.4800688954562,-726.9252370892616,-2512.0753295044933,369.816739308158,-9709.851505444392
-494.6488424580489,2604.9242505494426,-731.2174281751235,-483.31807467635747,2574.210299055498,-750.3658952227655,-469.524251518091,2531.9825150949905,-761.7555372698718,-464.7832430137481,2496.6121454680865,-781.6846342151568,0.015565458934753234,0.01515116522188643,0.017428920556647274,191.22290160581775,270.30637682313437,-801.4138588629719,689.186838186593,-2347.906762577364,1278.5785463112798,0.9468544552867139,1.0,2.0,1.0,1.0,-494.5180023898432,2606.4736055876033,-741.3124989249513,689.186838186593,-2347.906762577364,-688.4007853796928,-9666.63421236552
-263.01533161293156,2466.691151368888,-800.6015835115759,-264.15057601775857,2416.3192431902444,-827.1882041810828,-266.33169281705665,2376.2671176680356,-849.0697565065781,-268.3213957335593,2322.439900851304,-884.0456553208,0.017275897290693985,0.012223447345633753,0.01814522359412214,-309.87240281071263,-104.5798961171128,-1011.4734222714201,-55.57541680277046,-3136.915962098364,2522.4069292990944,0.7723554317695507,1.0,2.0,1.0,1.0,-264.3005610324363,2467.6911928035515,-801.1761521676665,-55.57541680277046,-3136.915962098364,-1495.2507862867742,-9812.074855324805
593.2248677172543,2557.448196598479,-588.0624711205032,606.9963329254283,2526.8466616864403,-605.6761674615185,593.9021185821927,2486.0384869111635,-610.8764077656468,591.8410743466801,2455.942928843326,-633.3363505951154,0.019209299139711287,0.00908360570891523,0.018945347301087073,415.37094661649184,-21.64324561120761,-898.3240609869239,-174.58295865729667,-2438.961924405932,2544.5469026740766,1.0127617478502857,1.0,2.0,1.0,1.0,600.4288827932237,2563.6563942590883,-590.7304991013411,-174.58295865729667,-2438.961924405932,-773.0859148993834,-9554.152010331882
-183.01364604128946,2547.1879057848373,-676.3449290968416,-175.67563099612423,2518.178442733238,-675.5133134392706,-172.17205034334413,2493.261643928187,-673.7122475423846,-163.31425170848402,2469.8372839204303,-683.0492551186221,0.015339258791204539,0.014699979355788602,0.011456486181704025,237.67944711274663,-9.55979692607969,-861.9338620914247,289.243679203795,-1778.4693095866035,-1958.6908076224906,1.3985042756712942,1.0,2.0,1.0,1.0,-178.83145094071722,2551.4360088786357,-668.7835525376206,289.243679203795,-1778.4693095866035,-34.1778768840238,-9930.958819072182
752.2853417318821,2592.880288849055,-801.7754501508186,741.9375388204039,2554.443939209177,-820.4346053194696,728.942873676239,2535.571557266733,-831.5175413506563,713.8585840319266,2504.810165259976,-851.2628774353739,0.017893002577166615,0.015325958423769642,0.015500613382920282,-450.9462719176761,236.28578588858977,-896.3261869162749,-1006.912264738448,-1971.5591391538724,-1585.2646009328855,1.14628042561614,1.0,2.0,1.0,1.0,752.3138844447701,2592.298957177451,-803.7349173662619,-1006.912264738448,-1971.5591391538724,-837.3186267612348,-9789.403574464868
-219.8903060272442,2584.984469847832,-703.9144233006953,-235.38093747904452,2548.746571997972,-731.1480336945289,-241.5095095557883,2496.983897810014,-761.2602841150225,-250.11327634825244,2454.3898414630003,-786.9712081762023,0.015732008966289623,0.012777434225349035,0.015749662253313087,-624.1386297023865,214.1334833516555,-1007.9741305746546,-487.48084914367786,-2948.694277959655,-2792.3240435331413,0.7607408945550489,1.0,1.0,1.0,1.0,-231.7165461417261,2587.8323771091796,-711.7565467145994,-487.48084914367786,-2948.694277959655,-1410.4291261759417,-9804.14714191868
-80.19332276663648,2467.956014669415,-445.3831511209535,-84.6113455356126,2430.4318026517703,-452.3270429737394,-96.78946207696578,2393.2473084164385,-481.12432621099003,-94.17169299575112,2360.3210339288257,-493.7802612065211,0.016331441263251575,0.014822145134503778,0.014938736648982487,-447.49204937354955,179.55109170095804,-970.2447042600362,-357.2641337372081,-2233.175723822156,-3375.2697236373833,0.9789076769532623,1.0,1.0,1.0,1.0,-81.29631229291334,2468.5562086186633,-442.46612249061855,-357.2641337372081,-2233.175723822156,-979.5239932879899,-9884.430220038688
229.6496051593284,2531.947813754759,-763.1671541654273,225.75893185860764,2494.6834052827694,-777.5724340054336,219.85396319616126,2451.439651245639,-781.3301429702911,215.4277181983513,2405.894545125756,-801.4054501588665,0.011392036417663984,0.015796376080352725,0.016803961059319656,5.335405299916985,-2.3021365305918273,-914.2344611113597,-243.2231273726067,-2770.9502989686107,1754.7478914673814,0.8710076264426644,1.0,2.0,1.0,1.0,227.88456684585253,2533.1173870256857,-766.9109924418849,-243.2231273726067,-2770.9502989686107,-498.49130433040006,-9607.991970883606
-395.22059863783016,2579.6690811731887,-967.4145634280312,-384.50335656777133,2538.6882072822577,-993.3985961158113,-378.9278894583501,2492.911787770256,-1029.284862838756,-362.92354394754994,2453.808011006643,-1045.2060902246387,0.016586593625934863,0.014551195797311369,0.013269255214734377,214.69435350326248,50.8270572903634,-913.6460947629761,649.6548353728003,-2692.8557895225113,-992.3253504234053,0.8955929553620201,1.0,2.0,1.0,1.0,-395.98119174717124,2582.1114994415134,-969.399730184848,649.6548353728003,-2692.8557895225113,-1430.2426037118496,-9507.641478086425
573.8748420607784,2445.0694573359583,-681.5530605475308,569.1037242036429,2392.2493308552403,-684.2274042566249,565.076010611315,2339.130846464533,-692.0882927812887,554.9767704374881,2286.403592790925,-700.5678750928245,0.015844529046354926,0.015693615241879774,0.015373857813097302,299.29735155289137,-233.7987168514323,-806.537652540812,-359.49179175664386,-3508.453505742349,-1555.8501044662723,0.7180879978986686,1.0,1.0,1.0,1.0,574.3085722467249,2450.16821504147,-683.3824203188262,-359.49179175664386,-3508.453505742349,-145.1264410526577,-9742.585465278646
376.7183512622381,2451.9101522291185,-987.653630064162,381.7692026614374,2393.53129418326,-1011.8399789225471,393.44377978953804,2301.2596821285806,-1041.7062904269014,394.4612948661428,2239.7495174804844,-1082.1085534316564,0.019183855934532177,0.019657959897240895,0.015064524539016307,632.055035194384,135.0249583977594,-1009.8464536991977,450.99506938596954,-3997.6704925488107,-2203.703974875399,0.5260936596292111,1.0,1.0,1.0,1.0,370.4778949505212,2453.6738440760723,-969.127371739145,450.99506938596954,-3997.6704925488107,-2013.4885254287174,-9855.019360286044
485.73414340191806,2648.372153543921,-749.1877358803334,479.1418570888349,2615.865600849306,-765.6901188256693,487.93923051500957,2578.0208576755713,-779.970142637155,481.7347332505305,2539.5045967034844,-816.6599002755362,0.01864403961827135,0.012292980980175536,0.016274399629963368,383.44087486284093,-370.6092748436844,-802.8419955117844,-79.5585240558868,-2296.21422502982,-1570.5560942769987,1.2677885797715838,1.0,2.0,1.0,1.0,488.06033399633907,2648.9124310705233,-747.2117626536908,-79.5585240558868,-2296.21422502982,-1190.9718563479585,-9427.449009336875
-113.75112617924209,2534.3092137800095,-658.8421033131008,-109.96618892066346,2507.1112201174874,-672.3112543915198,-123.5872633223702,2474.480579105946,-681.6016950794896,-125.15440473183047,2438.1182520583548,-700.5168090505166,0.01590599337852586,0.01787855393073789,0.01373469363712329,-332.0207332923859,165.73395171279077,-808.9250167645878,-208.72140618902984,-2322.701864393113,1869.5823558407947,0.9774807590536131,1.0,2.0,1.0,1.0,-118.08129194863011,2546.5033627157195,-658.779570841999,-208.72140618902984,-2322.701864393113,-682.4490247281954,-10091.990231581558
175.79020676433512,2526.378398296479,-908.914209996163,177.17636143225064,2482.2431113014927,-900.5645346110831,187.02013558218167,2433.768995472225,-907.3228781666422,188.87095039862868,2391.8012036123546,-907.8648529421903,0.01705107231940038,0.015651194920881666,0.01808055545931466,462.49432591680505,49.718716558473346,-913.8290304565786,311.86968068048185,-2705.661519381082,-235.14531192124576,0.864217177300404,1.0,2.0,1.0,1.0,177.13356809416655,2525.399006792173,-915.6671620362399,311.86968068048185,-2705.661519381082,306.4916603953034,-10308.050409613765
-304.69170712169074,2600.275107143605,-886.3225823570507,-298.6602845425413,2571.295086330659,-899.5740703133278,-295.29686398402725,2538.4149539070995,-922.9014906541588,-295.6113519552159,2504.092243087042,-946.927399005443,0.015972944181454236,0.014446416202028026,0.014813325829447051,-272.55030138991805,62.46831642364532,-974.416030032996,25.14434270422322,-2259.2689454552437,-1853.387869647524,1.0797673137870687,1.0,2.0,1.0,1.0,-300.8376869321661,2604.1458800607957,-885.1349050401546,25.14434270422322,-2259.2689454552437,-1295.6088922354372,-9838.691710576632
84.14190762653375,2473.529574091201,-1073.9942731896876,102.55679204797504,2423.1991650944465,-1097.218128860875,112.1954556652631,2357.4036761659568,-1118.8641204280073,124.11510436785748,2298.865517176088,-1145.069199933461,0.01095864117889229,0.015173194724095247,0.01578443409457318,592.13590817293,143.83186374294496,-998.542737912585,840.4550426785663,-3850.7818528882694,-259.95568631809766,0.5630837300024397,1.0,2.0,1.0,1.0,83.66060735239716,2473.5548847403475,-1076.3813698985186,840.4550426785663,-3850.7818528882694,-1273.2249001324992,-9972.593177882505
713.1588483707111,2497.0184952129534,-969.4638759846619,693.5111882775553,2458.9513755049425,-998.5442869522343,680.2715197133432,2408.3195425412737,-1040.4845069253693,664.5387042414649,2362.1604566531464,-1069.1681625582921,0.017841832543955452,0.014210453264045627,0.01846946164127749,-307.8970892702169,205.91049764435655,-801.5998724495407,-1207.8532136549056,-2679.2648032762986,646.2634039810764,0.8044782525507221,1.0,2.0,1.0,1.0,724.8174084047257,2496.681904445591,-969.1008016017737,-1207.8532136549056,-2679.2648032762986,-1888.1373585914314,-9393.295740717904
46.87258667799535,2581.9228845539938,-439.1154238992016,53.48350323093554,2534.9399489356897,-456.67275185712987,47.276359728019294,2496.2321032195705,-482.9905410309835,40.81294520680031,2464.7718909857167,-508.1976922881686,0.017179844745983962,0.0163141194671512,0.014486857010122436,-93.18875276784142,-10.907757627877686,-886.1723218473667,-140.4716391991005,-2576.9633297962855,-3215.4497424851384,0.9570191787767429,1.0,1.0,1.0,1.0,47.98524462725436,2578.9403888174024,-436.1876495767932,-140.4716391991005,-2576.9633297962855,-1222.8004798824602,-9827.464204171823
509.9520836506954,2492.260869608508,-1028.0750637441743,517.6665626576178,2424.790634521794,-1050.8761331373355,526.755501384124,2362.5067650385013,-1082.833044285312,522.8431731374111,2306.7282364266607,-1098.2155337074194,0.02019668000099172,0.015589329095256586,0.01674600434409472,672.160200304493,29.493138642232534,-945.6118613024706,242.44179309546814,-3754.1530289499497,466.51490613749866,0.6024679865596575,1.0,2.0,1.0,1.0,513.3608258269645,2488.4633726044503,-1029.8281065483834,242.44179309546814,-3754.1530289499497,-1363.736428375217,-9744.265343739331
174.44370841215547,2677.485492300628,-769.2633000222751,166.04421788370186,2648.531319103268,-773.7011484707484,161.9134589708716,2617.566747154807,-786.4345963124523,169.04868138582862,2585.406717427616,-798.1072844540126,0.013996518422341824,0.017862387554161654,0.01705348802450502,-277.78168874337223,164.5006231711787,-1002.6329821809476,-348.3656528432073,-1910.8523029194373,-2168.3704064081317,1.2660876059989854,1.0,2.0,1.0,1.0,180.31914474544465,2677.271401510241,-767.4312704379514,-348.3656528432073,-1910.8523029194373,-285.55768544075096,-9824.238838411959
142.58131605169348,2544.44593490398,-462.30452012588654,136.35630857446614,2503.387947872991,-485.2347197939935,140.18500892269236,2466.090041955567,-493.7767481329638,134.23717606236573,2429.7474167566693,-518.7200494143049,0.017795777397579555,0.01491204139055588,0.01775383732899711,68.64843413517244,-67.78384120899578,-940.4254108479541,-63.85658898538474,-2343.180378314715,3196.752632635123,1.0645383438828657,1.0,2.0,1.0,1.0,139.8485308538768,2544.862280611915,-467.7753688260427,-63.85658898538474,-2343.180378314715,-918.2532394175773,-9918.726483373122
67.43899974321351,2502.7541000218966,-497.3462561054503,72.11023398601608,2455.7407692279,-517.3879699437574,75.87347515927843,2410.361386276246,-543.2629543699376,68.0778348704099,2364.6008672203748,-549.8733647474045,0.015574492466170865,0.014953255175596656,0.01721812377148677,-113.69580590752017,-347.1832083100154,-806.1790008515555,-205.87727326960433,-3095.8644961870823,-2504.563669265433,0.8722541285867464,1.0,1.0,1.0,1.0,75.71128550051571,2501.0121281821057,-510.5006800268609,-205.87727326960433,-3095.8644961870823,-668.2517914941128,-9853.05411988123
104.95312665385006,2561.9939433858676,-704.9705930817046,109.42435918544804,2512.0859870550125,-698.8414789103182,96.66369330669775,2472.198192673537,-707.5193376494202,97.66962603202592,2412.688613567542,-715.0200334087746,0.014927464866857412,0.01698551505686424,0.013648396122590653,-103.56914429352919,25.66973935694305,-936.7126734125812,-256.5151865844272,-3129.953099115571,-2141.6697062811577,0.7644386239536883,1.0,1.0,1.0,1.0,104.20815683985722,2560.9317496405574,-702.9860674416702,-256.5151865844272,-3129.953099115571,-156.2324820847,-9761.259366596083
84.07223120080228,2493.6730354032675,-1013.8532467211841,72.28701526568301,2446.689199310342,-1002.8542882121017,67.52747169988332,2404.823895300613,-999.711341988169,79.52139219167614,2362.074789696291,-994.28835243036,0.016714454030357453,0.013483811346924779,0.016056201830563405,4.003290828941164,248.73626388099126,-1019.6649921488768,-86.27694351970274,-2750.10658348358,-615.7286910382115,0.768745532792155,1.0,2.0,1.0,1.0,74.31899979749892,2490.0731294200973,-1008.8565267746,-86.27694351970274,-2750.10658348358,414.03958823336427,-9625.156287152879
187.91953868905395,2644.934040227222,-689.0319749618144,185.84660987339703,2638.3928656629164,-696.5999781208777,182.31819503534913,2610.062356625272,-716.7220885244427,183.96719401797563,2581.172342875767,-732.7221994688048,0.01411330451009127,0.017859403767172283,0.014470332061293341,249.83368872814495,351.755284298882,-1009.3513731585579,47.402213212128586,-1600.0415291209938,-2609.3967185669176,1.3935569596614343,1.0,2.0,1.0,1.0,181.57450170268305,2655.8150862330917,-689.7797748640457,47.402213212128586,-1600.0415291209938,-659.2699821249911,-9974.204250539455
182.43744887611263,2567.4558459711657,-690.5952781884113,181.7128977210129,2514.4211268001263,-717.1848518474077,182.23075139709223,2467.4154029484744,-750.8687384670598,188.88373016500015,2418.0504334568896,-781.1390380502932,0.015320597627512686,0.01757038655733616,0.0157213792655651,507.34378461583424,90.014735987335,-921.4829177939956,423.0636890854297,-3070.6910136299434,-2651.5435428827705,0.7563876365495866,1.0,1.0,1.0,1.0,166.77751490206538,2561.921001959443,-694.1454270696437,423.0636890854297,-3070.6910136299434,-1618.91663395105,-9700.068987572584
756.8128285004717,2462.827526911734,-790.3470631143464,737.610056338984,2424.565150708423,-800.7288399132448,721.4155971912353,2385.131716336787,-817.2300983055145,699.0161447568032,2344.9013035770745,-839.2665745651326,0.012505914899722873,0.016323999596563284,0.014521243903083108,-327.161476734175,160.02251671402314,-897.7608389697517,-1234.9441725491893,-2643.21803508872,1647.8668213326355,0.8316488416006313,1.0,2.0,1.0,1.0,753.4146742463677,2472.8382974166625,-787.3998929872837,-1234.9441725491893,-2643.21803508872,-695.1445459581216,-10118.30769840174
-483.54301026778757,2529.437193016107,-573.6745360924068,-469.56728049273056,2473.5527823946477,-581.0468552262761,-453.9794506992446,2410.6937947673364,-590.1121731145815,-446.96669595880167,2370.1605673755,-601.0463303281161,0.015143754016760474,0.01633455314783741,0.014791625996854893,121.7341463498512,-344.76284019973116,-805.2307254981688,678.1883513829564,-3242.493851633045,-2116.8797055499354,0.8387300668385479,1.0,1.0,1.0,1.0,-478.462544624066,2524.8442184955056,-576.9207973501656,678.1883513829564,-3242.493851633045,-205.73982670681409,-9722.338348915553
210.25613361765164,2480.102650361016,-822.0158045261518,204.14789566679895,2427.073961527042,-822.5130679638719,203.96593170346074,2381.335237794462,-836.0674793776886,205.52516267628843,2343.788769232791,-841.2287015507616,0.010191196621038774,0.01933860251159373,0.014589530129957333,100.08553186521033,-55.941778506877256,-996.7271274974617,-132.4119024330683,-3025.3302436156596,1849.8599477367247,0.7958806707374108,1.0,2.0,1.0,1.0,211.31152990898784,2485.3356261302706,-821.2137200679454,-132.4119024330683,-3025.3302436156596,-126.18454804134198,-9705.136864019987
-225.3682353390019,2466.6666194745894,-945.2271605283623,-227.49996430223413,2412.2856803124014,-954.0836621584228,-226.62951967570854,2344.5719753026533,-980.273069868722,-239.18263062748213,2286.5472255221543,-1006.3199066638122,0.01476938779012539,0.014596133718377043,0.013762135048793353,-433.6042599762997,-24.372181088978056,-1018.5495922961067,-316.41215322027176,-3778.3226859990286,1563.059019601734,0.6168723434427047,1.0,2.0,1.0,1.0,-224.77223885092286,2469.3207916703864,-946.4972366208075,-316.41215322027176,-3778.3226859990286,-1029.7805087988975,-9596.863906543655
12.461301439961762,2461.870436078744,-714.9971921402957,1.7382924149073153,2419.297433239838,-732.0540309750484,-1.830024969931381,2361.35306365547,-745.341488835943,-6.771595843890031,2315.26973062533,-763.8923922186035,0.01353113545365726,0.015812357549405187,0.01654332426087938,-238.02467475674618,62.546143368472016,-965.638909204189,-318.04570353716815,-3118.2054640413207,-2339.96406135535,0.7241131827360587,1.0,1.0,1.0,1.0,6.870516966872742,2463.5643506802944,-717.2040483413805,-318.04570353716815,-3118.2054640413207,-727.2929430019678,-9956.052993551491
734.0419428815699,2562.411091572184,-879.5491083935937,714.985649963094,2530.8253830528856,-904.433136159115,697.7048389393445,2489.8644045519895,-920.0049619678646,681.0215007353082,2456.8119499131167,-951.8491546857352,0.013224799503719409,0.015162505510481353,0.013783081696834301,-533.3326553324974,65.04434414466368,-801.854626912616,-1160.6738656636776,-2292.318591951151,-926.2773610583577,1.0478296132889637,1.0,2.0,1.0,1.0,731.8018582409115,2563.67160937142,-874.9775828756166,-1160.6738656636776,-2292.318591951151,-1500.464917462104,-9526.988003864082
-236.95051089976033,2658.3950665624775,-593.5110804079217,-235.23163669890346,2614.173206214999,-618.559244106477,-229.56906234255277,2586.1926515898517,-649.473897181716,-218.48644202200023,2551.428236044635,-671.8039531910633,0.015461286694653693,0.014253523539971318,0.013803102612119596,102.1896253185231,246.11717537369557,-801.5802029252948,315.2402069939975,-2258.485123675716,2542.441614041626,1.0214820871532546,1.0,2.0,1.0,1.0,-233.54119513008385,2651.4038320883346,-590.545123782385,315.2402069939975,-2258.485123675716,-1503.9273794271337,-9959.020520918744
-161.6805858558048,2550.4237471299225,-981.5765916104438,-159.69069722373843,2506.8705711364523,-1000.2019224555488,-142.89644258292526,2464.658469187563,-1020.6597456423335,-141.74423525637357,2415.905118303098,-1040.5458161564252,0.01174099765495902,0.02074103198056515,0.014003932732759204,338.1813843837761,278.9398207028644,-1015.0928524501262,573.4403084631169,-2573.6200945693986,-1288.7180987618965,0.8335140376317173,1.0,2.0,1.0,1.0,-166.44608706376715,2543.725503923924,-982.4482177803791,573.4403084631169,-2573.6200945693986,-1012.439527649064,-9744.491015181451
630.7945646216328,2498.314423239136,-571.7619646573143,613.4142109371097,2462.064060193504,-574.7406774328982,599.3334504032731,2408.2619108658014,-579.6369352447058,588.1309137682064,2369.9293225025904,-589.5454109778543,0.011514115887291605,0.01824929836274539,0.01750426741803504,-91.21610951372463,-19.154883331267314,-852.052287491697,-778.7609944332694,-2737.0532801241284,-2319.1660783194357,0.8727323183319287,1.0,1.0,1.0,1.0,625.2440053648811,2498.934134382922,-570.7411243768834,-778.7609944332694,-2737.0532801241284,-313.35926244924394,-9385.408117816984
-330.2446563431422,2440.4795745866118,-989.4818076794226,-322.8319517587961,2374.96310510768,-1005.331514353265,-312.88733515562916,2315.0827340099436,-1027.6652546752005,-298.9976309456479,2252.655733601608,-1063.6166182786108,0.01525435758010801,0.014766015310686368,0.018403340490517006,146.64592746891626,-74.59324783932765,-1015.6391009025594,774.418663023884,-4060.4712844439096,1515.8506207767273,0.5715762866186891,1.0,2.0,1.0,1.0,-333.49364360589163,2442.898948515898,-985.9532671579864,774.418663023884,-4060.4712844439096,-1310.7850281152103,-9782.160986080342
247.75182680315953,2506.7220050198866,-595.0416034816915,242.08011063319518,2458.2134141539455,-605.5925169059594,226.20641936089768,2409.0987097443403,-621.8791430905366,218.35886796320287,2363.454938269578,-637.7622551784016,0.01895391360019326,0.01521927108763832,0.014946706324655001,-328.3462085201991,36.48803208693754,-858.6596272602444,-673.3742905940917,-2852.6322135571068,-2430.2788769243593,0.8158801089875141,1.0,1.0,1.0,1.0,254.12255284369064,2504.014896813837,-585.1084619911765,-673.3742905940917,-2852.6322135571068,-693.7512320825634,-9915.83783774891
194.9761906721173,2448.526584406867,-625.5652893308416,190.8649150842971,2393.3479577868898,-632.331710561043,202.5221910601443,2340.8641151231463,-630.3615937898281,202.1570537462533,2278.0303918932614,-642.9721315738385,0.01988344752410585,0.012992503023912721,0.015255317237272907,316.6880969617454,-371.522670280064,-801.9884226288755,144.9505297039473,-3441.8288760618116,-1869.0207676319146,0.7718687322147091,1.0,1.0,1.0,1.0,197.82866260451044,2450.7770080906234,-629.1243795717846,144.9505297039473,-3441.8288760618116,-90.2116065828431,-10082.270913109436
540.8399135805128,2531.44033942903,-633.2402204892769,543.8022208705765,2482.6733599547383,-659.1263329851955,537.2601329716,2444.097756096706,-668.2309589518081,542.8711784902304,2399.4343824595594,-671.0120557891553,0.018335136789669446,0.012434190612737272,0.016236594935634976,677.2034979015264,91.274345045526,-955.5374777729438,164.8487369596547,-2839.01018264216,-2562.8037622561733,0.812994077661959,1.0,1.0,1.0,1.0,535.4335841162253,2532.823102117775,-638.0109640173575,164.8487369596547,-2839.01018264216,-599.4909054198442,-9777.313412039144
-448.6975449918878,2494.846068393871,-589.0566461373921,-431.6884258484213,2464.9058160522486,-597.1329087336584,-416.27943505962645,2414.5019600153732,-623.3890431006649,-401.77195532819104,2370.720667233133,-641.383291624253,0.012942272595250747,0.019070946740378236,0.009270026482257644,482.3315020156015,-25.54962958301219,-800.42577550109,1114.1949908488089,-3030.5858294727245,-2226.843550538636,0.793716754182114,1.0,1.0,1.0,1.0,-448.0213153431531,2504.9895380267117,-587.2373404874252,1114.1949908488089,-3030.5858294727245,-859.8588397709821,-9897.350733750465
182.10320746596562,2622.964699992797,-667.5070260679272,164.49751217881285,2603.386061207498,-681.8041155663091,167.88758748784429,2584.433906471472,-701.8049382430439,155.80004568694983,2542.255082174973,-732.2623909755299,0.014570668259386388,0.014393390138803492,0.01841842631449058,-260.25554706040117,131.40051511494462,-959.4105617455771,-293.87444412043465,-1678.1081113250195,-2634.162005203002,1.4376175152873099,1.0,2.0,1.0,1.0,176.14800245844322,2623.3910604326115,-666.0835268930188,-293.87444412043465,-1678.1081113250195,-1072.4567007052126,-9869.052133644767
143.6340000806818,2510.121447547415,-835.2211380073228,144.15437724022675,2454.0443751087846,-852.8593915730056,154.07214207341974,2407.167155068417,-864.86710991678,156.61549049642142,2353.896509412759,-880.1444638206569,0.01260902068088353,0.018218519033548593,0.015279589443967949,265.56848658570937,-170.22547551810817,-1013.7871459263228,152.9200294965217,-3433.681697858396,1936.6014458066363,0.7338928708416005,1.0,2.0,1.0,1.0,146.2908635784221,2508.046248811438,-839.9064260793713,152.9200294965217,-3433.681697858396,-607.1021737031309,-9727.572444549734
-147.5957585688175,2453.90225262228,-687.2996370694393,-152.99458501015363,2424.686966642611,-716.1752548403305,-163.26512307206426,2399.6975878464523,-745.5971078769148,-160.86063785862237,2367.7725651174965,-776.8627566282968,0.01675946239569063,0.015314477905271785,0.01648620122263284,-251.50026921486509,-97.82235097055735,-809.3024102926674,-66.38827041120574,-1772.413125042874,-2173.316402245373,1.391439858476396,1.0,2.0,1.0,1.0,-155.9011598227312,2454.4525490911838,-694.0872224137981,-66.38827041120574,-1772.413125042874,-1569.8168605978808,-9806.133907283132
-143.67168185533723,2435.8256765103793,-875.6623615493766,-157.68108234813135,2384.926661655533,-891.4938132685106,-151.58525180485327,2329.9662766066895,-923.4487139157825,-165.03499469193892,2291.9233552138553,-938.977668255242,0.011899416803895481,0.017447421493259573,0.015327526960114315,-293.3098933801779,172.17110208306428,-1012.9833756459016,-223.7770088770838,-3543.941029429765,-2164.096288925497,0.5953256347427311,1.0,1.0,1.0,1.0,-150.09260769884395,2440.2933609181105,-872.5879373662332,-223.7770088770838,-3543.941029429765,-1404.3602319294446,-9655.511258034661
299.4325383060957,2492.4551078675872,-851.9227286847635,297.4572798008587,2431.502332515546,-876.0949586926122,292.84724947755103,2395.321905341073,-905.3965420064451,290.1864099769921,2352.5574029143413,-928.9158007531597,0.015751211797765428,0.0144553468590162,0.01347617170389067,180.95767403871147,-41.86660206741572,-957.4568111320432,-143.56980399060697,-3124.1463297922464,2086.135723828269,0.7663172696393283,1.0,2.0,1.0,1.0,297.24921527110166,2488.69192506431,-850.6138029412723,-143.56980399060697,-3124.1463297922464,-1520.2556178724674,-9555.251864027667
-251.247286024172,2519.279761393155,-465.81045443462006,-244.5969664648927,2494.797982218374,-488.92770854831406,-252.277761948884,2459.105848153062,-515.7921590083469,-239.16453477124202,2431.742994885217,-553.6794200673216,0.01567082370534201,0.01442723851814505,0.01597373861270611,-95.04366247833745,101.46908528398505,-831.5126027608154,134.77249025743052,-2105.0440143132014,3032.425903404932,1.1039281991638044,1.0,2.0,1.0,1.0,-250.0320262743844,2522.2697017441656,-464.71065802435226,134.77249025743052,-2105.0440143132014,-1414.6374135456995,-9808.388220842286
768.9588426380692,2512.07891812013,-687.063456629453,752.2889473309205,2485.284544093795,-686.2483401223077,739.753899919276,2453.483776240843,-704.0797589209261,736.2887998752843,2428.6225221469226,-703.2446642392086,0.015349702182929678,0.016169026043292428,0.013728100160055615,-227.6991156012649,53.57554153254249,-859.5386275200106,-697.3372159768454,-1719.3663437807375,-1842.508623427375,1.379753171613714,1.0,2.0,1.0,1.0,766.0064171657377,2503.672581420097,-683.9257020230567,-697.3372159768454,-1719.3663437807375,-170.15050047176396,-9583.571912108924
246.3398831805706,2548.6689680038176,-827.5572665122284,243.49081383287856,2501.655062690378,-840.5003986531503,238.49452862872525,2451.0307470257685,-853.7915962748741,236.61021362021523,2407.6375745759774,-870.6431936003997,0.015061554411966348,0.016631479818075844,0.017368408403490018,105.65557584117964,14.988149011312148,-838.0066119735008,-156.17678043120912,-2828.702435110244,887.6197828601374,0.8459385573664685,1.0,2.0,1.0,1.0,245.43379432711026,2546.676828434981,-827.8879653762651,-156.17678043120912,-2828.702435110244,-765.4592105633072,-10028.84200249962
632.5717905946026,2656.6061707701997,-446.69051203012134,617.2101168007974,2614.3808949867466,-475.474841579721,597.8869346030754,2578.7734049002224,-501.5244514456084,580.879171035639,2544.738830841455,-528.5750308193909,0.021312305093935495,0.010803929909552878,0.017096452532806658,-589.1130533580867,243.1265182259342,-943.2621373977313,-1091.7367872493019,-2147.5387150064635,3465.1599956287614,1.070787312463703,1.0,2.0,1.0,1.0,633.6321483611337,2648.3698790331687,-447.4017142763046,-1091.7367872493019,-2147.5387150064635,-1465.5092555471279,-9942.675432584188
-93.29075668280113,2594.0357566614052,-691.7983580897627,-79.39249364532276,2555.6786756935176,-738.2125570814152,-73.50057077758885,2525.2518555855636,-771.342130022994,-70.68921322852782,2499.9126451456746,-806.378635762865,0.021899579828985053,0.014925820361221882,0.016922091856936945,401.6587009323681,-140.2289839876294,-800.3137799234186,338.0795384221486,-1886.6234585419195,-2146.11885754694,1.3962525079528472,1.0,2.0,1.0,1.0,-88.55662977974828,2595.375030898147,-698.4830019290972,338.0795384221486,-1886.6234585419195,-1624.1728804254276,-9666.211027010551
109.30187399536224,2498.9241168795065,-671.2525900198077,112.76093783579309,2474.4529468309233,-680.4196337154939,111.40242028775039,2443.436462732187,-691.2862957301712,114.67125319570248,2415.921582737259,-713.3341062791662,0.019851755448225452,0.012937144914839507,0.018999495644577147,211.0830334776311,175.8117743598027,-1006.8415881729902,69.32090632927766,-1573.7684172021782,-2667.6034074434856,1.4232116039923484,1.0,2.0,1.0,1.0,108.83469664194547,2497.1201897330225,-667.703355918931,69.32090632927766,-1573.7684172021782,-590.5639321817312,-9978.749562699004
573.2444587065655,2572.1660803091663,-803.0039132460835,561.8536152528357,2537.1928923975483,-841.772361814911,554.7994516978819,2505.599349923218,-861.3031606679846,545.95882956547,2472.127257608981,-898.0852844561322,0.02015607633585903,0.012901029774380582,0.01614420123030586,98.66163816402644,-126.01233171742282,-804.8547118849705,-377.548931196676,-2159.3691582693673,-1541.2459801520974,1.2007986926594498,1.0,2.0,1.0,1.0,570.5978021598735,2573.199116119281,-810.8415981949299,-377.548931196676,-2159.3691582693673,-1578.1812691243003,-9567.144381741471
340.4819226407753,2635.3483706712627,-479.88802660824894,343.1628327739292,2590.1235430238266,-492.12561805979385,337.37620339167523,2558.754967085564,-495.5107714608451,340.2417796770703,2525.3533589761464,-508.3433822625694,0.014189410312019875,0.018414649007360513,0.013509476973542135,338.93600340476945,141.8204663184501,-806.2271451797136,-0.3285369821212303,-2076.3015550060336,2528.11871289312,1.148886463707074,1.0,2.0,1.0,1.0,339.3286050984078,2623.0008245506438,-483.30642044017156,-0.3285369821212303,-2076.3015550060336,-286.9928350972594,-9770.320494450487
173.24694387675393,2483.0398194571035,-490.4647041125486,161.53694086686937,2443.7544738172173,-498.0815375243078,144.63337993605353,2399.638976349179,-504.91760088055787,124.99120382992258,2368.641535146612,-517.41004043389,0.017553992337835837,0.015030775184898974,0.014611530411902232,-650.1823300201735,-3.347197016872645,-811.8094941177836,-877.0422357368084,-2648.064440298372,-2614.846995070094,0.8928037020653636,1.0,1.0,1.0,1.0,174.23737157242442,2485.833376863593,-486.54376797037355,-877.0422357368084,-2648.064440298372,-506.1541539846538,-10117.207713360689
647.3012967295724,2591.282871565476,-627.6468470194395,635.2658395633873,2550.000646360332,-627.9475465945163,633.6229808242189,2506.965692277129,-633.1660514168415,630.6015219358721,2467.773442165908,-636.1921469876751,0.017052400891879135,0.014696836264354644,0.016779265878118742,268.7247468935979,33.620418224406954,-981.0512298201985,-402.9570222021054,-2704.4572382818824,-2602.1035506806716,0.8964714969656482,1.0,1.0,1.0,1.0,649.5191328745886,2589.3325084007874,-631.7561040244977,-402.9570222021054,-2704.4572382818824,176.71130993540942,-9648.364796129143
-353.7100805685146,2654.4359565766104,-710.4922270294709,-351.81623517810675,2628.925541003066,-699.1711550495922,-350.86498326601964,2593.805390152139,-702.8251412299123,-350.752921368861,2565.3703329848076,-695.0964052052597,0.01951380206692447,0.016217908043797247,0.014477334075808805,-248.4581149973037,-27.462566123670328,-885.2076995172063,70.46424414802924,-1810.343898444209,-1869.8739113354984,1.4297909558134598,1.0,2.0,1.0,1.0,-352.7451963363808,2651.846403573752,-713.0633727643751,70.46424414802924,-1810.343898444209,481.4680048106069,-9483.641427698256
-182.3630140879683,2474.5399037179654,-569.168246573841,-175.87442563989728,2448.9780645982096,-582.0423488899812,-190.51637528987638,2400.060118920592,-605.840648748709,-196.05045923961012,2374.025116452317,-615.8820648217963,0.01671586748429802,0.01020571819572473,0.01580388263877723,-416.129989784047,124.760564827459,-811.1776376032595,-215.17311666901534,-2185.8978618614187,2320.137048493807,1.032274531681199,1.0,2.0,1.0,1.0,-184.81888936485416,2474.6007663284886,-574.4803072354974,-215.17311666901534,-2185.8978618614187,-741.7398704668016,-10211.024357751914
-203.9860567037298,2634.1445617411387,-988.1982423766058,-196.93837440376706,2602.0314964725667,-1009.043027075049,-200.37720201893742,2565.7666358279334,-1033.9962801625218,-201.73910854997337,2523.829129899768,-1067.49054588588,0.017776505808946675,0.011702554444976296,0.018143668708868247,-356.15695690022665,188.91495766903677,-1012.0841809526992,-156.81021154468712,-2401.6388912968523,-1728.212008439518,0.9723772710372091,1.0,2.0,1.0,1.0,-196.21054112464378,2638.5866267918373,-986.3127441926208,-156.81021154468712,-2401.6388912968523,-1581.6705987666578,-9423.94918960905
-222.14142074327097,2565.1003231429063,-520.7659813552364,-223.9679158439771,2526.1148356886065,-559.1088643620195,-242.53997458273048,2494.7616556170756,-590.7156689684425,-233.39495266694595,2460.674542141968,-616.4346116879824,0.017162998316661595,0.01322719020976276,0.016493299767422805,-450.47117928953935,-5.245814297292981,-935.6171552211014,-204.83210067872517,-2347.802145834952,3357.8620056689274,1.0481165117061515,1.0,2.0,1.0,1.0,-226.18002904633954,2565.5975353919757,-526.8700643026955,-204.83210067872517,-2347.802145834952,-1858.6174322027207,-9567.560843444104
149.00968849665074,2646.2791537824965,-825.4539972267165,145.25105855379104,2617.3546484798735,-851.0212521433901,133.13193084720947,2590.5050864133436,-875.031520266676,120.26736597569926,2562.496293014338,-915.9458476329704,0.016769641012131395,0.014959327785214697,0.01677655370516603,-442.5546682952761,230.15495110621282,-994.6330881394655,-432.2056599517553,-1790.4226542036326,-2493.643369454301,1.301494477497481,1.0,2.0,1.0,1.0,140.92297263959244,2647.225534281118,-822.2997102761947,-432.2056599517553,-1790.4226542036326,-1708.863857287263,-9571.852109188903
77.69538411223543,2487.2844179780795,-896.3931644347533,72.80544981460413,2449.169993997119,-912.2908700714673,68.2862155947033,2417.985744887708,-918.0264916072083,54.37723046468069,2389.679341838865,-936.3863798231386,0.017249606407521947,0.011795616723149247,0.012041601986607274,-319.9302267003627,64.50967886691745,-919.8586222719945,-404.2821554167415,-2482.8239680111733,-1029.4032171083613,0.9339131748827223,1.0,2.0,1.0,1.0,74.24487483095959,2485.2630476778118,-895.2168330801626,-404.2821554167415,-2482.8239680111733,-750.2757680100736,-10102.279932008669
461.5366160551993,2531.6942923743763,-447.0671311210917,447.06886123148377,2503.807078219815,-471.3815871433965,441.2309627867909,2468.310581335035,-510.4355524097815,429.8329688499357,2437.8545312866177,-545.5805046421763,0.01680478514975298,0.017567110197383193,0.016244344949852857,-212.27007030373497,354.00613280570224,-814.1048816119461,-563.406258055179,-1827.1732649871556,3116.8260347809965,1.1393837597030076,1.0,2.0,1.0,1.0,458.1833767819295,2528.3423181404073,-445.3372530411284,-563.406258055179,-1827.1732649871556,-1650.1344809720015,-9480.497063195102
638.3856005382752,2583.058467211273,-906.511246942022,622.1244858048825,2546.983592828758,-935.6133081276081,618.945182943178,2503.745015303196,-984.7346363181844,606.5806108287373,2472.315985028982,-1004.900009887869,0.017497037205035513,0.016835638175611227,0.0121363381636731,31.926082198997022,184.57071747876557,-803.8824742648447,-690.3880608679599,-2751.178459362688,1663.6591937617422,0.8285309864556808,1.0,2.0,1.0,1.0,636.0156354584631,2591.8518694211134,-899.3570725943616,-690.3880608679599,-2751.178459362688,-2152.0538936143903,-9755.639001959038
-221.0684319914907,2536.949951327374,-655.7206859735493,-209.33066145036935,2492.9243895822847,-662.6067888492112,-194.20381748361675,2453.742319355301,-671.6112166520943,-170.3824150818457,2409.4691017530436,-686.6611947083319,0.019529770979436423,0.017055231923527123,0.014358566328515066,566.8434682381713,197.68983214483447,-922.4082824054319,929.4805236829351,-2758.706983477572,-2313.077819148344,0.7990564307685221,1.0,1.0,1.0,1.0,-223.21497689232388,2542.590768100767,-651.7882182290879,929.4805236829351,-2758.706983477572,-408.4259596992387,-9578.139645023453
541.920527253599,2564.6883944441183,-443.5831327136291,537.5989885286922,2536.803155031102,-459.12113889257563,525.8351531415751,2507.955963863014,-475.10643405360054,529.1984854374527,2480.897689389725,-501.52956802864384,0.015299538148474614,0.012282150326679413,0.014048211970670736,141.5022883561286,312.57674697226344,-806.6566856554267,-339.1464240693772,-1923.8964211256146,2909.583815377701,1.1283700995541723,1.0,2.0,1.0,1.0,538.303604517296,2563.5355596892255,-440.3916225886469,-339.1464240693772,-1923.8964211256146,-1073.3627796991934,-9984.62673149059
91.88976868256526,2464.738386614649,-944.7233775878013,93.11830691049263,2435.4807683374893,-943.0462628842324,79.69184618257623,2400.359092997645,-951.0365512938813,76.25348640218543,2352.7148100701293,-955.2569861511504,0.01109909856041346,0.015023538511390476,0.018011644871693322,-246.29797538286067,135.53262124952522,-1017.0657945416311,-352.9756841287251,-2441.9974178604307,-1244.4492860530913,0.9108657180565035,1.0,2.0,1.0,1.0,90.79380296007093,2467.6401553062287,-938.0990891178794,-352.9756841287251,-2441.9974178604307,-163.79769730437226,-9639.143690732322
555.3966742893206,2513.8655790513,-862.5443409721621,555.11571305424,2471.534492659992,-894.4188157275851,553.9254379417392,2409.439441766327,-923.1861730584445,557.3874762821468,2361.5954144126345,-954.696189895994,0.017452938719311677,0.021455909279545014,0.01189184624028003,447.45363381777264,12.531702697158918,-821.5353856576087,-132.36775776840963,-2926.382098067262,1248.7372743045526,0.804199305760864,1.0,2.0,1.0,1.0,560.6280667097603,2514.588396544676,-863.7019196881279,-132.36775776840963,-2926.382098067262,-1554.3728476048484,-10155.971392438634
298.6201808116453,2449.243901055279,-845.9430758777282,301.2314185156882,2395.1501681320683,-856.7870244130993,299.45528309541305,2337.3597096485855,-871.6464098371001,308.96640341930816,2283.3679621725146,-892.8535620922233,0.015187443520821424,0.015381537802012825,0.01592354323753038,376.1627150157969,-155.82002825180504,-1014.7763309353943,99.50765743700984,-3336.3219526052535,2034.1209955633076,0.7335074754396359,1.0,2.0,1.0,1.0,298.54674221493326,2446.51109478029,-840.2300409540403,99.50765743700984,-3336.3219526052535,-896.9313635813188,-9550.913584900904
-74.77537485399586,2487.676722691349,-777.2103697302113,-57.54536198467402,2442.0989604175006,-801.8275819375123,-57.82752363880825,2404.0900314961855,-816.6377522913199,-52.939276325894326,2366.587175662285,-842.7428912574828,0.0218320223234437,0.016487274423225947,0.011663998953477354,155.26165912640863,152.73631812308236,-800.7161502617911,235.15396509019675,-2434.8806748155534,1017.8486468513343,0.9100167042998537,1.0,2.0,1.0,1.0,-70.4861473601801,2490.221765946009,-783.4215066249549,235.15396509019675,-2434.8806748155534,-836.5282244624868,-9752.50335389255
-270.41846725956987,2625.531966656645,-461.9840240845765,-275.50033268265446,2603.5936642517436,-480.0512504242014,-266.10946968365107,2565.2616326298394,-501.8654205324793,-255.26921093898613,2545.9147253013343,-519.3863800313046,0.014605523726872762,0.017161461300777475,0.012703643218013351,2.471075628002839,158.65579273667538,-808.0279896853871,237.2512833721927,-2127.9478623819214,2830.2135999304514,1.1155293717543338,1.0,2.0,1.0,1.0,-272.7404130837408,2627.075313099698,-464.10876050172396,237.2512833721927,-2127.9478623819214,-1111.5244037612276,-9850.891584497675
747.5181343496844,2506.550709443966,-632.393499333632,739.8142052159237,2465.110911823188,-644.7668932776309,733.4293001070021,2422.900851276296,-659.4331054802851,727.3767029744611,2378.5689542155956,-681.0608953256001,0.013090840355239244,0.012941033296037662,0.014319550686756492,277.15258257853696,-25.64013617268705,-924.5027673536018,-553.6215867188334,-2958.945837307999,-2502.263238048418,0.8146485756619672,1.0,1.0,1.0,1.0,750.4990392231393,2504.258554725653,-634.0359756551625,-553.6215867188334,-2958.945837307999,-846.6306394975685,-9545.137484244262
311.62486654702195,2613.216349884926,-647.4667658873273,301.91287985521194,2572.7283168434483,-644.4075194570552,288.13279724460614,2532.0689842384236,-675.1098807656307,280.7881967834878,2509.702371534686,-686.7234932088058,0.016892666629703366,0.014602823036244408,0.014471523033034714,-541.307570019602,237.8224383396439,-859.9751762125093,-826.8973581536633,-2283.382729391223,2116.626085450462,0.9940329873010173,1.0,2.0,1.0,1.0,318.6656824602085,2612.5404769065053,-644.8041601759994,-826.8973581536633,-2283.382729391223,-594.3437709317848,-9590.784197355904
704.4958382179818,2599.0831765222183,-741.1037332773523,690.0564422268017,2577.0926026321267,-751.517664045058,677.9899778524416,2535.53073522396,-755.5171433588222,662.7086174339712,2507.068584416629,-766.6311216940765,0.014506192050135387,0.01403375069105076,0.015269229930950735,-225.447603132186,163.8585495647011,-801.7309549030894,-910.7239855370618,-2383.922938378805,1114.796443536653,0.9811908273278632,1.0,2.0,1.0,1.0,708.0444820433015,2607.379561402962,-741.4958126418388,-910.7239855370618,-2383.922938378805,-280.0695782513031,-9673.883792487504
66.40518538593592,2430.0,-446.81577836087234,44.477857093650435,2402.560132428727,-501.86209828344994,33.79213692869069,2354.252387811568,-534.4762631015541,38.38813811194959,2312.3191767499343,-560.04079366553,0.019802893156010647,0.01415327980032622,0.01610057018004485,-192.09043286114982,-249.87867705784475,-801.5459969216895,-246.77079195994014,-2809.0741366447737,-2930.469467245315,0.909943256863619,1.0,1.0,1.0,1.0,44.809527420392214,2446.8324941211404,-475.4281808373255,-246.77079195994014,-2809.0741366447737,-1521.5028900266957,-9617.927061356555
-116.59079561691492,2560.2008449229957,-430.0,-125.74633390884865,2527.728785409029,-465.28640833885805,-137.15067515897755,2499.2996722171097,-507.2551577358398,-141.88556436350964,2460.0216802341993,-537.8346003471843,0.014307992432378328,0.015875090352484716,0.01591076503492871,-589.9010643530553,205.0897584484386,-838.7656016766971,-399.91884180023027,-1997.2664183743448,3446.60332720489,1.133906152180205,1.0,2.0,1.0,1.0,-117.99683102878276,2561.8641321301548,-434.40002103620895,-399.91884180023027,-1997.2664183743448,-1997.7993499815263,-9754.076934957575
387.8170483629067,2458.211297829993,-843.3665135808432,389.75970762985764,2407.805314989695,-858.0395030798959,383.96313049254917,2358.4997933496334,-866.1322007912954,393.7050068931984,2321.8097964168146,-889.4205909698885,0.01622168787981873,0.013956030440356686,0.016893363142654397,516.7138572056283,-7.049345683784981,-966.5258778695425,159.3923679510507,-3045.456992059943,1621.6561986854945,0.7629289185371708,1.0,2.0,1.0,1.0,387.6060391652816,2459.770817884771,-843.2081299380624,159.3923679510507,-3045.456992059943,-491.44653807618204,-9685.826070599807
-458.11746686459725,2433.410171507266,-829.6337393588897,-443.60046312709324,2371.257541133863,-828.5287680336496,-423.86754905986214,2313.160625643707,-844.7349608273356,-409.7909047235887,2233.3597925166505,-861.7163917250936,0.017758639007574267,0.01132922995746441,0.02014719439602845,187.56834913843267,56.388836189046515,-882.11325340964,1098.1986379684345,-3992.393626092612,-1176.913426828995,0.5457649366389333,1.0,1.0,1.0,1.0,-465.8598404527868,2431.863043714147,-826.2941125003988,1098.1986379684345,-3992.393626092612,-553.1523196426398,-9671.442322470419
-383.98709946678787,2656.5560756045597,-680.2908878125538,-375.7390904219037,2636.0800175630775,-697.7660230245398,-354.8593942507881,2610.0024274369275,-723.2935488106833,-343.65960241268095,2571.5770582906266,-751.6564173181472,0.015693512574851527,0.015315127440275973,0.015174166466358583,439.90154004786496,193.82210640046515,-929.0619820623117,570.1973630766267,-1719.0763729552598,-2497.5554339320665,1.3888171935185054,1.0,2.0,1.0,1.0,-378.33167596709256,2660.6967015912633,-685.669823996258,570.1973630766267,-1719.0763729552598,-1161.031694186589,-10045.928494669732
645.8316662511427,2503.868156816741,-736.1482961647372,622.3150586318912,2455.75544258615,-738.752326588859,593.3033261980183,2412.0873850457697,-744.8940842122893,595.4567584407882,2358.659669120356,-765.647942796507,0.013915373072680043,0.016024983993827437,0.016936136297481252,-422.62102260538705,207.68017023888228,-931.1079581655141,-1321.0790887623075,-2849.635590020691,-1910.5198646174072,0.7581235066360119,1.0,1.0,1.0,1.0,640.847643848269,2501.636820205536,-737.5071927475705,-1321.0790887623075,-2849.635590020691,84.09791421846742,-9409.034283492832
433.39206974781916,2460.998402095067,-435.7898427815049,429.98334031450696,2425.5437276809016,-449.3482654583122,405.0896830675534,2383.9607011891344,-461.60522788287426,416.07423188768445,2336.1542840927227,-484.0573802761908,0.014100997207106425,0.016507743208097853,0.01638494245898866,131.5693165224534,-80.4226179292989,-833.9440861010545,-292.11821141373264,-2530.690379197358,-2827.071829161702,0.9580063171258076,1.0,1.0,1.0,1.0,425.148118993253,2462.921213164053,-440.28121070948396,-292.11821141373264,-2530.690379197358,-587.861565805379,-9712.986446256557
747.4166087961135,2487.111625013901,-878.3754641123152,740.9658969231573,2451.044646858152,-907.0450023359449,731.1576239226285,2398.3220239819584,-938.6117024054471,709.8152252719175,2356.8858396841956,-981.953665230743,0.013608521701580584,0.016984876919984078,0.015708419238903547,50.726948112529314,23.74308868296126,-819.7185794730293,-817.251260933491,-2871.6649896905374,1375.9517407929065,0.8136981821395325,1.0,2.0,1.0,1.0,753.5630325153334,2493.3749798168274,-879.5431973408405,-817.251260933491,-2871.6649896905374,-1753.083011939807,-9857.462427101917
-4.956851323460031,2686.7613832184948,-454.4250540303032,1.7415246269935956,2654.704607403394,-475.0886989928959,8.195195914611915,2628.5922819604666,-512.5773711303626,6.405615693334255,2600.945247518647,-544.038808166811,0.01765918346204873,0.012590396626952074,0.0160606893136016,276.46602358553184,335.4017276061327,-803.5007225794825,238.0600982467917,-2001.8899650225212,3279.1677618385693,1.1286897305973946,1.0,2.0,1.0,1.0,-3.254591854448279,2687.6224365076073,-448.6596959708047,238.0600982467917,-2001.8899650225212,-1944.1198739768581,-9827.447451979944
-143.08096343594394,2540.2674066458253,-461.8785310178897,-133.732794967798,2499.7844886262474,-484.3387903994735,-128.27674108293377,2467.890207591688,-510.8562727842858,-126.50988242122241,2421.811265328044,-542.0476824190782,0.013276074613299478,0.01702422506250372,0.01767050288581797,122.74276270125435,-82.4985448308584,-801.6338730813957,270.6962556613676,-2750.6880098698425,-2957.1438841344266,0.9070291974383796,1.0,1.0,1.0,1.0,-135.77216145535232,2544.408504594834,-464.801091790716,270.6962556613676,-2750.6880098698425,-1451.1751654987404,-9855.366189863586
-49.52799814810314,2552.6611554334704,-768.5609949927749,-54.13173398335081,2511.9502722815896,-795.592772943766,-52.395269105765614,2458.867955756256,-822.524034313735,-46.34561221710572,2410.5608242787994,-857.0664609278858,0.014179897398381752,0.01175607582928379,0.020720839093265324,15.903918064687712,-0.3440224591485723,-889.3376668056297,74.35799960351156,-2864.481518600423,2310.9586548278303,0.8433431876790698,1.0,2.0,1.0,1.0,-50.274701582437444,2549.04452909522,-768.1272979985622,74.35799960351156,-2864.481518600423,-1695.8050066757019,-10170.676888894548
45.461661600868354,2602.7644743712513,-623.7229565013091,43.92442738422085,2569.0636188602834,-648.0955900131036,45.40549714359443,2528.248328986497,-682.5639211461107,47.46510026874525,2503.079897808535,-702.3482062129443,0.016444601896912946,0.011611123888045919,0.015615577763745146,111.2797271600189,380.70751447236796,-805.8195153726313,68.64905515305131,-2114.608627257821,2483.7840683546888,1.0063286964512956,1.0,2.0,1.0,1.0,39.19821924931523,2601.046573093068,-626.9030125714833,68.64905515305131,-2114.608627257821,-1636.3061548571661,-9759.708315791133
-177.45583743732922,2536.95403767314,-815.4490989341735,-181.77532905226244,2493.247252899927,-836.8919063115324,-183.8753678308842,2463.17287928949,-861.1726561454321,-190.64414657713309,2423.526511635319,-887.3691688945578,0.01476750519251967,0.01315530913417494,0.01401072414674567,-186.48561746504836,191.05986536992805,-804.405762611652,2.2180637447923885,-2548.087333025581,1576.5144706945694,0.8780664615265604,1.0,2.0,1.0,1.0,-188.52623611025933,2535.300211753466,-809.927639769857,2.2180637447923885,-2548.087333025581,-1610.4772250097096,-9752.69069357519
278.87774140850354,2622.095955819989,-508.9346940373108,283.4360591075132,2592.4207624316286,-535.5726787704679,286.4645212788419,2568.794516143864,-548.5857557271241,287.3455364558429,2525.2051427771808,-525.659564183923,0.01395881607023389,0.012852435329992133,0.018481293072284025,110.28665185009339,386.7179773354844,-800.5165390145328,-151.3151343701215,-1969.5766883463245,2500.1547858574277,1.0897074555274877,1.0,2.0,1.0,1.0,282.0293293601824,2622.187518608562,-516.3744917570948,-151.3151343701215,-1969.5766883463245,-793.6908742896164,-9892.406504232478
454.76607611277825,2598.557467630605,-638.8787243617205,451.9231037366567,2558.204847660837,-650.9146249169904,450.07312433201116,2530.583370298719,-649.9475273548055,448.3771297859342,2506.7527525967657,-654.1579634693121,0.016959813311843885,0.01717486519248212,0.011201773014284364,417.2511191976703,358.8765772120369,-805.2983804768368,-30.297607661659384,-2042.1879367602826,1793.2675225270646,1.0496635484813883,1.0,2.0,1.0,1.0,450.42699958718515,2595.072367964538,-641.013286765934,-30.297607661659384,-2042.1879367602826,-221.7667994225161,-9639.331442713572
-329.4604773272187,2604.2177260808467,-886.9058285938683,-325.52256733101484,2567.970916211189,-910.6469410711898,-319.40001947046926,2530.658768247384,-962.6589168839159,-307.2568302178003,2488.3031238209905,-1005.9314195680361,0.012818702465482728,0.020502166474613302,0.013696139195940031,110.94533528059368,275.14328578772967,-804.5936876605595,499.56672803600674,-2624.9938384028674,1855.8310536240479,0.8429829918639646,1.0,2.0,1.0,1.0,-333.6690526714523,2611.387801966277,-885.6162980829375,499.56672803600674,-2624.9938384028674,-2241.4327375456164,-9742.5752271658
333.452543402232,2468.6889431292534,-750.4570625279047,315.4678142875501,2415.714989783983,-765.1340195367652,310.12185658410476,2366.552214149983,-776.2762459092622,286.9487875125196,2319.7507131691277,-788.8840891545734,0.01782500213176974,0.014380953298708803,0.016955219572612527,-322.8408350046803,136.05997254596372,-961.785191355141,-883.2556378912446,-3130.536942408078,-2059.955997409005,0.6958388249969095,1.0,1.0,1.0,1.0,335.18461522429766,2468.309994639978,-753.8804303767889,-883.2556378912446,-3130.536942408078,-461.4577083762938,-9694.493507572788
303.93215878274765,2582.6413913697425,-976.3616173865272,292.63044122682794,2538.0548644117257,-988.3375405510601,296.0362225656144,2483.617097695826,-999.9211702547252,278.860697324844,2442.346428593198,-1015.6178922703806,0.017936120561448343,0.016077840794406956,0.01581063968044532,-133.97110487035704,223.92119477090822,-1018.8951558855886,-522.6905631561696,-2805.7137334043155,-1080.4253253257148,0.7901753989637,1.0,2.0,1.0,1.0,305.08896818082565,2580.720730830537,-974.8856035121861,-522.6905631561696,-2805.7137334043155,-545.6112111490864,-9888.823724743115
631.2101110265402,2484.128037084099,-707.3919869193226,605.0241301162309,2436.232583197211,-696.4552974855881,594.053786777462,2415.129559946124,-687.2831295112667,576.2546032620548,2378.966865278997,-689.7030044983976,0.016772871631779304,0.011688062723372233,0.017208955304849925,-428.36479586255587,209.2375880504375,-899.1091483925829,-985.4881586821286,-2121.899985984537,2085.977444453382,1.0243301103399978,1.0,2.0,1.0,1.0,626.107533927322,2479.670573053894,-704.4692649605571,-985.4881586821286,-2121.899985984537,636.4257189369908,-10140.060049400174
-200.05262032358752,2685.4270108196297,-803.8963695401138,-214.9516087475254,2655.5858485677627,-831.9363990210288,-217.5830929273762,2619.565418210981,-853.3163659013325,-213.7009273948643,2601.6664846484605,-875.0050689531694,0.016750586128007904,0.015663587061744658,0.013394873102830503,-463.6709413743041,182.71887213607704,-1009.4433500771537,-193.9354535094083,-1866.397933565823,-2506.969734598332,1.2941909537074103,1.0,2.0,1.0,1.0,-203.797433671691,2683.6921031142647,-796.6778984998289,-193.9354535094083,-1866.397933565823,-1460.6673050328425,-9757.014292048894
372.9605099807759,2495.6399198186523,-660.8759838093102,372.29250570030115,2457.5796684249776,-663.43117617103,378.4223613804575,2416.7225072084702,-671.0950724280596,381.36238109926285,2387.995301843206,-681.6468428661668,0.014206194516926271,0.01059131046930165,0.016554165095435676,673.4196103696022,18.623046172448966,-967.2834704326877,303.1799521766319,-2486.4146998410615,2438.916850362587,0.9536483299183371,1.0,2.0,1.0,1.0,371.7555579538564,2492.6056725142957,-664.4501919543474,303.1799521766319,-2486.4146998410615,-201.34295903125354,-9755.480786255941
-265.8741523970853,2579.065228515958,-903.7666219290334,-248.22574603768336,2537.186760211435,-914.6016223097864,-229.10340562348895,2507.176799203085,-936.245123361989,-224.47850243007488,2470.180644627093,-951.9427010870332,0.015536883159909984,0.01676745911473228,0.01614359711380791,581.3301385146632,233.8357901722481,-936.292647525044,864.1856054438015,-2394.5690179269304,-1124.7008051142666,0.9315520606115506,1.0,2.0,1.0,1.0,-265.5717548202611,2580.5134277406314,-903.8147220033534,864.1856054438015,-2394.5690179269304,-787.375869168004,-9941.648884566719
618.6666213797367,2597.184776060768,-637.2456860640835,610.9075297903845,2549.8369394721967,-672.7375267161331,593.4933260247636,2504.261301444708,-702.5035031933546,572.6360570344357,2470.6157720774654,-738.7445466735923,0.015929994626613646,0.012787020552198373,0.015425331674872287,-72.36276391001589,120.37758255552181,-982.5279006216948,-775.1897354034669,-2793.184903658387,-3390.755642683858,0.8408576531463163,1.0,1.0,1.0,1.0,613.6801519220537,2592.346222293202,-638.8608032854333,-775.1897354034669,-2793.184903658387,-2125.066751338564,-10157.685820548852
-44.57476451043985,2524.327044047858,-574.2619290733539,-36.093453348889376,2481.722295282985,-603.61373705246,-32.072421361389196,2437.7957361871727,-634.3279506825425,-29.864178619853103,2399.4461179314803,-673.9626703495175,0.014472746075431232,0.016760014563705627,0.017826033718075507,141.65518048273665,42.449851583851824,-931.8570857282374,194.51483195794702,-2664.300481069375,-3241.149014758369,0.8809412056427883,1.0,1.0,1.0,1.0,-39.243613238153785,2520.249298978371,-569.3960770372871,194.51483195794702,-2664.300481069375,-1851.8720507394714,-9761.000531229463
-220.8149839101949,2608.8103907052728,-712.8515947190633,-216.23312482385842,2590.115954595382,-734.5653596529038,-213.12344602238005,2561.9014696063214,-770.2943048384722,-220.6744361729243,2525.4580122657885,-820.4263311015313,0.016491040180910865,0.012767999346077825,0.019664646661544282,-261.75763446721095,-62.41191517116264,-828.0401865076739,-28.804939699754243,-1785.6181378827227,-2566.0662410715195,1.451076313811467,1.0,2.0,1.0,1.0,-218.5502249175771,2616.0152916529514,-708.3615109233231,-28.804939699754243,-1785.6181378827227,-2049.42307623443,-9965.293903335907
-481.1461627976532,2714.379544369633,-754.8050320808475,-464.2755004359181,2686.6594558363868,-759.0141139314087,-462.3682462614809,2659.0340288406755,-763.8091186966927,-439.61112447739555,2622.621134258033,-770.3070027144508,0.015418639501263242,0.014217262436128763,0.016257904801763066,223.94659302124552,141.78906033702435,-984.5614769664412,522.7016867310655,-1930.6749929931855,-2094.5899102389376,1.2891061932608385,1.0,2.0,1.0,1.0,-473.86015876472896,2719.240175982937,-764.2117457202507,522.7016867310655,-1930.6749929931855,83.5770109171498,-9941.220229175085
-141.14293795595205,2510.9502210362543,-856.1019047762131,-136.78778431318162,2466.912996494802,-883.0549921321057,-122.48206459554216,2415.3742312842273,-904.8103496549553,-124.53879416838855,2361.8245198301615,-934.0825455475053,0.014153671244446577,0.013077914591961457,0.01706166333997753,227.39656392395324,0.7200375643544241,-937.0063969961868,456.7709119298289,-3114.1935901834463,1841.9938833307801,0.760706750823615,1.0,2.0,1.0,1.0,-140.3040201795588,2507.6458776620325,-862.1775224399765,456.7709119298289,-3114.1935901834463,-1400.9352197375902,-9561.915823450447
596.4739823978016,2464.6903274289507,-647.5572210734331,603.7862885001574,2414.978310989919,-646.8062477554694,613.6019447474671,2368.3004151529635,-654.1245434257702,595.897773474265,2333.8051536722205,-671.5407132474372,0.017316140244758454,0.015128750584663671,0.016683051963578818,717.9925293037543,10.974849843893706,-857.9158085930225,141.7427621125085,-2936.6131644862894,-2020.4931444611052,0.7858720572069997,1.0,1.0,1.0,1.0,599.6373229398025,2463.0468421899513,-649.6805521552702,141.7427621125085,-2936.6131644862894,-128.7761513881626,-9763.9679408422
115.83894831493674,2467.635291506602,-879.7621761273585,119.09818092834165,2449.604070593184,-908.8709722958048,127.5664363740632,2412.783788762336,-940.4262873359668,131.91543027267386,2375.232725755691,-971.4162016340449,0.014325734269971566,0.01647947955779549,0.017103503732071167,399.4131016020492,373.45974863065953,-804.4935029368389,327.14230312580673,-2418.5482907935193,1477.1855496741728,0.8270912824401624,1.0,2.0,1.0,1.0,113.16358636696702,2489.689503074985,-874.2589793240207,327.14230312580673,-2418.5482907935193,-1887.7272044700662,-9894.711509740226
23.28015223910414,2467.975796085877,-659.6329163792078,27.883842177921657,2432.402821434928,-678.8632264647064,38.30238893680852,2380.834014785205,-718.2692758848855,45.08623454878882,2331.7985887248497,-750.0632451503286,0.017049288922359837,0.018053300280756867,0.014462643733850339,301.6329563960563,24.729814180549965,-889.6646941229458,332.3979900794097,-2912.2875188872877,-2850.052089527875,0.7904347670630336,1.0,1.0,1.0,1.0,22.41864472935208,2471.0513300458774,-653.8771190600487,332.3979900794097,-2912.2875188872877,-1865.9026585936922,-9842.317528368121
110.83026675522494,2600.573164590734,-949.303897046713,103.10786909720107,2576.6654601073647,-966.4606835520757,100.69294853966623,2550.911547075514,-993.262019996158,82.60718223468362,2506.980398736521,-1028.9077805346597,0.01545622950406806,0.01434231906047909,0.0158485130593408,-554.8490656276529,278.7987970212862,-1013.3357852138669,-598.0751091633385,-2088.690618637411,-1898.0747662836784,1.0693529383761102,1.0,2.0,1.0,1.0,112.00468108946905,2607.6888368020113,-946.400248050654,-598.0751091633385,-2088.690618637411,-1539.7898354408478,-9205.153630953442
-424.5000131728348,2445.802937176712,-502.42785178822135,-411.79928324828137,2412.8024876223812,-509.8742332171598,-391.48924382610596,2376.2213236971397,-524.821135241356,-377.35641778638967,2346.1621733278007,-543.1910039497471,0.014058799561293484,0.01743681169404182,0.014220968279743756,333.7258805724107,166.9226093469341,-932.8343209505,764.9547971405464,-2320.8087106102616,-2994.99666757441,0.9392834204649217,1.0,1.0,1.0,1.0,-419.75459461102787,2452.9191892980357,-497.2169131600765,764.9547971405464,-2320.8087106102616,-752.499020645354,-9646.398886530322
335.161973594294,2471.7057955443033,-1034.8450788233417,339.45481890295696,2414.0857310903675,-1078.9559887049616,346.4265591454054,2366.1773598648683,-1110.0543645852526,349.83375510816,2318.435781552767,-1148.8591599333658,0.01962674399454792,0.013003161947025308,0.01581579689931886,573.1002700851672,69.04802375570807,-851.5767364909794,319.726466987569,-3204.1381340382313,477.1548686132566,0.7015542971591084,1.0,2.0,1.0,1.0,333.30541984448803,2472.1516242843823,-1039.0332012036793,319.726466987569,-3204.1381340382313,-1993.6821347035373,-9992.892612814661
334.9560895325998,2471.7158543428286,-518.2762866083503,331.29220798663744,2439.1415023125473,-531.9401668207416,307.2026955949779,2383.9750230889254,-544.6538750496862,305.5063829788106,2339.9479691198558,-566.6083813806481,0.012053413822711667,0.015731385451828818,0.012039374381154305,-322.46726241797387,-376.3817480168261,-802.1076964895932,-723.0532091266095,-3135.32988567894,-2440.5226253430615,0.8701758263443059,1.0,1.0,1.0,1.0,335.51115788724064,2476.768447951014,-522.3191374020793,-723.0532091266095,-3135.32988567894,-703.6981961677989,-9759.803709907257
-401.44659840376227,2570.7479345901984,-691.7835119854287,-400.83513641408257,2530.424057658147,-706.7240248031264,-396.87091642889686,2504.0404047267907,-730.305566243911,-399.7671930970134,2470.1147206497567,-755.8888777185657,0.015448965222924261,0.01219003196701069,0.015279230746321194,-318.6094663440226,285.35041359731986,-806.1305653231346,82.22279325443958,-2252.651226235138,1953.530043511028,0.9720817720637442,1.0,2.0,1.0,1.0,-402.0656014972757,2571.791408225986,-688.1904359051493,82.22279325443958,-2252.651226235138,-1250.6598586710693,-9552.20797381342
154.02899808887733,2551.2884488671375,-819.8329591567133,156.62192249759153,2518.292863929666,-827.0650007826712,166.18799637152634,2477.1180227906325,-815.0697058853455,170.25657293250566,2450.508362058942,-819.880157443733,0.018907888436426788,0.01904924362070973,0.011501310880584495,563.9653277786445,86.52755048519714,-826.534336656964,380.6845643862313,-2266.9684472606937,-364.04467550650526,1.0405415570622778,1.0,2.0,1.0,1.0,149.01915259765485,2557.523157999349,-823.1540036949766,380.6845643862313,-2266.9684472606937,256.87493552288225,-10017.522447698237
611.5163202257704,2529.721080496226,-620.3473465584531,608.2088429820516,2496.007285227425,-636.8754773701364,609.6829157991904,2457.0785180674357,-651.1178813713777,622.1852379648928,2421.627390101133,-672.0906939759599,0.018084156170739607,0.014928413130465362,0.013846026102227786,698.6435616353896,100.63591630828887,-830.7725651080273,82.07289767420258,-2343.9697962398895,2285.7887501294276,0.9931414045965671,1.0,2.0,1.0,1.0,613.287748054224,2538.364504397774,-615.5312237406388,82.07289767420258,-2343.9697962398895,-963.2983250398113,-9983.13887764291
-498.8004844339282,2556.6568289279917,-854.4994217621692,-492.55175103477336,2508.753686080667,-861.3492037812182,-495.1410849754293,2456.6512639915727,-882.1683398900655,-494.8563645838788,2405.496086691416,-897.7859950853857,0.015980946069487384,0.017407926419990796,0.016638144417566267,-484.3867256550698,-2.5176005927545653,-913.0321782924862,16.68997459823474,-3133.0635641412623,1413.7230053880335,0.7649729830929561,1.0,2.0,1.0,1.0,-497.98905495263466,2550.929204182372,-851.3025525317969,16.68997459823474,-3133.0635641412623,-882.8235425902661,-9884.156845917714
114.6683229008743,2480.558276132678,-698.4899225014809,104.1975531836321,2426.4920169322677,-719.733672110587,101.29734218111467,2368.4788481813976,-761.5012273973766,90.42373830616256,2320.634544377058,-780.3066376075847,0.016416454468533945,0.015282002509034692,0.014206494566149856,-411.75284692076406,-39.09578038466536,-806.9379741962213,-717.4359814188666,-3386.290736192887,-2128.6217698403025,0.699095048456282,1.0,1.0,1.0,1.0,122.73695923629089,2483.690818079036,-694.7512755394771,-717.4359814188666,-3386.290736192887,-1525.0638367759327,-9830.703403451365
527.4666745554829,2447.2090560892916,-822.1395655156823,524.1921088154568,2394.5407663871456,-833.9986643760916,523.0735489327739,2344.7400852011856,-858.9029701356203,515.8918087441272,2289.27094807275,-890.3697314390823,0.015541159945279185,0.015181777408763602,0.013684613928819096,306.95319012989154,-13.941863177598378,-925.0713541390835,-340.5677830160011,-3763.0830676787186,-2038.1947537419874,0.6105924487171386,1.0,1.0,1.0,1.0,530.025088005372,2450.8775461519626,-822.7971263029223,-340.5677830160011,-3763.0830676787186,-1464.608274728383,-9823.96858039669
486.8618177276164,2477.773253144875,-880.5058532361444,476.95347471955114,2435.3699093932582,-890.3270224173799,468.9186736304983,2377.0653641256845,-902.4934380530698,466.9353412572665,2330.856583597351,-909.5698584110106,0.013898292538954617,0.015947015613776323,0.012047564290231322,152.6377343793929,-68.20708321583088,-990.0222898677326,-441.06537164505386,-3380.024745559374,1537.8242504967322,0.7131071275570383,1.0,2.0,1.0,1.0,485.6420899714068,2483.7115996814923,-879.8670763606827,-441.06537164505386,-3380.024745559374,-452.87875486580333,-9808.604281994278
-187.6160587120719,2529.8972863716726,-832.3142131979325,-183.28421463103027,2495.41528689021,-871.0461531109983,-177.7675900372606,2453.925957666495,-895.0830121799336,-175.42274963592126,2412.1554535497385,-923.7438567976358,0.012806708849143984,0.018117170749211018,0.01342799356253193,163.404317710462,228.13998679038886,-806.9194117263523,396.3728102255942,-2546.220377287587,1687.0331749397487,0.8606481268391137,1.0,2.0,1.0,1.0,-195.31307554370005,2532.4694282356586,-831.2224630470694,396.3728102255942,-2546.220377287587,-1823.0338267141842,-9810.670196442472
487.9968864253992,2567.292591033441,-656.8687075223099,459.70880109419244,2513.771746698391,-694.2803009893136,451.4223111398363,2472.601639249533,-733.1687815859176,441.8207264944432,2437.7308003639205,-756.1459640710972,0.012329014853407736,0.01574830985210521,0.017132448714786138,-294.1214953909792,126.73148310559957,-941.5397168184418,-920.3873991162255,-2902.164683900437,-3009.303609289931,0.7947902265797016,1.0,1.0,1.0,1.0,479.0039198666502,2564.5498175819725,-666.3289973378492,-920.3873991162255,-2902.164683900437,-1884.1399927632524,-10003.451106557482
-282.5290022923879,2482.695853947464,-1012.3558947098904,-283.78432795794396,2442.5486426094817,-1035.0847755695106,-288.2787706724386,2384.1492684480263,-1061.0507003294574,-288.5561502645141,2334.956558806594,-1084.9502864048022,0.014895069186155598,0.016784138137491956,0.014534373799618389,-485.5105286477616,60.13486139853156,-951.0816899163881,-266.8598142845338,-3104.446875266736,-617.6468982194523,0.7337864188767347,1.0,2.0,1.0,1.0,-277.35987350582616,2481.603424106582,-1013.5178781433958,-266.8598142845338,-3104.446875266736,-1266.8283867014723,-9790.984576638737
-206.59017422057255,2435.4878689213206,-756.8382110556098,-212.66899232849278,2374.9386443214935,-758.1341100671783,-199.8875669486356,2308.607237851697,-758.7062171163084,-183.18958491836815,2241.515174462798,-768.0283242742304,0.015007363274128565,0.016198670940684445,0.017300079755502344,232.33415881447738,-243.55414706032136,-802.811001161752,677.8754658841988,-4057.7163506976253,-990.0734392641585,0.6114938860296851,1.0,1.0,1.0,1.0,-215.06364866909394,2434.53864440011,-753.5271120871425,677.8754658841988,-4057.7163506976253,-61.23190277348588,-9912.801895775769
89.97272864944885,2499.3962860901725,-611.3753789476583,86.75830058527464,2465.529025214499,-649.7675417857228,92.40136064278916,2437.03885756359,-690.5069906368266,94.44147686677888,2411.888147573677,-726.6525542854038,0.014661113380004065,0.012507691844177812,0.016183500287937802,205.58633016398414,435.81203375743735,-803.4386652009771,108.05802011418483,-1885.7853948705292,2858.4425961706165,1.051647694487879,1.0,2.0,1.0,1.0,87.26279813895087,2500.7470411406644,-613.8816509871479,108.05802011418483,-1885.7853948705292,-2141.283056367507,-9459.483214564892
139.87622216742304,2496.233348186458,-774.1650972210938,136.1855421649134,2443.365109170329,-776.0636080370613,137.94846998771914,2388.747441115524,-794.7929563229396,132.51432664333566,2354.540644960428,-794.2142589697183,0.014038384099858733,0.016637166911406855,0.013594872809207723,32.47724067975208,56.615200206218226,-997.1828092848991,-142.72643604166578,-3296.3256234439755,-2146.9299047427853,0.6957295761795272,1.0,1.0,1.0,1.0,138.09480335058527,2495.896161554751,-771.0735707713304,-142.72643604166578,-3296.3256234439755,-452.3739979037558,-9741.262806223744
497.80645381208507,2541.1078602470216,-711.369000126002,475.98822560112376,2511.3574468124034,-724.9628336136304,455.75792994960625,2471.938381713721,-730.514103555898,450.2644284881845,2442.3852383177536,-744.8055533318684,0.013713226331422614,0.016091231635499,0.014366810090800194,-461.159590563416,243.66434253977326,-816.9459432623266,-944.3817688406854,-2276.622114457969,1471.509147636361,0.9658287319422787,1.0,2.0,1.0,1.0,492.6659959656762,2543.052678142311,-717.3282105180011,-944.3817688406854,-2276.622114457969,-479.67060462362326,-9718.285042451456
-134.02571299606305,2536.929203487158,-772.8739405511672,-129.00631838284943,2507.068045520066,-783.2056154128403,-130.40598204978446,2478.4346906569394,-790.2835475459459,-131.35483076106652,2455.54051848693,-816.7781604156249,0.015038434382539455,0.015087333523130284,0.017205555455389824,-275.0054360018375,344.41436727854403,-1019.3219339153194,-116.23728799141695,-1665.1792415428995,-2295.6376887000997,1.2676686766389345,1.0,2.0,1.0,1.0,-122.15340229312204,2534.1250699074562,-771.134437839509,-116.23728799141695,-1665.1792415428995,-649.8526282003443,-9767.246348706358
522.2311340523901,2480.1885754258396,-556.0196201799572,494.2813550586347,2437.707679155825,-571.1680627455854,486.1953072496274,2396.5434768643345,-580.7027339089174,470.0839700008538,2370.656619200887,-589.4793536577081,0.017109639723280754,0.018718603002181977,0.009161662380547199,-449.3869354208503,199.85399972879827,-903.7273140772338,-1047.0968942181873,-2461.27817941647,-2651.1800666227705,0.8800100948939907,1.0,1.0,1.0,1.0,519.1776917309743,2476.5363156890385,-556.6477346092983,-1047.0968942181873,-2461.27817941647,-432.90631137779496,-9856.168258809672
-85.56417490994028,2468.090438521558,-951.345190896643,-79.00763095568334,2431.4664369104516,-981.4344321333987,-75.55403897487318,2389.117913001128,-1007.4159559232231,-64.23593510609086,2345.4177260978204,-1035.6985804082249,0.016845434259989894,0.015090866090275948,0.016189429348438103,204.27463713043954,26.763545000806577,-907.6202174762897,306.690683267517,-2623.1372917712283,-946.889588592642,0.8818742703012967,1.0,2.0,1.0,1.0,-80.94769830835077,2466.2812263480414,-956.269414878634,306.690683267517,-2623.1372917712283,-1359.7334975032832,-9782.649180540475
-247.33330727517043,2585.7137196285607,-859.1486882247257,-243.04649729215942,2529.637430895349,-859.9162893467194,-233.4607442900339,2495.697774926683,-855.8677697365571,-230.89617688830754,2468.14476720365,-861.0612090666476,0.015320828995532044,0.015439951998169886,0.014307924288561012,150.51637409755688,25.64537099895734,-895.8042849555749,435.0996556566605,-2773.4538720212367,880.0428897576754,0.8749312947177378,1.0,2.0,1.0,1.0,-249.77530910657038,2577.222933258486,-857.7858026334468,435.0996556566605,-2773.4538720212367,206.16003738570015,-9637.307124379475
675.9671996527558,2489.320143886972,-948.666492302917,670.8596130719567,2434.6972308368304,-967.4017573885643,667.1165408112469,2374.4607657105926,-990.1422577516416,657.7931557695739,2324.552249205956,-1009.9463830225686,0.0190174706232627,0.015413817296582474,0.0165902774594276,415.5014755813898,-51.15371261821852,-901.4692114520902,-341.31741769891727,-3315.2082924233296,333.00275776936564,0.7139784346207279,1.0,2.0,1.0,1.0,676.6093001210561,2484.9806310856284,-955.29624557022,-341.31741769891727,-3315.2082924233296,-1084.489840193106,-9884.32244457123
-317.9618560625547,2476.90756464565,-788.4322687642737,-315.3364237058601,2419.1766095733337,-806.3158824745794,-312.29427133721134,2367.0671293413525,-814.0464210781284,-299.8290668022614,2318.9283426697457,-848.4748772260936,0.01479328552455507,0.01739254015335101,0.016530728959656987,-49.110025705541446,121.09592105257846,-1012.4414284762415,369.7614177476422,-3242.299009988044,-2289.960593275425,0.6762834453624375,1.0,1.0,1.0,1.0,-317.1870535725817,2471.76270329391,-784.2328720445444,369.7614177476422,-3242.299009988044,-914.3824447126706,-9658.566256970711
-382.6036534511176,2437.1386521677628,-449.37011173571625,-376.94975027051476,2414.7109670065624,-457.40233061968814,-381.4209085042325,2377.7347179845838,-462.6535825046731,-370.27452760397057,2350.5502230985385,-475.77644406232594,0.014461823688795039,0.018580286306434886,0.016916187141141667,-402.760194188064,130.0716444624726,-812.5754524565265,-20.173001200013942,-1900.1898608387598,2688.8412041737597,1.1650417028636244,1.0,2.0,1.0,1.0,-378.24999773005203,2438.802325381582,-447.7346540820763,-20.173001200013942,-1900.1898608387598,-324.2617802410896,-9765.277882512097
-14.307222398079109,2574.000149474125,-548.4224651656774,-13.60792534677296,2536.607610382837,-559.5418283774897,-12.724169203108186,2501.697166684451,-578.5284980251893,2.0247356897980664,2469.8390995764976,-594.4818609001468,0.013840989996946652,0.016513829729049932,0.01654814543818771,72.75036245209417,177.84274433863953,-810.084425431168,76.38981236187081,-2166.5642009183375,2407.5152725155654,1.058097034835814,1.0,2.0,1.0,1.0,-11.66038020777279,2571.8961863534028,-550.5537133028436,76.38981236187081,-2166.5642009183375,-805.3966760137104,-9918.079596396818
620.9375591856189,2448.0589316017554,-718.9283880994685,613.4502341136473,2402.9831569883013,-754.1368164629005,623.9825349518626,2348.2060788313124,-777.5917307211813,620.769761786869,2305.0849894938474,-803.5206425670231,0.017362513738923297,0.013870195794632098,0.012843185731731495,669.4219932139866,-5.380115207728032,-885.5757723738632,66.10429809734633,-3227.026341727422,-2433.914127107477,0.7159241047347137,1.0,1.0,1.0,1.0,619.1827266600055,2447.1599045051084,-721.3551571649422,66.10429809734633,-3227.026341727422,-1642.812112324017,-9821.266937011775
-151.0533581603807,2480.189693759104,-470.945373587601,-148.76441662154284,2441.475590959309,-483.2280553120249,-145.81765034277058,2407.8454976915104,-489.422686230399,-138.8415925665523,2364.756509897547,-510.1542961757257,0.01544013752747375,0.014788930350139264,0.013039218787481977,187.03911812923755,103.6941535830253,-949.4109609596192,338.31891556416844,-2359.1499122277937,-3130.9655797505175,0.9617317133349056,1.0,1.0,1.0,1.0,-152.97139201275115,2474.639815371966,-473.4964603438202,338.31891556416844,-2359.1499122277937,-657.0526371143269,-9845.558141089325
496.8382713709757,2565.267013304524,-833.1948656305725,477.6711257505512,2503.1335601525175,-852.8869459890527,462.6469754905918,2471.5756852786353,-862.0005725698725,457.86227595104066,2419.511407369481,-900.2067629267337,0.018574489397154142,0.01636753986299179,0.017849012316245763,-273.3516061522616,137.04229279530898,-800.7225241821715,-831.8210649283326,-2630.2565752048927,939.4284214017516,0.867208958423609,1.0,2.0,1.0,1.0,491.92377358180374,2556.8783419838132,-828.2053555465936,-831.8210649283326,-2630.2565752048927,-1191.693140666215,-9760.30953933441
771.2141553898637,2526.4671748272935,-882.4896266409045,763.5273814386425,2495.028511057403,-885.6346135175503,757.9115011480237,2462.4737584706954,-903.698466146074,749.051288588285,2425.062103689714,-908.1362232644212,0.016422987098867727,0.011605406367836042,0.014641597944667933,336.17417614332874,83.42727344806235,-1017.3272625541786,-392.60375602148997,-2210.9467536548027,-1744.767453049609,1.0623300085886267,1.0,2.0,1.0,1.0,770.0013265470702,2526.5234362366245,-876.529819572134,-392.60375602148997,-2210.9467536548027,-575.984962581995,-9635.913366074046
753.3983758315505,2458.597884983697,-992.5933389313054,724.3087608392618,2399.4093096127112,-1016.8423239437928,702.0760932311821,2345.0375023055963,-1040.3825193086705,690.7752346399227,2290.2067045108042,-1076.3211132900656,0.016842814704243782,0.013660785791739245,0.01529212096946126,-217.49125252466553,57.467369571483175,-973.702363727591,-1514.4163104810455,-3747.0693723678573,1305.0776547572939,0.5942042785345562,1.0,2.0,1.0,1.0,751.7351861832049,2455.591767886919,-991.2930270701868,-1514.4163104810455,-3747.0693723678573,-1434.5745429307947,-10061.877419800445
-428.33146141110007,2494.8925078247803,-573.2958815910679,-432.9953495438015,2443.717881170339,-590.6012462639159,-434.5101753023592,2401.077962402283,-611.5763469445097,-433.369867991063,2363.2982022481615,-635.1598715188505,0.014590140378376273,0.019058107589514185,0.01547192207542538,-593.630852674958,108.66916474658717,-965.1089723842705,-182.21246291069266,-2589.727531314405,-2897.55355635318,0.8708798299566849,1.0,1.0,1.0,1.0,-425.9953867971235,2491.2184935558284,-574.0346988684321,-182.21246291069266,-2589.727531314405,-898.0165756086153,-9703.556814758844
149.80883977548322,2475.667767053883,-476.1000318398919,148.20111015806106,2445.9353441825397,-481.4147592678618,143.84466991227015,2414.0438465252623,-487.7792760217826,131.09402028540745,2388.8891277934727,-501.9303395488081,0.014751056742831057,0.014625482896401365,0.01406307561272404,-512.0635549150134,254.36189585744458,-835.9184591091564,-558.9081111696115,-1846.9607378040066,2638.6582306370583,1.15656038474804,1.0,2.0,1.0,1.0,158.6261784885212,2470.7147812222474,-475.74545041856175,-558.9081111696115,-1846.9607378040066,-395.4227879087571,-9449.632834557251
771.6335036043872,2496.664388921305,-532.5640192461575,749.360168318315,2457.0472478507504,-542.600995759931,735.8704730832359,2418.893802785976,-556.11783030943,728.5930664298425,2387.3232442859407,-582.7060287632027,0.01417793405791988,0.014398456789477845,0.01610652234821191,-368.1519714713422,215.03792331214493,-924.4018172146973,-1192.0853266629279,-2379.233699214978,-2921.438121583606,0.910317086804391,1.0,1.0,1.0,1.0,770.2895154917544,2487.2061060624437,-529.0415107526329,-1192.0853266629279,-2379.233699214978,-1009.1942671334187,-9506.034646914006
455.1728924497087,2501.6317823102086,-1020.3204811842328,428.1888081486695,2454.7318733946313,-1047.7521049823085,419.0410949011419,2399.514378250655,-1084.845937201917,407.7275238693349,2341.0791783989007,-1118.1669934604604,0.017237810030713212,0.014618982066355535,0.01680208135793551,-246.63580617033742,81.16287005770288,-864.2884818702306,-940.3529278474592,-3228.2669799565247,682.0497481152177,0.7013411265449963,1.0,2.0,1.0,1.0,458.62888971525706,2502.363105025091,-1017.1417857333445,-940.3529278474592,-3228.2669799565247,-1854.0401581500166,-9718.85639617536
-173.77274702592456,2458.7114963951817,-753.1531563386596,-158.92587391458392,2414.7422554910518,-781.2075706402512,-160.3839429032631,2391.97410174943,-800.8291090024169,-145.9851552823293,2344.9723591518546,-840.109013994504,0.0155802859990457,0.01393684079801924,0.01720934173967344,347.22888938226845,249.33587505029877,-805.0441402335014,542.5914446218857,-2295.7561789041683,1853.9549196750868,0.9132735314632624,1.0,2.0,1.0,1.0,-173.65889745474203,2453.2618067983017,-753.4198627183376,542.5914446218857,-2295.7561789041683,-1560.1656159618735,-9726.04242995017
23.83188551776834,2533.4541407889647,-646.395067922159,7.357438035338133,2501.9903505998636,-682.091652144228,5.23064180660079,2455.069404434315,-714.4738480188986,-5.320855678150816,2420.784083234589,-741.3841349850914,0.01096508309509901,0.014577173127399597,0.01634515302065321,-603.3679620105995,237.40595012385825,-965.68598361802,-688.6481030528171,-2553.4028132761,-3226.6137664251805,0.8581125907568489,1.0,1.0,1.0,1.0,16.415330736936312,2535.468482072337,-645.241296867282,-688.6481030528171,-2553.4028132761,-2064.4905670583926,-9594.793766834373
123.530855514955,2497.0590540606086,-688.7617163786263,111.5343083202773,2455.760013450414,-711.6444199541633,105.28822903271993,2437.9101204254694,-737.0364703708151,96.08283431003812,2407.6339444806185,-768.587718685293,0.014841522477943745,0.011822456536286824,0.018668992553819902,-465.5113818355747,-146.3342226732559,-806.6015412043903,-411.9320409527421,-1837.857277960761,-2202.945164492935,1.389667028431941,1.0,2.0,1.0,1.0,125.61109693160915,2490.990971200431,-689.5614940595062,-411.9320409527421,-1837.857277960761,-1587.439063368936,-9969.583721674666
-24.008129473212264,2566.8589716301167,-599.056394530851,-37.21381723698131,2531.4721262199714,-613.0535309826636,-35.3744486922386,2497.8213403993273,-626.6064498198409,-39.87260618427993,2468.3001846208467,-659.3628672680805,0.012588209676194279,0.016579571715927523,0.012854731165696697,-393.3101392579041,258.6598340137383,-804.6277345084576,-344.33584384683905,-2170.2217673691607,2411.5387741773766,1.017977487442181,1.0,2.0,1.0,1.0,-28.314144780253514,2559.0949074250448,-594.6219779561604,-344.33584384683905,-2170.2217673691607,-1273.311640593386,-9986.968730113515
-22.07505227105736,2517.417414120984,-651.1370840101433,-12.10999650882447,2484.0932166436473,-674.9057590923486,-15.443204724627869,2448.0772153992034,-684.7164804424897,-3.3589783191703915,2404.310368490164,-698.9889825926529,0.01763050959060195,0.015880342067123455,0.013348672983407119,260.27272885754434,-45.35553436414667,-971.79960606717,297.22010965642244,-2679.0266373266795,2627.079050321599,0.9131404753588682,1.0,2.0,1.0,1.0,-25.058576412620937,2526.510037469456,-654.8350437201625,297.22010965642244,-2679.0266373266795,-786.0200618099153,-9913.877924456176
283.0491988063223,2624.064169516977,-581.2076306039019,268.59603611403253,2583.173407480001,-587.514911296258,249.97378824912127,2539.4819506814724,-586.4534430225644,235.59736844356425,2502.1050498565537,-609.0901819434033,0.016703109523875954,0.01771267357884884,0.016338624571506137,-668.0698858821323,173.56276303299003,-984.7147918086158,-1005.5381472901248,-2592.4127984817087,-2871.8823043214584,0.8942455923257698,1.0,1.0,1.0,1.0,282.163663307035,2623.3928575982086,-571.3535469411383,-1005.5381472901248,-2592.4127984817087,-486.9083780350991,-9690.00799146514
293.64492138091185,2679.0585615596915,-506.7102088317574,284.97329256067496,2645.3028548654534,-521.1899478532928,277.49322132674905,2615.1389820854947,-552.936149556573,262.58397601078525,2582.6375996221077,-561.1870669865921,0.012474979963186571,0.019282791131066786,0.01135091834016827,-559.7160126772342,145.6779605592991,-932.0249246497067,-781.6429913169292,-2302.934162508177,3036.82041899722,1.0568913105655768,1.0,2.0,1.0,1.0,300.09127777138724,2678.905539318278,-511.8502133662903,-781.6429913169292,-2302.934162508177,-1089.272655102639,-9563.010988631193
479.4721008995085,2443.114594644211,-789.9483327479375,464.6402499122834,2388.036640060929,-796.4838999464653,453.97175352904895,2320.1807713094545,-813.1524443341493,439.84755926721783,2262.7173612876413,-824.8431612896944,0.014384753085592408,0.014898396064572451,0.016989649325759623,-160.34785310923166,13.226306501195037,-807.3168157831375,-1065.4215589737619,-3997.2556944799103,-1018.1859037014768,0.563727201524076,1.0,1.0,1.0,1.0,489.55929786476406,2451.552280133944,-783.3402730368073,-1065.4215589737619,-3997.2556944799103,-766.134944402285,-9379.778713859825
-311.9260796830143,2647.6238804764657,-798.9562944910036,-305.1678988084831,2607.8574224581016,-823.1860621703211,-299.38035294867814,2569.885853821363,-855.04752142164,-299.0103930846898,2539.56806579209,-888.100652131721,0.01906377459996692,0.0159187810645629,0.016048275166035596,-69.74083520997823,-153.8544168482102,-806.8404799317719,193.6306496098606,-2270.2787561527507,-1653.5739506361604,1.1839691691694303,1.0,2.0,1.0,1.0,-308.8746874781565,2649.939847000446,-799.6394199429158,193.6306496098606,-2270.2787561527507,-1609.1797788585352,-10121.184095397313
117.482148270407,2483.489699940113,-589.8937269949657,98.09878322628133,2441.8040568910787,-609.3269625889416,104.17243270880597,2405.6492672533345,-628.0519325174981,93.28613108837897,2367.383141631608,-649.3671449635145,0.01643476866871396,0.01550326375912928,0.013075143128088253,-254.32170766674756,138.72803550152196,-983.7984535732137,-406.03678899299376,-2597.811395988786,-2931.655121042884,0.8599868244440692,1.0,1.0,1.0,1.0,113.14158637191156,2489.74734887137,-592.0938781205118,-406.03678899299376,-2597.811395988786,-963.780444332619,-9785.740400097284
391.1394460807309,2512.7022687594017,-609.3064172242701,391.4259110512513,2477.7456863033885,-630.1640859085331,397.701340776105,2431.792388211444,-656.8787241900848,394.1860513761056,2408.969997557688,-677.1793663015624,0.01591541731352983,0.0168135682230244,0.015797174682258247,351.72053441252456,14.003272005355278,-877.281949928917,-45.517119948029375,-2466.4575771765903,2475.829565849463,0.9664738397811878,1.0,2.0,1.0,1.0,397.92041115977827,2517.4577128396036,-620.386815135385,-45.517119948029375,-2466.4575771765903,-995.9273950691928,-10001.842979447729
326.0926570035586,2698.603049800731,-609.6896180497986,327.9652222297318,2651.9387279261846,-627.9340065056232,320.27507601847583,2638.5970592983067,-646.812484381393,316.94593799285207,2614.296349433734,-671.3599457201948,0.014938765964705282,0.015603432092141108,0.017343264569989747,-3.3560436018839517,148.00709624081438,-812.1651698404224,-219.9121262465458,-1694.8894336812766,-2171.1862452888276,1.4521145373731639,1.0,2.0,1.0,1.0,326.51214576793734,2690.3412467627363,-615.2669360617322,-219.9121262465458,-1694.8894336812766,-919.4629402506597,-9825.315021638287
104.38179842573066,2525.116555902803,-819.7816298999641,115.03551376268665,2493.0835520402093,-836.832516348271,113.5227279656664,2450.579753064695,-864.0341648505415,115.4980420370022,2413.9224005130827,-890.3660237624817,0.016143009409080845,0.01793548316833414,0.01744957976720643,217.98744845846295,-213.29119851048046,-804.0393384045109,97.80844635677158,-2470.123110401263,-922.5407026818659,1.058471927655377,1.0,2.0,1.0,1.0,109.420073002447,2528.545454034915,-825.9533591022431,97.80844635677158,-2470.123110401263,-1131.3262144050373,-9757.713737462518
-400.96859573461364,2603.215782009537,-531.8511324040322,-389.10084150882966,2570.889688426618,-566.8518736731119,-381.60230007364345,2536.6605809686935,-603.8683110787877,-376.9017052514911,2499.2043324067076,-631.9620636241547,0.015556944617938391,0.015200861095716212,0.017644519673376782,-39.60583131552103,406.0604661116352,-808.4389823115276,325.8645763609732,-2004.1033052690743,2959.6821292866243,1.0465976746129673,1.0,2.0,1.0,1.0,-396.4275424307847,2600.5535853812726,-536.9523767115544,325.8645763609732,-2004.1033052690743,-1808.4236632145428,-10111.6978388764
550.5528050290718,2517.2681311562555,-870.9705978213437,545.2324790881918,2467.380480356828,-903.9542545370458,541.7316026912296,2435.080455200914,-948.8100522326957,535.6448977835354,2391.7884142954154,-990.2263805096297,0.015808314446988724,0.015732977233434458,0.01767667123253571,171.29889797658905,317.34364086942105,-804.0086192509585,-426.941339649479,-2480.852657340113,1744.6963190868253,0.8357820370870418,1.0,2.0,1.0,1.0,549.1419835663771,2512.8982426154175,-872.9667981384301,-426.941339649479,-2480.852657340113,-2099.066938115923,-9869.604356832726
715.7385290155203,2471.389071834955,-687.9753027682202,712.0378361155056,2395.8535859561393,-702.8036742502343,703.5588476107757,2346.2338115521857,-710.1640864773692,697.077957457177,2289.9465610374414,-730.02041301523,0.01666947910964689,0.016969046284994516,0.015040670449529073,356.60803806535023,-234.95128732028283,-801.7262928622583,-494.09677351201947,-3640.961241146675,-1725.329781161089,0.6913208041558301,1.0,1.0,1.0,1.0,722.2396504642479,2459.3600311282535,-683.477328017035,-494.09677351201947,-3640.961241146675,-839.8448792575178,-9606.449762961676
735.138897891082,2624.632855958885,-921.5554430529497,736.951535348615,2590.2416663305294,-915.3431662709687,734.7679560093212,2555.2293799401104,-905.660202811221,728.7019136724028,2513.333804469631,-897.731791937327,0.013316525778389885,0.0211555809220804,0.01609325796425784,607.2262132861163,127.3314881679393,-1015.6096046426422,-117.99563393128737,-2244.7636639635753,-1505.625393769843,1.06443463533527,1.0,2.0,1.0,1.0,738.7913451195009,2630.242973487319,-918.9445543226184,-117.99563393128737,-2244.7636639635753,602.0077909097963,-9856.497929166948
409.66580908131886,2465.598239735039,-897.5053733068492,419.6393294704788,2409.7824987059275,-899.8197056578497,416.25794377847825,2357.1027222722882,-903.2563455376595,416.15288819199776,2292.592273761719,-906.3382013793238,0.017532106510692924,0.013484055088480124,0.015247464335826216,487.2134664546079,85.68251246532395,-1019.4024144997907,112.46528971860499,-3674.429436803291,-1531.3659150114738,0.6037363740650012,1.0,1.0,1.0,1.0,414.1110281375163,2474.061646387464,-905.0719920951545,112.46528971860499,-3674.429436803291,354.1045604888616,-9708.488580802523
-312.89886259996655,2671.2578424904054,-853.324668586462,-305.56125992450865,2641.7594437297034,-883.9079693045069,-311.0516575245849,2615.237390722164,-914.4016870199985,-302.2426103996515,2578.352161077411,-950.4078303714808,0.014972924690964574,0.017257005769246415,0.013650344846696465,-110.47451614782729,-27.475474455287383,-881.3796524661846,152.9913060117313,-2054.6519217566856,-2210.1854284634064,1.2691197246930865,1.0,2.0,1.0,1.0,-311.6580835532568,2674.391802654767,-844.7027727039989,152.9913060117313,-2054.6519217566856,-2040.6683745867945,-9836.099097007527
-435.06668751661056,2578.651433164883,-547.8452403941452,-427.0176766250566,2547.2708089473044,-569.4333589922326,-401.38082821596583,2502.4204976339774,-556.6210008779971,-392.854847741338,2477.735598779444,-572.363668406129,0.013935266797888854,0.015738117788414413,0.014450354001603015,507.795892182674,297.7409205509135,-966.32799587551,968.3520808266389,-2350.8917207375007,-2837.8598051532185,0.9258762614120944,1.0,1.0,1.0,1.0,-431.5056262191662,2578.1058896662807,-553.5873684938745,968.3520808266389,-2350.8917207375007,-286.6091747112334,-9657.19868885305
426.4367075886821,2481.717386836311,-482.8303106676591,429.08555373136926,2455.3829762559517,-482.57586900587535,435.4521066410927,2429.23087639786,-481.93898459837044,424.0028249623995,2412.378430268188,-496.7523676927081,0.011726967714004303,0.013664724317878334,0.015413502274225763,536.4494265015805,166.903290517347,-808.745622384574,94.7279722783808,-1936.2930629369932,2554.1047716504445,1.1541948056938882,1.0,2.0,1.0,1.0,423.24949962891253,2480.7735007270553,-481.08769711453317,94.7279722783808,-1936.2930629369932,-209.42315685225833,-9888.904877859602
-31.883666125097633,2597.594958017766,-454.9473508222016,-43.82153722112186,2544.2795294356984,-474.82485107857167,-47.985976937347544,2501.416228452831,-503.7590479139853,-65.00067195644266,2435.8286455206003,-544.0323142667795,0.015224194546534946,0.016853619666715454,0.01674941490099537,-302.4257653569229,-165.43067005881878,-801.1051368288561,-273.19985179515794,-2888.1177044502765,-2908.8707513810036,0.906172770885755,1.0,1.0,1.0,1.0,-41.51990689254785,2592.7217376911904,-458.1601746610437,-273.19985179515794,-2888.1177044502765,-1289.7202934727482,-9911.864014828718
268.4124885842382,2450.619064268426,-648.4065602345966,261.25843457656975,2406.9066465795313,-653.459779799866,243.19395378792163,2378.9184150233905,-670.0804429993872,240.90495223452365,2343.2404895170334,-676.3759487048559,0.015371842007086824,0.014409945938094398,0.014482888940241644,-576.4288340276186,164.8804368796035,-950.5130730990865,-863.9654612696594,-2332.062637196385,2555.5460038789374,0.9357353231145779,1.0,2.0,1.0,1.0,270.2573180166486,2450.3018213320693,-643.2669358540782,-863.9654612696594,-2332.062637196385,-609.5092567809639,-10025.025836099467
62.41051916389984,2512.883590196787,-997.0794622868513,64.45589325474144,2471.626602481985,-1017.0510635200494,69.43137268678572,2427.9693373482282,-1035.3998505494221,82.10972364649945,2387.1144255718777,-1059.3004377780364,0.014884213702528013,0.013973217476483607,0.015475229796575962,386.63195039149605,94.59174256455093,-1018.2017821626696,388.9186586425934,-2917.8318364675624,-1246.227486187306,0.7856673390244131,1.0,2.0,1.0,1.0,63.82946371814455,2516.3921668326334,-999.1426273668977,388.9186586425934,-2917.8318364675624,-1080.9966555637977,-10116.82919737762
331.9800460101279,2467.1804817658603,-810.89175039364,325.08967901799133,2409.8422690586985,-820.0061259404827,319.70174613598897,2370.5365895170116,-833.0334430555953,299.86827572753333,2325.6639350978835,-841.6202682684634,0.016471661618242366,0.013392081295641577,0.015654438916089496,-166.68850393674558,-120.82474129582042,-1012.4719468920848,-622.9100481938557,-3213.519307246942,2069.2022434437413,0.7594818181700271,1.0,2.0,1.0,1.0,334.75408485930734,2466.0583010379737,-812.6833268331519,-622.9100481938557,-3213.519307246942,-588.6196401475647,-9850.428876879512
-362.56858211243576,2534.2882659057477,-566.3137252299838,-363.2830823620887,2500.6996608936042,-560.2156404301211,-369.6278405650915,2461.9856065650356,-555.9143377989857,-366.63987287266724,2424.102691631749,-568.8726503914828,0.01909133795011437,0.01279075861807976,0.01348004510675771,-293.74833068460896,23.323378137863326,-881.2150784859557,66.95820462867019,-2253.2740672661225,2555.7752949556166,1.0696378583250463,1.0,2.0,1.0,1.0,-368.4067288455735,2535.7239631395773,-557.5738074821264,66.95820462867019,-2253.2740672661225,-33.37387998553416,-10090.258190990355
637.550277426299,2490.920356829651,-675.5100569536307,637.1504328909007,2442.6921874900995,-686.8166079636668,626.2670115283107,2396.6738656846273,-700.7281549693873,624.7571933108325,2355.043040520867,-733.2131269847372,0.015040474695948977,0.01800383005197556,0.013947971530674341,289.36257913863733,36.13767177548286,-995.7896825202076,-418.6473001857342,-2957.505367055476,-2629.7997135064898,0.7830077237214017,1.0,1.0,1.0,1.0,636.839838292801,2490.8671264315185,-677.5827011893587,-418.6473001857342,-2957.505367055476,-844.8964302107726,-9746.070192612851
499.95153469835356,2452.5613147100826,-562.6477831816242,505.1550871948901,2400.0404939030973,-594.3928035445426,496.22836476126577,2357.955569253236,-634.7674064919747,488.8766646317066,2317.8321047088875,-672.6483656080917,0.015718044356124797,0.015729100236046088,0.01672357750084437,143.52730721502704,-37.91789929480115,-873.0631340952053,-398.5899357297358,-2734.515212117416,-3168.699246952612,0.8618292779069855,1.0,1.0,1.0,1.0,506.2441487290887,2450.490943732051,-565.187665426828,-398.5899357297358,-2734.515212117416,-1971.7778889226265,-9993.264316642952
-81.08061716866548,2542.395826773691,-898.3998528203853,-60.396117006179736,2503.7798134148998,-927.7294465672996,-60.71188673685919,2466.7266384385025,-967.9028670637514,-48.17106589195755,2434.999584470694,-999.7588702499659,0.018842153689432505,0.01631389277199906,0.014570310849435199,682.5441157575588,58.721194097637856,-800.7157520658893,663.3323373044369,-2161.2473429315864,-1461.5744590722509,1.1002736426891306,1.0,2.0,1.0,1.0,-80.28807214254232,2544.1556384689657,-890.1707889021415,663.3323373044369,-2161.2473429315864,-1985.7525895360886,-10096.906621550941
746.7364267371322,2470.5394305069385,-963.814154755031,726.250287090168,2411.015131994597,-975.6630152529523,709.0683686523935,2352.6320938125837,-983.6740411040846,689.9314224570024,2301.1487019065876,-1004.1306122071366,0.014720195125419144,0.01586949760919474,0.016012930938173433,-66.30930548198198,-1.5852080473879937,-976.2185544446846,-1189.7130402681385,-3586.3551117628076,910.9227005369354,0.6433973763272132,1.0,2.0,1.0,1.0,754.592692303032,2472.9998190689475,-957.4383759075021,-1189.7130402681385,-3586.3551117628076,-689.2750031710806,-9469.487539879005
625.4597011411416,2438.1254454778627,-460.17813179330165,616.3919948807041,2412.186982750447,-466.19275151521464,618.9955011041654,2370.129944227805,-478.01677190107597,610.3605680350222,2337.4903609792796,-479.2957954948848,0.0167640211996442,0.013526142697283087,0.015470314089948992,439.96120434512693,-44.78070723002996,-900.0908768484278,-174.35999098895385,-2409.3141909550795,-2921.6757130453275,0.9892395220131236,1.0,1.0,1.0,1.0,620.4237950186957,2448.8594804084755,-468.65168025609626,-174.35999098895385,-2409.3141909550795,-30.33734980534166,-9892.261688959132
342.5867250559793,2498.323407143685,-735.1596480758732,346.3916134202857,2478.8049797293056,-731.0173777537359,340.14207780522804,2450.532040911969,-744.3017561256122,337.423909185313,2426.310113872723,-757.852561997467,0.016971333812794046,0.012654847108051911,0.017874339595796297,-110.25584914221645,452.5810068294267,-1009.202593917018,-327.4342070918702,-1472.9791855893443,-2341.9697885334876,1.34249947948335,1.0,2.0,1.0,1.0,344.8776987154822,2500.0220747986073,-731.7287928215176,-327.4342070918702,-1472.9791855893443,-196.85461029590857,-9815.630569001378
-17.40937424256348,2490.2182663692674,-909.9920770930026,-16.04356112335769,2450.183157402367,-921.2128329043275,-8.303566963382817,2406.566756498655,-933.0542874160179,3.6554787455065885,2362.022768728762,-943.1465494268235,0.018459420623150816,0.017049577515333723,0.010582989626039006,343.5474443062269,53.08779978935536,-929.2310090393387,395.50167322292987,-2645.5901794509086,-798.4606812378338,0.8739080122354772,1.0,2.0,1.0,1.0,-20.314095058868418,2487.0307648841913,-912.6974715197634,395.50167322292987,-2645.5901794509086,-551.8890432381564,-10097.64338229272
398.63133773968354,2563.9353982975563,-696.4558550284156,390.5638731452386,2524.3373896721955,-688.4106730754689,389.3352045952905,2486.256961966756,-700.1515115104066,388.14575083869784,2457.6328269887804,-709.8927408826228,0.018738147737908765,0.017952630405190198,0.011952509740478894,242.00934347473617,40.39400120976052,-810.2021951033646,-143.1374801420606,-2367.92215548711,1496.672125640182,1.0163567121164214,1.0,2.0,1.0,1.0,394.45075982602884,2562.231096803538,-694.4756600394844,-143.1374801420606,-2367.92215548711,-116.59276400216103,-9623.526042894464
-132.08803915117284,2471.707878733494,-564.1830418747198,-134.837186369042,2425.814260329048,-592.4917237455974,-151.74132580253973,2384.6664669414627,-606.986305611631,-155.39809226533055,2341.4684413455957,-622.8556860235666,0.016980040940064094,0.01483975539162451,0.01499502420461505,-551.467383344343,-15.879959089448485,-802.7882155900155,-478.3886950414853,-2850.162526755255,-2421.021332157911,0.828185179463697,1.0,1.0,1.0,1.0,-132.87727518304337,2478.0122518214025,-563.5831449318738,-478.3886950414853,-2850.162526755255,-1136.7240179913626,-9551.707251101927
499.9987659335124,2665.085928784705,-577.8953856507638,490.1309470267045,2633.768132685928,-592.4779362260876,493.70091764747076,2603.392233110074,-586.27138748863,484.7691085457181,2568.075650115555,-597.9619767074005,0.016790417007567584,0.012415652041670468,0.015617512634644563,79.97435844315181,60.106696871078384,-814.6843845469754,-363.26522615231505,-2257.880434118676,2104.506333653655,1.1101764183161147,1.0,2.0,1.0,1.0,499.54569464907706,2667.9585982781437,-579.6966759138877,-363.26522615231505,-2257.880434118676,-191.7114284495466,-9345.882186154846
-43.368049525550845,2447.3432340310774,-566.2739086203294,-35.94901008403936,2409.1731031362424,-589.1956626205014,-37.29040673407237,2370.052163123083,-616.003970746044,-29.13207281975441,2326.269309019049,-648.5685655639458,0.013224898132094973,0.018917971419329088,0.013846300939930924,177.7465418979036,30.280943055117227,-905.1720326706819,246.0735680597885,-2671.3990647026935,-2948.7824043830533,0.8590108295086457,1.0,1.0,1.0,1.0,-44.95003719620513,2447.897096611053,-571.3186064388266,246.0735680597885,-2671.3990647026935,-1482.0275127244108,-9733.259263798993
779.137982712291,2553.8687088919924,-767.3036633316473,768.8498428743561,2504.314496939635,-765.8676672386822,763.0216999978643,2462.8787197735446,-760.7995943647887,763.4646928849846,2416.142495755842,-752.0326077323975,0.01591855946841383,0.013440078088576734,0.016459252735662965,281.2227397963934,-204.10879093235135,-1017.6930654764772,-516.1747214098012,-2850.1024304044754,2275.9536991925565,0.9191821097073473,1.0,2.0,1.0,1.0,779.3313459568562,2546.24005440797,-773.0533822796148,-516.1747214098012,-2850.1024304044754,603.7109031261291,-9843.317685095984
-81.61906403877288,2538.575871161684,-970.9455860576959,-67.59088054537608,2488.7378608373438,-982.3995546211145,-51.535719373052245,2428.6602939997456,-1012.5699643807786,-36.80957754752698,2372.4220023950847,-1034.8293159718085,0.017032647727353915,0.01681281878128375,0.014112641890410983,533.6492729791867,124.57366221707092,-927.4951709384134,856.350361529372,-3377.514767242044,1076.042118204091,0.6670418916009518,1.0,2.0,1.0,1.0,-78.6412355143139,2539.496720795141,-963.7256479503365,856.350361529372,-3377.514767242044,-1363.9859009619067,-9687.634857209172
548.3746675156955,2430.0,-719.623087695117,540.4244901358901,2392.5773951406004,-724.3939546304849,529.4149196643688,2363.5002130891357,-723.2519755849122,504.4445485013601,2332.80425600796,-713.3323045276987,0.016467369765043347,0.015683241946563627,0.016743322698067227,-185.5914141634838,196.33692458095226,-802.5666039429203,-699.382584613894,-2117.4312886501443,1305.5544527889515,1.0061060655903253,1.0,2.0,1.0,1.0,552.2572126041748,2430.2269341068595,-715.1040007164104,-699.382584613894,-2117.4312886501443,-103.39853502854115,-9685.00687482805
-412.40262413837047,2591.1247630007338,-949.6481979398718,-419.9984195185504,2546.402473529235,-972.8779365587071,-416.5066061169014,2490.874404467999,-989.0240099464768,-407.9792146245798,2448.1670670636613,-1006.1358844310762,0.013560497096306244,0.0182674305248179,0.015955982666715517,-244.7741652411317,-8.175475063239166,-928.2845507714324,199.6453314046616,-3004.881453703809,-634.7328846339121,0.817216089712161,1.0,2.0,1.0,1.0,-417.46737690615976,2591.0469823905623,-952.3880675094099,199.6453314046616,-3004.881453703809,-933.4383986189385,-9699.504640752659
302.12681618452467,2606.333939463653,-486.3011759132291,284.2053974140186,2569.7125426656294,-509.68689897044374,283.63400716030725,2530.6307028405877,-530.7638920901809,277.5829798080537,2498.987295601809,-557.0869041565273,0.01444794967758289,0.013879322048011072,0.017609180623219315,-360.26523409647905,-9.92215854694033,-958.1467162599535,-615.1818995445703,-2431.527117173708,3437.6907387547517,1.0290635476511858,1.0,2.0,1.0,1.0,301.0553079139346,2603.969492414787,-484.3600721156555,-615.1818995445703,-2431.527117173708,-1465.7135451049317,-10205.174580018314
727.3308098477866,2445.5677627549953,-961.2979146246819,713.4620243527094,2396.503071214566,-987.2276920688457,705.3537397279646,2348.1594830454032,-1013.4386663298129,708.5313874680343,2283.916570495208,-1031.9418999156971,0.013195684518581023,0.01330786868845956,0.017485520374541295,516.4959653477654,-36.03456533732923,-900.0650346767814,-273.23639631082415,-3346.313809944708,701.8705842479684,0.6960109264184187,1.0,2.0,1.0,1.0,718.6908986177671,2440.2376540217506,-965.8937936984,-273.23639631082415,-3346.313809944708,-1336.9500216116971,-9830.608274316664
-494.3503442027761,2676.6850745115403,-654.5386152000532,-480.0995904733981,2655.934254259842,-655.6407855101833,-466.18278877547596,2621.8198859260006,-683.7768992351176,-474.1187004027437,2601.9802217408505,-695.9415125048447,0.013540095495057051,0.015261206804375546,0.01543279712991433,580.6282430486525,140.0347275998422,-806.0103588313274,743.9274005655342,-1749.9280412423855,-1918.302685414687,1.4057659005706442,1.0,2.0,1.0,1.0,-498.06648777137,2677.430387401314,-652.6175356566213,743.9274005655342,-1749.9280412423855,-862.0054577376292,-9573.501306190834
45.9966901933512,2488.863678753602,-459.0290246782413,43.297745332250194,2446.0956445831425,-464.571782026463,46.37555465573996,2422.5683401780666,-475.35970330365745,49.04880731664222,2394.744509414352,-479.25676077323044,0.017302446422647562,0.013673554792854682,0.015537980518386112,161.7164370151262,151.8001123084483,-802.3280686297034,97.24112852281843,-1944.9294455538131,2660.1247161500487,1.153486018266108,1.0,2.0,1.0,1.0,45.027082787743325,2485.7154469730176,-455.17004495921276,97.24112852281843,-1944.9294455538131,-601.2811234957748,-9672.235873853306
-118.45856925523535,2452.5889015060607,-864.5179734717331,-111.28820939288366,2392.0353033255888,-892.273117926392,-106.84803218756629,2323.8727136577036,-915.8784927929674,-107.96002325475683,2245.9940440069495,-955.1419786431013,0.013489050361164337,0.014698144875477657,0.018923088671064413,-19.182754055812325,-22.928220738968843,-823.9474212338497,164.50393144443177,-4259.71562893133,-1537.1356955521278,0.532889716092294,1.0,1.0,1.0,1.0,-114.59503429358278,2447.706844041205,-859.2390540636612,164.50393144443177,-4259.71562893133,-1749.3138940616107,-9872.1884155713
-340.9610974825913,2528.3883516146366,-578.5507503201285,-333.3747931796543,2489.6529605540522,-612.8999322455833,-338.6717923378599,2441.4345801613044,-652.6721973305862,-344.7016276857921,2399.087258530211,-681.5145168807079,0.017145914021104013,0.01498469139585372,0.016210622361979225,-368.8556482841841,34.59035403069063,-929.0697710800317,-33.388770900009916,-2771.0420538219964,-3244.938300645025,0.8516587722210638,1.0,1.0,1.0,1.0,-338.805754474173,2528.5282024704843,-584.0098879303137,-33.388770900009916,-2771.0420538219964,-1881.934920366385,-10126.567625893
757.8247026528853,2608.382643713675,-863.4274932137141,749.8152919219724,2566.1369929982875,-888.5631896324466,746.9483586671751,2531.8538763156503,-911.2874395818435,750.0644279904459,2493.920868182559,-930.1660134624137,0.018032968358585328,0.011869859207678825,0.015636866257066565,563.384601378068,-62.18427758508217,-848.4710676315846,-184.10332463358964,-2492.5894322540425,-1198.1327086182073,1.0244603061766684,1.0,2.0,1.0,1.0,760.3751587360075,2604.886414926745,-864.0348290139982,-184.10332463358964,-2492.5894322540425,-1324.1274419891506,-10182.211206173322
-197.89591400468012,2472.3608241399497,-1017.7186128330327,-199.59025826377226,2423.63171963911,-1036.5616187020191,-207.21236717460013,2372.9689646054417,-1052.5709084082118,-210.4179069018855,2320.9622400631183,-1070.8561575679564,0.016038438646309643,0.016712368847219928,0.015933361930359484,-379.84933222520533,30.05042428342568,-957.7639589247528,-243.7923134493301,-3238.142841416681,-479.26891509203585,0.7063158305761115,1.0,2.0,1.0,1.0,-195.78613557096094,2474.8482695530224,-1015.7414499162471,-243.7923134493301,-3238.142841416681,-1159.9797705955484,-9616.61599239755
-305.60280739120236,2576.92213971228,-799.006774796335,-301.2676803543346,2540.7808310522164,-811.1268743724792,-300.43188957851584,2514.822197257054,-808.8456199868766,-291.08439385515317,2478.5845290574216,-819.1139003901716,0.019593010659339057,0.01606101983654429,0.011700485945424041,216.52979856125492,100.97273652073346,-961.9588935244486,436.90647340149286,-2045.3748356947347,-1783.0430213667648,1.1626454835586888,1.0,2.0,1.0,1.0,-312.127034254553,2575.8762877113695,-805.5592742682084,436.90647340149286,-2045.3748356947347,-218.36504857510118,-10014.838425957978
-292.5485860948755,2607.068460561117,-786.7338459734779,-287.15102168524567,2574.649531223688,-798.955388711136,-291.1733767809033,2548.193895213759,-816.1119898891872,-298.6141104280894,2501.935911591455,-828.9508422658977,0.01837731175094692,0.01373772210962389,0.014818567633544999,-418.94936400811036,61.978655133691824,-936.9971628528301,-104.5978841473744,-2056.657791940604,-1894.0968117486173,1.18806639850588,1.0,2.0,1.0,1.0,-289.7709770861087,2601.9510281803314,-785.9953809898145,-104.5978841473744,-2056.657791940604,-751.7418936672372,-10009.10954703535
604.1496211545712,2431.710218395275,-983.3488456927191,590.125388447316,2376.8063391887936,-1028.7586248937416,582.8448458299929,2319.21076315673,-1057.2031403906242,586.2351301884021,2262.0387149376515,-1103.6814948918834,0.014742249122784313,0.016523770431428383,0.01732378901628763,299.1058602459026,-36.26190976945786,-899.9301896664948,-412.78082346634875,-3379.780382272476,1565.4673932251503,0.6814101914295002,1.0,2.0,1.0,1.0,600.4358613763354,2430.9777692894486,-984.4233127525022,-412.78082346634875,-3379.780382272476,-2038.08066074981,-10074.009130594477
15.551431897299445,2533.132495844383,-664.2103546763735,6.658034621248517,2484.8320407690003,-696.0333514309716,-1.4710450909899282,2439.68404911154,-732.2696966103554,-6.51336797847465,2380.7360357813373,-763.830741969817,0.01654800784128921,0.013591530060488199,0.01696238400575893,-360.368033770863,6.840130147191983,-838.1053202420339,-458.5561572493725,-3083.086065376074,-2637.1514807734693,0.7728980780924642,1.0,1.0,1.0,1.0,15.648015173621388,2534.9707037555795,-656.5695778768006,-458.5561572493725,-3083.086065376074,-1844.497021240234,-9785.35208669378
512.5755831444324,2486.0936911702124,-873.28355533692,484.13283226362,2436.663539777915,-893.23120020045,484.97784874229455,2400.1081250056877,-896.1735816899129,463.0918315797526,2354.0189193937417,-908.2273142892964,0.016482284717866977,0.014235759470915585,0.014619746787468399,-325.2296834252268,111.21994921648752,-859.5887920258431,-904.0408704427376,-2579.7970870387403,179.31676408676026,0.8746622090237497,1.0,2.0,1.0,1.0,506.4879173820909,2484.6332692921223,-872.5895404616547,-904.0408704427376,-2579.7970870387403,-528.2755155455304,-9471.191599580858
639.2963859362817,2560.5981007821533,-770.5581197652383,643.7370402698443,2529.631184233132,-789.1633095131101,616.3742188498503,2503.4832425306154,-826.8131424415795,619.7491687452023,2471.1691010713084,-858.1014283904487,0.013424620874219565,0.017351483279646366,0.01782208389717279,-146.46069887140183,51.004142730831504,-906.9188703745756,-556.9599429683553,-1774.0527257143706,-2419.7153481387736,1.3664018119489532,1.0,2.0,1.0,1.0,641.637620428822,2561.2887496166713,-767.8471982230823,-556.9599429683553,-1774.0527257143706,-1782.2932865862863,-9633.642407520374
718.430540574389,2475.1631114199977,-905.4771021964675,703.2160309116301,2402.503568667418,-914.1265087555327,694.6643423313642,2343.5532725390917,-942.8634703552777,689.1026102226549,2258.307161166673,-961.9489489110848,0.01530448195023779,0.017627653783919568,0.0146781571084698,403.5984265356557,113.77879689886123,-1015.6676888221762,-550.6426171194012,-4238.519985903133,-1618.1716815015561,0.5073897071573732,1.0,1.0,1.0,1.0,709.2050790369262,2466.157389075099,-913.8146863287108,-550.6426171194012,-4238.519985903133,-797.5859779179899,-9733.88066420341
-90.42781979411666,2432.7879757127675,-934.9770668914646,-97.9357975502208,2385.5684799762635,-936.2245768378591,-110.80332752404814,2318.0256075255734,-935.5431308574786,-116.61591635083558,2281.162425023909,-942.9659098633472,0.018425881735528556,0.013181573331556066,0.018651055605681307,-274.1556354955354,3.6196582713720247,-972.8924775331133,-223.09482423858736,-3176.2858061895804,843.2228438531695,0.7147414893272346,1.0,2.0,1.0,1.0,-103.48809495301634,2433.478300006396,-937.5076726876098,-223.09482423858736,-3176.2858061895804,139.73473963545567,-9786.262400123022
771.075714470626,2494.3826602579425,-1074.7054087262607,761.5295165776563,2446.905915054891,-1103.7049123500337,742.360352866051,2381.2279736163246,-1131.5035619649566,732.3224084635625,2325.459779445785,-1125.854634267475,0.015627457089933804,0.0179201393040275,0.014849346000977731,111.38190672322108,-4.350866537078019,-993.0979578355109,-951.4626890740302,-3605.337423010066,-702.1028466184208,0.6466030576050614,1.0,2.0,1.0,1.0,772.6484756296732,2501.3586424549203,-1083.1766133068318,-951.4626890740302,-3605.337423010066,-1497.2462096884437,-9704.111690540938
138.05426011200322,2580.5851618383695,-603.1813262892751,143.48844091653498,2537.09844587842,-627.2728326896097,149.97196688791124,2496.611442694948,-635.2168308588159,153.86628916856836,2461.399602023238,-653.8488625924729,0.01852731943087878,0.011091346424091458,0.01620554047958686,613.372091812057,155.91060444204345,-948.5875767428989,536.7080926464778,-2720.805265283416,-2681.4415117662224,0.8441757936654436,1.0,1.0,1.0,1.0,135.70188935669535,2577.4272905442926,-608.0171122943261,536.7080926464778,-2720.805265283416,-825.1457599989118,-9557.127624137715
-267.63210918964063,2545.78225302479,-900.8219088099582,-264.0448879807622,2489.3124439599032,-935.6418670993694,-255.69429573609565,2439.6373425962915,-956.0540271579658,-252.88615804245578,2400.602434085656,-1000.0863182623578,0.016498577011708825,0.01714755423085923,0.017137759273425687,165.00034045768803,52.27891291684205,-803.2009840120911,503.5299154118304,-2882.6768061108924,722.7988459177585,0.8142161094840069,1.0,2.0,1.0,1.0,-270.5530363735455,2545.7943502027592,-904.7906576428352,503.5299154118304,-2882.6768061108924,-1592.995423709498,-9913.590009832536
21.261060358575307,2457.4928078470284,-981.372174987682,23.25079410003861,2399.189011207848,-994.896210224132,43.39282909101799,2354.540336785485,-1017.9664166329612,47.19124080770602,2306.908047807967,-1031.378984000441,0.01278278429973243,0.015605586618377841,0.01633286463123192,614.596140705554,169.27683535433653,-950.4042735612713,839.2902973301324,-3196.5437386597287,-68.0168480252641,0.6702787644506584,1.0,2.0,1.0,1.0,14.503578114508741,2454.8056084960426,-984.5990697393639,839.2902973301324,-3196.5437386597287,-841.5152487973003,-10277.095209266809
137.28777972473247,2646.0158507441856,-801.2453951236367,131.02206771275021,2617.0908158774287,-797.6442021684843,131.14632328338294,2583.4108993902328,-793.6703356806528,126.6822264694404,2552.1087416874425,-790.7847586938187,0.014561397158016765,0.014984864454642775,0.016991202527485066,-113.8992310267445,28.847320472464247,-918.1079404176087,-196.08793622783048,-2030.0035448042092,-1558.9749378841059,1.24346253585985,1.0,2.0,1.0,1.0,139.05420670715614,2647.5518932698974,-803.4216647695716,-196.08793622783048,-2030.0035448042092,445.6765749257695,-9734.14285371778
18.122752500105747,2544.8739745766206,-978.9800395311241,21.875692311069898,2505.623670725757,-994.5011864405391,35.67373955774962,2457.694489100869,-1003.0914120985799,52.846940083487176,2407.7650811721373,-1026.9165963998034,0.011477981559662296,0.017408330804702433,0.015835115080242688,601.1066250911972,146.16488170453306,-952.8109423141316,758.7336672503803,-3118.4118216236816,-381.02056224860326,0.7252785725553932,1.0,2.0,1.0,1.0,16.8817013084024,2547.341984354778,-978.4544297711732,758.7336672503803,-3118.4118216236816,-809.763450353242,-9932.954200537071
-236.5883073021362,2454.25668172014,-955.3679535771801,-227.06722427537636,2400.0734759310544,-964.5475635635064,-217.32758262175412,2347.257846768591,-970.5733450650448,-207.67569395013527,2286.710032303812,-979.0279310087674,0.011445433245310508,0.01914327970980613,0.013089155423604261,281.03226681526223,33.46654984268655,-1011.508456570126,787.1468571133896,-3668.600998387107,1008.624420819821,0.6163221316212796,1.0,2.0,1.0,1.0,-238.48465887957514,2454.743208778177,-962.8173483238673,787.1468571133896,-3668.600998387107,-237.9117892475628,-9874.328267034864
40.807598444200046,2579.3807402550106,-493.12470158655356,45.28113683600184,2544.5656079370306,-527.8753132611001,40.47189503077265,2505.1604424104507,-547.8321306992975,43.7144222684705,2467.38759778358,-592.4104696128702,0.01929509920756036,0.013013755394043692,0.016165068124053585,-1.2596806618194007,82.70926455033316,-835.6968388675296,-36.68341568836988,-2239.2194566333965,3039.72749835995,1.0665260772743406,1.0,2.0,1.0,1.0,39.64232783071293,2579.4389586965845,-500.6104327905922,-36.68341568836988,-2239.2194566333965,-1598.3537289664966,-9975.709680192404
412.0603408443123,2449.3774737170397,-633.5728530022325,384.72303447930244,2415.399123689562,-652.1169072195652,376.7248913696265,2381.5557566012803,-676.9917293693308,365.67239990003105,2347.9346944901804,-702.180993498132,0.014404265416366144,0.014946841408846322,0.0179264625270631,-389.6562492311304,218.8764403368208,-824.2157251125041,-772.752551910987,-2181.1467604602562,2389.8008550791737,0.9727224306477247,1.0,2.0,1.0,1.0,398.5513537180776,2443.646136006277,-627.7273408215985,-772.752551910987,-2181.1467604602562,-1314.0580590819504,-10141.245406728465
-184.5276551339072,2440.6514669184535,-669.5941580396853,-174.87011225075892,2385.5026131997424,-704.5610241326265,-153.067874991981,2344.7433932751333,-737.4700593959326,-143.65062469782296,2288.0398233830606,-767.866343437166,0.013068077485136711,0.018918424303889063,0.01447297696376236,593.9400682518334,34.86931448321285,-807.9026280741564,984.6630048598888,-3026.5426164969517,-2488.4126905041403,0.7485405212472125,1.0,1.0,1.0,1.0,-188.86702061177743,2440.970694598291,-675.0242659137666,984.6630048598888,-3026.5426164969517,-1895.6304640386988,-9780.771894909494
371.2028659960019,2484.9990464057037,-753.4727029459577,376.65378369177273,2455.412886591127,-783.2410755987667,374.03910796733385,2414.1834897871636,-782.0280140246671,380.11030954500313,2380.9923822788473,-850.2932981595084,0.016475131548916624,0.013923616057170761,0.015228500998078438,443.0092939269381,-338.2291847852725,-807.0219328701472,47.41669086673666,-2000.1993750659442,-2143.5424539692435,1.3643727513958261,1.0,2.0,1.0,1.0,376.1517598048388,2482.051934057715,-747.1957424865739,47.41669086673666,-2000.1993750659442,-1851.9279884214739,-9738.709409460904
-496.0814952579841,2567.1822651897955,-778.0384877395419,-477.12884811457667,2520.587941367548,-791.4553391644056,-461.66413013711303,2481.7347584746076,-807.0429092955394,-446.10785776753227,2446.465140250327,-831.8204148473949,0.012362412366123095,0.014089015605370084,0.019140544597798598,469.3312092231442,125.93573539425438,-971.4592429150479,1122.975429554593,-2833.8564337413923,2255.4569734431498,0.8144080274307088,1.0,2.0,1.0,1.0,-496.42766019380656,2563.052268411859,-773.6329200900284,1122.975429554593,-2833.8564337413923,-1121.633528473028,-9679.696987982954
686.9047885126035,2600.750463437401,-453.680219020613,673.2035599905776,2574.5665605281897,-453.0682767697972,656.7295548084866,2549.8434411294766,-467.9874031531057,646.1226596962807,2503.502433281829,-487.704077791411,0.01450864420842405,0.015280327796563974,0.016511344353948184,-340.78512413647184,363.28478662211865,-803.8416899141891,-849.9219657017468,-1851.5711635133334,2634.827827168894,1.16369968364106,1.0,2.0,1.0,1.0,687.6204543626393,2603.685894473241,-454.9827529967597,-849.9219657017468,-1851.5711635133334,-422.63721263435133,-9695.124389271901
-130.30521053036,2481.5401579606696,-1023.7827015062712,-122.79840688093068,2423.097043538944,-1054.6901664666505,-114.78226355070146,2379.051332906271,-1070.8801825363041,-112.66158139775396,2333.507184330211,-1092.142811924473,0.018789428471795117,0.012555127016428563,0.01661549653481141,232.6725571294495,178.12679320070023,-1016.2261261516815,509.8201704818337,-3174.4402837490543,-815.70968496356,0.6770399479769654,1.0,2.0,1.0,1.0,-136.94706646987993,2479.5959989187654,-1035.9221751724747,509.8201704818337,-3174.4402837490543,-1023.7272860080765,-9696.203039607963
691.9854561081788,2623.451167955112,-910.2414915870795,664.4171328862424,2591.697681376262,-921.894351179055,658.2764745642681,2562.9380400452624,-947.6936083514345,630.5391437289205,2521.6628810932866,-967.236161674664,0.01338743714214718,0.012979020952798683,0.01877236378393166,-489.68696354141485,239.82388888517283,-912.7490696073874,-1187.8871913671205,-2412.172008018922,-1161.7712033577561,0.9448611781211232,1.0,2.0,1.0,1.0,686.3213559120356,2627.8741768239156,-910.7894132983619,-1187.8871913671205,-2412.172008018922,-1145.2936210195362,-10006.112705285033
313.27556244212104,2556.9690709487877,-819.0913629574067,302.0707015935803,2514.8861239811804,-837.4891383256706,287.8049411017767,2493.700441998182,-860.8735292440227,272.18787934633724,2455.8267085678995,-871.1616071002584,0.012377407366313434,0.01527872014150337,0.016212991384501687,-670.1184786512997,170.53218383129632,-884.7487114132418,-853.2186232908989,-2078.509062084922,-1423.719077447928,1.101130881107679,1.0,2.0,1.0,1.0,306.81684501678035,2550.4250599185348,-827.4120122152003,-853.2186232908989,-2078.509062084922,-949.5260099302055,-9822.037187746479
-95.00952370196713,2651.0463391008716,-752.0028141228997,-94.51279032173213,2620.724406256759,-777.9548675276245,-100.00012738933833,2585.654218975443,-793.6091644591004,-113.79969325516709,2543.72331539375,-810.996809413626,0.015666712808048554,0.013596160453562035,0.015355499260064003,-514.1336045536088,279.03290063658017,-803.2660066261383,-439.26620537030817,-2471.8674182643795,1424.1634552324251,0.9153816274783262,1.0,2.0,1.0,1.0,-92.43804739811014,2652.025622170387,-762.440492219147,-439.26620537030817,-2471.8674182643795,-1112.4464254900786,-9693.306084097308
-453.45306944764843,2585.3654432309727,-535.7096718965688,-439.44665897447214,2537.031187321412,-557.4309084722032,-423.0143058924475,2490.371179510842,-571.8404481069064,-415.0752268234041,2451.1984722175844,-597.0209578475906,0.01684776329507495,0.015618638540819477,0.01617363106450056,142.13813887544617,94.0615119036123,-943.7685764286317,633.8242772197665,-2665.52076543273,-3017.5051276002123,0.8863599670996057,1.0,1.0,1.0,1.0,-450.4875603250346,2586.323427583214,-538.9135102657312,633.8242772197665,-2665.52076543273,-1057.5674316046393,-9864.346119810763
176.92199010618504,2542.012575043314,-603.1603083583597,178.935943676764,2503.164484399642,-615.7886925641843,185.1780215195768,2449.133311914071,-644.6968936226355,184.51789326550937,2416.319713842898,-665.9546960418759,0.01113141712545939,0.017229188375508835,0.016883854101372768,429.46418545835076,151.91574813725012,-1005.758615324219,273.57652863884755,-2593.2179820273677,-2974.081829137318,0.8747555403976597,1.0,1.0,1.0,1.0,177.77377911060785,2537.6762916024245,-602.6430500940057,273.57652863884755,-2593.2179820273677,-1122.9697100664062,-9407.537008723573
534.6470439786019,2595.1574508215504,-856.7015386534875,511.50194260391106,2571.6467544640172,-859.0593843440995,506.01826607689753,2527.1878697350658,-863.9854633916184,487.11484413430753,2498.0894126610906,-872.6148992477297,0.016063413165824814,0.013665712986039646,0.016005378922565643,-465.53639080570827,178.81199840118768,-867.9932956926415,-966.4200656230416,-2339.7504901256734,-718.1776089763913,0.9892654949255698,1.0,2.0,1.0,1.0,534.7083771141383,2600.453755681257,-847.8278121119001,-966.4200656230416,-2339.7504901256734,-339.77909447918313,-9939.514832352455
558.6352731889644,2450.5599167095893,-764.5317459358164,543.4671073570105,2423.52621158734,-802.8076358347673,537.5566322453618,2399.5415043076405,-842.0036698082415,526.5479257941723,2356.5207595053575,-877.4852231054588,0.01633117704581588,0.016174720977214833,0.013027756236552002,-298.2405201674294,-95.11451006121003,-804.0840759322225,-603.5552901911419,-1793.223423953066,-2184.628833519425,1.374466345740409,1.0,2.0,1.0,1.0,558.8079919039913,2451.2627519521557,-766.5312443559396,-603.5552901911419,-1793.223423953066,-2011.9599752815395,-9662.545668585733
-28.19534194403333,2587.230764704984,-638.6340605779058,-20.811494781797077,2550.814378885021,-668.1211084994447,-33.769945920422806,2504.0682843208992,-685.8693811479828,-25.44615829176182,2469.2513131273327,-715.7461375771164,0.01735306030497327,0.01571027056078924,0.015822769356984144,16.69190869487817,-19.32149470431301,-926.2179110799223,44.88503759429864,-2633.175288905852,2789.3294940942737,0.9411138997772541,1.0,2.0,1.0,1.0,-27.744278523477533,2587.5220413124716,-639.7730586540142,44.88503759429864,-2633.175288905852,-1473.0211412371386,-9794.95758033717
-102.01715271188782,2435.4939709667206,-681.7878682927401,-98.99743437385648,2379.6977638685053,-684.2531332008217,-90.26948152401425,2333.8647445931156,-700.4793395049178,-82.39141622604583,2273.483902008684,-705.790300281546,0.017380765040570106,0.016017511544722043,0.014469960886938311,216.74549327038346,-14.355887812818768,-826.4182878472301,424.7013281472613,-3240.4864557624724,-1653.254498309759,0.7071317625277701,1.0,1.0,1.0,1.0,-103.90400948079912,2432.2113862878564,-691.696557326826,424.7013281472613,-3240.4864557624724,-132.38016564475475,-10080.60320972555
243.99786409549995,2664.1515600839234,-819.4814370777109,235.51386712339578,2630.81300266167,-849.5650676698987,233.27996714159826,2607.982692408406,-885.103077769809,233.83487770729846,2576.240068703775,-926.5109855857218,0.0163010543469053,0.010540844159842234,0.01884005658379272,-27.497185298421073,-115.31790177056894,-808.3326415018378,-201.71062354486068,-2040.604655328779,-2021.2963965032677,1.3193180449094526,1.0,2.0,1.0,1.0,247.83781584031226,2670.1074527532146,-819.725496168694,-201.71062354486068,-2040.604655328779,-2074.252599272777,-9497.206612300955
640.2543943141425,2479.6026865657445,-966.307903299262,640.1679605333925,2423.5217805522634,-989.8561630325058,637.6524681418908,2384.2261446718635,-1019.5561768259381,634.7901103249083,2329.46484030337,-1041.2090101918063,0.01778112407818476,0.012138094709528847,0.01619923575485871,506.95324698187676,-24.476361221385346,-894.3391732796848,-180.66886423782339,-3316.8100287888233,991.3420807435426,0.7088815454574282,1.0,2.0,1.0,1.0,643.3582394814366,2479.7152105141763,-965.2694681001916,-180.66886423782339,-3316.8100287888233,-1525.2483715123394,-9467.71088639582
653.045411394568,2508.219774796422,-1033.7259578170483,644.8784742408521,2462.126362516944,-1066.7681704250256,628.8629274201651,2412.0048548971426,-1094.1585080011569,618.3116437279946,2367.123091681783,-1124.626812920607,0.017215810695736244,0.016371724482053797,0.015368990762786097,32.41321851523313,8.625214107517913,-931.8014020068399,-761.3193937968861,-3052.0498016493284,-804.8755202613254,0.7710434740594245,1.0,2.0,1.0,1.0,656.6951214286787,2511.306051459965,-1035.288373241276,-761.3193937968861,-3052.0498016493284,-1639.0344940649086,-9846.13405413795
679.4369004755032,2433.896827848507,-948.9868473424388,669.3470003592332,2371.5088105027294,-957.1018883423861,660.0024164587106,2329.110643034242,-968.1221933187535,635.8524093084077,2275.833974482799,-981.2575394156804,0.014026045097385758,0.01640134704176189,0.016281391862106004,-9.75629383538222,-12.664129186262048,-947.4575794489122,-947.9135375481682,-3348.4333444151694,614.9542155047137,0.6832912159987469,1.0,2.0,1.0,1.0,682.2205885747805,2431.6922122368123,-944.1408099818195,-947.9135375481682,-3348.4333444151694,-559.392663211387,-9877.05285708237
51.23619578051561,2510.0874587905514,-724.2518106641803,57.74471384073068,2472.8947428526226,-753.8776941854,54.5612284114624,2434.531192496636,-792.9927407093724,51.327492955740055,2388.1191915043137,-825.3389411278349,0.014028154707277442,0.016498623032021376,0.016309426532393586,15.24050295609834,23.25505283211169,-865.5634394247734,-39.90508673994379,-2593.4842147355075,2369.871550800533,0.9131637957283083,1.0,2.0,1.0,1.0,53.549386226444426,2512.9998989782,-730.4053616030769,-39.90508673994379,-2593.4842147355075,-1738.6336508489744,-9595.422832444698
584.4340981240746,2638.6141829079247,-585.4154914548443,575.6190556451166,2596.2348411224966,-606.2517366121218,577.2767281146901,2561.11458893069,-625.9500882573617,579.2805885608727,2520.031402414427,-649.2076658802063,0.014089859092221789,0.013314267830259924,0.01509476587421216,595.6648490573589,25.598441608586242,-881.8923172432591,18.216460365768725,-2494.199835836847,2582.369952799257,1.0025011072033059,1.0,2.0,1.0,1.0,576.6286479751384,2632.0372700580883,-590.7244815322288,18.216460365768725,-2494.199835836847,-970.110069796891,-9837.094766119826
124.33918194521878,2604.146209015966,-865.7749964996406,120.97371552365342,2572.8719525325846,-894.3891682065362,112.49540096991781,2530.978261090701,-917.2991534104189,117.56267986258398,2494.731970586296,-945.3178168013653,0.012221779492938551,0.014368811444970537,0.01636481254057223,-131.60342774169035,-19.456873271128828,-824.7853342882228,-234.25939919958498,-2429.9953805107434,-955.4015892206447,1.0370445965215176,1.0,2.0,1.0,1.0,121.39672339386107,2604.938137680476,-866.2634498904858,-234.25939919958498,-2429.9953805107434,-1307.2898849316787,-9586.24722109892
-62.51501193888949,2478.4907804194618,-988.9499060611615,-60.02521630834443,2426.5523809659358,-993.9126654097537,-68.46494841783284,2378.5149669225675,-989.1742308360441,-60.22737659523616,2332.15890912037,-1001.9617266184341,0.019987874128205234,0.013285272758931606,0.015625650402178563,-254.0448416129401,22.423019778804697,-988.6430670852377,-253.32509481785306,-3237.778308373118,-210.16362321043567,0.7111012027106851,1.0,2.0,1.0,1.0,-61.51776955137154,2483.13453414238,-986.3082074995651,-253.32509481785306,-3237.778308373118,-7.516190790095987,-9634.054183730956
73.66409202372276,2528.9706128272014,-529.5345979752603,79.04655000409255,2498.231165575988,-545.4973111693621,73.74247321642258,2456.2038962779334,-560.5665745949512,68.86239583527058,2412.809557822557,-582.4656126474015,0.01616775361338543,0.0161972652874182,0.015848221697370733,-92.40323466746577,59.503908528824184,-935.3491212266338,-173.62097344150408,-2587.2275151031254,-2875.772769068419,0.9067867594018264,1.0,1.0,1.0,1.0,73.40479496917067,2530.3061854523135,-534.8842379038887,-173.62097344150408,-2587.2275151031254,-780.1043913106421,-9566.346112382114
202.66400169293553,2446.509950393498,-619.043406492152,191.27531340685354,2430.009479308895,-638.5341409707929,188.47505114383029,2391.283290342201,-658.9097073199105,196.38436272333718,2361.7526870301904,-679.8202129241456,0.014866696706109598,0.012001613015120267,0.016452250315554848,157.1776293618109,306.2760276243107,-804.7873937288156,-42.983707922437425,-2060.749431408904,2220.943553420281,0.9966794399632151,1.0,2.0,1.0,1.0,201.88068560114834,2449.4554362895683,-619.3986879919262,-42.983707922437425,-2060.749431408904,-1091.932567759826,-10090.49314975951
47.783586191409235,2525.15216782674,-718.7058469395965,42.744808835624056,2494.0924606317353,-743.9599308577729,47.18619439859093,2455.413649194682,-757.2881971052577,32.41128494570829,2424.7592360617996,-788.5689647165082,0.014591243937471889,0.013600463976707826,0.019996261520573412,-331.50428143487943,389.3486836854147,-805.7572857719116,-382.9176831313225,-2141.0184976674086,1854.616911851557,0.9468120305652477,1.0,2.0,1.0,1.0,49.498813280787544,2519.6620888644757,-715.7185869096409,-382.9176831313225,-2141.0184976674086,-1311.9239553512439,-9547.647681565497
121.1300117521942,2558.550862565263,-461.63872533053836,130.73161746526407,2522.6854366933458,-469.26644156797136,139.33444823229556,2490.911392902684,-476.2562363129316,146.40851973065008,2447.5108043726673,-490.31944785266495,0.014451802992498248,0.01649723204179026,0.014065108441104285,632.8538862790674,-37.65688126663792,-803.1080823435393,518.5210866018747,-2630.0800663461923,-2575.1906676134113,0.944985856524608,1.0,1.0,1.0,1.0,119.51801054321106,2566.122384416084,-465.4281265624462,518.5210866018747,-2630.0800663461923,-290.5846272888782,-9695.196318654205
410.6835208459283,2540.8145054690085,-1019.5901622110861,398.32129164890387,2503.8048994235983,-1046.1635024483294,389.8842407744251,2437.038095335343,-1091.4280845038288,372.49240528678837,2392.5616289123604,-1112.2230970634107,0.012636728388032514,0.018811815587845015,0.015344685558828543,-120.847746349096,38.1035623384615,-914.2218477224374,-613.4467262132753,-2903.779735275255,-858.8127662664575,0.8132067704652945,1.0,2.0,1.0,1.0,406.7164381943202,2535.3541346751836,-1027.3546487395697,-613.4467262132753,-2903.779735275255,-1717.0889210789219,-9768.806154836722
300.5529452158902,2668.68383124577,-919.8746572912224,294.13666353534825,2632.759225822574,-903.9627938406353,298.1945904085928,2605.695897827688,-906.1511101515871,292.74531454312205,2580.6526370136926,-904.9236113044243,0.015102525380876496,0.015237136771679625,0.013562666174970834,37.67265379697119,304.4254817541128,-1016.2934041742616,-227.06733795589258,-2071.860696401871,-1496.7002893872416,1.0960976716724706,1.0,2.0,1.0,1.0,296.529419066688,2666.3466756522434,-914.3708216856937,-227.06733795589258,-2071.860696401871,555.4661237640249,-9478.737145043058
-255.48935567197566,2474.7410657268792,-547.3823055160507,-242.53081963685153,2435.9788170044862,-570.1024323250411,-238.07129961483514,2399.9928602007303,-601.210204972575,-243.40114329361413,2363.4482484717887,-616.8176960399305,0.013496642342099551,0.019321413873477654,0.014423469097924926,-42.07308223236921,94.05586048070157,-979.293149020114,231.97187110147698,-2582.9553392144317,-3258.140115016871,0.8777584746864986,1.0,1.0,1.0,1.0,-256.647063001236,2483.2895492540497,-548.9423293878507,231.97187110147698,-2582.9553392144317,-1366.4279392184894,-10164.21380332589
46.81749967541595,2438.1733759599692,-813.6552592383388,50.45816389555542,2386.875084352727,-828.211346171171,54.427582671333234,2347.3021464962308,-843.4533675520452,53.97893401660036,2305.087666747288,-863.9447823744149,0.016228179572638682,0.013249507930711588,0.01649492614523081,183.33807174444985,28.855790599635267,-829.8133287525316,144.7748983041726,-2597.1736662770445,874.6050344504131,0.8790273863514196,1.0,2.0,1.0,1.0,49.42129081309076,2431.2414319059008,-817.5158501292437,144.7748983041726,-2597.1736662770445,-726.1994848182179,-9706.939145232396
-218.38045080496235,2542.54714016655,-458.7030233872266,-210.5375084503109,2504.0206740480626,-452.44859946792184,-199.28244412131556,2454.053720348135,-465.5145000502101,-201.09015474675851,2420.817855785469,-468.51175077865054,0.01380148037272499,0.01700176888799764,0.011770836947974823,463.5938081382502,11.169407988426881,-812.3297765087677,683.2753625685076,-2528.9572783195927,-2673.48133428943,0.9574259137913033,1.0,1.0,1.0,1.0,-219.6815544302582,2540.1266863080195,-458.305031082013,683.2753625685076,-2528.9572783195927,-60.754072486253236,-10089.744869779586
489.0760703092453,2441.2660280323216,-974.9094525479177,491.5782646701218,2409.474320650097,-1001.3974371485691,485.12368110524716,2377.472589761757,-1039.4351357063094,476.6044630289167,2334.6841030293626,-1080.1037972320346,0.01266795558274477,0.018577531547623958,0.014217822725182766,67.06334784796255,127.15481746355488,-1019.5003701057564,-382.75189900351234,-2050.5657087645773,-2237.5319004046632,1.0795366901444465,1.0,2.0,1.0,1.0,497.65923422691674,2434.041239823715,-976.3532009063895,-382.75189900351234,-2050.5657087645773,-2035.7072521271764,-10001.917626378918
397.6728619852041,2483.7045988264235,-638.097526354018,394.6435486048379,2453.5061256226695,-638.4846948716786,394.4195982229442,2431.409851416489,-644.1448255546758,385.83898120134177,2401.1368863262314,-661.9596733796785,0.012044936016520371,0.014602623174272224,0.015012590634631926,-104.00545311040733,-44.38335861914396,-850.9785107412989,-346.6263436583952,-1737.7955753275073,-2058.9990250571805,1.4133398501745664,1.0,2.0,1.0,1.0,400.3358769125591,2484.1092034823946,-643.1585809296284,-346.6263436583952,-1737.7955753275073,-133.51532044706096,-10159.378906805734
718.5650203329523,2553.414131800145,-529.2522509474476,726.2912903305638,2514.2163577292977,-522.2866450769052,707.8142341427675,2463.6860270973,-538.4934293965582,719.334683986213,2424.7458704785945,-551.1010453789035,0.017093879398765492,0.016717187447530736,0.01687813717287192,541.6075720539275,13.697873186845515,-941.1499669189665,-180.9019733717839,-2540.95653347542,-2830.043178889085,0.9493107959808326,1.0,1.0,1.0,1.0,722.5095454257107,2554.654406662255,-529.003746110707,-180.9019733717839,-2540.95653347542,-70.53026435796454,-9710.675719388526
-106.03559819397847,2439.7723995354886,-769.9267070619227,-108.96274338630498,2398.152398054293,-783.33666901834,-124.34248652552803,2359.2911830773955,-799.2982589496163,-118.50561787133302,2326.8414390741987,-800.772212876621,0.018258022619479865,0.013016063451572604,0.01539226947654396,-482.0122530480217,109.53785257115669,-848.36165565384,-392.08882213069427,-2467.218352220624,1406.3648510739577,0.8983336444524043,1.0,2.0,1.0,1.0,-111.48831613451279,2441.0591954196384,-768.2489281019859,-392.08882213069427,-2467.218352220624,-658.2969518595991,-9645.062305465166
471.85729638498015,2490.46748957752,-851.4354119814451,455.5140447204708,2444.1326997679025,-880.0855009451501,444.4661718403795,2390.4094156253977,-903.4172146062803,432.4691176469907,2342.0150358189676,-932.457351897096,0.015278932193341394,0.015885714086960483,0.016663339481427564,-145.95443660815525,17.749156437278295,-943.5590334021122,-774.3691929671932,-3106.877669250788,1844.572423240303,0.7471720142382712,1.0,2.0,1.0,1.0,469.66907180076396,2487.7169034916546,-852.0341534275796,-774.3691929671932,-3106.877669250788,-1264.424366562401,-9856.143615293577
586.1101319813329,2510.4692733037878,-1073.5125478500715,574.9140900707717,2454.549527796328,-1109.8018905793706,567.758328078569,2414.316359478954,-1134.1723883912339,540.3025376682575,2357.517215051603,-1133.174087786256,0.018575896623827574,0.01501046470709198,0.014264004412694188,-89.01227366687331,46.277639937562284,-958.928390431457,-916.9379487779154,-3312.952086349857,-718.2829772477521,0.6971496342563868,1.0,2.0,1.0,1.0,594.1064981726734,2514.4269442682084,-1078.358438837645,-916.9379487779154,-3312.952086349857,-1690.077259287173,-9795.1447040943
310.76652008207225,2662.203542767417,-937.210995834364,315.8745424832935,2638.1603210864473,-966.1058063583216,313.235831850477,2606.9216738107925,-995.0196120297277,311.535730654599,2569.6296795920402,-1030.1482368687268,0.01791501047396339,0.013724967677296064,0.018825955794238847,238.6960898583228,429.6404292052685,-1013.9494999593143,-68.18271429860827,-2053.5930360201437,-2067.4861166717646,1.0395340660545005,1.0,2.0,1.0,1.0,313.0152484438071,2668.056838467229,-937.5595312834605,-68.18271429860827,-2053.5930360201437,-1652.04254892574,-10120.466792238065
-278.5124919160437,2431.9487632013065,-1018.0298932903428,-277.53834192289133,2365.556369867348,-1017.331349091258,-272.0954287853577,2304.5947673135875,-1023.7439507703004,-268.9259511873618,2236.6338355874987,-1035.7950357519724,0.017210834834340223,0.014638010401709416,0.017754504684863885,-65.03901997426463,-6.7166493130848615,-1010.5814829035091,342.28958442014084,-3811.475843538633,187.83967604984713,0.5903966500790869,1.0,2.0,1.0,1.0,-284.1043540031559,2432.627890551641,-1009.738650011192,342.28958442014084,-3811.475843538633,-137.39941647127594,-10045.530584261467
698.0203066153999,2570.6023895538647,-499.40336370120986,685.7281211789647,2545.0255669090475,-526.3527293639428,673.0393174314964,2505.5407418206337,-554.6218309823801,659.1479446531312,2470.874281058223,-581.5182972464078,0.013410300755477583,0.019255808649853316,0.01045643740646477,-197.11619622172014,37.46065631896144,-932.4180217327677,-821.0495728831113,-2329.394733243311,3245.767510912925,1.046877453188203,1.0,2.0,1.0,1.0,697.8278382208719,2576.5009155541757,-503.2252261412218,-821.0495728831113,-2329.394733243311,-1451.6955877058565,-9818.901909678098
658.3424441806809,2498.7507733457614,-895.9053785296927,646.8269528447667,2446.8683026401286,-904.7962785864258,633.2048681359063,2385.7602356002426,-904.2378159479508,605.2241210555765,2340.8486460804015,-913.4464591561211,0.014067163057848353,0.01730854002364613,0.016349201666708918,-245.3511730211634,52.290546055846775,-1000.4257627402784,-1215.1375667695318,-3278.488225439825,1404.2315972090921,0.6972750952517972,1.0,2.0,1.0,1.0,659.9263142221371,2494.7642740085207,-902.5444765271058,-1215.1375667695318,-3278.488225439825,-36.50228960770011,-10071.998138017487
-453.68791319455255,2521.3783594489328,-890.54167923702,-440.1287522075414,2470.414994400388,-894.4193075707296,-424.49409650587137,2408.251116564904,-886.1128785074237,-402.7154350050483,2355.019085475576,-901.120357323911,0.012879903233459606,0.018060800712699315,0.01608594209737779,186.0345289429087,-58.78154752615782,-1019.6698332146489,840.3164362715789,-3384.4710338968807,1570.13956564204,0.7129733539564639,1.0,2.0,1.0,1.0,-452.605962623491,2513.416438235478,-891.6200820886783,840.3164362715789,-3384.4710338968807,-51.795886808623465,-9619.602307997959
113.18601430032936,2461.362386791705,-847.9661220376247,121.57202867814134,2421.802488602662,-851.4185158049748,114.27389366378125,2399.2459964633017,-855.9689672011455,123.05044232745571,2364.1231893643494,-853.4445419465752,0.01391525393002619,0.017360841626332803,0.012088967935332127,418.33577952673994,45.456780266166106,-890.8762999925751,288.6518088385019,-2230.847630834125,-883.3923904996573,1.0366349365083078,1.0,2.0,1.0,1.0,106.59182598115626,2454.77222156702,-851.3920555199072,288.6518088385019,-2230.847630834125,47.758140748938196,-9863.833384209158
-275.3763844669972,2636.3025588087953,-849.4585222229657,-278.8194736695109,2602.674737503787,-841.9698722881328,-265.8935432945342,2566.0387791634566,-824.2739450861039,-268.69357608784946,2528.27110247073,-841.4993565145861,0.014202830987770107,0.011225275249831471,0.017566444370557252,-16.70355878925364,-8.321413880479305,-881.2654465673062,230.31748587492535,-2358.831504330162,-866.683941596698,1.0770054493918393,1.0,2.0,1.0,1.0,-274.6591429691688,2633.569870969304,-850.5765253902601,230.31748587492535,-2358.831504330162,377.12417889501404,-9935.825429498158
-493.69593827034043,2575.5001304311268,-430.0,-484.59963713436997,2527.8895242988783,-454.2462107978546,-479.9906530730569,2490.6906990366747,-486.2988831528057,-463.9460792615907,2456.17237973998,-514.835522118011,0.013850884281218336,0.01553173565754039,0.018655650121329016,159.8567368424384,32.69255695651345,-894.3384541298636,579.2268249378619,-2242.153656538433,3379.048145767055,1.0819617299399102,1.0,2.0,1.0,1.0,-494.669575337344,2566.326188844952,-433.91466650576604,579.2268249378619,-2242.153656538433,-1427.5699016247922,-10186.978043585465
563.9006115803097,2477.109143506693,-699.1167650859733,564.2296747274879,2432.6922143268184,-713.4943992761553,553.1502283561807,2372.1877912331593,-724.8006849366551,541.5949899802326,2333.0467390955773,-731.8293424951046,0.02004983325747362,0.014005448472427774,0.01332893677330551,237.83499620921816,4.298158407500297,-962.6941232985245,-416.2577279012562,-3171.787038000411,-2413.0045010252843,0.7326157814967936,1.0,1.0,1.0,1.0,562.5160239721984,2478.292048047815,-699.9000012349782,-416.2577279012562,-3171.787038000411,-689.8864243900351,-10173.923078664258
692.7494884456572,2430.0,-482.7374267025208,687.5610832973947,2396.8203264301246,-519.4163476861703,669.5526885864729,2347.008607938951,-543.482411337743,670.598201567272,2293.9523255814506,-574.3656228077824,0.013579253212141866,0.014946998007297405,0.01578912701809083,153.89212635413276,-265.329440277981,-808.6327503263343,-571.1227483604692,-2852.4611208350975,-3011.558237654624,0.9006846217624707,1.0,1.0,1.0,1.0,693.6031235547784,2430.246318911191,-495.37967309369617,-571.1227483604692,-2852.4611208350975,-1717.1725804142993,-9770.081028113382
-227.5300262901646,2563.84083312013,-470.72896604219926,-228.90239633471597,2532.6555584941952,-473.76964263957467,-214.6900745186796,2495.0964947775883,-479.60960599785125,-212.401029377005,2459.1852921965933,-491.9732123109626,0.014558796628815329,0.013721397460682148,0.01858834424606655,433.2904260731602,3.273633489037973,-985.7432310556163,591.6476236856045,-2242.215593247777,3191.2508199803638,1.0931314616644336,1.0,2.0,1.0,1.0,-241.18786492842986,2559.3994097915092,-468.7933308868959,591.6476236856045,-2242.215593247777,-361.48487026590936,-9724.625321935733
-95.0738738814454,2650.167746121048,-752.6427754157362,-88.94564612262846,2609.1297108895956,-755.0385111293484,-95.4675163694379,2584.3110657900634,-762.0193155018655,-101.51515652453503,2545.116818807202,-771.2252231415195,0.01585429494327064,0.014343701759383449,0.017566796874248898,-344.05070896450127,-8.775726941770941,-808.2731250491946,-209.8045184459395,-2159.695189087179,-1131.5261917504859,1.1822352064230928,1.0,2.0,1.0,1.0,-85.99115127599634,2647.649355635455,-746.8760599399009,-209.8045184459395,-2159.695189087179,-228.69181770621952,-10010.791067656177
338.547457055358,2677.8797558627234,-796.7997024079503,334.6280016087704,2644.5915876361832,-803.6956305604986,317.3746448158583,2615.491099327658,-815.7915807497216,315.0982127421649,2583.457343076467,-814.0457487318944,0.012432179168865326,0.013421112555783597,0.016893207395108266,-310.9829857225781,210.9955195833095,-1019.0407219583689,-508.18540973746974,-1920.0857205134973,-2086.369731724968,1.2372535008802374,1.0,2.0,1.0,1.0,339.494338741383,2668.705241840573,-797.8737508971462,-508.18540973746974,-1920.0857205134973,-33.47660750528827,-9838.975689760915
626.4337146091053,2607.650174584034,-1011.0278866355842,615.667947760455,2563.474866491936,-1030.2916189730217,605.795905714884,2518.801930192848,-1058.8407180019967,596.904093284227,2485.7163003656474,-1085.8720302595445,0.017486797071981777,0.016035600989277973,0.016774652338291306,197.52344774355862,448.3272635803829,-1016.3297429296521,-497.67459498216965,-2525.3081844802246,-1349.2160386693677,0.8047029496004496,1.0,2.0,1.0,1.0,623.0352264533149,2607.46576131097,-1008.0553009381532,-497.67459498216965,-2525.3081844802246,-1286.7865671645216,-10010.113061430806
-216.57647110354068,2602.1806957137337,-890.2294265391281,-223.904292346308,2556.16079423857,-910.1649514154046,-225.5073021082557,2516.0493559663723,-941.0195408204261,-233.63829766880121,2440.726443978247,-969.1096936985184,0.015578085312020486,0.016476994429299095,0.01862323275804638,-312.8078913391788,-110.5184698387263,-802.5676604435565,-88.45425716087516,-2692.918369745699,-606.9902370503278,0.9543216875006346,1.0,2.0,1.0,1.0,-223.91136289249744,2595.8644917557067,-888.4207097531066,-88.45425716087516,-2692.918369745699,-1438.3859794829186,-9897.365625360279
727.2109703751163,2448.076565101122,-911.6607068954826,701.3994346935021,2393.0698214387044,-938.4558587587725,692.6202261302894,2334.602532598482,-967.5986463140409,666.8040504865547,2269.197259025723,-992.6036512945532,0.015109902698540003,0.015862688656941532,0.017109877433256857,-98.53616955037414,189.5950597575037,-1011.9380955456737,-1392.8511429556856,-3834.2921397732844,-1997.698435338156,0.5419175312112621,1.0,1.0,1.0,1.0,723.2460047934806,2451.8274222237387,-912.2610681393678,-1392.8511429556856,-3834.2921397732844,-1432.5905659231398,-9726.152993818489
390.70088681125117,2613.645383898158,-815.7031605764588,389.35430597935925,2580.852451461639,-820.1250761910233,382.7849165216595,2535.854209517914,-824.8871071978316,378.8770936886489,2496.9813367122915,-831.7480882902238,0.019721109182263996,0.012926779192077641,0.016215599591602545,28.278688551711962,-16.039657120103396,-833.9602550008048,-332.5035486428017,-2369.7964350332645,-542.5317723368483,1.0611365120340541,1.0,2.0,1.0,1.0,397.3576275452199,2614.4343857668264,-818.9924563962558,-332.5035486428017,-2369.7964350332645,-119.57065952756388,-9381.649198440635
413.7444806055087,2438.437080665912,-455.07441496901396,413.8731920161557,2400.004187544943,-479.91127920385145,398.6535105276229,2351.158374501498,-515.492887523339,397.5962334083448,2306.915814338558,-554.7098696190077,0.019111085059220857,0.015666078149751437,0.012801682137008469,-25.26740678829123,-379.04331787096606,-804.6784976729919,-451.8779473877285,-2891.846475316394,-3223.0721407685915,0.92742115465402,1.0,1.0,1.0,1.0,415.3135919147445,2440.5069955625117,-452.3472245299737,-451.8779473877285,-2891.846475316394,-1838.8100920647012,-9944.569002017064
44.08301343431195,2513.8167555401096,-537.4333182140874,45.55284301717362,2457.7187273435984,-541.3312499460878,44.5448223623725,2421.1782549088643,-551.4469564064664,50.82693344508515,2376.8155488743505,-566.1674797250024,0.01736067533401696,0.016442165142752006,0.0138928936686162,239.83922902947288,-306.1407518428759,-810.4033098857351,213.10905079048888,-3063.628207245817,-2358.330537261303,0.8723042658546155,1.0,1.0,1.0,1.0,43.77890230222215,2512.3971988232693,-532.3430521442577,213.10905079048888,-3063.628207245817,-370.7721566201991,-9753.817305982691
507.014914932751,2614.8738922136727,-479.26836377111545,490.0306714703764,2583.3243313183616,-474.7212021438504,478.7833709017024,2550.8370272597367,-482.4995575705924,462.04847996493965,2523.4873162883264,-482.4913069314195,0.018279371068873753,0.01633021445423311,0.011731811891126785,-641.4803435829904,211.22896271224042,-858.3383943001865,-959.699363543216,-2007.1485689938793,2741.3426607620986,1.1536586025857627,1.0,2.0,1.0,1.0,510.15889266886757,2619.8072455048964,-475.17477260462,-959.699363543216,-2007.1485689938793,-53.45392588303092,-9803.855995794764
737.3862330445356,2457.8863420220646,-709.7789904191058,715.297497477328,2421.511850793085,-709.4641257023188,709.2430033575387,2386.270803861531,-713.2735446365497,686.9855139972994,2357.2486436359322,-732.7850921327927,0.016196089545690916,0.01781759640463361,0.014583334695753049,-463.7641564126264,-142.29386122812554,-805.7535517040195,-904.3366398013045,-1959.2212573106153,-1506.3095655426114,1.2764029793539162,1.0,2.0,1.0,1.0,734.4818913241011,2453.6743047084374,-703.2721153039574,-904.3366398013045,-1959.2212573106153,-501.254019518259,-9846.941785321324
-120.12351563987369,2613.432420245882,-539.268313477793,-119.89663471038371,2578.7957476362117,-578.7897936927878,-115.89375005954473,2557.869909489917,-605.3101069753776,-112.56187816802034,2515.8434990559936,-646.6983088285352,0.017997491695551683,0.014509188907152332,0.014485641663255784,171.49967148632024,426.4534430822784,-800.3227459829395,267.5581757574831,-1990.5374465178181,2926.45245669484,1.0530076777340387,1.0,2.0,1.0,1.0,-122.8143218469113,2616.044634251889,-542.9232432510823,267.5581757574831,-1990.5374465178181,-1846.1588837998852,-10016.549206233787
-352.2345969680131,2454.0230877274194,-981.2272744594452,-338.3171495302818,2397.3346228403984,-1001.4828505376973,-321.46365086365114,2336.689846774249,-1016.9775898041074,-309.61979902440225,2261.1451659573468,-1033.7903818269294,0.016392456509635667,0.01578301353698627,0.015354334480040754,187.19799235971828,10.3543796206582,-999.4363284299429,874.4386550593891,-3944.787900304487,1022.2013153650132,0.5724701954733378,1.0,2.0,1.0,1.0,-354.95397377710276,2456.122877809442,-983.1743706996552,874.4386550593891,-3944.787900304487,-848.8082791850752,-9999.216240469736
742.6802602730394,2579.912322568854,-768.8255831627722,731.728100264531,2525.627540869816,-794.9473327981942,735.6455973248999,2479.3304519705925,-810.7418929043799,721.6532524613666,2430.923845089354,-821.402190808748,0.017685847770793763,0.015591146891957905,0.016157040814621625,445.46956481170685,-32.51015741074757,-875.4664604433851,-324.82464559227554,-2878.7863873897936,1576.6188788894883,0.8555659645226275,1.0,2.0,1.0,1.0,739.4358690727161,2572.791523177012,-778.2643367543312,-324.82464559227554,-2878.7863873897936,-755.252102976416,-9855.552006479302
714.2209238904882,2594.295728336816,-438.38685210220314,701.1434486132,2552.1996593449753,-439.8449560053855,692.7400003176175,2504.8207973402923,-446.40351613418466,699.6588487917485,2475.062626595867,-450.8165798976271,0.012982566166403968,0.01610591138495742,0.013973495511879715,212.54971333145699,-213.72424593958277,-808.2824621247412,-486.60139770539314,-2722.2327772434874,-2691.0005185923837,0.9869380269367589,1.0,1.0,1.0,1.0,713.7491529680105,2590.1755146212095,-438.3065460632462,-486.60139770539314,-2722.2327772434874,-87.50448996312795,-9776.864186116774
625.389268041686,2623.3068822187847,-826.3299273828042,610.9932352802435,2599.505206558444,-844.087135357756,597.0696147408045,2566.7827078982,-874.7012566732926,585.5313036304789,2540.5519198476495,-895.5409622362022,0.010865473133498909,0.020087433669007147,0.013386106224719765,-445.485932524799,187.1761737424531,-898.2385853652553,-876.1748802109978,-2009.787981816497,-1789.5481873351853,1.1706609869727702,1.0,2.0,1.0,1.0,619.0665469315634,2629.0685716494986,-825.1522416413598,-876.1748802109978,-2009.787981816497,-1332.4360661575247,-9765.737993838897
-346.7651250191232,2472.2658135352845,-996.1834242408485,-346.2571958467073,2408.7940614569084,-1030.9297880655063,-315.9349647744368,2356.9633968930393,-1057.148163264066,-310.23172042896584,2303.246632804402,-1094.2405858307734,0.018636020963866268,0.015302333057383509,0.016313745524870173,246.88256841813464,39.878918576875265,-930.6422816350198,871.4991524614901,-3547.9223158750647,1282.2001922348982,0.6347479004538805,1.0,2.0,1.0,1.0,-350.0943510179861,2470.2057049513005,-1003.4537127156009,871.4991524614901,-3547.9223158750647,-1754.4581308215222,-9843.565868944366
-228.16062652744114,2593.350830900103,-859.6590088443215,-231.67588736432253,2576.9237643847346,-872.0197174558588,-230.86006786242913,2538.5746048895962,-900.039191610679,-226.99636347750356,2507.012760723265,-924.2722733619173,0.012343219894954075,0.017960666584472762,0.015318403095177503,-98.21271266905215,464.5202570750424,-1017.3731235042198,116.95625702239829,-1786.5154226923662,-2230.7457817270633,1.1493777104253922,1.0,2.0,1.0,1.0,-237.9754398108197,2599.4061871924077,-854.9079595366119,116.95625702239829,-1786.5154226923662,-1310.7877200166295,-10028.90342069284
769.0030920977333,2586.0180687249463,-981.9316345045991,769.8026954478573,2545.959558820577,-1003.3438692024232,767.1490655452659,2515.438035040357,-1027.3352651471582,753.2094919535701,2458.7690211450686,-1056.1581587048927,0.014251043541667969,0.012441641924012673,0.018659166707283514,406.8596768669019,72.34338895258165,-1018.9853334365628,-371.8041482506204,-2571.0080825337336,-1676.7653046203623,0.9296481478270366,1.0,2.0,1.0,1.0,769.3687214112522,2579.0762694229634,-981.0342123650099,-371.8041482506204,-2571.0080825337336,-1439.0416387740647,-9763.595040510105
768.27297859585,2627.0476904225866,-640.3816883020288,761.5416459820005,2599.0827263544543,-679.046772254079,752.1803798228674,2559.5563261417406,-702.231188542555,732.4038554337013,2520.9235554461766,-738.9097025819282,0.014598131275370022,0.014687949115884296,0.017058132500938152,191.1502332590021,310.57487408467216,-808.4201078820082,-562.8939024780718,-2266.8503224138226,2553.212288687977,0.9736557871078078,1.0,2.0,1.0,1.0,765.3020137866356,2622.7622029467684,-642.2235356143609,-562.8939024780718,-2266.8503224138226,-1773.6689418378237,-10149.417962730353
633.2061101589,2475.813483611283,-561.796830922815,608.016328356569,2438.0744903647533,-551.8147677864584,589.8150834611292,2399.7315651419835,-553.1256269167127,573.1767964744085,2351.1635982126522,-563.7103181721014,0.014102371939153993,0.015420826278422064,0.015759934350574736,-485.6622862676216,-129.14240127632638,-810.5172974510343,-1176.438609387095,-2758.459657702292,-2236.9900872679514,0.89971686743185,1.0,1.0,1.0,1.0,626.0721996031834,2477.6019752523516,-555.0141601317564,-1176.438609387095,-2758.459657702292,152.12635781832185,-9747.862010489145
-44.63454083851538,2504.1269815397873,-747.8991327799457,-45.71849597161534,2451.4582958741817,-763.4894679324002,-45.97806889830005,2415.673772505372,-774.2742944659185,-32.784171667712954,2372.875907056796,-788.1969091432456,0.013327268699238485,0.017405074269358833,0.017773082104200463,129.064260156563,-42.98187998767117,-980.1420180374558,195.62652863490104,-2866.69755056541,2154.814492128624,0.8414945749272029,1.0,2.0,1.0,1.0,-45.04335032849883,2508.3789400155392,-752.7280887591274,195.62652863490104,-2866.69755056541,-450.0796128965654,-9765.69574415582
-486.26954457993793,2634.1328844585632,-954.9141663928808,-479.1610221655804,2598.2938239443174,-988.0893277397367,-465.1870623316939,2567.416868039554,-1016.445786936767,-463.1615233194179,2533.4432425636915,-1042.6883866789203,0.016664147059038223,0.016778071581662182,0.010847863869262328,-70.84625889676268,438.8291469648025,-1014.0597557714436,378.6000445154096,-2037.131786694227,-2133.169744600639,1.0307099174900363,1.0,2.0,1.0,1.0,-477.84130675082633,2628.7458176610958,-956.1204037495701,378.6000445154096,-2037.131786694227,-1829.2252023081262,-10400.516900176879
589.0845932755203,2463.7752994256343,-867.9377429391864,587.0436731675998,2439.548383186278,-877.8684256737764,578.0727393496128,2398.206186846781,-878.2461506167442,578.7496741490684,2369.281161995193,-875.9297485345799,0.01715817353116817,0.013764172466981674,0.01486297159280173,329.81091979087876,172.10237246127167,-1019.3699332388435,-228.52739928431572,-2031.6706095605896,-1716.7740893291939,1.0792146824090465,1.0,2.0,1.0,1.0,586.9042439857362,2457.731808216922,-869.3413072924026,-228.52739928431572,-2031.6706095605896,-101.00464411488645,-9789.51890483301
551.87715290809,2570.1247065657985,-564.226005107248,540.2918685011001,2536.726699251473,-569.6397884211434,514.6860467997827,2503.5693485489887,-557.7027793650077,502.7123248185779,2460.1220580051745,-559.1857805322187,0.01276789731129042,0.02024846654872709,0.014480848687785944,-693.0980223453731,83.28999685403927,-1019.4336500603582,-1100.942933645351,-2201.316002002486,2969.3540352117375,1.0825027874521944,1.0,2.0,1.0,1.0,550.9674926738735,2570.7770791168405,-571.1039407185947,-1100.942933645351,-2201.316002002486,401.3343540280557,-9654.397249976093
575.1869892181708,2539.900613772315,-523.4558923939176,564.6263379615106,2500.627248585946,-549.7608404134005,552.8307425238781,2473.142417998594,-583.7425118129768,538.2715719976652,2443.540809858066,-612.6055879541095,0.013361185553830843,0.017691848298263,0.015096039245161445,-263.0251525137869,387.44155720190724,-811.3723015803647,-763.336479180906,-1951.9656222683088,2874.2441610771257,1.0538509269027432,1.0,2.0,1.0,1.0,576.6449745852108,2534.603741697034,-526.9212577425469,-763.336479180906,-1951.9656222683088,-1592.029482146442,-10067.707101724773
-437.37264947957937,2439.847201377172,-515.7667544234579,-414.65059641882647,2405.6253529724418,-531.2324871997428,-399.00293720320445,2368.723470005273,-557.7249633994625,-377.8614878964077,2337.9011346319858,-569.9149954544505,0.014719636465078042,0.014783234315238375,0.012442904257011365,593.9342167162207,245.7183530525322,-883.0978575027009,1095.7174016144916,-2337.3134195077864,-2930.102945588275,0.898054224962673,1.0,1.0,1.0,1.0,-436.0401408014013,2442.7929673898557,-512.552108499189,1095.7174016144916,-2337.3134195077864,-1146.4408162543539,-9812.247910782096
373.0494403438526,2592.7557130085306,-641.6547000468657,371.6091054693571,2564.5000412033264,-660.9419082848609,366.6960850192846,2545.1280108368233,-679.3608882311734,356.33311324074856,2523.561055842558,-698.2047385227104,0.01235369551023595,0.014641297505883994,0.013821779874303504,4.197772886424277,310.7038881377769,-888.3749934663431,-244.43958849770704,-1520.4744043471683,-2447.8187764720387,1.4591832271095766,1.0,2.0,1.0,1.0,370.85715563298993,2591.415494658546,-643.0377489068289,-244.43958849770704,-1520.4744043471683,-1086.1960515770143,-9807.42443075527
40.37194038372743,2449.2705657715,-701.9043684016416,33.183447755608384,2389.9242704336857,-715.5911678425117,21.328470241279085,2337.9623799581127,-733.8621408025152,17.925792051904203,2265.202466895655,-758.0105743097018,0.015357650527553236,0.013982577206657656,0.01732153491392171,-262.9436247985792,-330.2804846950182,-805.6389393433359,-420.4185981951796,-3867.271450525139,-1845.5513290714662,0.6733382373518679,1.0,1.0,1.0,1.0,39.757765901950734,2454.1549596830782,-695.5994059158315,-420.4185981951796,-3867.271450525139,-1105.774076587234,-9922.767777709076
328.4984338485555,2652.3352187413057,-739.8861365326396,311.662321289254,2619.721529849076,-745.890441890396,301.0376570469572,2558.0436631588423,-750.6135702410193,296.4179283370068,2552.9500598571726,-749.2495554970172,0.015247553678594705,0.013071687343113536,0.015534328575005734,-479.8606599774076,292.40317168723175,-800.6054314374746,-741.574955332658,-2187.8228848741683,1006.48799112464,1.036146430403285,1.0,2.0,1.0,1.0,321.04029178186283,2655.2518873513445,-747.5518399573241,-741.574955332658,-2187.8228848741683,131.01512410619932,-9394.189923345193
-244.34039592430963,2463.1147316549363,-605.960840178343,-223.89543307016518,2415.1433705038758,-614.2048137151157,-212.07316498196778,2382.5336521408935,-622.6082936089551,-196.64244020712408,2337.2012832609985,-628.154328589578,0.015776413522358753,0.015405264938488372,0.016540758239754018,381.93734004301115,179.7827881218831,-965.8032411050796,685.4471671888639,-2520.395328256456,-2689.841520519483,0.8572775632993995,1.0,1.0,1.0,1.0,-238.39234626291017,2460.7405601939845,-606.2038673401055,685.4471671888639,-2520.395328256456,-312.947620567055,-9924.607699227034
-17.625024712061354,2472.4553388827208,-863.4115334816801,-9.75536215991114,2425.782146463663,-867.2061306991682,-7.75969290302171,2374.117454241857,-875.6398972736974,-3.344901805442924,2308.8161774252794,-890.9537886821107,0.01347742741020098,0.01810448581982861,0.015039042831978273,277.6367835955568,-158.37074522955126,-1018.351075810241,396.00748485773374,-3515.19223461427,1860.3393013521627,0.7033790439379927,1.0,2.0,1.0,1.0,-19.3688300477437,2478.0234307311557,-857.2958496640531,396.00748485773374,-3515.19223461427,-422.7233870479523,-10192.783245287068
541.4609432072009,2519.0399001126825,-885.5417053619975,529.6963893167639,2484.245855178275,-902.391628467821,515.7992798196123,2445.092537895849,-927.0913041019309,504.1966678023829,2407.9865590282725,-951.5531223069729,0.01610379251766464,0.011525633406309976,0.016558547927144618,-304.5324370927428,110.74699269357234,-801.0529605447223,-920.188644353681,-2631.715592394904,230.9640720753222,0.8758120261488814,1.0,2.0,1.0,1.0,542.0411157126453,2531.925337696883,-883.7002133466272,-920.188644353681,-2631.715592394904,-1289.8057774152676,-9737.752394295849
-389.24328778203267,2569.064677768406,-659.3870979949894,-391.49543926429703,2534.176465293543,-675.3838318430146,-368.439516554483,2492.905524416369,-698.9099702470077,-364.0163403012483,2465.4412141669186,-725.0371344807182,0.016142299453611654,0.015386752536014677,0.010623055753444181,376.98493246495786,185.78037915060077,-848.7271940830468,764.149483468589,-2344.9732750539465,2428.2813666179804,0.9728478922569298,1.0,2.0,1.0,1.0,-398.62679325565966,2565.9282533303654,-649.6244317865517,764.149483468589,-2344.9732750539465,-1422.683392170018,-9727.570973728165
745.2855196409852,2440.5133329268942,-872.0294292499565,725.5092468049171,2390.473651459103,-878.9189531204486,711.8794935388621,2323.8859304613907,-895.413835767885,687.5683323388453,2274.760447109747,-909.3265227643028,0.018060723539926708,0.01600865996615977,0.01595102937667496,-57.01870763342361,-41.57492742624396,-1000.2000982658305,-1051.13857397571,-3264.4995972271904,1722.3986957909704,0.7099795871172391,1.0,2.0,1.0,1.0,741.8466085881153,2439.4447664664217,-864.4456093737198,-1051.13857397571,-3264.4995972271904,-548.6790890519056,-9822.087345489716
626.7997629311657,2665.9111070286217,-640.6706964086159,621.917118131579,2642.466875287425,-649.9254978501658,612.9275473850807,2606.1487508704117,-657.5217548108922,614.1169381148936,2583.1235769714112,-666.369159280896,0.011316385668705355,0.019291806667544514,0.010950203965104363,71.74750580144266,-100.80549816944212,-812.9217912655749,-375.3623544600398,-1875.7140337167928,-1884.9022470491118,1.4334416036986364,1.0,2.0,1.0,1.0,625.4069786300015,2665.8727015628256,-636.6523664864517,-375.3623544600398,-1875.7140337167928,-420.5605755783815,-9579.25602955468
773.7170316468903,2576.293728777867,-781.1517716167898,749.5918416427168,2542.554205202098,-824.3024007072281,740.293101695084,2503.895081688349,-847.0515025927785,725.4093176293826,2444.0450649709546,-894.804239995002,0.016221258216588385,0.013746747274112143,0.016908894176986884,-112.05303182019559,26.96816152130046,-908.8662935298149,-974.9143571837566,-2821.0749711689173,2561.121311914782,0.8581231003323133,1.0,2.0,1.0,1.0,770.2444614311021,2580.041010429171,-785.9921041581397,-974.9143571837566,-2821.0749711689173,-2039.851552496176,-9761.780552157505
516.2761695170765,2435.2696898456907,-568.4785820436723,504.716155560941,2387.778781282727,-590.6728150468176,490.51817599381553,2360.109055016162,-599.7400912297929,468.4160647175979,2313.312023945249,-613.6303745109698,0.01725509101813753,0.013874463634052835,0.014199452193152749,-399.93257552373143,75.37169931470743,-816.7682369143574,-1064.3702271771663,-2725.1458352989957,-2356.9580197703426,0.8196709931546575,1.0,1.0,1.0,1.0,520.7476709845164,2432.6228468483437,-567.6013655633046,-1064.3702271771663,-2725.1458352989957,-805.2641722934196,-9847.570297655044
-218.10854822237314,2602.957563526127,-923.5829548078245,-200.28870993330003,2559.4776791528943,-959.9105505793094,-189.14492071769214,2505.1385059153968,-998.6672169971686,-175.79473082602235,2476.670195816185,-1024.6644895856466,0.01388790507517224,0.018052927081251478,0.014613658981797124,463.4580081044287,300.3937514101151,-804.8943756848521,794.5477840796701,-2691.5368493463325,1075.4367076507672,0.8084455088617798,1.0,2.0,1.0,1.0,-215.88034728368854,2601.6577576012273,-926.9631701638452,794.5477840796701,-2691.5368493463325,-1873.3699960331583,-9634.610456197834
418.6609887855572,2512.5269498164807,-874.5924410747546,392.6752240639412,2473.2286160166145,-883.5241131312919,391.8873424027125,2427.2879150577487,-887.9328545372006,378.83202963302165,2390.3876830351956,-902.5719192683479,0.0150601594533446,0.017263848166856624,0.01605942167196596,-274.8150929922703,76.82940824172167,-890.5084447113558,-714.3890767808084,-2539.0965117307974,-567.4020225150788,0.9116165707078335,1.0,2.0,1.0,1.0,410.99842071730666,2514.362059503292,-877.8351783927183,-714.3890767808084,-2539.0965117307974,-253.01175874207001,-10227.365336173129
312.22736671756894,2528.7568897606766,-907.5051785302137,319.0663625484292,2499.214002012586,-921.7833724342079,319.4928478768899,2469.1562090211246,-928.8902565468903,319.91070158483177,2442.0307430537728,-946.8570937741578,0.01547434860191706,0.012078260311934479,0.016274654737172704,532.5379401252271,274.8629923810597,-1019.3685368550341,218.77863613412515,-2237.88574350571,-1550.6062392556275,0.9661727363489763,1.0,2.0,1.0,1.0,311.5715176297563,2535.1275933218267,-909.9670835569452,218.77863613412515,-2237.88574350571,-484.44097626376583,-9921.473410282613
-305.00045967569037,2616.4956620125213,-543.1191282121474,-301.3571391470953,2583.1950249134006,-528.2497727089237,-297.6717493346339,2544.9594839147926,-525.0545388411479,-290.9499460169541,2517.700306907648,-528.5881693519962,0.014511822964080507,0.018259110171562377,0.015295025322291288,126.14013498829253,89.64824023105899,-842.0938653507893,361.10351692179387,-2096.5150450801025,2503.355699417316,1.1569340415420621,1.0,2.0,1.0,1.0,-308.9896029024691,2615.948869552585,-530.8566119185247,361.10351692179387,-2096.5150450801025,342.8012223879475,-9880.16659916272
490.50579193209387,2619.582189009058,-712.2671977979006,483.2245935975178,2584.1823778880494,-721.1102152436749,470.54502544166,2544.923259589989,-728.5760402111749,467.6447025716342,2502.458578445625,-747.986866204724,0.01235365155283581,0.015541378718796912,0.017309911241078526,-27.14139382926875,68.53504010676632,-808.0715974829262,-512.4574463636169,-2524.3856937132114,1564.4781870455276,0.9647950584872892,1.0,2.0,1.0,1.0,490.4406269979826,2618.164590757113,-705.9313147471801,-512.4574463636169,-2524.3856937132114,-676.025452706297,-9746.73082642302
371.19575895385486,2548.6262675282533,-805.6338756242827,360.3255589934886,2507.5233247817714,-819.7606857344481,367.1750375862416,2459.473579562048,-834.1416926860575,349.7079348493485,2417.34777789554,-841.7258468598922,0.018263059105882627,0.011359125043485838,0.017205598812272672,1.0045278402023001,-4.9826303949735085,-927.081920799665,-429.5488833269715,-2962.353287813948,1582.9873754157388,0.8131722170383595,1.0,2.0,1.0,1.0,370.4165675013968,2542.6411971250222,-810.4681834419973,-429.5488833269715,-2962.353287813948,-452.70655241830326,-9868.618141311277
385.9586859692624,2479.1834576435826,-1029.6917617492027,389.89834525677657,2436.1320848514074,-1055.0532956436061,377.90229914991625,2398.261160483154,-1080.8224602139082,376.61924628493244,2354.314092460068,-1104.2980726124197,0.016037545997970092,0.013105485700682713,0.01508350802687591,122.80767142149557,244.82843058840777,-1019.0277353843724,-312.26560840255445,-2594.1773912131052,-1387.4419078089554,0.815773460274472,1.0,2.0,1.0,1.0,391.3560946476905,2475.820987031671,-1030.9264849821323,-312.26560840255445,-2594.1773912131052,-1469.1501177610517,-9770.441901288395
-422.6378690697958,2512.157832230697,-876.683516859006,-406.8405557248966,2476.8834079167596,-887.3197215970735,-387.62320842887044,2437.006698395368,-899.4194643903619,-365.0385662228565,2405.269356697559,-921.5378318938988,0.01907022923379088,0.010142835146938655,0.01804046741331605,544.866103271765,228.99404962575616,-853.3739511525675,1008.80661139026,-2379.3223987133197,-342.12711656096957,0.9127464682059552,1.0,2.0,1.0,1.0,-423.5882436628859,2513.143552390554,-879.2851545180795,1008.80661139026,-2379.3223987133197,-784.1670948113242,-9594.508512786295
-475.2545382742893,2436.511534116531,-771.5689724328582,-471.6440582672052,2400.8126302944306,-771.0259840960392,-471.0385653556252,2365.42027030641,-773.0252717505349,-458.4810674332066,2341.753241382285,-775.8512009397608,0.012832872922930155,0.01932872851477338,0.011731680993956866,-145.1649718852192,-46.095640780989875,-850.3909718185032,266.44623825895883,-1989.6778547918875,-1224.1856932337498,1.201106717568335,1.0,2.0,1.0,1.0,-476.8905385176232,2431.0532884349204,-776.6628593021327,266.44623825895883,-1989.6778547918875,194.44130397489477,-9909.790810383896
220.4072435780145,2538.2471352088614,-700.1510358584791,211.94175413578205,2507.782116315632,-706.4196044473917,209.9522059581887,2487.1068058903656,-715.1546353920619,207.02378533099616,2470.0381126428133,-729.513403681558,0.015429927594767195,0.01514739131078099,0.01726389049710212,-149.61469426851602,431.150095245521,-1019.7535932332922,-255.6841789137179,-1459.0428778447754,-2576.3099916256133,1.392158790597341,1.0,2.0,1.0,1.0,218.5705233672379,2532.171839342012,-696.2930944410116,-255.6841789137179,-1459.0428778447754,-495.0223320959167,-9882.991156123904
-486.0654376074897,2631.604236175107,-526.5218715570516,-473.56966216529594,2601.9007615253713,-534.7672784184539,-460.2289875926653,2559.67042201409,-542.5079809426844,-437.6035355039193,2524.31236574018,-552.1189126265845,0.017311041741730742,0.018146416988009412,0.015738242540634738,565.8841353758094,167.5739137069467,-945.4860679653414,955.0757729903191,-2231.2255032930393,2909.2167349176802,1.0538042987296234,1.0,2.0,1.0,1.0,-489.474593778495,2633.0780948457627,-521.87289830401,955.0757729903191,-2231.2255032930393,-373.575495033776,-9826.179171432153
338.975624424596,2558.5766777719527,-883.0799525431264,335.3698214454852,2522.733510985209,-910.6127396142148,334.29894709597824,2493.597899169729,-943.1981615707155,327.82050835714244,2465.7778382910433,-979.7779022510148,0.017009957939840916,0.016067881888246708,0.0160192523311075,116.35319976686776,65.91513276984574,-957.0299383009667,-172.62858065826777,-1954.721383879423,-2272.807314070941,1.2259029078407997,1.0,2.0,1.0,1.0,336.45464010616035,2558.184897216098,-879.7974120288675,-172.62858065826777,-1954.721383879423,-1917.6445139961718,-9637.65475205426
-71.1951490355749,2458.9876791566057,-867.8042238079697,-54.52488089459867,2410.8826101907716,-883.6186967073028,-47.41556914341729,2366.5515045239085,-895.9193210387324,-34.95925686139338,2308.4135557049735,-905.0441329400246,0.016317634490134823,0.01596053790700713,0.014533866099320412,623.7018879871976,110.81219144921579,-1014.4582170460319,937.5022558709489,-3151.770629044382,1685.3857830998659,0.6981879615035382,1.0,2.0,1.0,1.0,-74.73729263665984,2458.88131008729,-877.518516459425,937.5022558709489,-3151.770629044382,-378.48792970451774,-9850.968284517583
448.20714500298646,2522.6755236990925,-728.1239071949825,430.2693027930688,2472.0182971971585,-755.3596032711582,429.9854032608369,2418.7743029160742,-779.6900932600616,425.9616934576048,2363.9613330774487,-811.5503416426117,0.01519416365867909,0.01567251710796881,0.015131176407088096,251.72835835203307,58.57034216238664,-991.5246402522446,-240.90067271537265,-3157.2220253316195,-2614.785103680177,0.7340021428262646,1.0,1.0,1.0,1.0,439.6308830700235,2521.203521921045,-732.8288196863335,-240.90067271537265,-3157.2220253316195,-1348.0998108262436,-9702.589275436407
56.46451344795725,2431.511658282066,-825.0271288483219,63.975830759737754,2384.1852902981536,-820.9208100968067,59.062437506582775,2345.213010080083,-811.9769793533188,64.77685845261405,2301.562278054146,-819.5775135878279,0.01910974730593469,0.015764154686574876,0.012730237228123692,130.4916893089137,-139.56801770108206,-1019.5479129802418,83.59093977630846,-2875.6133168136,2032.970835915158,0.8473958607793675,1.0,2.0,1.0,1.0,55.67779820911721,2434.1059008470916,-824.8238756544131,83.59093977630846,-2875.6133168136,523.3960647887684,-9910.793432382581
-260.9912612740228,2591.6896318528934,-809.9954124700164,-255.56709391520545,2561.2213701898204,-790.8278531138594,-245.59172635590303,2520.796715244272,-792.5769817953451,-243.39947848677033,2483.7490965573174,-792.9767872813212,0.012234828963572843,0.013964319973304135,0.01795471729025155,217.27843896847315,68.2349236299523,-801.3572250228852,440.65380216597015,-2317.222315795101,374.3914344826576,1.0458461337728702,1.0,2.0,1.0,1.0,-263.03420539243376,2594.0072478466072,-805.8739439118892,440.65380216597015,-2317.222315795101,479.1846857815462,-9794.609700325444
572.339060986861,2588.907271553593,-531.7717352874743,572.5757424174303,2553.2703230323973,-548.6691941399714,557.1489685115755,2523.781717862302,-574.6502708389419,555.8026041750021,2475.73898584546,-597.0572008631369,0.011128978018905984,0.018975959456757632,0.018305189743164786,30.756853334832442,89.73431111150322,-806.6354658015138,-492.2401946208807,-2248.8245914777435,2519.3601619210276,1.06158987278117,1.0,2.0,1.0,1.0,577.1434693640076,2585.929607651805,-539.5652383238175,-492.2401946208807,-2248.8245914777435,-1044.434742644505,-9842.897844797055
625.7681191833314,2475.6610644772068,-988.0947156265262,616.5234898694746,2427.305927255554,-1018.7740084048334,597.5645627163046,2371.2736157980657,-1040.207662355369,579.0940131414351,2306.7500806338726,-1065.9329520913907,0.011955268586698205,0.014473581617122326,0.019881665904470346,-136.97346935936034,42.08882238782256,-927.7045985853204,-1106.1714689544085,-3504.8438062867403,416.9098764743768,0.6486894838917097,1.0,2.0,1.0,1.0,631.815701563952,2477.955267757108,-994.6099510606139,-1106.1714689544085,-3504.8438062867403,-1232.423339262959,-10043.078649709405
-95.92549233498352,2512.5712747701477,-912.9301267718402,-83.00474869470564,2461.9993978485018,-912.5465293295981,-71.99702053700707,2410.225882390206,-931.151122803086,-74.74278962178636,2354.246382151284,-932.2036540918724,0.019077647095654342,0.017693744147155934,0.013799538242815344,169.21738446776325,-10.574853225245768,-966.6586422689923,341.29796237998005,-3283.529208930595,965.3175584227392,0.719429070514375,1.0,2.0,1.0,1.0,-93.58204656482133,2517.7426376513054,-918.6413749216333,341.29796237998005,-3283.529208930595,-71.67230995913238,-9658.015743098285
634.244237411912,2578.818867531572,-590.9891360861283,622.744092987672,2527.427383017914,-609.045435437346,603.2631043350971,2463.693086745966,-637.0475594801941,593.7288989308029,2426.706591111666,-656.7917209537251,0.01583186293950272,0.017698815775295668,0.014705310334318072,-202.52712653335723,50.13647027839656,-866.3735617561136,-971.2843037989409,-2912.8944379828968,-2500.923587679613,0.8167640109508842,1.0,1.0,1.0,1.0,637.6337962527255,2569.7901591336026,-593.2022671373011,-971.2843037989409,-2912.8944379828968,-981.0964194353028,-9687.415596948897
337.2591839250155,2780.0,-661.0880890277264,337.2665677127877,2746.778935721668,-669.2587093810373,334.7224415052739,2736.2895004752754,-675.6916263875846,334.843137432484,2708.8949628008827,-685.1214882092283,0.016733422544881187,0.014280225274681218,0.013203883789570166,200.67477980443107,373.99929156805126,-980.0186179394371,-92.00236912923438,-1603.1056127648044,-2524.044288112013,1.4557824683908673,1.0,2.0,1.0,1.0,338.6783334982864,2778.657710715274,-660.2699639073811,-92.00236912923438,-1603.1056127648044,-390.9088465771633,-9723.464839099986
231.46530128823727,2519.9234815158457,-734.9606599801716,227.37215900259275,2471.851061756265,-758.9896642949881,226.57072460227351,2414.589299659394,-776.9563274500113,228.33174362268835,2364.888244486497,-799.1282040544376,0.012456132764520528,0.016050269099192566,0.01789520634403441,226.2140090190062,102.56485094966698,-1011.2526278207181,-0.22187186032026318,-3128.4007535588175,-2627.364803868153,0.723598391792253,1.0,1.0,1.0,1.0,226.3848503514539,2511.433431189949,-735.9615716288381,-0.22187186032026318,-3128.4007535588175,-1196.885332490363,-9936.98811404859
25.500914427677504,2546.362674225819,-660.5343254679395,21.411939882482997,2488.0179016614384,-697.9521367746067,21.925400759362635,2435.260378903519,-730.6353796755801,14.047796544047984,2392.8239923046763,-764.3310777926736,0.017512423378100682,0.015531296448893388,0.015886159862009357,-143.79893344418844,-57.798861307629764,-818.3958348891537,-213.5258837883722,-3248.6742023704387,-2580.924993311939,0.7510701203109972,1.0,1.0,1.0,1.0,27.02177358650954,2541.140500588714,-663.324461165085,-213.5258837883722,-3248.6742023704387,-1888.3589304075651,-9981.559028407233
750.1509525283903,2434.2953072112164,-990.7623671863413,727.8562948211394,2379.9547403940096,-1021.3945216961299,714.7110681160297,2326.031031923015,-1048.2123508514567,700.544915852221,2267.5150437334214,-1083.6248017344271,0.015312013587299092,0.01735593757194147,0.014621592155550325,129.74508938036809,-40.72954075717804,-939.1964323434346,-924.9730248391867,-3726.4891272163272,970.1550837039495,0.6177104566852096,1.0,2.0,1.0,1.0,744.8521508984275,2437.385728841684,-999.5663153021717,-924.9730248391867,-3726.4891272163272,-1467.295430490991,-10032.353403575458
-50.85773605881593,2527.873356278779,-877.0932083354943,-38.68824778242583,2500.8919765319956,-903.2327601100018,-47.53748238727205,2471.912010297994,-910.2466934898566,-36.50534705508873,2438.6795682227685,-928.2067487910233,0.01530483803435028,0.011890300275843932,0.017902703596079685,203.2875479697968,345.5285073723688,-1016.1262800006757,230.69105873477588,-2009.0188523473566,-1717.0713012514166,1.0399021580937249,1.0,2.0,1.0,1.0,-47.01225075743582,2525.3139621692444,-884.4559213966038,230.69105873477588,-2009.0188523473566,-629.4086375464234,-9694.10277515261
-153.64220819208035,2595.4681811169007,-806.1821285526296,-147.95598217168794,2565.743329477129,-836.063536899473,-145.89971795696826,2528.7505848466462,-861.9387981013249,-138.9256429528874,2498.4924216238196,-888.7073255852613,0.016006767137134142,0.013749319276118305,0.014344968013913648,527.0376413537423,103.6734663233763,-867.994743648253,512.082656222269,-1871.6993872010423,-2109.566042327796,1.2908989455728275,1.0,2.0,1.0,1.0,-156.5927047029852,2602.392148236772,-798.9091760628554,512.082656222269,-1871.6993872010423,-1763.6475107534627,-9704.989599807706
317.92533311766437,2480.5135671499743,-623.4183903220234,322.81163568722815,2411.1100760783743,-647.9690592531946,309.484641456816,2365.529039811174,-669.8084113122055,316.0332235909175,2310.1849111052475,-692.243471792118,0.01960758052016284,0.015422568628319443,0.011066475334657204,147.98327612002765,-265.1228633320228,-800.3406179614556,-220.73555916262598,-3384.8042187134274,-2232.8353643695677,0.7639033755168612,1.0,1.0,1.0,1.0,326.77907904175595,2476.5685538258513,-622.6710915611968,-220.73555916262598,-3384.8042187134274,-1240.4410373138955,-9701.24978373471
-248.66374889337726,2560.9911556537118,-823.3953190536357,-246.28161575003847,2528.133731030578,-854.1019035526614,-246.94021298790892,2502.1302504786495,-882.944061156284,-248.30901607120344,2482.2672996367614,-908.7439379133347,0.014548134114372694,0.012946403112139826,0.01433400357621134,-161.08028979519767,71.71229894553643,-951.5939224967811,65.5688064875571,-1856.3861447338268,-2433.420418940334,1.2981714591972695,1.0,2.0,1.0,1.0,-248.94249048852302,2559.2697328888607,-825.5336190768533,65.5688064875571,-1856.3861447338268,-1858.9769275804354,-9781.922705230672
-295.46138854294867,2513.8952285047394,-775.3392073116007,-292.273938865746,2479.3384590218916,-783.7936587967797,-295.3516350519504,2449.169720409048,-789.1091699902548,-294.58466388253925,2406.418415194321,-795.6024066875678,0.01901575032009555,0.010959348981084752,0.016846675895357262,-240.88118407185402,-89.08109102842958,-802.7481905034723,48.068569429097735,-2254.7079122805944,-797.4039505253824,1.1081782248034597,1.0,2.0,1.0,1.0,-296.40038176246094,2515.106547655661,-773.2521702191135,48.068569429097735,-2254.7079122805944,-201.4055558415314,-10108.010727310782
255.563645143601,2530.3019098855502,-765.687227364679,246.19074744428147,2482.5227768313316,-778.7370596911842,257.5261984291377,2456.4663509718407,-806.0785447528467,255.88114632475816,2413.6153517928074,-837.4974417943156,0.017004566456217715,0.016572166636612845,0.013539633969196899,371.56457373033663,-236.74589491710648,-801.3599144966315,96.72200034221994,-2201.4626211163186,-1434.2113536921058,1.202883632937968,1.0,2.0,1.0,1.0,250.6620733025618,2515.0823814782784,-763.7849825840086,96.72200034221994,-2201.4626211163186,-1150.8990435396329,-9761.451442054182
-32.361943228617164,2550.3841154553343,-432.56267939651667,-32.30641847742266,2505.567190756648,-457.2385185922769,-42.18369334338213,2454.888085448935,-489.2921344309678,-38.72894972547768,2423.595018980254,-517.3056477265436,0.018453072166562657,0.010275309025883143,0.0173009186967598,-266.0382887092717,-186.1571645350891,-809.9353439338744,-246.01328964492453,-2817.796062022625,-3197.759969164618,0.9239707001107952,1.0,1.0,1.0,1.0,-27.405397753695297,2547.105015626858,-435.17684616441636,-246.01328964492453,-2817.796062022625,-1612.0819547572357,-10176.373121948083
522.7203528956891,2448.0978784136287,-639.5103349598157,513.3623017378256,2403.157451944996,-659.6334166473401,499.252015418292,2359.3081523916635,-667.4824345277354,478.8268322032869,2318.1880885823753,-681.1705964050335,0.015025261357234452,0.01736670625851719,0.013435501592031884,-280.2537499174913,130.15050841693505,-923.0931895193885,-974.9154716319847,-2768.056157402864,-2474.6000384385275,0.789172530792217,1.0,1.0,1.0,1.0,533.8006688952148,2441.4773998483247,-641.8343838115456,-974.9154716319847,-2768.056157402864,-763.6959180330988,-9850.327025076427
-80.84738745870104,2622.1669276302587,-643.587861537958,-89.80921135518497,2597.1465232387072,-652.2611699118814,-87.99870024783814,2569.361004107117,-680.8414580021343,-90.88876179078888,2538.961384655019,-695.7508338812033,0.015303438774544828,0.016712867424995562,0.014110884069347268,-134.59279082443865,251.23854565911995,-936.9000683523833,-30.508880432305226,-1578.6284972972035,-2541.838045302995,1.4538728097311124,1.0,2.0,1.0,1.0,-88.82947017598042,2619.181291604942,-643.1685667302106,-30.508880432305226,-1578.6284972972035,-816.3507757391387,-9865.179229886839
-153.20608453443333,2483.166000705455,-773.7493772300841,-144.58891068542118,2432.447604487977,-794.6957175120574,-130.92931704765383,2398.9493339483943,-818.4871465585449,-123.16913990045784,2366.9110332499945,-846.531483895434,0.016084119939769832,0.013530722777752933,0.015017521111845223,355.6770898749882,319.963358328682,-805.6358805268098,539.9005754426503,-2293.416067194139,1646.3487287252146,0.8953676361706328,1.0,2.0,1.0,1.0,-151.82945104110388,2475.7744614911735,-772.420908933514,539.9005754426503,-2293.416067194139,-1434.5000221414607,-9839.73966396187
-244.76941140471504,2477.2852240193306,-1034.5153221296746,-246.6894344191661,2417.5575681159553,-1041.4429459502796,-223.09678721501615,2364.421183239609,-1059.036282167888,-203.20530195208985,2317.80732559398,-1069.3026037065626,0.019396109303292546,0.01202807759063217,0.01696306726909415,300.2658458624441,207.69417448983324,-1019.6546371148056,853.7152468826519,-3521.325150456561,-385.87278153064085,0.5966127458369817,1.0,2.0,1.0,1.0,-250.38048837686574,2478.9488965343144,-1031.1212561643779,853.7152468826519,-3521.325150456561,-614.2175552264756,-9939.039609782425
-90.73588417718645,2432.4803118442633,-671.7347234900454,-95.17626548203646,2380.600510198288,-671.3447452057341,-110.85442998480805,2335.5922611293886,-676.3178759628521,-108.03886110660093,2283.6706174837273,-681.6061250645209,0.01875544978042789,0.015709056804330743,0.019154796341858335,-413.9433787585767,53.01351944957233,-889.3438173315785,-388.7851078827334,-2869.789087177119,-2055.9771226212356,0.7763806970733836,1.0,1.0,1.0,1.0,-91.2517392159076,2434.9384618065756,-673.1386402001374,-388.7851078827334,-2869.789087177119,-58.09226019598493,-9768.999460185441
-404.7237318935746,2459.228693952238,-638.7554788144813,-389.64084011979605,2412.7452232909272,-649.6352934439423,-376.9024869640792,2354.498098216181,-651.0496081967193,-354.96227162290404,2309.987169115205,-669.4327562392268,0.015751546701686766,0.018772339942243924,0.015496140210331015,476.17051271346475,-31.714019793916414,-808.6612323261078,1103.3175067531758,-3112.5251714380024,-1821.6068731007783,0.7499799731457389,1.0,1.0,1.0,1.0,-406.483492689075,2458.3061173564834,-644.3068299173706,1103.3175067531758,-3112.5251714380024,-298.2069264147209,-9826.066826582426
341.2631633908552,2555.949501022586,-596.7099882856866,346.7719064579273,2504.5807860193786,-624.9265312376948,339.1665017373897,2475.1688613838774,-661.2960782292753,330.19112636114085,2449.021383055842,-671.0558556590452,0.018491599507822157,0.013341403743315858,0.015257913853116555,-156.98921294661312,330.9111885581905,-811.5681288596413,-480.8377765048527,-2097.4078375981785,2512.7832044013808,1.0079090828957449,1.0,2.0,1.0,1.0,350.2946412660059,2543.676457224263,-601.8247448757429,-480.8377765048527,-2097.4078375981785,-1467.383635067614,-9920.731095238676
544.6887476813482,2482.0990138771176,-716.2206663283355,530.8192472832923,2430.708352725509,-747.5556174060159,508.4524561560935,2363.4804383315322,-775.7938757317166,504.1213205242373,2301.917588141726,-812.0460201646015,0.01669654609914804,0.012544038882665962,0.019498540086853745,-68.52267276933185,-267.79831251859537,-800.549191506916,-851.6691108381685,-3818.827516914136,-2075.5979586369554,0.6712608749313328,1.0,1.0,1.0,1.0,544.6790870341495,2481.7574996595813,-717.8244990270774,-851.6691108381685,-3818.827516914136,-1632.1115799004458,-9941.605023538803
62.95410624072998,2470.718433109677,-728.42093622145,62.094246533792315,2409.8008187243477,-735.382516883028,70.26822459551748,2345.3905678730284,-737.3346188926562,75.36113492953487,2287.8575472786415,-753.4308843240437,0.017390155004594104,0.016639837858974847,0.012425710394521304,351.57937593910447,-17.783524624176042,-800.1911276142108,429.5336272621619,-3605.322232159212,-1206.5753096028548,0.6435442967419103,1.0,1.0,1.0,1.0,55.201173128212304,2469.888815565688,-728.2333083560561,429.5336272621619,-3605.322232159212,-210.99724461150035,-9810.605307231897
280.145338015397,2454.4895513382075,-843.9913653402539,281.5626717476524,2398.29495104666,-869.697410347391,282.2242303862663,2353.6668154027525,-903.9370595941705,281.4274105895806,2314.2062092333254,-939.7072693496756,0.01715982347778773,0.01465810021744339,0.015793897674809713,305.0696193957031,-34.06294700419782,-952.4144258853202,30.332760196630346,-3047.455808455677,2392.776872086996,0.7673881786299598,1.0,2.0,1.0,1.0,280.34841983544834,2449.613536887182,-841.0290260149441,30.332760196630346,-3047.455808455677,-1865.7277277457592,-10079.25237636131
-213.87323031614935,2509.056415528216,-724.3677698480311,-217.1075022607037,2486.064050583082,-755.6905180259647,-217.1568629415385,2457.791749564203,-794.4532872446867,-210.68737262047838,2437.76939226132,-833.6432193555194,0.01698025833997914,0.014469007953089481,0.01483008074935761,78.48684973358775,159.00429196053088,-820.4761817758732,195.89390574424058,-1567.9854836038335,-2579.8848570033742,1.4537206529575737,1.0,2.0,1.0,1.0,-215.35400888277536,2510.9825173663085,-725.569077197676,195.89390574424058,-1567.9854836038335,-2182.7981491313712,-9967.913264403935
469.3837368050171,2480.4832735434434,-577.9630385164991,483.9366756884901,2428.106014588437,-590.1763167279128,478.79949242973953,2372.17871340435,-614.6790219472584,485.49089557015225,2322.8099703753805,-632.0165769399015,0.014268891606554554,0.01463924566390606,0.020245038654230715,487.94704456194205,-232.57983573415788,-811.1096639772614,7.9542263592709475,-3172.887823802865,-2342.8758844833083,0.8058468240753093,1.0,1.0,1.0,1.0,481.1461810247698,2480.239253617292,-576.3573080194762,7.9542263592709475,-3172.887823802865,-947.5269380987456,-9779.577350584828
472.41634103331626,2526.652013894346,-548.2584861474865,474.9787549073758,2479.1057040671685,-582.5521635721273,472.9885565988699,2432.708580703423,-609.3767727347359,459.26220436552154,2392.3657717287,-641.2037324572643,0.019330012095804726,0.013614475449280263,0.015215087676985838,298.17387631418933,-98.35702319286219,-832.3811205407065,-187.34697250001872,-2852.987766238141,-3022.817298686852,0.8718404247779299,1.0,1.0,1.0,1.0,470.53309101420564,2526.3917217462194,-543.2915183470153,-187.34697250001872,-2852.987766238141,-1866.624731967536,-9777.510430643704
671.9651834190133,2527.3373786917978,-821.919733631272,672.3999296712586,2486.2094160560223,-829.2692908034209,671.3934151407715,2436.876263979599,-846.681047167255,672.5796207968322,2398.2367311159237,-856.120759946742,0.017651920976876418,0.0142402405465532,0.018696639070080248,708.2706646799079,20.623728011535633,-850.6150693008686,42.31295419136097,-2738.823220258824,867.211061482076,0.8644111994064908,1.0,2.0,1.0,1.0,669.5543115948165,2526.646974548365,-825.3828289009048,42.31295419136097,-2738.823220258824,-512.8171835498123,-9701.754635955735
-177.1761583992814,2502.69270729784,-732.0171076245118,-167.5425450283557,2477.8722165014883,-746.5267726031315,-161.60945147575814,2451.290985846918,-763.4623780497335,-156.27451912784704,2424.958814673681,-787.3360403009192,0.014061352172388292,0.016455369936239347,0.016614499514414748,404.3181082285162,126.94313160285083,-932.0003905028551,435.10743822026234,-1779.0605817291637,-2054.1767891231466,1.2878687783769511,1.0,2.0,1.0,1.0,-176.55032179553234,2501.989008211295,-738.5265959958199,435.10743822026234,-1779.0605817291637,-661.0004294887742,-9777.802800855885
258.5140104234878,2526.530349405813,-629.132769745938,264.72909140852374,2487.695086176102,-645.6272678801735,245.15057579351935,2454.4138057604137,-667.9986298682026,246.93771680969064,2406.409589323115,-695.194302744508,0.0159424141627374,0.016552563296481297,0.01341181729053402,-9.505463533085411,-22.84823782628434,-918.8044821129458,-267.0944904243729,-2530.0508969831644,2771.4158514318287,0.9640932052502478,1.0,2.0,1.0,1.0,260.25997179553224,2532.50316812672,-619.4301051120189,-267.0944904243729,-2530.0508969831644,-1359.1897784902287,-9743.81481915809
39.71937159101048,2459.087965165723,-925.7624605725304,43.04099299790719,2413.8941845994386,-936.1829228740689,42.314697910173166,2369.4353347188776,-927.5686160427565,39.94500458778127,2303.6465306753853,-941.0216165620964,0.01381038495540308,0.014311878347470167,0.015469500012779865,133.77865019187348,-1.0901373656110707,-956.4041987485539,120.57628990324113,-3209.9991487195384,686.6403704939404,0.7214082366843475,1.0,2.0,1.0,1.0,41.53778841589417,2454.5592114048395,-933.1278344593134,120.57628990324113,-3209.9991487195384,31.746729124314484,-10116.151029196886
-270.39347600612695,2691.2944875415183,-855.9918121710265,-270.5029962566315,2659.9983912476164,-873.0992498729898,-272.23592537387174,2627.701273860215,-880.8802622598475,-264.6013446713104,2594.4705641638,-903.0658634677616,0.01786377032693971,0.015992387310761073,0.012580744166106106,-201.32889138447456,324.6678309212143,-1012.5165233999302,61.737906124419496,-2098.1881973048035,-1906.8180411839694,1.083563098196191,1.0,2.0,1.0,1.0,-271.0927253050687,2695.620493875647,-856.7246905094095,61.737906124419496,-2098.1881973048035,-720.3191527328099,-10006.953790670734
-275.5267146681422,2611.512515623611,-879.0261991076894,-308.2035045777228,2544.3794231089432,-926.3169049148973,-300.7025698375245,2497.986521956396,-949.0433004103546,-295.4220512152985,2459.3371326611446,-980.813345307426,0.014287024446067154,0.01804040218746314,0.014472671011153876,-243.97508970601456,-93.20954208516227,-800.0650209994959,68.20870848201034,-2695.0216592752,-467.696953233584,0.9481999023553166,1.0,2.0,1.0,1.0,-311.8427546456124,2588.3370088936695,-892.0825702281223,68.20870848201034,-2695.0216592752,-1415.9474446095983,-9699.842704323215
73.27953780325541,2458.3661827512915,-775.5845303182126,74.79900018037469,2411.8057054250407,-776.9161622020001,77.69761475361305,2350.4143563608477,-775.8172726288014,79.75183108405813,2296.3893365000777,-772.2314452524826,0.01514257649603649,0.015843329577115792,0.01510280866125107,78.9580200827427,-19.045593210325418,-860.5163074389559,6.8878470673526735,-3492.443459242114,-1287.6127270865372,0.6639112852655972,1.0,1.0,1.0,1.0,74.06764866492244,2460.5892628515744,-777.8583311683368,6.8878470673526735,-3492.443459242114,219.1968269874326,-9738.724403462598
439.0797777325287,2447.642243664539,-1011.6325861702119,434.29081142331256,2389.035157214562,-1030.772458903327,427.00725320270163,2319.6048945249704,-1056.7614252757655,423.9395857998562,2261.1478559883417,-1068.186542831745,0.015619678684244034,0.014265226885528831,0.017867943218047584,155.64778204603286,-34.17989378870695,-981.8675581383948,-455.54708038891465,-4000.38657249227,609.3130300145878,0.57224715121218,1.0,2.0,1.0,1.0,438.08697188716155,2446.059781156502,-1014.8151955946526,-455.54708038891465,-4000.38657249227,-1006.8337785721756,-9734.95512228617
176.34333422010974,2534.5606268750835,-579.7082486951242,180.1498024988606,2501.7209915062313,-577.0198083698936,174.8707755803353,2466.868481254246,-576.2063933207121,176.88134032202717,2424.2360461963945,-586.9094017397769,0.012715956523653744,0.016587646901922153,0.017631319872148287,184.44583165652216,118.01458268782368,-806.8618603732408,2.011900629354983,-2107.4390276457193,2131.0482553122724,1.0980650767022735,1.0,2.0,1.0,1.0,182.1422054359101,2531.032269342164,-579.4412298044051,2.011900629354983,-2107.4390276457193,49.80823645385381,-9980.405587782294
387.28325540480995,2567.0346880409074,-682.4229637841445,387.3596645630661,2528.120800763434,-697.4321784599399,385.8362713230261,2487.4955287167145,-724.4179793938041,386.7820242711389,2438.574537606804,-751.7183852757913,0.015978821751450024,0.015339068976848811,0.01738858605578624,463.104073292298,-32.43397400691717,-953.6898763316888,80.2859007774641,-2755.4340428592864,2678.759621711705,0.8962935232159157,1.0,2.0,1.0,1.0,387.23389705759826,2571.4511964951007,-682.8464019265045,80.2859007774641,-2755.4340428592864,-1373.2468873720698,-9766.70094036781
-198.3958590057505,2467.2252116374734,-445.3042696005683,-203.55022286473698,2430.4351089033444,-465.63764996119926,-205.08618090226219,2390.534513521999,-498.92888822331895,-204.924569755416,2357.1082877900926,-527.0357284419599,0.012896516449721862,0.015229078446303335,0.013845405599125324,-177.1393566767083,-62.1062539959604,-944.9791664697092,22.507271168462204,-2252.7253146760963,3549.1547164017265,1.0780289995048475,1.0,2.0,1.0,1.0,-202.3475003853855,2460.9460984412594,-444.70335882947836,22.507271168462204,-2252.7253146760963,-1613.573517740263,-9988.421661411572
-355.6876281988567,2655.4039143638934,-438.90212413966697,-334.35401587735595,2629.4249596261548,-434.9909127871196,-333.49827117907864,2602.3993409620316,-427.2218602971509,-319.2573713298012,2568.71656836941,-438.19805116863967,0.013312073438121937,0.015099416723260501,0.014595270918356888,657.7900918424892,187.8986141534035,-807.8477235400644,785.246712822332,-1927.0551050223305,2693.9904758891735,1.2369932389202554,1.0,2.0,1.0,1.0,-347.32570057009525,2654.529148581997,-435.2992854897477,785.246712822332,-1927.0551050223305,186.86339224562983,-9694.845860582933
775.5248212454686,2494.5360876255004,-548.8694953443965,767.6468816936255,2451.0911695319924,-532.6684957905247,764.7444420449644,2403.4955881965157,-530.9610140392945,768.3665711679859,2371.7396772561606,-531.9958358940448,0.01536255059730554,0.015564632959579973,0.012566229453717777,684.0491165468558,-120.33470259315692,-803.3490254534121,-87.74774995133684,-2627.7760641025866,-2350.7450820855966,0.9515065869893975,1.0,1.0,1.0,1.0,771.3581277484352,2494.3024811889127,-542.585901491418,-87.74774995133684,-2627.7760641025866,549.6895648776474,-10017.654771398504
412.95258014444306,2555.2874281459153,-933.7489099377188,406.8992721954678,2499.818817703332,-923.1457312932539,406.9574239727459,2469.2065794000396,-909.3433468483884,399.1918899555925,2434.292501109294,-909.412121780988,0.01910300068699251,0.014757782852788035,0.015261580613159811,374.2588635981644,-4.470300725471887,-930.9347206671481,-30.100949552655223,-2617.1023967504852,-590.3738910690737,0.9258776358470604,1.0,2.0,1.0,1.0,403.6072894119982,2547.2045361062537,-924.0799105926435,-30.100949552655223,-2617.1023967504852,460.5959305587329,-10024.648730462504
545.0443286621335,2430.4189701392465,-734.5573336010467,528.4003444024453,2376.7916179079384,-737.0506285487995,501.359359052546,2323.437520118445,-752.643824064235,502.7344481585474,2276.0455560771184,-763.3016239648484,0.015892295250903958,0.019016058992333305,0.013695352448025708,-90.78879394269167,5.874332280133899,-841.8740350634866,-889.4822315038824,-3414.284776281826,-1547.0161975331723,0.6613962933087375,1.0,1.0,1.0,1.0,540.7435904250651,2430.0165234402275,-730.1988586269439,-889.4822315038824,-3414.284776281826,-498.31217268073806,-9605.634860696893
-155.5673217319742,2466.8285796185405,-849.7670851048299,-148.78815469643112,2434.881425509488,-876.9681025772047,-149.06468602983142,2397.906953110996,-884.7557858907659,-143.04268482568767,2364.74801581597,-900.3633038972819,0.014408582194166027,0.01428360347069959,0.01245324745989405,83.52876264613397,14.569966117094141,-814.7911215119144,253.16607053772546,-2628.142184707725,148.6134931000704,0.893854566875241,1.0,2.0,1.0,1.0,-153.18151330663898,2471.8829088188195,-854.1195245015474,253.16607053772546,-2628.142184707725,-898.1094516886491,-9972.94702703134
612.7868206480712,2546.2676764377757,-832.2251750744313,605.8513566413399,2525.456281736911,-830.8943215259169,588.431751921651,2498.259388047334,-824.8337751563005,578.0506751909714,2468.2056986389534,-831.7745226399232,0.01581201366931698,0.015922293942915396,0.016568293625071888,-293.33510682843803,423.28193635132715,-1010.5702227199256,-752.0938875122336,-1760.9675719613215,-1902.9975188639366,1.161697398762692,1.0,2.0,1.0,1.0,616.6984970613621,2554.0526984245203,-830.7214764901814,-752.0938875122336,-1760.9675719613215,100.61969057994024,-10043.210583119353
-346.1703577157936,2457.628023649565,-633.2437536062189,-335.47412929940407,2414.4422465501307,-646.0930005465033,-322.4798091240661,2362.5945318244826,-655.6660429109476,-310.36414537951265,2313.9193359038713,-676.8266562091799,0.01704648500984189,0.01586295359420138,0.016330377133140617,397.2037288157212,54.47461028155942,-803.1052023830026,958.7453258876487,-3083.515389864999,-1981.717711838591,0.7307601842628166,1.0,1.0,1.0,1.0,-350.6176253766458,2459.6166143762516,-635.0555188587699,958.7453258876487,-3083.515389864999,-735.3462815949841,-10076.053930598764
-171.31236997338323,2488.319359679507,-820.279291932202,-161.38238923858503,2437.5832195588555,-824.5554119624128,-161.55795193657153,2374.8849863822775,-832.7462738747105,-163.8795941356834,2305.4460316124414,-847.1001352299934,0.015217813688667028,0.012928070125143437,0.017032049160217392,-170.03368035879703,47.30161025435245,-991.4260513290711,-13.89287337661817,-3611.713248905575,-1909.172209724903,0.6298220670259727,1.0,1.0,1.0,1.0,-160.65599082957903,2485.208053265612,-817.1458125919513,-13.89287337661817,-3611.713248905575,-439.5013698341416,-9904.133957311882
583.5929643959709,2662.8611767234133,-819.086915132938,582.6346276148552,2629.9826960790174,-812.0892238749881,585.6213284501871,2605.807404209046,-802.6566615341194,591.8333476483377,2571.828401722889,-805.2666229747942,0.011415831246356428,0.018860448595821144,0.016168477898380086,639.1485739165123,89.53320338567326,-979.5194806121211,37.353421714803105,-1964.7004149037261,-1846.3383071207134,1.2635552422594365,1.0,2.0,1.0,1.0,590.2155914701161,2663.2907469095694,-816.9180857178072,37.353421714803105,-1964.7004149037261,500.21259112833724,-9716.410871771432
-56.309748857506996,2447.349987595941,-891.224589913874,-43.084247991888176,2411.269137689778,-932.0878694072453,-30.928399251217638,2360.181063695702,-963.8252499919248,-22.27261765230642,2320.9565275711807,-997.9973643076147,0.014722913578300169,0.012915527905375333,0.01600317573182311,517.1656764691372,-11.35563181717507,-1013.9617151785046,723.6079878216216,-3118.0148742578203,2783.912436701676,0.746358382784502,1.0,2.0,1.0,1.0,-54.48463390994277,2451.8761188465055,-885.6809518332301,723.6079878216216,-3118.0148742578203,-2277.9243603968457,-9985.342143656706
447.05465083159703,2537.358956355649,-612.0486514300361,443.1732902937724,2497.5271961798185,-625.4126312336851,433.5787501419344,2460.0944682494683,-642.136346004883,429.38258599596725,2426.5295775095965,-665.5172866568641,0.015278527000688052,0.015187314115681055,0.019406304394388937,24.632283044675532,-38.05724158609653,-928.8530444070858,-413.7465238697368,-2527.0848826337406,2664.5168669017617,0.9701278544892422,1.0,2.0,1.0,1.0,446.6537373918063,2539.5693387003134,-613.3519443627425,-413.7465238697368,-2527.0848826337406,-1018.0661846489293,-9609.683667764843
403.4737282968955,2494.727405525323,-922.0490459634052,395.11115757121553,2446.8169052801086,-920.6230386638484,379.0945117784788,2396.7272970238255,-936.0045216319854,375.1056775470656,2343.5694308091593,-932.7521761147269,0.014615638953481945,0.012520395292868318,0.017926481250480047,50.56341066839197,-39.35696859819423,-1013.3349957706936,-482.80211370261344,-3498.472327324224,1317.9768082430846,0.6799374845031703,1.0,2.0,1.0,1.0,400.59494310278615,2497.0354687118634,-923.2729798863787,-482.80211370261344,-3498.472327324224,-86.12317407595947,-9606.150331267841
-194.05728255207163,2460.7067227881225,-909.6831384095158,-174.8576235765612,2383.066948003953,-922.1488595616116,-172.83657280215988,2315.0760493031858,-933.9355011203602,-164.85100532435388,2240.441191607938,-953.7521641176517,0.01597716880030283,0.015361954077946376,0.022067219631205615,155.46621830564976,145.15761651555414,-1016.9785544926453,611.5338693875702,-4123.007984389331,-1566.6295677094133,0.5065936574905455,1.0,1.0,1.0,1.0,-186.99274855138952,2454.0420877735805,-912.2449577801865,611.5338693875702,-4123.007984389331,-662.4266544923966,-9623.62620630067
-211.45910805986293,2438.854635189885,-480.2345544762416,-206.82211060125883,2404.4870999250525,-491.91722191906894,-206.20302444645475,2372.527516286184,-512.2963572729082,-197.23579723149498,2338.032687399621,-528.1843856557832,0.013124610540892203,0.01456891079211321,0.015824012696224726,27.06085899348767,36.24790499962551,-879.5167599167296,208.00929894356273,-2124.897824310345,2954.570816759172,1.0864824659707677,1.0,2.0,1.0,1.0,-207.9896488127382,2437.382446470309,-479.28595609525064,208.00929894356273,-2124.897824310345,-919.0081772377641,-9851.658063349274
94.47878545489796,2463.467333915014,-681.459261349507,93.17062551004463,2406.543956204235,-701.215087568629,75.36945517624135,2361.4496863525865,-739.122650221969,63.15703692025155,2307.4839672137778,-792.8153252309206,0.017123890606658282,0.01569164401915325,0.01769675819826913,-453.35245813895096,20.01408202113316,-819.4838293718701,-664.4759694842517,-2954.6798894716126,-2657.9084536301625,0.77448770717592,1.0,1.0,1.0,1.0,94.84021668555556,2457.624990835211,-672.0715050773383,-664.4759694842517,-2954.6798894716126,-2056.848494369185,-9613.93644925522
-305.1665390237766,2475.349571766028,-774.6486288498182,-297.8171439940067,2437.377105776088,-775.5133989786798,-304.60618260308,2374.572357401274,-771.3038019756164,-282.00405019643,2335.798367245787,-779.1083232006882,0.013377296003107835,0.01762486045252319,0.01012075845679828,4.861801957762312,35.31601220456287,-964.4454616195296,413.1639225040375,-3242.3730780809824,-1957.6632648185007,0.7138770850875713,1.0,1.0,1.0,1.0,-307.0769595327866,2483.3076861557042,-778.2781448991814,413.1639225040375,-3242.3730780809824,205.8273257376633,-10180.672133827726
110.95539738993233,2451.876774706823,-635.1287161247236,106.08867714223231,2387.583745183039,-661.114220897207,90.31222689116032,2333.7198285440913,-679.8427726889879,85.94862615413595,2277.196522948235,-709.3393318757795,0.016751781329907994,0.015429588473759841,0.018775810859493668,-185.49185181111966,-379.0551308154061,-804.4465844542315,-375.9993315932712,-3540.674512928078,-2214.740881147738,0.7490428193368391,1.0,1.0,1.0,1.0,115.30761346349766,2453.4844795270533,-633.8171548715594,-375.9993315932712,-3540.674512928078,-1260.0611196568295,-9722.169987133611
174.03418651249473,2473.425792538697,-704.6333432130174,173.12394448044975,2422.4607790769555,-734.5940601117161,149.40698057448827,2384.0320106812655,-767.3557659078374,138.43124169212103,2335.8125633355094,-801.7811222565805,0.017858024688028783,0.01807702682251323,0.012645907569945297,-306.16436944946656,160.1782332626702,-995.2768822171254,-586.3134418798477,-2795.6947192030216,-2999.3076296959894,0.7764190409195133,1.0,1.0,1.0,1.0,177.5442201014083,2466.626376605171,-702.3038059925256,-586.3134418798477,-2795.6947192030216,-1789.263418087717,-9889.233593366936
450.08853647051006,2473.4696569020994,-794.9402697691988,432.6968650621518,2452.9202245673678,-805.5674084467747,415.05659102945816,2419.622432299143,-809.5719599012024,410.542175296155,2385.3754530694964,-823.2078402466503,0.01600933081953855,0.017308116096364092,0.018899046546256106,-303.5690907766543,199.43907678730403,-997.1690196958236,-594.6106964556202,-1819.5313336797087,-2002.0046251771626,1.1977835065378366,1.0,2.0,1.0,1.0,439.69427979286934,2473.8532438869343,-797.7829111926262,-594.6106964556202,-1819.5313336797087,-246.6014882340514,-9900.241051020097
-115.63926878112451,2503.485156874534,-678.4345359596911,-117.0776612988358,2475.5192934841175,-689.3764970613395,-122.36235363634138,2441.0350370427386,-713.8501251727373,-129.3778827058756,2414.500861031227,-741.729627705665,0.01530179147511337,0.015465414383370285,0.015539367208759345,-446.0202160291729,321.8743295431789,-801.3993893357423,-326.25993576869087,-2150.1063590074314,2115.6229770246555,0.9686934269327574,1.0,2.0,1.0,1.0,-114.86638122395306,2504.2322839357303,-675.4662251552922,-326.25993576869087,-2150.1063590074314,-1420.7054781972015,-9761.09489865631
371.7204956716861,2498.924576102359,-784.3034225997799,372.7655160326329,2444.17631460648,-800.4991755118983,361.13391916928583,2387.3860967391392,-803.9682366525459,356.19437510228744,2350.2682013681915,-817.0662030560824,0.017416744567792124,0.01687515879466094,0.014186910437846013,-23.760370333763085,-147.95936787482995,-1013.2343998379524,-468.47940786182903,-3082.708152675624,2114.1092533148044,0.8065211861997016,1.0,2.0,1.0,1.0,376.7895233881011,2487.7561026628205,-786.6129882122286,-468.47940786182903,-3082.708152675624,-384.6691013996412,-9536.697250886062
397.9235710129484,2543.2341424468123,-977.7865093390451,388.09274981685604,2490.324102339998,-975.4365482768718,369.86837640895413,2440.8493360747675,-989.1161366760076,361.70189195181104,2399.211455153269,-992.1686703763055,0.017417505948177543,0.011356506572172433,0.015868941482543746,-219.30761072171742,60.115236232521085,-958.7353433844706,-793.1932669754108,-3177.3314287283883,-72.29620957255332,0.7353570459971068,1.0,2.0,1.0,1.0,399.383137519104,2538.4337506406678,-961.6911497481728,-793.1932669754108,-3177.3314287283883,-251.61255889270478,-9648.623022211666
-5.108777825241708,2536.053088831935,-742.2518849426286,-0.1268408029515939,2501.24947352666,-753.4354387832776,0.06640375831999235,2447.7442380857824,-755.0678962528002,12.034656076107035,2411.1962344446024,-770.8951505570328,0.01740474885744069,0.014795782842487941,0.013948273003045152,223.1948969145989,12.170942623062858,-911.1206658236208,233.86331407587042,-2635.5209360295785,1780.7522401369342,0.913851195297027,1.0,2.0,1.0,1.0,-1.313884598236541,2542.271041211452,-746.7157818405578,233.86331407587042,-2635.5209360295785,-207.41853132433724,-9513.920191602587
49.08142478105327,2473.2649886747954,-1001.6955301291563,48.57179881286089,2419.0404814052977,-994.4547804606295,40.64004205707617,2364.602264361295,-1003.009589786043,37.01099829121069,2326.246591185752,-1011.8374808316576,0.01663348825285523,0.014521013666698328,0.017187075073313466,-321.4814745122709,119.90965309703643,-1016.8605229005979,-498.3318088893869,-3110.794735225591,-639.4044381500837,0.7066584230071336,1.0,2.0,1.0,1.0,54.759041199216426,2468.5596781923573,-997.971521682464,-498.3318088893869,-3110.794735225591,-197.58044587827044,-9820.620845395782
-164.15617484417024,2623.8775364171233,-785.336923813965,-167.26380767929953,2587.576980486833,-816.3250029936711,-175.17874626256344,2572.6523478651457,-844.7074370086362,-177.94828609588637,2549.3965740673643,-884.8379444182569,0.014791034586122615,0.009700005889257162,0.017203609612859702,-633.2350999042017,111.47243678421842,-893.9311420882997,-325.27044064258064,-1735.7252975112024,-2555.221141830301,1.4033053499117516,1.0,2.0,1.0,1.0,-163.21931317567248,2619.595491687887,-781.1228035211234,-325.27044064258064,-1735.7252975112024,-2082.2393140858194,-9724.455184635466
34.835361095451205,2600.227297562378,-799.3336039379376,32.006180970956784,2569.1478281778886,-809.9604418656273,28.150464920352633,2544.428978415181,-830.6765289218695,20.26512087292621,2501.3217685246173,-850.5504106178433,0.01737638006122308,0.01452339981289483,0.012981662238674644,-276.57459964500043,21.662140818036022,-878.0620711623557,-260.310986364614,-2159.5382539977345,-1648.985746541314,1.150118557887204,1.0,2.0,1.0,1.0,34.4970290607132,2602.3103543453367,-798.3127196987363,-260.310986364614,-2159.5382539977345,-1053.0895036856468,-10099.863158614833
-119.25267891969555,2577.0736813000703,-735.2860463932507,-102.13026268472481,2530.4791420634474,-755.8571614529109,-99.935845356575,2482.6171476377062,-765.7863213656273,-92.60509715885676,2443.9629064204078,-787.4757301598002,0.015486181265679468,0.013167683604771302,0.0173858240446543,438.10673083217864,51.97976685427193,-961.0316750074779,624.8007686911192,-2821.3179384921195,2147.222922152142,0.8489603110848956,1.0,2.0,1.0,1.0,-121.0899571463716,2577.0593218047197,-746.1592971358552,624.8007686911192,-2821.3179384921195,-639.1824811577569,-9778.725495187688
385.83189001384216,2590.892344790722,-724.4580308795623,380.75626741375,2573.4756552098283,-727.9035092458395,389.15607542847124,2542.796399640489,-733.6412484868541,379.4852554985671,2529.785048564,-744.2884457819382,0.01677201450516727,0.015624706756307276,0.0135863695168491,21.348838331987558,464.44329145370875,-1016.1024147345815,-262.9573002301624,-1509.0305365835372,-2431.129972175834,1.3640169092216683,1.0,2.0,1.0,1.0,392.1186316565179,2592.176348036505,-719.8292173816427,-262.9573002301624,-1509.0305365835372,-358.2967454324454,-9759.756916896707
661.5863623208187,2603.685994020513,-445.15526087594446,658.3263290351397,2562.189080561281,-442.49074301810066,649.7227237046976,2527.179089838494,-449.9140590342739,644.16945524527,2495.1714012360103,-450.89403444382316,0.01657688999608516,0.013643649404893998,0.015338695669347393,239.8255940990793,-109.13128435134077,-957.7646929862108,-355.7216851180167,-2277.087167440264,3157.2274255357293,1.1444407649296702,1.0,2.0,1.0,1.0,663.1343993895198,2600.6024449025804,-445.1824727641017,-355.7216851180167,-2277.087167440264,-96.82883677396404,-9715.12451476264
147.51525060934887,2439.046653463694,-994.1460161908855,146.03494592126552,2404.482593373169,-1029.807820554299,152.3291912901383,2382.0470317477198,-1058.055756314506,151.08656596049235,2355.709658274432,-1094.798306037642,0.015058717809283214,0.01144060325962145,0.015960261146563504,366.15828714720686,391.62956483503285,-1015.0769367180185,206.12480395412692,-1869.0330685153183,-2061.8335667357533,1.0525404177845306,1.0,2.0,1.0,1.0,140.45162681743636,2438.2207748592978,-994.4129380686746,206.12480395412692,-1869.0330685153183,-1962.7421915277398,-9668.342112795843
374.8307537569164,2481.825386512778,-789.8181057353867,367.1253835140218,2436.6842277429178,-798.0546715651337,341.88742630067554,2402.5043074366786,-797.2118601334959,332.92427447158303,2367.9890608436385,-807.9688073329336,0.01739044796044933,0.010202953678352462,0.015985291839845903,-520.8093874849566,142.86551076579116,-971.5227378733867,-1022.2404636461554,-2661.3762218305415,1892.575943246074,0.8364213065213529,1.0,2.0,1.0,1.0,378.76222052365915,2484.8765859766672,-788.7876543849302,-1022.2404636461554,-2661.3762218305415,-207.9278007020102,-9685.103618804418
71.23976661521904,2548.3363117153276,-712.3307383432116,60.78243802146864,2516.3614425419933,-740.2067259951434,48.687892965272965,2482.9028096524576,-773.4019345669702,58.632287186609716,2451.3656530187322,-808.0140599870073,0.013666982540153298,0.01577097653060453,0.014881812356481328,-283.90597078732264,401.80799876413715,-809.5878057228357,-358.766975537017,-2199.0703728119856,2324.909742928285,0.9306802285727616,1.0,2.0,1.0,1.0,65.89183036126792,2545.9016122558337,-720.0475253773394,-358.766975537017,-2199.0703728119856,-1900.3723444483553,-10021.302373831788
473.0570004570648,2610.6192000875576,-724.1493215562724,463.7462130977757,2599.2290615323795,-749.707474956175,465.3797565168334,2569.874600913039,-762.9326999485766,453.25556432574905,2546.5756830527307,-780.1870697029533,0.01412665117653412,0.013003861240786743,0.019336489524976398,-188.3151970694497,296.8652475675549,-1006.8496612624484,-462.64404324189303,-1613.9057567555058,-2622.062977336819,1.3885329980576941,1.0,2.0,1.0,1.0,475.5790049826653,2612.8200085117014,-721.982464875021,-462.64404324189303,-1613.9057567555058,-1167.1861776240341,-9677.660286639963
676.6481549012211,2500.8488559988346,-820.4276890274779,658.8643479497591,2468.2033046657366,-842.1367515375583,658.0284721327855,2439.829790214104,-860.2260491824326,653.5869796028159,2400.748245743173,-892.6467222652408,0.016682752478787147,0.014303713425222395,0.014908608218755882,-73.65471180329114,-15.450283615119549,-841.433888044214,-637.953976730186,-2144.321716576298,-1423.8383236429868,1.1291049258772314,1.0,2.0,1.0,1.0,675.9412108546753,2504.127733362032,-816.3526297914252,-637.953976730186,-2144.321716576298,-1238.360150146742,-9864.324066475952
369.23482986561237,2592.05490438042,-640.3410487385852,381.9086764092112,2534.4476137977613,-661.0218721591528,383.8895154916455,2485.795486964886,-668.8211972113719,386.806966799976,2444.5550978899573,-690.5776493328317,0.01620955586968137,0.015890894718099784,0.016756057289158972,705.9838966828288,76.79579379323042,-869.4552654673574,411.84777996318553,-3104.6840867098185,-2255.0638557712896,0.7611434921230604,1.0,1.0,1.0,1.0,372.38719491265147,2591.589904028188,-639.4804328029393,411.84777996318553,-3104.6840867098185,-694.069544268366,-10010.232237472339
-48.841926194696015,2432.6018955104564,-1061.9870772536335,-30.743044872449502,2370.727545328195,-1097.494952973974,-28.67133373381064,2311.074090264251,-1120.3530734238288,-11.646461033900124,2276.0304028916275,-1141.6201287883534,0.017076151781071906,0.0180050823244359,0.016349928155595987,556.625857518863,274.03887835923024,-1019.4353733686158,913.8668289657415,-3242.117874225598,-713.697758669297,0.6135688377388967,1.0,2.0,1.0,1.0,-51.095583743355064,2430.0472647192564,-1071.3687346915679,913.8668289657415,-3242.117874225598,-1234.6452527275655,-9760.903965464775
216.57987359058632,2451.4238456586663,-635.3292940468261,213.60592862468405,2418.417091259299,-637.3608441875458,223.64489870908346,2378.6055637872196,-649.0599219512848,211.9781681440259,2354.6734755459092,-650.5486427871667,0.01653849117622506,0.01568545042926029,0.015826597271139782,52.878143114081865,115.3750528407779,-807.5232343077745,-153.50294403655192,-2134.5039255413694,1848.1596748645743,1.0469494611233734,1.0,2.0,1.0,1.0,220.96386683410628,2452.656851308583,-634.1866952185347,-153.50294403655192,-2134.5039255413694,-200.12556949728258,-9739.62861152087
-158.63038806274028,2489.5331584078835,-934.6614557831422,-153.58346117566148,2458.3851752919795,-957.5371701486116,-154.49064660201222,2417.967586473332,-980.7240986347607,-156.52078291781757,2403.7647055189423,-994.282797790393,0.01744695310644767,0.01682850715129742,0.015035795577247019,-113.08187486939204,402.88994963648264,-1011.7379963143738,39.378983989651786,-2016.6063827811656,-1698.6102794303613,0.9856887441650078,1.0,2.0,1.0,1.0,-153.83912329868082,2490.077555814997,-931.789639932177,39.378983989651786,-2016.6063827811656,-1159.6908210780969,-9637.472134461163
278.3916102903819,2472.5050167416543,-585.3810632620026,279.7188108630692,2440.5607876004574,-609.3595738357302,275.1574032590634,2385.4537135353967,-630.1836016037869,268.7057548300469,2336.104548611249,-645.9619742097126,0.01557971582898654,0.014378424305211416,0.018111075591123262,279.9969958667089,-98.05184371690453,-808.9947618371158,2.6427769626097586,-3030.6476029221617,-2306.9967783288935,0.8019307842746795,1.0,1.0,1.0,1.0,277.7506354484872,2477.9986187669415,-590.2216234980272,2.6427769626097586,-3030.6476029221617,-1067.5902253051945,-9560.04937453307
242.5531119215745,2478.5566128100545,-923.495359010359,252.6933732990715,2422.3704983247376,-933.4553447402166,248.69915777616617,2374.219654789531,-944.0951858998441,247.87589927740538,2327.120955116796,-957.3385098415438,0.01694951177909931,0.014136007460918282,0.018433226008614738,242.14001689653253,4.466305270658289,-911.442666830241,-7.177073274318516,-3053.9340892025684,419.016065412447,0.7604812547513683,1.0,2.0,1.0,1.0,247.95344624872973,2478.152917524739,-917.5367353014844,-7.177073274318516,-3053.9340892025684,-541.6379876454414,-9599.298770446558
33.13741707374206,2495.78309341833,-674.3662199180911,20.87220959967666,2464.7078663001766,-684.9322687026103,11.596137902592249,2440.8363443758685,-703.1319982035486,10.689647969096129,2415.7108138227263,-716.2126879345889,0.018490761127607593,0.011983995124427986,0.014866852252881004,-584.282754203389,-233.9692327691027,-801.6090297274153,-439.60778217102336,-1962.1634312850829,-1754.8071231766985,1.3496583914950757,1.0,2.0,1.0,1.0,28.970101925188374,2503.2487538735845,-674.1668179366557,-439.60778217102336,-1962.1634312850829,-779.7020198092655,-9699.092256819338
-403.24652771061056,2476.784108004158,-655.0252863232851,-403.9920400232658,2447.489659825586,-648.2639385964511,-389.3742987314066,2400.1827940126436,-646.4574010332165,-378.0176984701481,2367.3761326123717,-641.3379489867502,0.015495932219850113,0.019245109266686787,0.012481533230110795,81.511344130005,94.03885801205382,-971.5294103610175,523.4654868952689,-2571.4095984034557,-2542.6692132987223,0.882777425283353,1.0,1.0,1.0,1.0,-405.311558682596,2485.449784527262,-657.0711975576812,523.4654868952689,-2571.4095984034557,418.6834179010242,-10001.840509978998
637.1240761684867,2430.5210562972393,-489.7890337825575,632.2593843258254,2409.212034855086,-512.1184906074183,622.2155628686318,2373.5608777202465,-546.5420986656346,624.8522368104286,2346.240489839308,-579.1621380867571,0.013413883235009465,0.016059737162096046,0.012464458537419586,349.15789290115686,323.34272860220244,-811.782307380772,-247.6048835543079,-1852.5313249636172,3042.7258949078278,1.0980619210654725,1.0,2.0,1.0,1.0,631.427460153066,2435.2284390607415,-491.08054148028475,-247.6048835543079,-1852.5313249636172,-1720.7298577977708,-9819.331409025608
-439.1135486551876,2508.930114874287,-952.5869922878117,-437.34001619301023,2460.831857322808,-951.5386780299465,-428.42427947576977,2409.1897875449727,-954.7052113775159,-419.73188467084935,2342.0717768336453,-949.3922713019666,0.015795613543609994,0.017417941921212782,0.013936512041209381,-79.29149877373669,-35.204896644512885,-991.1902719790488,490.97429924025965,-3419.081683542317,934.4793024725413,0.6978499324939684,1.0,2.0,1.0,1.0,-445.06735170772924,2512.0109575945066,-949.6173670369262,490.97429924025965,-3419.081683542317,241.1605698128793,-9814.88164130574
-407.69530775259295,2687.0101250489433,-984.041245395177,-396.19908756764306,2642.4898349514992,-1019.636372684294,-388.73362043103174,2618.0886444130992,-1050.237416941808,-378.99585128072476,2589.2894549239018,-1099.5044849830122,0.013183627425488774,0.01673768216611997,0.017219537597230185,216.11254698293342,407.50966232364465,-1015.7752468165536,540.6493100711033,-1976.1086871020066,-2231.3289341405375,1.1028591528111584,1.0,2.0,1.0,1.0,-405.63415959883525,2680.034652490937,-982.9003008936511,540.6493100711033,-1976.1086871020066,-2083.410782345128,-9719.157519171518
380.4456009885201,2464.415340919929,-1074.8547129471756,366.6690714789345,2413.680370247259,-1096.5587280631332,366.69280913596543,2350.473940473168,-1120.5296040265187,366.99897766495417,2296.1905102875717,-1145.932248715908,0.014251392301122252,0.015266669671823888,0.020867330538222952,162.33687572544125,65.24680693100112,-1017.9292644919333,-310.1243115467012,-3407.398960017443,-916.4899693999382,0.6546146074888314,1.0,2.0,1.0,1.0,380.9745153658657,2467.463073743301,-1074.9512402174316,-310.1243115467012,-3407.398960017443,-1402.18921253879,-9866.209485896128
-451.47236235394865,2478.698909344188,-501.865817659132,-443.62808988504963,2440.487656700399,-517.1269085660467,-438.03654457406907,2418.2809744697893,-541.4723364975652,-432.4772310351665,2381.9841838679727,-570.8054826136294,0.01397334858519057,0.01723065082350839,0.01661910117490105,-73.64095436291508,152.58978566280484,-801.0541660890832,326.79888199590897,-2039.2656716332783,2637.8642574565442,1.0921768994163976,1.0,2.0,1.0,1.0,-446.1916798382525,2477.3526513247275,-506.943232097001,326.79888199590897,-2039.2656716332783,-1112.6732871224929,-9725.815466101163
-289.7635394327944,2466.242884608064,-828.8898719657452,-292.68126900582024,2392.34339394341,-859.8670109647967,-301.7294039441671,2338.3859967426292,-888.7150869114835,-289.43532102614256,2270.634254461206,-924.5850819117104,0.018214465443462502,0.013398067399105165,0.014721786083852238,-220.31836309427482,-26.801166900605956,-871.2436146560561,114.59937150777304,-3844.0382666987102,-1963.995863619144,0.5986656810735805,1.0,1.0,1.0,1.0,-294.234957716787,2452.6035151200626,-832.3807977060648,114.59937150777304,-3844.0382666987102,-1759.8831098869232,-9786.781765232881
322.51075795743714,2522.95863870684,-853.54298728769,320.2230350693204,2478.237480448891,-860.4873661974212,309.0948774940435,2426.10137034098,-868.4328729032567,302.80501121091766,2368.468566013261,-877.7673112985129,0.017561381582998963,0.01475945745548268,0.018748559858426838,-160.22433209951996,-128.78200284323455,-1014.6450085930381,-612.6610973479718,-3339.710234193399,1729.807895294036,0.7439306011030922,1.0,2.0,1.0,1.0,326.8412402921182,2526.287633340524,-860.2068629189214,-612.6610973479718,-3339.710234193399,-65.07322496172124,-9676.927706134014
285.42540515347474,2508.245424099395,-795.8677729253186,278.9486653272154,2480.926228315648,-826.7316603726658,274.11456616750166,2448.9072997185003,-855.4852243603339,261.5671272141672,2430.44207645385,-892.0761835295975,0.016547992827081824,0.0162178654214068,0.015332162318630618,-522.7797295798208,312.06366735354914,-977.6257939763811,-593.0325345743847,-1599.210306867032,-2596.291627848887,1.3219019794328735,1.0,2.0,1.0,1.0,289.67484278708696,2502.981787761389,-795.2602782693758,-593.0325345743847,-1599.210306867032,-1767.5705734793264,-9918.264094195993
729.7632842829755,2579.2285207813156,-533.9689880692828,714.594259850984,2535.962055317287,-561.9843743286699,691.5464319612927,2484.919330066777,-590.7716947016252,669.7593986774137,2443.989342722631,-621.3974198299533,0.018288479997691197,0.015792606458976885,0.01602695262535992,-295.2434598267782,-63.74338691909752,-811.0280346175255,-1130.481271651577,-2907.349413758627,-2723.0429414446066,0.8598919609179727,1.0,1.0,1.0,1.0,733.494497376156,2581.944579601247,-538.7395480026536,-1130.481271651577,-2907.349413758627,-1487.4417882640219,-9553.531583134578
455.5731995161323,2569.0860815030023,-463.5119140918749,428.6699636476191,2524.755964612125,-505.29631786191027,411.0117683399124,2487.803893290549,-530.5822840973084,393.44762894422263,2452.5816301066284,-567.7099942675403,0.018792400426370717,0.013341406246249944,0.016634279888028923,-643.1196357063626,185.79122865866134,-825.1332832206468,-1110.1187534431388,-2415.878387140798,-3244.3765403934303,0.9362319134393512,1.0,1.0,1.0,1.0,450.3473364351272,2565.4314399923437,-470.8089504638083,-1110.1187534431388,-2415.878387140798,-1914.977115760878,-9679.28476687
319.71684420901664,2436.0623465509248,-566.4119224471515,311.487486905089,2392.274059880685,-581.3858205219665,290.49776398822644,2346.2276235524455,-588.3667611517808,275.27904816291147,2295.94530042822,-619.0390077172347,0.015271280713674019,0.014189477821267275,0.015740045788524,-422.84319204295065,-379.054664247366,-800.0788292094915,-853.3888524336181,-3237.933657494291,-2275.6636480389598,0.8247991956765354,1.0,1.0,1.0,1.0,319.6051095742963,2437.9476177726647,-565.7464347177036,-853.3888524336181,-3237.933657494291,-823.3371856301269,-9604.331340214014
734.703832163551,2505.1894935893224,-1007.9753189848765,715.9564954527382,2459.8898397155544,-1032.9979724432792,713.4112712477155,2389.5395387820877,-1068.2296831919086,706.148604725943,2350.337276038051,-1098.537280787634,0.01484680997000903,0.019052260925851897,0.014781460179362806,158.37167598008398,-38.566621174200534,-918.8341184792041,-711.625733839192,-3140.3800159134953,-499.85760547053115,0.7613194689247769,1.0,2.0,1.0,1.0,734.788520389832,2505.14119171573,-1008.0953123161697,-711.625733839192,-3140.3800159134953,-1401.0358765827448,-9592.479548248648
507.1433205309788,2523.08026524757,-551.5634032347094,503.5392257739607,2472.3913983080706,-552.2804835289714,511.0650136036729,2423.471420505741,-570.911834658345,501.67178984926494,2374.162541669426,-579.6739519300086,0.015875769502115302,0.01660425298676661,0.014352929227584563,692.9593433865315,-118.00876692176877,-802.6417870559553,212.3331382937716,-2912.6156223216103,-2229.7105931366114,0.8581670482835342,1.0,1.0,1.0,1.0,500.79785323066517,2517.9083712792867,-550.8563006475779,212.3331382937716,-2912.6156223216103,-330.0839101759727,-9656.383334839647
727.7355649506899,2433.4096770389697,-740.1034364248252,725.6648615589207,2393.0274980452077,-743.764023566805,714.5809309050737,2373.6204728020834,-743.1396146288896,700.2756856183389,2339.531434570736,-748.1186243615495,0.014205005405973315,0.01685493183049631,0.014536796775096998,5.574809588441981,197.61449383547142,-802.2237770315099,-666.0676938067089,-2054.1645109779874,1059.4163691796225,1.0444032659884321,1.0,2.0,1.0,1.0,731.5885958377571,2436.6538108014797,-749.5904421003518,-666.0676938067089,-2054.1645109779874,336.91477811478546,-9591.441979609495
-175.05236890903188,2549.086052670277,-778.8789346097925,-169.69898972297358,2500.8515718229983,-772.5556839446178,-152.2399375564002,2466.9510366014842,-773.8580787422226,-135.10491018384926,2431.5516469748754,-775.9059999647415,0.013758829929392005,0.01806425182474778,0.017411718974264957,521.2702044255695,192.02654160774324,-804.9617052347791,653.8299121616083,-2215.6523042304434,787.0752526557153,1.0107651992715947,1.0,2.0,1.0,1.0,-171.78950246573595,2540.6179840920154,-774.6735933986179,653.8299121616083,-2215.6523042304434,194.4013105950204,-9614.800338294654
161.55197323335858,2516.5925308676387,-537.0202760531558,157.55633739346555,2473.34877115334,-547.0171648321557,148.1453408037244,2422.577388858687,-554.4782739600554,142.88793287732565,2384.963294743885,-573.6296179480652,0.015363540932834303,0.016241433881116464,0.018027513551531656,-175.607064926917,48.146024615456426,-914.8449565210927,-357.7949227709165,-2625.242071124334,-2788.674423437321,0.8903675116345183,1.0,1.0,1.0,1.0,160.720162477744,2515.8735714723352,-536.4862849652557,-357.7949227709165,-2625.242071124334,-480.0953726386222,-9972.871509857407
-13.35355686904333,2520.532114064593,-759.4274016116989,-3.6548481639819768,2469.1931518885226,-764.471410002896,1.7294958967830274,2429.7770873050413,-770.5406590956828,-2.369890833322999,2385.4723413273764,-775.52876740364,0.016492695819984936,0.012592111761759537,0.015346458552071288,6.976020210488066,-76.87682831556518,-998.7420089275855,14.317142887359068,-2863.248792384164,2131.58771775761,0.8605687338661849,1.0,2.0,1.0,1.0,-5.980994102571913,2514.3633287921125,-765.4843055551682,14.317142887359068,-2863.248792384164,-11.265844734890393,-9740.678071037146
470.9965678391292,2604.038118394109,-929.6177852867762,471.26631057090964,2578.9976057807953,-943.9768676318006,477.8073902951384,2532.278381842553,-956.0523295035366,473.75127131010686,2495.614918772944,-977.8306164390569,0.011814937433226284,0.018758392841748395,0.016551279411993084,334.26424429255127,339.3348889591714,-1015.0140065418193,-156.05500654495944,-2374.6322564272978,-1389.7139875302978,0.907875390313033,1.0,2.0,1.0,1.0,483.296775542983,2607.108693847237,-933.8157290925728,-156.05500654495944,-2374.6322564272978,-578.7785706293815,-9833.045906952555
220.5108476081879,2514.2998774183397,-988.5994082202716,213.8199188255161,2465.244667675081,-1012.4904528008036,219.34548699791273,2423.503428252335,-1044.3088905144157,212.53152889765906,2382.6048837925055,-1069.1831527745192,0.01476568834466761,0.016279529500999118,0.01594354550437911,66.49703434549227,-3.620344618521454,-862.6463526247629,-176.6235821427615,-2914.1759309952567,-452.74271730904604,0.8180112366499548,1.0,2.0,1.0,1.0,219.2764328989823,2517.1418356923746,-980.4785982527937,-176.6235821427615,-2914.1759309952567,-1596.3952627831895,-9942.17567018388
167.62583623381104,2634.9579601245696,-968.53719647606,156.52275468253185,2592.1066926990266,-992.5953082259556,140.81727977576918,2560.7605353003296,-1026.4739930027715,126.14722323682861,2528.345274100893,-1059.4210365546041,0.019035856965543264,0.014027540276159194,0.01411152757086085,-564.4840310955668,234.46001235805664,-995.5944109588628,-711.629464085659,-2337.4980026751637,-1761.3483819015396,0.9778250751874368,1.0,2.0,1.0,1.0,164.9361695922339,2630.3954651000895,-966.9783205849478,-711.629464085659,-2337.4980026751637,-1593.470779265026,-9848.023369390088
337.96076595858483,2511.6047260924192,-983.3295419774469,327.9695275450838,2459.118604445871,-983.4298736745423,321.6550685293871,2403.0152396519834,-986.0882097022558,306.7391027781068,2357.739865219481,-1008.4971013905198,0.014685763494936,0.015695686971071387,0.012821932391481092,-278.6506547485844,63.37277009082067,-965.1771634676717,-854.5468148850206,-3390.489290602288,199.79459435662102,0.676796617142512,1.0,2.0,1.0,1.0,336.6230519686304,2504.5250593244623,-971.4353812407747,-854.5468148850206,-3390.489290602288,-404.0890997853105,-9830.83307472839
315.4431323293585,2489.22887421769,-886.5985266842181,325.9096317282535,2451.067591034834,-910.3691083350957,338.02063634323895,2418.7733294855643,-924.3022636606528,341.59970158611986,2369.6444730277813,-949.0228358275281,0.018674872901312693,0.014522171451992558,0.01588051093847815,624.2660296959522,81.03670104988083,-825.6414155352626,330.1088091081216,-2659.0030114851456,123.04595704863567,0.8609224447082173,1.0,2.0,1.0,1.0,323.8670134075618,2500.7294415013557,-888.0122600103564,330.1088091081216,-2659.0030114851456,-1107.165668541983,-9701.178620156465
109.62995418953751,2669.209417684912,-780.9296323167773,113.24780288776681,2629.681631207051,-778.047745073177,114.55694689683783,2599.384205611834,-772.6098244847818,112.18623927476429,2572.1342915952846,-771.3390217813721,0.018324885734624322,0.015521946843437315,0.014920118874118413,157.5119984304827,-30.055367149255453,-846.6062230582011,39.69172616368305,-2166.5251105390275,-1138.2344636387265,1.1962330485478154,1.0,2.0,1.0,1.0,108.09579935669774,2667.2683954718264,-787.7429666993713,39.69172616368305,-2166.5251105390275,362.34856628731,-9894.440363823476
-325.6252114055437,2505.27326488412,-892.9986442829827,-310.5229646166078,2468.984784158178,-919.8176564164095,-292.5531264245033,2421.0513715431475,-949.5921316827975,-281.0706307785073,2389.5410755636717,-974.5154276368042,0.014122693664324282,0.020112950986777168,0.014082134177247546,491.5284554265149,165.7775411399117,-820.6810954648549,848.0152774256885,-2419.5049428252078,-334.16941105247935,0.9166822211716518,1.0,2.0,1.0,1.0,-326.8062872892759,2500.599810966226,-894.2578115641251,848.0152774256885,-2419.5049428252078,-1234.0562006029254,-9586.467288482576
-439.79768688360514,2436.135804841139,-969.1300345376346,-427.69072859313553,2410.6129597255895,-1001.5753266819779,-419.02921282175856,2373.4999260757304,-1044.0740739003245,-403.2146616351814,2342.5741051248597,-1064.7351038564916,0.016566533587868207,0.0185319104853869,0.013123553139038388,371.01872044307083,191.30533732391268,-967.368554222573,717.7573465039713,-1998.238393964041,-2003.953501146613,1.0767780027877045,1.0,2.0,1.0,1.0,-436.4582943738957,2439.323530533456,-965.5574272209357,717.7573465039713,-1998.238393964041,-1995.2138795193093,-9821.157539368132
-301.03864649826227,2516.7903324511713,-632.8367604683705,-287.9481971121217,2489.5967017956286,-643.8695264946584,-280.7371289798168,2444.729723011039,-668.9145569053186,-272.4863568218902,2406.949866769536,-696.1131331268631,0.013649851852657347,0.020864116758807817,0.012290873169636854,248.42707091218486,5.147986717150747,-944.3714156180381,555.3748432369839,-2542.880681709355,2802.464052977518,0.9431951582188988,1.0,2.0,1.0,1.0,-301.3940238924296,2522.5998616094143,-622.0404191529136,555.3748432369839,-2542.880681709355,-1210.846661200574,-9909.937361535518
-482.23296566441775,2580.21010453263,-642.6747184861958,-468.08730072590237,2548.010966552068,-647.3936427962086,-460.78311267083643,2504.5757542026145,-664.8128675942777,-453.96220657766645,2461.290356078966,-668.0944370098298,0.014545793915765637,0.01390858961745695,0.016856166742175493,167.8696659237574,17.851431484495762,-921.5333056930283,650.1775920252295,-2560.8805983553307,2440.416418848765,0.9546894497246026,1.0,2.0,1.0,1.0,-482.3079261014708,2578.73202983982,-639.5689807494952,650.1775920252295,-2560.8805983553307,-599.4766907777323,-9925.001871658293
-286.51058194931835,2632.908247090491,-900.4814984831905,-280.57636821361154,2587.4081619887397,-911.6126701871337,-271.1795393313795,2554.1834612894468,-908.117089774455,-270.33190737278704,2515.120063798316,-917.5885163310265,0.017573221199817367,0.015140091797616356,0.017995524610607036,106.54035537288865,148.73064297139854,-1017.3157693409186,368.17349076296387,-2324.260541382488,-1508.3462609582134,1.0192911623919585,1.0,2.0,1.0,1.0,-287.4052797434824,2635.689422250667,-899.1521305278454,368.17349076296387,-2324.260541382488,-9.173165425932098,-9629.435640116631
88.37828249233482,2473.398344551653,-936.1332442104175,95.50400880658361,2415.758775971183,-954.7537224438988,100.9716322938027,2359.2789253734304,-975.9918985405855,105.2411285555985,2291.668550939791,-1007.8554202737571,0.015451483953109824,0.018555964321221734,0.01606996585267738,355.2900738069167,2.8360599068688046,-997.8167172152982,388.14962727264907,-3612.0552745456316,1650.3057305534219,0.6349225858729916,1.0,2.0,1.0,1.0,89.40757912515119,2477.0939229706296,-932.176367608804,388.14962727264907,-3612.0552745456316,-1198.3375241141619,-9813.39941536077
118.02546162505723,2588.9571503676175,-874.0705656214234,127.05466943199957,2545.916367004693,-890.4015501198552,127.27952696725039,2517.1525128246544,-905.7418553331692,137.87897907862148,2468.738657712926,-931.6048572779931,0.014908066037424813,0.01678679499086141,0.016306568339858905,492.1216216310931,56.942315579057514,-860.0639781379584,355.7302008974474,-2436.642063762302,-874.2859870066269,0.9919985706318547,1.0,2.0,1.0,1.0,122.16221269774633,2591.0500618918536,-871.9943548283851,355.7302008974474,-2436.642063762302,-996.3470497283853,-9548.043799765788
200.88172219665267,2583.199047293802,-674.9020727250135,205.4986672514145,2566.7040139115443,-689.9908714776677,207.8003016770601,2539.9908286369273,-694.679057317324,207.7971569298672,2506.618455714872,-717.6276998633874,0.017761772484737367,0.013007076161687415,0.016359156147756966,357.35967174069043,-129.602985006102,-801.2013221535658,110.81835595584113,-1970.8548322019903,-1772.7925762222064,1.3328719952058108,1.0,2.0,1.0,1.0,204.43034052163273,2590.1766834326386,-674.6434005278811,110.81835595584113,-1970.8548322019903,-797.9231685197475,-9902.403956677172
-47.44717841850077,2542.8756409267035,-1028.197642128237,-56.379104331993524,2499.367134893591,-1053.0032239950915,-65.28751494275146,2465.4186668732555,-1083.4873779319723,-71.97550818226281,2435.9039384983453,-1112.0311585098066,0.018278900529199126,0.015339961330503648,0.01128476963828682,-551.3997236770219,188.05712058917817,-1007.6136554563478,-549.0662915758282,-2597.246794356855,-1506.6523008080974,0.8650963685020111,1.0,2.0,1.0,1.0,-51.74939834301654,2551.5517034539134,-1029.4370237969376,-549.0662915758282,-2597.246794356855,-1641.9010900426645,-9736.293353529323
-0.44957112561925017,2669.643233098689,-563.9377562198434,4.406545791276409,2633.8412495958733,-579.1133687719085,6.58740290581006,2588.4092767470383,-607.9645454494354,12.888705896249316,2559.3702263326218,-630.0465586678389,0.017519233270481036,0.014872966187483867,0.016822423505759417,364.3300297262221,146.38557751156196,-810.956359097724,337.7677972811198,-2323.7270906721697,2463.2506661932284,1.0357853770362746,1.0,2.0,1.0,1.0,-2.1480303237909766,2667.6294708908576,-571.1233802669942,337.7677972811198,-2323.7270906721697,-1167.523044853238,-9809.325929815353
-389.1563743669895,2552.155344467762,-643.4535881440024,-388.4273853275326,2515.975445955842,-658.7348327098395,-389.6008176279683,2471.9199099663047,-670.6334307216496,-390.5895297494078,2439.2855170863595,-689.1984462639165,0.016597296495335007,0.01743117432246953,0.017338659760091572,-239.8936659729972,223.94056930365423,-807.997463898494,141.30082669984253,-2223.6699678598598,1897.3895721436115,0.9936328694221036,1.0,2.0,1.0,1.0,-387.55302987433186,2547.6756857172077,-647.1482220802905,141.30082669984253,-2223.6699678598598,-642.560767514251,-9909.445365313955
-196.35732868861007,2596.1161720658033,-743.005637720971,-194.887288383572,2550.940976968217,-766.5718275250276,-185.7560899890067,2509.3584099871437,-803.1798806431851,-187.32824935558128,2462.1456325790473,-831.3644174500641,0.02001111625016413,0.011070342572375429,0.018044500205473893,-41.806105716228046,42.268330102283215,-841.8825649351877,163.6658463699752,-2699.4224994157453,2121.38686133377,0.8958740409719873,1.0,2.0,1.0,1.0,-196.47033053585403,2593.2225920501655,-739.4242018452437,163.6658463699752,-2699.4224994157453,-1574.3326594964312,-9867.238187874244
212.50204954220615,2564.692810927512,-626.4643480543003,218.05833936910673,2530.1882978555263,-649.5423143038258,223.3786106542333,2492.375781662058,-668.4372871137949,229.32052560441244,2460.2668997237024,-710.0575469610724,0.014628117603025279,0.014942816630044643,0.015988941937217952,638.5566681609621,132.94191199438671,-872.7132263037935,418.5587009757102,-2393.06842858747,2692.357181433854,0.9694401238297125,1.0,2.0,1.0,1.0,213.71958667061836,2561.9063670106725,-627.1901345492365,418.5587009757102,-2393.06842858747,-1545.658237934153,-9897.939223950249
-40.553448973013985,2613.761026323977,-814.0419814670834,-41.69130332426274,2584.781541456004,-806.6378144627989,-50.664003498200515,2537.2117670737853,-819.8121274272619,-53.89501227641958,2502.0178232275807,-819.0424103352628,0.01646658068209333,0.013423451239621458,0.01707834203314066,-532.3179436047358,94.82868472375418,-821.2356507986706,-461.32153518573136,-2339.7335213017695,-249.08726705389182,1.0280316260451436,1.0,2.0,1.0,1.0,-36.39729328007434,2610.0422201231663,-818.0618317609308,-461.32153518573136,-2339.7335213017695,31.31870973007318,-9727.599029406205
281.28111077675896,2528.622690185775,-494.3511684380377,283.38782230471065,2494.4216380585285,-487.1116017464762,293.7378147337803,2450.366139876654,-484.2606420030225,297.2725638377008,2406.9907632996865,-481.5520902361177,0.015386805958002493,0.016827920684149775,0.015735004460609582,519.0947736572829,-222.50958363314902,-800.8071454663614,230.3803319708474,-2621.3826315525894,-2491.553379418455,1.0020502688972377,1.0,1.0,1.0,1.0,277.19542508789675,2529.9421794970594,-492.6537824292351,230.3803319708474,-2621.3826315525894,481.2528349362494,-9697.602242595773
400.10004307119084,2457.7429067027592,-748.1870799530291,399.9989310628943,2402.2326257735713,-765.6516923191854,396.95786507738353,2351.6619041298372,-789.286474604864,399.7793679413503,2308.9679585802137,-813.253490896487,0.018610324633296763,0.012393552248380093,0.016549242760058046,271.9973019089128,56.65043690292085,-984.3675988235412,-183.66829005255698,-3224.6139147268723,-2482.6380517114853,0.6974468803582656,1.0,1.0,1.0,1.0,408.8301779980701,2458.9878033744467,-748.3466221868516,-183.66829005255698,-3224.6139147268723,-1204.8376272334826,-9983.161344880573
343.86884526007384,2603.2389321244227,-955.7826539039395,327.3287232632458,2561.1489047184964,-951.996789743999,319.2354960248379,2512.619688794437,-956.8000762512592,312.8295840630088,2480.6279394610715,-971.2357254949964,0.012329970778784345,0.01623451065092596,0.015074857999487396,-185.8480096908517,67.71487134506131,-989.0919144104996,-596.8195435490297,-2897.3340165768095,-840.2225220306914,0.8313606605708029,1.0,2.0,1.0,1.0,336.36909091454993,2602.8821358497657,-954.2848160785861,-596.8195435490297,-2897.3340165768095,-168.7440135073551,-9745.160154643017
-149.67854723821,2500.317932197364,-449.23814236225707,-135.08925118974946,2452.0884236936718,-465.8309011082119,-121.8936108739775,2402.715941792055,-489.77957801532307,-108.47786526004501,2368.922170782197,-529.3871712033637,0.016167735781904072,0.01391981640708619,0.016939930581431638,676.7852730729843,-34.280421325935684,-807.1429935286549,852.2207997786286,-2592.859107148441,-3101.1175850829222,0.9279725172295789,1.0,1.0,1.0,1.0,-154.1300067111797,2493.757208143789,-440.50854999456965,852.2207997786286,-2592.859107148441,-1528.139421486746,-9930.833320902288
510.55331433784727,2637.7898819885736,-801.3483303939096,496.95777071422424,2618.7516309539924,-829.9642142011859,499.24064427008295,2591.523207623801,-870.2481513055328,493.69680532320126,2554.9814239102993,-902.8933080535497,0.014391207921348015,0.01582581298904602,0.017536657804280455,-126.42971398243412,363.52317841766694,-1011.4903398523538,-439.39695487737845,-1588.2096605929048,-2807.337047938131,1.387246321285317,1.0,2.0,1.0,1.0,504.1049162666068,2642.6040413684814,-797.0715818244455,-439.39695487737845,-1588.2096605929048,-1932.132962300182,-9674.834010709816
-46.672184900314036,2496.1168130742526,-434.99096722152933,-46.45185419628424,2456.634583625464,-447.3546861142787,-40.10046383358373,2415.831046870518,-476.35359339808286,-32.68728546785233,2378.7294311948954,-507.5912761920759,0.019057964895168603,0.014901459567280853,0.015533839797727163,201.74836124572218,-124.07928277101688,-807.0228604342132,258.7583511577803,-2696.9453868897253,-2916.4384054973607,0.9255067357398241,1.0,1.0,1.0,1.0,-50.541031133113734,2505.4424694464683,-435.34297399598836,258.7583511577803,-2696.9453868897253,-1056.2997833034115,-9941.965762035841
626.6918356012404,2568.9648717321197,-826.7538740520571,610.7853519709693,2536.2241699100346,-836.1257230411111,587.2579741896021,2494.8825471497926,-842.9388590961764,575.3495882604152,2458.4148927823794,-859.7071468870089,0.016392305738166506,0.010372503928252175,0.018575609604439845,-520.3234286437116,262.1196033778783,-822.039190322342,-1205.998981351172,-2422.7583874877387,291.7453487710696,0.9046595807291422,1.0,2.0,1.0,1.0,625.3756036399018,2563.7400714912296,-829.1919265466297,-1205.998981351172,-2422.7583874877387,-480.42586865187576,-10113.575370630117
340.2687080405612,2474.2981679657514,-613.3968089936308,342.34337196429107,2434.1831169346715,-633.8068797357997,346.5358911562378,2391.199289917083,-649.1676373544831,356.5602497048388,2348.0507672614913,-675.4843520409366,0.013282805507906502,0.015848369049812638,0.01683732712568971,630.5716518171173,72.98304337171334,-902.1387274134378,343.48542820520805,-2801.0439477316613,-2629.138586837586,0.8140314983165918,1.0,1.0,1.0,1.0,335.1741835606342,2481.8808384209474,-611.6088893540768,343.48542820520805,-2801.0439477316613,-1125.04003789654,-9718.806038591647
-453.85739910500695,2583.6215751280024,-679.9511524727004,-448.96025964078075,2563.75730475154,-669.0671036854393,-437.59518761347465,2534.4825086875835,-665.7527902424346,-423.73909908213193,2503.623223043485,-675.0887666701614,0.015977462736488778,0.013174874219976412,0.01786650599841014,303.04982236247827,108.03066796802806,-874.4165200593135,503.7180036976838,-1647.491958349715,-1954.8930029100002,1.4529811570451248,1.0,2.0,1.0,1.0,-452.5271831840512,2579.2686054926207,-680.4438660361349,503.7180036976838,-1647.491958349715,329.2171017424134,-9572.267377111608
739.0325187127394,2548.1624877584445,-737.139489273288,719.6356888004111,2501.437651725327,-755.8527279037908,712.643989096412,2476.3305538086197,-779.6222767224959,699.5838631121322,2430.1066602411324,-806.3714488861615,0.015166926653968163,0.013287659732902555,0.015538891400647747,-221.11474379870026,121.11054329239818,-857.4800435354931,-1013.7108452520685,-2565.4924622601256,2008.886144608754,0.9010065222124822,1.0,2.0,1.0,1.0,736.8420049645026,2545.5009201282246,-734.5955934711965,-1013.7108452520685,-2565.4924622601256,-1282.7660326302191,-9727.808435183477
296.9894395274887,2619.9963689505144,-662.5008399122621,271.07315103886094,2586.137834475822,-684.03028960915,256.33365782564283,2535.2629093642286,-716.4109269529426,247.80199419374492,2495.0057882489373,-742.4153280792301,0.016957733423582172,0.016017978462990228,0.01332669973167612,-492.55006013852704,30.884468650505482,-1017.6502968652492,-853.2068014720737,-2820.0675295690644,3118.7145416976296,0.8736975883817522,1.0,2.0,1.0,1.0,292.40019721577994,2625.346595854032,-662.4905243451622,-853.2068014720737,-2820.0675295690644,-1562.4705867061057,-10256.914454695314
-427.43484013828174,2526.0357690958044,-802.6440144001882,-405.1270827190566,2467.7472411814247,-826.3363765165518,-390.88991616642903,2435.422025064979,-846.1578509894671,-381.0743408877178,2385.2900746390665,-866.7689924999592,0.018567947427437805,0.014107388205653881,0.01619237082399118,339.96389844724087,58.617031952806016,-954.0337279346567,914.1589179202174,-2959.310502324129,1989.4879358441203,0.7861322935429178,1.0,2.0,1.0,1.0,-423.3587980161399,2529.641301393448,-800.6531982363217,914.1589179202174,-2959.310502324129,-963.044255312429,-9882.591705237717
-480.9023933071163,2461.0309040592797,-1082.0756675032476,-482.76894768815316,2402.654013821378,-1111.9006662096651,-501.9641017985153,2336.6442132063794,-1132.8368729973736,-487.1514069083832,2280.4837055612666,-1137.438420316539,0.015442466091405685,0.014483074009987211,0.015750048176456866,-559.9788790374772,17.689109017299582,-943.3052326065192,-119.76441161484269,-3817.5981624841406,244.26856315955285,0.5943244117221507,1.0,2.0,1.0,1.0,-483.3296556039754,2460.9519330071475,-1078.811018880904,-119.76441161484269,-3817.5981624841406,-1637.6567403216363,-9672.91856359071
-492.2909297610623,2510.334006773517,-696.533970945332,-499.6674441982158,2458.9695915295783,-728.0533577162266,-496.6426154556068,2414.3793579904345,-765.3803584917896,-501.16096409477154,2364.138005389246,-801.0479257742039,0.01622950866119678,0.013227503173520035,0.016779565786752895,-544.5684214691231,-157.3255811709851,-805.4282251953761,-62.38289453627919,-3375.572479194348,-2508.1485486816828,0.7437634223785309,1.0,1.0,1.0,1.0,-495.2859347854569,2509.3766773925463,-698.9319994261185,-62.38289453627919,-3375.572479194348,-2055.6555771500716,-9696.29322216477
133.76697812715128,2570.95157513115,-731.1904958590458,116.99449792500761,2544.980179631963,-736.0036325346758,111.03011526887568,2522.917389436358,-743.4800724248213,104.21180242753398,2488.8579005014335,-750.7319119357614,0.01467100077344655,0.015104029275940555,0.015940431731930278,-622.6930807100156,134.22349917421002,-823.6830565051783,-584.9973523455023,-1898.0706184766063,-1308.868428072454,1.2392845382186772,1.0,2.0,1.0,1.0,129.02851705395335,2573.244243916637,-737.1902389518068,-584.9973523455023,-1898.0706184766063,-32.754163579491355,-9901.507873378856
707.0368555785697,2466.1212163312352,-758.5043622156766,694.972168387857,2425.818284987166,-780.6577400447902,676.6818742956017,2377.0557248975806,-800.2059814901609,658.7390582354933,2335.506690037958,-838.838679906969,0.015643939497937995,0.014357419042609992,0.015932533793057736,-86.26087120105964,28.653898079172755,-886.7860735865277,-867.2671061199832,-2658.665857920975,2175.23838471876,0.869066107666395,1.0,2.0,1.0,1.0,707.2885308987268,2461.333158076865,-755.9797129982579,-867.2671061199832,-2658.665857920975,-1477.2357356790833,-9747.531662876514
33.948308997394406,2601.6509823679653,-582.6249649507271,28.394153066003547,2557.8810735659063,-572.6135905896399,28.2141429415045,2527.1917599532026,-579.4646932877328,26.7810492366001,2492.6283137015334,-603.3545917501189,0.01726912727135131,0.013165253381342647,0.014734111120491306,12.263850020522097,222.5407639371008,-803.5089001378399,-18.346285094849648,-2108.5882166802394,2141.674068396171,1.0798315082268128,1.0,2.0,1.0,1.0,32.90342075222782,2594.70250770238,-575.2680377157651,-18.346285094849648,-2108.5882166802394,-274.5397031419377,-9884.003480919371
89.14254101834125,2598.319834531359,-753.6610206510561,88.20280163689394,2567.766388601487,-780.1106903345807,88.4186391013193,2538.3605875148533,-808.2350331647419,88.29279921768595,2498.0563192860805,-842.2155708751533,0.01350132785220849,0.013805020123293031,0.018165863088705575,336.5404448953522,-62.46176012355596,-802.4120278071034,182.52668746474296,-1950.9781989455662,-1954.5272952027578,1.3145277889357858,1.0,2.0,1.0,1.0,88.30414994330113,2590.868590442416,-756.2045691144972,182.52668746474296,-1950.9781989455662,-1708.3040066776937,-9768.377219869908
721.4436906233033,2493.6883327264527,-735.2869882189133,688.1067464704689,2426.3083796991164,-761.4584279054375,664.8703807264117,2368.0172848316183,-786.2155493459915,631.6058749552976,2296.9381535912257,-818.1407055169261,0.017470538506784882,0.01540781177617314,0.015099900004482796,-437.51687873471997,-372.65979453409483,-800.2343160848571,-1657.828022250721,-4091.476531908459,-1850.3108527581242,0.6520217497125597,1.0,1.0,1.0,1.0,722.962736840785,2491.3737778018244,-734.393765606437,-1657.828022250721,-4091.476531908459,-1466.2358817998638,-9676.916167983289
-331.08818486708236,2618.858110206747,-625.1483936946936,-319.24765741468974,2586.6224159938083,-637.2564597253987,-313.71304813349644,2550.3344121221826,-659.8183993113424,-295.58587528886096,2500.599097599491,-675.559248981178,0.01252724032458364,0.01458737681921547,0.013888730560193553,422.82400044673545,186.30647447655912,-831.0735858519287,716.2162340461977,-2315.046218357555,2197.058841354098,1.008996652296007,1.0,2.0,1.0,1.0,-329.2030453017739,2617.1050037520013,-625.3612689953076,716.2162340461977,-2315.046218357555,-921.6780330907377,-9670.068103207912
9.356317956212717,2623.41681209317,-678.9231817880651,4.980787701947166,2605.0963604211383,-690.2844058884848,-1.2982661756476004,2577.5360348719746,-698.2851740704641,3.5243540504757664,2549.591934636757,-717.8127232129123,0.012375046998858719,0.018335686627122608,0.01551078963199623,-117.72768871964144,124.29937462837609,-973.7115399235747,-85.74787343374568,-1718.2968227442234,-2493.78555324,1.4087784767420135,1.0,2.0,1.0,1.0,7.035467126459025,2624.4212517212213,-676.9269383765254,-85.74787343374568,-1718.2968227442234,-601.615884841107,-9868.439026875889
92.62954509033275,2450.5118457283006,-739.4358406878539,94.98278349184865,2397.080743802825,-783.6627035484587,109.73195634188407,2347.960090680323,-811.2173699166893,109.5740776733747,2301.7286743558857,-845.7108154034164,0.016796780704881935,0.016786567869899044,0.014495376987738041,376.90984222348527,54.60897706238233,-915.4085464839467,374.259455614409,-3128.4023889474847,-2568.797983862642,0.7169212744374815,1.0,1.0,1.0,1.0,90.60135867846179,2447.836804607218,-747.2049073785627,374.259455614409,-3128.4023889474847,-1825.7110508065932,-9708.246913919338
-364.8325435615629,2453.790157870737,-736.0891916140556,-353.45738042871545,2424.0752913078095,-771.5215395938063,-342.8715176587032,2385.965036471124,-807.7033384242337,-335.2825034106066,2341.4455668760042,-838.99366668565,0.01744890925006562,0.01264999292546425,0.012545204744866433,299.1789227053789,115.7517768730167,-877.8471274875519,691.6053464649701,-2419.8984502116623,2641.1423318238244,0.9223558930796044,1.0,2.0,1.0,1.0,-368.2202366333173,2450.9537813272677,-741.9842894840176,691.6053464649701,-2419.8984502116623,-2091.5992517443165,-9574.642225386558
-105.10419163991648,2489.0142138676038,-723.8585770803593,-96.68997545442777,2424.2949856883547,-739.5122069623966,-99.52809174191977,2366.6779779573712,-750.8247128579346,-101.31354409875722,2321.923960650295,-771.9543160406866,0.014571050998282127,0.01954491026077916,0.014295860466594729,-58.48037131195696,-72.80979645369077,-807.4710648990315,69.3452662275131,-3652.623072610679,-1673.7453912655121,0.6515881782743445,1.0,1.0,1.0,1.0,-107.02205767121552,2484.026354373783,-713.5248311430059,69.3452662275131,-3652.623072610679,-977.8529081909597,-9820.658859245015
-162.53984875907273,2577.6018270545237,-628.2674319265153,-157.87939212187396,2544.661898146266,-642.688742135327,-168.69616941168596,2506.887678873513,-655.9088143379013,-172.09006147285615,2475.828250210082,-691.0566663357263,0.01724833040321472,0.013562214177675773,0.01758007668595033,-563.5117704587266,141.51899198248628,-859.3707445825574,-389.95889796401,-2337.7364316416697,2354.9833224004087,0.9966093787331589,1.0,2.0,1.0,1.0,-156.00472208633175,2584.4535630480386,-622.0498158096437,-389.95889796401,-2337.7364316416697,-1011.3010678468663,-9531.967154290622
588.7235255573187,2460.9890962489962,-567.8759583292584,585.2265642497059,2423.801668504998,-594.7037399828357,561.8489566933913,2394.5769918921105,-600.2323676326067,552.2041024419722,2352.966884466895,-622.0973549699532,0.019227835644553062,0.016786896798304196,0.017725636689175747,-243.61898339184188,182.4919216255999,-816.3287933867052,-767.5085029433336,-2093.1492698383036,2306.652827467743,1.0362596308679657,1.0,2.0,1.0,1.0,592.965284816393,2464.0246257493523,-571.3177066307222,-767.5085029433336,-2093.1492698383036,-642.3077891932953,-10017.991569826363
-190.0491795272061,2449.1154072051186,-907.4674849493092,-195.25122708568298,2389.88614108495,-938.8823182645202,-194.25285675683946,2345.2155883051287,-968.7624679768167,-193.23700599229377,2295.3632552211484,-995.74534371525,0.0191257344328125,0.014047997514012436,0.012310574335198238,-256.85173968037583,-5.901497450303406,-927.9262136161151,-88.31767092552045,-3230.597846624006,1749.8752045819951,0.7145156937179774,1.0,2.0,1.0,1.0,-189.73030977697886,2449.3528659839403,-907.2191135985653,-88.31767092552045,-3230.597846624006,-1627.7851485420795,-9977.673872995507
695.25768179137,2446.59929926411,-665.4089125886344,678.7542370741604,2391.1704806838366,-671.6868827739247,667.8406278815282,2341.275149430534,-691.6432559597217,640.4016147579707,2294.730768013099,-711.4049321146781,0.017045422522801917,0.014770005994471223,0.015884422510261793,-240.62463750196162,-41.60521798590031,-808.3042787220513,-1252.2254699331127,-3317.4741791647707,-1940.261318015255,0.7023001489724656,1.0,1.0,1.0,1.0,698.5444649478736,2446.500416387674,-660.4467812734765,-1252.2254699331127,-3317.4741791647707,-873.4153351736638,-10152.634001139459
-172.921011892198,2684.549871087676,-762.0954344448497,-186.76618879253843,2648.7450062225166,-773.6708234091082,-188.2284886714472,2614.111980548967,-781.981514463995,-203.89969229254547,2582.009621041757,-785.7846909699068,0.017000446044562915,0.016568226912618098,0.01160748481633219,-628.9778117312688,65.17286214247468,-810.2946915150686,-373.79644429469244,-2181.8687122760716,-924.0402247532318,1.1548238422264832,1.0,2.0,1.0,1.0,-180.42207857763515,2683.4153168737707,-767.9923861808065,-373.79644429469244,-2181.8687122760716,-172.02067368514628,-9751.554074534588
-71.13788866701228,2458.9481802374435,-751.728553237155,-75.1861092615662,2426.649637260002,-776.9975776979086,-74.69532410818331,2397.145124057826,-808.4803469014936,-68.4100639979034,2362.6966876374186,-844.6458172530278,0.015790264324890183,0.01599335566954896,0.018335086649536952,-36.02121328543923,353.9962288378985,-802.4559184880021,42.00259050691808,-2175.9776808335414,2048.5092646777684,0.9198812933560246,1.0,2.0,1.0,1.0,-76.76372607714939,2464.694579246435,-748.2791886707146,42.00259050691808,-2175.9776808335414,-1773.2566012552693,-9713.5237267022
666.3785546003348,2514.653612472342,-988.601085468659,640.0614025565927,2457.0826582295463,-1010.536278159121,637.2953816014954,2416.0371032479497,-1015.7612041320897,608.0677102993959,2360.415431516422,-1043.7033491573952,0.0168783896488206,0.015599795540004738,0.014489522131481136,-315.9874180626207,154.6351320225807,-1009.0850892507037,-1279.2446582022137,-3053.6361664165374,-788.3068764378402,0.7230322926796942,1.0,2.0,1.0,1.0,669.030968753086,2505.934980163308,-995.183826884541,-1279.2446582022137,-3053.6361664165374,-590.4620890065743,-9855.061910609236
27.4231674745624,2580.841587421654,-713.090046434638,41.73416452587178,2542.8405140308546,-728.9926648402544,51.96053755931673,2489.6027557869756,-750.332861074745,62.006530816409764,2452.550411709964,-762.6123927446586,0.015054433455581391,0.01747776942312941,0.01689097556969786,611.000116286735,120.95664016366138,-930.7649716540917,621.0023424768872,-2618.937503254647,2100.103065450218,0.890576821551592,1.0,2.0,1.0,1.0,27.257914358459516,2582.75789322303,-718.5594942711255,621.0023424768872,-2618.937503254647,-502.90602373228023,-9797.4495978205
72.94056253660305,2539.9389576856947,-495.977215308693,66.17533545314596,2493.785271821143,-515.1803177542866,55.17161118098643,2459.3277342641163,-546.8164149115429,48.387996275046675,2416.6488637992866,-579.6188377705685,0.013471237255658618,0.022101622035383343,0.01622884463040456,-246.67197240653883,-3.3262745733746186,-875.4422495136247,-327.0067567471747,-2631.6326710173953,-3189.5473686971955,0.9131982960785542,1.0,1.0,1.0,1.0,68.88954785448516,2536.199252958411,-487.05937452720855,-327.0067567471747,-2631.6326710173953,-1590.406166138518,-9840.784372155333
437.6553011919883,2592.896255920765,-979.8917047155152,432.2500291360147,2559.9683640720323,-1010.2099756623759,415.4550629954098,2519.8880897729073,-1032.916267647862,403.68961575112763,2487.7116231801597,-1081.7557930569508,0.012881800977673323,0.013988950253080211,0.015199702563850968,-319.1740932533575,91.39574083294663,-900.5565208060387,-764.987482006979,-2528.302678930358,-1369.7262469623397,0.9479295462053963,1.0,2.0,1.0,1.0,438.16351393355285,2594.415392973999,-987.3274316943633,-764.987482006979,-2528.302678930358,-1904.9597587060507,-10093.13661524545
631.7277197195276,2591.699959345685,-884.5275530610536,621.2230191001469,2551.9859040395404,-913.3953338633901,603.4481666645679,2501.2021710195113,-935.9623272991681,591.738954639901,2476.6096768616485,-960.0804983897538,0.015605854105745533,0.016950413489499827,0.012431555667987051,-192.95663936654287,-300.87719491550786,-800.5643002025706,-708.9817197187729,-2498.611235719914,-1389.196576606781,1.110012176736765,1.0,2.0,1.0,1.0,625.9172469086407,2585.0187823409883,-879.7418398378571,-708.9817197187729,-2498.611235719914,-1870.0526627031015,-9890.291931421609
605.9480258495987,2490.560003163544,-591.1005042142801,602.499906266369,2442.123854841632,-580.7397302101358,591.91755551963,2399.1103268033617,-597.1459923069762,587.6276996812211,2363.544097359258,-606.1846197800445,0.013488702609940666,0.013887788431767089,0.01717731551817424,289.43315101147766,-174.54380396557434,-802.3531934932195,-367.30067726145353,-3102.287181838462,-2097.2080754313147,0.8154461934401187,1.0,1.0,1.0,1.0,605.3117334563262,2493.4231724155056,-585.608614937131,-367.30067726145353,-3102.287181838462,-212.26952553484998,-10042.303491527098
-294.91377794577954,2458.9980034175037,-813.0056794921536,-290.0661857678536,2412.5344731757,-809.7944728171732,-287.2994142565635,2369.53390112821,-809.1296238220167,-300.2440532101953,2320.9112321486127,-814.0680088872392,0.013288021565733117,0.010909076932311173,0.020477168817522994,-325.6874648863342,50.504881975675616,-988.5669154543428,-44.41873759015761,-3209.9714756781987,-1843.8551175244684,0.7053257326844333,1.0,1.0,1.0,1.0,-292.37341169371376,2457.9834887343254,-813.559703383459,-44.41873759015761,-3209.9714756781987,229.27983010211028,-9563.806411976526
-53.55529051773846,2673.6741608992925,-818.8536104413912,-59.70327848921797,2638.470591372316,-842.6370807304174,-68.141516249707,2607.948288630312,-873.7768660382316,-73.4755829329199,2569.497233215849,-912.3712730907291,0.01499126394326752,0.01744296898657535,0.01672785952401188,-528.6258471296957,-137.46210448363306,-807.3943642773199,-360.0804852031914,-2128.183551759593,-1977.148470933383,1.2708379075461391,1.0,2.0,1.0,1.0,-53.31960666148075,2671.7401838390306,-809.6115769190626,-360.0804852031914,-2128.183551759593,-1988.2969740768187,-9910.8007884574
569.5022760112589,2567.2792053224935,-905.8536167309373,539.9176436623494,2521.7797421961814,-903.8688365492229,524.3365181402942,2480.4866519452466,-903.4521337980976,506.44607941990904,2434.6500069550843,-901.0017955226202,0.017111391247024293,0.012842618517895373,0.01733848677298745,-532.8233296078748,217.5746354883885,-972.3565860575554,-1323.1867166030224,-2839.3460548718003,1169.6221378014357,0.7827075034620935,1.0,2.0,1.0,1.0,565.4216451726354,2574.231861031987,-914.1154279343154,-1323.1867166030224,-2839.3460548718003,477.56430739861105,-9792.4332344472
413.37042193913544,2536.9082760253946,-760.9244339963476,403.9547366988311,2518.6332852980136,-773.9941198324022,396.30036700162105,2490.4315054466074,-794.1492677952527,382.5430055650254,2461.8960352327395,-824.6300641883973,0.017979328814286932,0.01401662283610692,0.018130683887180837,-372.2114577635952,123.64986264849155,-904.669632165146,-600.8548292715981,-1839.822770126928,-2018.355595277858,1.2648733644624193,1.0,2.0,1.0,1.0,417.9126427285578,2543.0168053653942,-758.6920628815901,-600.8548292715981,-1839.822770126928,-1107.7735946443347,-9754.042447227983
-264.03325949290905,2476.484395238791,-713.1103823078008,-264.971709864089,2431.7673826931264,-737.4348674273831,-258.89689410144524,2387.9578026465842,-767.1886562882761,-241.81374128000755,2352.545369246463,-785.3248170676014,0.018690983059618707,0.016465077735761547,0.011017326037151838,70.09390579008212,23.549692477879947,-889.8447779622636,358.20692574059916,-2588.001202180657,2299.333238369753,0.8988266131674686,1.0,2.0,1.0,1.0,-268.4116390347839,2469.2108285386016,-716.5551942434606,358.20692574059916,-2588.001202180657,-1384.1901032326678,-9728.26834958766
276.97717833768155,2620.6353893044206,-501.0203787343753,256.8404889427498,2591.7800353399507,-531.3804933133915,258.6554788182928,2551.4044549856194,-544.7907601931425,245.72985651677718,2521.4779347988792,-574.7415252327213,0.01617342092769005,0.019114160793759133,0.017225451046230182,-371.4753434882004,318.11720986661453,-808.748162858023,-577.8750205204121,-2051.154624020591,2755.892951434842,1.0674869672323188,1.0,2.0,1.0,1.0,275.744679494661,2615.410388769665,-503.4774188143133,-577.8750205204121,-2051.154624020591,-1210.6600482721874,-10040.496588371903
743.1147074265077,2533.2347867346093,-908.7236849408861,733.6857904992737,2498.342777481423,-900.2235016540324,714.8530033238251,2458.136291626924,-904.9576051616112,693.1947387331809,2419.236602749178,-914.3900440724946,0.016360825559503904,0.01261108491512137,0.01913433341041534,-620.4823070497177,237.88338218807309,-911.0855849569466,-1481.4461582248343,-2461.476360898923,-282.9051512367442,0.8818937561149601,1.0,2.0,1.0,1.0,757.2626200993798,2527.056397824062,-906.9245770620502,-1481.4461582248343,-2461.476360898923,23.60013448206955,-9668.309049907466
572.1932703917432,2581.788321975526,-955.2896324602181,570.880648729492,2542.004689285723,-979.4048602552992,564.6424650441136,2494.2459368798827,-1001.164089329919,556.9178299577445,2460.646076852493,-1020.5966280556468,0.015516562667557528,0.012216567401574487,0.014835987895236324,175.61299438499026,68.73980759153403,-1018.9364386761685,-424.1512994847981,-2684.3049171550438,-1444.5161926599071,0.8924308820356324,1.0,2.0,1.0,1.0,572.1944594032761,2578.564905131504,-955.4916715761201,-424.1512994847981,-2684.3049171550438,-918.0585139049751,-9811.268721409027
-363.59429896675533,2439.4401708519695,-1025.3398881981404,-357.08134755392126,2391.9945319405974,-1055.1835607538576,-358.74758257812294,2339.9826460135605,-1095.2208320602101,-357.8381135459599,2292.146072904803,-1131.4746596934604,0.012580211034808327,0.016298205941549605,0.012311528723668825,-173.30475909618093,-2.9818797484531743,-861.7698131948047,261.4554942183195,-3318.82135570208,992.4404078992237,0.6938100542999738,1.0,2.0,1.0,1.0,-365.4745473466454,2436.3518166925733,-1022.6497920368921,261.4554942183195,-3318.82135570208,-2052.4054658007412,-10029.597618861104
73.1749921034965,2596.924786738629,-642.7667723769652,84.58349365983031,2571.1691368262696,-672.4058195391694,81.8611741356964,2543.9409880694852,-702.5343590941757,88.64796430217785,2520.0826856500103,-726.7091660409337,0.018453442924631806,0.012451680052933234,0.016980918390869272,622.0704152349052,-28.782915334919387,-804.1524769798777,367.7741016525217,-1753.5132282681734,-2271.075381541166,1.4471139586315558,1.0,2.0,1.0,1.0,72.24813326438164,2592.7193609260125,-649.5772489542524,367.7741016525217,-1753.5132282681734,-1460.1156198645126,-9789.024920094413
603.3291726783149,2608.0800278339616,-557.4005517224267,592.9576633326036,2567.2370398532653,-573.0382275492642,582.4935526164957,2532.0148631925904,-574.6195004589022,568.2863000032522,2503.289456374429,-580.7657805388601,0.017832191906339258,0.017275864218780492,0.013151272867551161,-148.4259315112857,99.99176934257534,-845.1821598777407,-658.6392547740205,-2178.414938651012,2336.4482174360155,1.1017406710073265,1.0,2.0,1.0,1.0,609.009211478836,2605.16894879124,-560.5393812139197,-658.6392547740205,-2178.414938651012,-109.44001874339881,-9569.175659472647
392.5563027585755,2442.44504303211,-830.7147228268124,396.7440220931401,2403.5461192768653,-853.5855141181125,399.7135853125452,2354.8719029540453,-890.8554903847448,397.329521058873,2315.757357457489,-910.0045109612969,0.018288401680566876,0.015749835980622892,0.01481995933318861,543.0986928727406,15.197460851406532,-917.3045943347307,182.33152232147236,-2877.5630063531876,2038.2207614153967,0.7961418030056222,1.0,2.0,1.0,1.0,389.0285565110951,2446.7382012198545,-829.273317130144,182.33152232147236,-2877.5630063531876,-1565.935384174836,-9673.983554673554
48.479704206947815,2458.4706846761646,-533.842273497174,59.44986346092598,2427.244764128422,-531.0297921254198,60.360446427499795,2402.8738704536304,-529.1348157678794,77.39343586916264,2372.459730492441,-528.8600459874041,0.01713010396839731,0.01581931911635241,0.013938344502951415,526.392996181881,172.08868049046544,-846.7244513838407,395.1477836903234,-1922.1406428602806,2471.092609335613,1.1431122324122955,1.0,2.0,1.0,1.0,56.167133590397384,2459.436045494192,-535.2924038202447,395.1477836903234,-1922.1406428602806,193.02396296420184,-9745.200909317877
-156.8818513961385,2727.014325146052,-698.7393842055308,-157.35389639886952,2692.0103061456552,-727.3229241408498,-169.92288461959356,2666.452166832301,-750.7930590278946,-170.11223509000834,2645.2122098193954,-771.4567814374209,0.013257295743929387,0.016954185713604655,0.010998679650904553,-702.5681224484708,94.5338686737542,-858.8301116543892,-371.97115807771956,-1788.2535564113307,-2343.760106381885,1.428789838891552,1.0,2.0,1.0,1.0,-155.77052007422338,2723.2665965984,-698.4951668672775,-371.97115807771956,-1788.2535564113307,-1553.7727373947055,-9603.117993543814
-268.9309397324185,2503.209801047811,-900.1292263158609,-273.0767285144275,2466.5337138852306,-929.1778313561972,-277.6836600014176,2416.946628435327,-952.0309079778277,-272.98053317326054,2377.9700336292526,-975.9881498247055,0.01817379365819901,0.01606628143767233,0.014497444142415668,-333.5180266501051,-8.415180823194643,-819.2399264484384,-63.06652781401601,-2515.203688202393,-659.3773036080673,0.9512624807617136,1.0,2.0,1.0,1.0,-270.4514988360839,2506.78850737919,-899.8265575426699,-63.06652781401601,-2515.203688202393,-1416.6600120101966,-9748.662907976128
194.0998078373412,2456.018955253032,-723.3467609511825,185.77051832115254,2409.3653723853736,-730.3410271825824,189.57557274162812,2360.989412294693,-734.2017952719987,195.23582780878544,2298.932439087469,-758.6460576844216,0.01561624992818239,0.013982518707384508,0.015433907123948067,214.1616679432072,68.48406180001226,-994.333778886307,26.88012684637849,-3038.239421031569,-2411.196941986933,0.7399673242404856,1.0,1.0,1.0,1.0,193.0607683687997,2453.502007309795,-717.6631443595581,26.88012684637849,-3038.239421031569,-480.86416396801917,-10089.594338467787
-350.1085307576542,2635.784754982725,-746.7960290680852,-341.5013266714858,2614.371936344655,-766.0397227673885,-325.8160259400625,2580.1649509434556,-785.643597560792,-309.8987851285244,2551.452465266409,-808.9565817699879,0.014990465265476333,0.016234129379975527,0.016051179104436104,576.6787685864952,190.8034318696948,-871.1023733652535,698.9168512201621,-1854.4830952013353,-1905.4734968044663,1.272724226250106,1.0,2.0,1.0,1.0,-345.8914750241205,2638.7211175354632,-745.3791457411116,698.9168512201621,-1854.4830952013353,-1085.6364987372508,-9755.94826267827
397.47973168585236,2600.9522040415663,-622.7285460523676,393.9106477810232,2567.77178565058,-621.4619877654027,396.7901216833602,2539.0115222026448,-631.6676486301114,387.60873864557084,2506.168400888388,-636.8320299767963,0.016639396540311335,0.010010010191188006,0.01627870728232271,348.52157185304907,147.4866355576077,-800.6132468783138,-42.00475013380225,-2214.5059678396224,1862.466953250313,1.0670718859861763,1.0,2.0,1.0,1.0,395.14684450156597,2605.588259859581,-623.3237880754618,-42.00475013380225,-2214.5059678396224,-211.85643428525057,-9658.522479120333
597.1555648526491,2439.7089423938855,-882.9606044047596,582.4460537809033,2393.041928956148,-892.2195370759289,578.3279840496552,2348.2746730133963,-914.979038664772,583.0144970333438,2299.2060695761866,-948.3452307234484,0.014609463789858378,0.013672023049182929,0.013738623157290273,388.07253210919015,-34.17409238418789,-887.2735327126632,-250.83618234431376,-3057.03294091978,1300.511644790568,0.7679798900036691,1.0,2.0,1.0,1.0,591.2498398080868,2442.0225897608343,-876.8931366614522,-250.83618234431376,-3057.03294091978,-1219.8376741794234,-9836.263429093608
-464.8827739146359,2532.733345410916,-973.1144981607025,-462.7492611853499,2484.4483733256025,-999.0253902505832,-466.38141922870363,2435.2222285586377,-1019.9784725147985,-464.49866676563033,2386.495491102302,-1040.7202075744692,0.0162422297892037,0.015508886842950743,0.014561901331001381,-379.3881932439882,-16.632406423160134,-900.7465050222154,108.11053447613945,-3189.940856769705,-135.2861465701516,0.7536869820368448,1.0,2.0,1.0,1.0,-465.87662082489555,2535.320278992607,-972.9878106223339,108.11053447613945,-3189.940856769705,-1193.1828652635081,-9722.664792236466
-280.315922429819,2447.49303798647,-837.066203701638,-259.8637782440824,2404.2159211945313,-874.2311478796879,-241.40939090249694,2354.4827988368206,-898.2058954158721,-221.6542862614856,2299.8467430992355,-923.7467100288072,0.013209667280485721,0.015156971967236713,0.017435785237750717,612.2120795676759,242.89765330790377,-972.465661474656,1317.898995735864,-3275.708637426002,-2330.720637815599,0.6291975755145274,1.0,1.0,1.0,1.0,-277.3697425540332,2454.000983570455,-838.3108668885302,1317.898995735864,-3275.708637426002,-1671.429726700027,-9835.48503055839
-267.13141394823964,2554.021446719605,-1002.0145484017677,-250.88597170612866,2500.3195364502685,-1010.9719211332169,-244.20236852963993,2444.246392759936,-1022.6347619299024,-253.51260958787583,2405.7733026655055,-1036.875060830037,0.015337468024880164,0.020849542268410542,0.013255533633818463,-2.96505660253478,419.88864217251466,-1019.877032057189,332.95839745327527,-2687.5406923583737,-875.5782412954513,0.7405574560728914,1.0,2.0,1.0,1.0,-266.0021905906214,2543.0457891356345,-997.3954321635745,332.95839745327527,-2687.5406923583737,-583.378725022621,-9503.928984138964
252.8569407184732,2575.565688511161,-827.9489338438408,246.22083110287267,2525.5914145652573,-826.6330946987224,235.77099889269684,2487.384701984928,-824.1573423432984,229.01049720448296,2449.3573327639247,-837.7240104011959,0.017776438586182643,0.012066318785364082,0.014206205515921576,-208.7975404182038,50.6697365370913,-874.8031168447916,-489.00638653154607,-2695.437425319885,976.7150218347857,0.8909510371125324,1.0,2.0,1.0,1.0,248.42343098879246,2570.903729211176,-825.3932030767508,-489.00638653154607,-2695.437425319885,-18.878248954273765,-9661.06638981299
732.3901216042708,2504.381232581426,-987.2730326976393,723.3070845034528,2449.397847327271,-992.90965268541,683.261828079188,2417.5554692179594,-1004.6764518848598,663.0232371549484,2357.394348611527,-1021.2490055491369,0.011956286834549554,0.017088487449141217,0.016766468434601382,-394.72247294272444,207.95847760403075,-984.4820461718839,-1452.6883209244309,-2959.7672454481767,-506.36825356589185,0.7291887572817084,1.0,2.0,1.0,1.0,731.1109757737077,2501.77809282636,-984.3213804535671,-1452.6883209244309,-2959.7672454481767,-504.1876829088576,-9577.361689027346
-375.11708032288334,2536.047313983109,-789.7606792324723,-362.01403919761253,2503.4264770918817,-824.6458529912179,-352.84409684989424,2473.5433488799763,-856.3424383192945,-349.2705004845332,2443.651079358733,-901.4885055116586,0.01712209247098821,0.015874926591210176,0.01684179186472471,382.5617951792951,-269.8632849110267,-803.4827067603222,547.2839742224326,-2026.9570395457802,-2129.5459189532194,1.3351611890730695,1.0,2.0,1.0,1.0,-375.42650911877377,2537.4722148598757,-787.3390005723709,547.2839742224326,-2026.9570395457802,-2054.3574095061,-9772.282457894742
-340.03632347106037,2663.507344231871,-705.7092453904173,-333.9334490413163,2616.0389495406685,-715.0830376458885,-317.92116460766476,2581.694703597466,-728.1267606639886,-294.2474300335947,2549.631107508017,-748.4492303331209,0.012890276037699934,0.014438774441678544,0.019565013605840766,459.05350380122036,234.61944145563075,-802.285643367664,783.0349078660842,-2395.9536019715392,1595.0245523569965,0.9681059359147811,1.0,2.0,1.0,1.0,-335.72692768285333,2666.5123474567454,-700.8673003077741,783.0349078660842,-2395.9536019715392,-759.3224608344025,-9702.17965642147
31.61174004361561,2532.2108042655113,-560.9909206776363,43.95346105190487,2496.991821059325,-570.2871921573146,48.20155899103173,2458.388997830443,-583.5809565818116,55.69061246704192,2433.9843574100228,-584.1953601396526,0.016333481498097872,0.015741182815352882,0.011146090316994817,451.0087184630755,18.848155787906286,-944.0876239816206,387.4739554057489,-2341.7870032922074,2748.8535825902704,1.0317792453695536,1.0,2.0,1.0,1.0,34.474216401897365,2536.2691843270327,-565.9664084380871,387.4739554057489,-2341.7870032922074,-253.8687096421992,-9907.886219013846
-391.77850077855976,2505.4180135963065,-1056.0558392661148,-396.2894332907776,2445.740822795447,-1062.3340530771336,-389.3623752466639,2385.723516359631,-1093.1474429963148,-387.8161401943455,2327.341297300756,-1115.1386669931208,0.015812874529477525,0.017144439690829245,0.017561702848588177,-304.33264027108817,7.029475385535349,-1005.2539073936633,130.87036197025034,-3560.4549177186836,-644.1003044393698,0.6494809829311056,1.0,2.0,1.0,1.0,-395.94189365026693,2499.3479177886134,-1046.8828158706522,130.87036197025034,-3560.4549177186836,-1101.0259705389187,-9567.491027882028
474.3372165822795,2512.169549795615,-937.5684063236112,477.60740741071464,2470.022365862962,-977.911034114394,477.34566963778207,2425.0993857867184,-1008.4647320487721,482.21230526731244,2384.099171089112,-1048.8147533127653,0.01414170425936206,0.016495378258053917,0.016685796705349767,562.3770266432174,-242.7855882057865,-800.5167961398886,79.49760290638756,-2526.830845100258,-1260.5966122327372,1.042677120777233,1.0,2.0,1.0,1.0,475.7246394752526,2511.460032953501,-937.7706369228907,79.49760290638756,-2526.830845100258,-2082.427708161922,-10006.894218342697
-406.92979144477283,2562.6770509986873,-749.184753495264,-413.48407432042967,2533.298162156134,-773.077268368571,-402.97914082459016,2506.5356484093004,-805.2494766553065,-402.34843174101957,2471.554080089378,-826.927557158675,0.01647243058304699,0.017217418280039733,0.015738964489759415,12.52998184824641,-31.514089816639228,-870.3354247397725,310.86013677182837,-1916.8013238121432,-2073.6760524013707,1.3055711866471469,1.0,2.0,1.0,1.0,-408.6855034775805,2565.751703948826,-748.1110388622546,310.86013677182837,-1916.8013238121432,-1386.7638185727646,-9727.19868448696
-17.751763848606227,2472.5148960106008,-757.6357684748708,-16.282936862310404,2428.2083229776194,-774.6864583161542,-9.96312737377208,2374.810267226599,-793.100718564591,-12.425149119081976,2320.510192565531,-811.0578962953157,0.013360129410703248,0.0159872786992958,0.01254038157007941,118.75344122847298,2.320290553292864,-887.5269418036742,189.13843902824775,-3531.904874541541,-2121.4492577299347,0.6581122103199221,1.0,1.0,1.0,1.0,-13.64346609130024,2474.653702732373,-752.967275708246,189.13843902824775,-3531.904874541541,-1339.3444020804027,-10059.892990113314
331.52116572789726,2602.1338007971735,-510.91891427556067,323.9868080479447,2567.2203163268396,-526.9013821868297,322.36485933100715,2548.567865763341,-553.3469048895531,314.7100671776444,2512.3921960515618,-570.7924231336606,0.018590691086302395,0.016420438673692576,0.012606205164545636,-49.93170117104605,437.5260565170262,-800.5190786806686,-333.6334028685789,-1906.4641189396634,2576.701252568901,1.0873826650754572,1.0,2.0,1.0,1.0,328.7422110847899,2601.362831513551,-511.37467549746646,-333.6334028685789,-1906.4641189396634,-977.9788981841906,-9828.43834752106
367.5256860667027,2540.7565386175925,-871.2405471109066,354.51427842802605,2488.254342375699,-895.143774840671,335.57642283176506,2450.9569234981213,-927.3363766616526,314.70484690564126,2400.9356987464957,-951.2476364536515,0.013693831193747572,0.015875700850320612,0.014625537972378533,-444.2208729873905,82.3479953423127,-1001.7133243303172,-1062.6088792234732,-3217.7787471830493,2234.654857205142,0.7208049299835538,1.0,2.0,1.0,1.0,368.6749196185676,2543.9487369373505,-872.5643547343541,-1062.6088792234732,-3217.7787471830493,-1577.8154180027107,-9698.383986412873
-425.16915678958793,2589.7956434942616,-599.2355636259593,-428.4145626590533,2553.851902472052,-620.4389922886617,-430.7361794456359,2522.4265660970327,-656.6200567232698,-427.4542886152865,2485.8480662121756,-677.0674919555244,0.019179457234276723,0.015078910916299003,0.012008459118362153,-454.304883097122,109.1233536089166,-811.4758187496059,-22.574784342285653,-2347.487067025908,2615.2469238679746,1.0137331727310614,1.0,2.0,1.0,1.0,-430.37561169430273,2597.4596446563824,-591.7970095683143,-22.574784342285653,-2347.487067025908,-1568.0845916573153,-9973.348819314608
652.1428236067279,2440.4372572740913,-930.428035304737,632.4620218015077,2397.899500427612,-918.7318869434899,604.6431273210551,2353.443131268392,-928.1100166760964,590.5577690063205,2317.032148223922,-924.6311516905895,0.013818546420454282,0.017581204418733627,0.01680455004203467,-446.82206867149324,210.66886989240936,-956.1225868978755,-1383.196763386416,-2811.6560700416303,794.6825782184625,0.746795699118778,1.0,2.0,1.0,1.0,652.8193582207068,2445.9354455755033,-926.6603932404386,-1383.196763386416,-2811.6560700416303,214.3247839602165,-9947.84521733016
-110.28288261849852,2508.780704907583,-800.080733729127,-116.80857305974477,2458.1338243509517,-835.1443879186455,-124.66737178044012,2401.804464210902,-865.682569075093,-129.96828975360987,2351.089666162169,-901.2533187865159,0.013331300256527439,0.017367611159529707,0.018109421673607413,-326.41943381180494,121.07101965973757,-1019.4622397834288,-279.8348423676348,-3187.7069455765363,-2756.337558131952,0.701191666910336,1.0,1.0,1.0,1.0,-116.54330203607856,2511.8512288421334,-799.6634025682915,-279.8348423676348,-3187.7069455765363,-1820.1263746244895,-9746.733362740895
-199.99047433154513,2461.4252879887276,-671.1128698817375,-188.76263241017003,2417.5891756076808,-701.0277762671103,-177.43226506217206,2356.8201486592043,-728.3844354664631,-165.9102562715869,2316.0454194627273,-757.3302093860402,0.014637939154098903,0.011773139793203345,0.014632761538166852,437.4965236757568,-67.62030875961602,-808.2441330957031,840.7046513996295,-3331.437321684605,-2281.0324093567024,0.7189561595145315,1.0,1.0,1.0,1.0,-201.43901138796224,2464.2720557206853,-671.3391433151995,840.7046513996295,-3331.437321684605,-1560.033780048448,-10114.548065720006
-174.16973581182782,2470.6608878271236,-1005.4581009154517,-173.81366977832582,2415.918967312584,-1021.018920063342,-152.69944693019846,2364.4395580826176,-1010.831693414959,-155.78354771425728,2306.844252464828,-1008.114573796446,0.017673537456260307,0.014437098972746434,0.014751312374783391,311.58786799548693,65.06926582304595,-1010.0927327975289,681.6403626913393,-3308.144554929184,-10.543952526712232,0.6781380511962104,1.0,2.0,1.0,1.0,-182.60139495573344,2463.4740681467056,-1016.7123778528817,681.6403626913393,-3308.144554929184,357.04926766476507,-9550.982089501887
515.3832799930777,2493.1426561563208,-693.5226401303225,503.92551954334795,2458.687139329434,-716.7216458900433,502.30833074535286,2410.2860154616114,-754.5293947432118,484.3363418082173,2371.0796501181467,-790.8303963135313,0.014913032592461085,0.01813367583315533,0.01433760285414034,-102.32189266728349,-67.83130170599276,-997.6093501528834,-686.8764561211126,-2817.8800603728705,3123.2072619575515,0.862615688720244,1.0,2.0,1.0,1.0,522.7356824029301,2496.4395532333147,-694.3745311564307,-686.8764561211126,-2817.8800603728705,-1872.5056112162968,-10303.99790001745
-418.6622964856334,2541.173806757917,-1075.491172566383,-415.428951601161,2488.395833480854,-1108.9699143893918,-404.55574564784575,2436.7571809514957,-1136.175713334334,-392.7456497001475,2386.276733123805,-1129.82063328204,0.015529954662489874,0.017718704535907154,0.0123197387054794,-33.92365473867383,-2.6088155379898126,-871.9752343589626,516.0823034197949,-3363.5311171941394,-9.094676379638955,0.7094316020961241,1.0,2.0,1.0,1.0,-423.5657938206198,2536.857177943588,-1072.1042654662958,516.0823034197949,-3363.5311171941394,-1975.1890592429502,-9745.546825722051
631.2331094514251,2484.364384656668,-784.7695582540039,624.9609714904051,2435.929335815331,-804.1612121355031,627.8736785303648,2393.154882264397,-810.908321580524,620.5458556970341,2334.2937555963076,-832.794322952072,0.019571642174119032,0.015424863791596181,0.014285038017157074,526.3020327722032,-165.46341742163295,-1018.8440690250961,-125.36864883103529,-3218.6866617406813,2341.3600819981893,0.7757184560171283,1.0,2.0,1.0,1.0,629.7311680578152,2489.9530785144316,-781.0857496995629,-125.36864883103529,-3218.6866617406813,-887.4641954637756,-9874.097416737362
-169.52527236918638,2474.109530856277,-493.82878246938776,-164.38656313586634,2445.5940823191168,-514.0058353481968,-170.23478324641135,2427.83420328818,-533.581209963087,-171.91903733966944,2394.9490200286814,-550.3765440578343,0.01734216030336318,0.013058880756618374,0.015639109628171784,-283.9325486496574,346.6839677079769,-803.1562605550538,-104.73123836033949,-1880.7212069292366,2695.9735579124,1.0889598493118444,1.0,2.0,1.0,1.0,-165.06259311067015,2481.302537572653,-495.27564800251673,-104.73123836033949,-1880.7212069292366,-1064.4607816085459,-9965.370798779168
567.5536804624987,2570.320777727378,-649.274816851019,558.7518260907744,2520.8648866203466,-650.1563568551612,568.6469379107542,2470.691567957856,-654.0300475210089,567.8840298731252,2429.052474338257,-660.2780375682206,0.01909857071817164,0.017494859567975862,0.013369010394970848,414.53051272549,-74.85554285642296,-956.268330068892,-154.425668715437,-2560.746735670823,2483.248953290476,0.9800375593188817,1.0,2.0,1.0,1.0,573.5889515023903,2562.7135948845207,-642.3373599279375,-154.425668715437,-2560.746735670823,-42.32580453607413,-9820.223526389998
749.2405730736476,2437.6382941887928,-926.9931528145657,744.6799013521393,2391.785070910511,-936.844571210662,739.9131186008944,2327.471361805345,-937.4398163995971,737.5328213993057,2275.0248105201267,-948.7028422748424,0.011802438819057726,0.014959819094035029,0.01336187479833835,584.7430065619649,-64.6908364750244,-975.589304975385,-224.25140251615082,-3420.1042975797113,939.0860308542058,0.6898758672885694,1.0,2.0,1.0,1.0,748.446530398749,2431.985300758164,-933.1524616829547,-224.25140251615082,-3420.1042975797113,-234.82062786671125,-9752.0545975833
-175.4186205830403,2650.3381141391724,-760.0259562503022,-170.64047552042732,2618.0168387492536,-754.1609794618621,-172.70331662258062,2596.7952191423497,-763.1254645665346,-160.5003707925436,2573.5309718014823,-765.1617522457233,0.015151146069880541,0.017294870312605085,0.015388028904780172,129.146987894776,438.2046733281047,-1010.3498013710007,222.76548106257525,-1618.449928459226,-2230.071382851111,1.317165954712727,1.0,2.0,1.0,1.0,-174.92789375563962,2647.3888256749597,-760.1995674740556,222.76548106257525,-1618.449928459226,145.52082968465305,-9899.932890444481
-293.0254249548652,2509.457457853459,-694.1019641173772,-288.67112259902643,2473.2274704848332,-717.1175274183596,-292.47258669798623,2433.9559620207424,-750.1556272691247,-288.7018535818385,2392.233125671872,-785.6731409544137,0.013802825245359909,0.014491454207507807,0.01360184593076387,-260.1827598174751,-16.3671962892655,-903.2913970527934,29.896191266809755,-2651.1156312786848,2690.4256396391334,0.9131038746163691,1.0,2.0,1.0,1.0,-288.7336224772804,2515.4482315818664,-691.5934213203527,29.896191266809755,-2651.1156312786848,-1735.581412768099,-9982.373237346952
-347.4760386683522,2656.845419927255,-509.38898570785426,-334.80579188288146,2632.744345625164,-511.3357951691941,-322.63125507007265,2593.120011152003,-516.3987557830417,-302.885125759738,2553.723649062066,-531.1282952457462,0.01649624476231655,0.014964556559850694,0.016967882020687594,547.5251992700878,154.40811049305626,-924.5907639388121,775.382564989176,-2179.7861756514044,2846.656112782669,1.1015713166571426,1.0,2.0,1.0,1.0,-344.1647504674634,2661.1622124921737,-503.4972721142507,775.382564989176,-2179.7861756514044,-299.3692246458862,-9516.452738250291
562.933871536861,2608.658073513798,-833.1538444295978,552.019046661083,2584.275932525458,-829.8595924244208,543.6988779456792,2543.1118857647602,-829.839014593301,526.2840808930717,2495.869270791623,-843.0846590047945,0.016937730386415488,0.01416490078141519,0.014056912178687004,-281.74196517156275,84.6288177595224,-851.3057027221172,-769.0419208727435,-2307.735183600439,-641.0127055765823,1.049840456653481,1.0,2.0,1.0,1.0,560.3589381840934,2611.5988438020063,-830.0273265016688,-769.0419208727435,-2307.735183600439,-46.124964993155984,-9617.412096787697
-257.4188294940127,2540.6603028589184,-430.0,-242.83613677844824,2510.8135469369854,-465.79573885082095,-238.52426612409724,2475.883471633511,-496.13419116551506,-242.007196957771,2426.9643075791637,-533.378868508351,0.010408002644630491,0.01843425391353072,0.013790460562817311,65.52226738503414,-353.220075000905,-807.379695440014,314.10073594434897,-2886.2627824761566,-3310.1493280703594,0.9623672828790221,1.0,1.0,1.0,1.0,-250.14897223903702,2547.4740213876275,-432.2180731295309,314.10073594434897,-2886.2627824761566,-1906.4177347031714,-9759.487654451988
-220.4288993395901,2498.81368356489,-576.025489966935,-207.86464727653862,2461.136773965078,-595.831364453783,-208.66069757004232,2409.022277729193,-606.4578110815409,-200.24592244839351,2368.1881577328604,-619.8747609165293,0.017613635733408274,0.018867275077587134,0.016201656856500976,110.41126879122112,-16.72581413346559,-862.1969154969436,368.74205183688576,-2863.7137506284325,-2453.4627372168407,0.8273174323325043,1.0,1.0,1.0,1.0,-214.0817368252388,2503.3422864195627,-575.4317903946993,368.74205183688576,-2863.7137506284325,-568.3765820917665,-9933.266659635146
-184.84452397251673,2581.601981177547,-896.5197497182002,-162.5114596623946,2535.926922234615,-924.929725029769,-162.59600965934067,2500.1564051919668,-949.0208825056114,-156.8472263560015,2472.8792136405373,-980.2194901650997,0.015580621329174055,0.014524151360687864,0.01764556744925447,358.18859425921767,135.6023438563975,-973.9300311200495,494.33099342508336,-2261.4755726842786,-1768.7739359943143,1.0322496598608826,1.0,2.0,1.0,1.0,-175.68887863987084,2577.995962355426,-901.8735279971296,494.33099342508336,-2261.4755726842786,-1299.5676010024501,-9994.700571410101
-236.63416341389754,2623.947853823224,-482.3856784205735,-233.382074978506,2597.3073386183464,-508.7000443144185,-231.8057343849629,2559.275744919381,-539.3996760676204,-215.16615651659887,2526.4557294619626,-573.6432877618228,0.017544706605801864,0.013822222287862392,0.016317739590223937,13.715519822933613,94.16497144251497,-838.7064992071499,211.41316830073998,-2205.6999387880846,3141.87631435451,1.1023153315161092,1.0,2.0,1.0,1.0,-229.40962372291608,2630.7199010488034,-476.82221245502035,211.41316830073998,-2205.6999387880846,-1696.7171874212445,-9662.880846605225
50.29109112385128,2503.1587168307155,-845.4643789960852,56.21419884744766,2461.5713794535077,-839.3958294849959,37.882350805208894,2416.623912972722,-843.2087060591903,47.72645324531672,2378.7342470053936,-837.7516317880275,0.016825907628637865,0.01190528027612425,0.015953401324694447,35.186767744712924,-114.58208976500309,-1016.3300784829919,-8.035611318976962,-2964.09307036273,1880.2526097476903,0.8403154107705442,1.0,2.0,1.0,1.0,42.298283762007145,2508.640277506017,-849.4635991834026,-8.035611318976962,-2964.09307036273,548.1432301273853,-9696.338200735492
559.4530374859396,2474.7506395302507,-804.9741819048315,556.0010386031488,2417.912387417482,-811.504808331195,552.3929392521345,2359.5504711927933,-806.5014873801639,543.30374229526,2306.939840632302,-813.542278539335,0.011014304309181235,0.016255517346809543,0.017673011126360685,370.6112734574889,-33.28419933776378,-870.0692500428054,-286.1645477570923,-3798.397450588028,-1167.0187466001635,0.615057167217649,1.0,1.0,1.0,1.0,559.4798749771703,2473.658118050339,-800.0693895829809,-286.1645477570923,-3798.397450588028,28.45014848789209,-9725.83052567746
113.48577427416798,2609.680336632044,-768.6136682228846,108.05583716694662,2581.138608256021,-789.3650666767729,101.70407361784646,2551.736810390214,-808.401893314863,88.79277322725011,2522.3763180830833,-823.8400711544748,0.017729443910162065,0.012641416937265202,0.013411133574510584,-448.8271574320052,38.89808156782823,-801.1828719395905,-447.08552323840024,-2051.248248901254,-1344.5189095948817,1.2112180055780575,1.0,2.0,1.0,1.0,112.2651742321865,2613.2146339389137,-765.5616354447343,-447.08552323840024,-2051.248248901254,-1064.5120052910559,-9480.316198159453
302.4977970775487,2590.9124944352525,-582.4037014361877,299.3766427267404,2553.1676035060777,-607.1533173438622,296.1659267709689,2515.612361410188,-637.5123250857777,279.9160700512401,2476.930582090077,-675.8442389960192,0.013949104664175411,0.015028930902149863,0.016523544014485192,-21.73530915885556,85.3026879446993,-830.570614981357,-301.471776897266,-2349.869894248355,2918.969858082365,1.0194984204191888,1.0,2.0,1.0,1.0,299.33213323673374,2587.9141253192015,-579.9283268428555,-301.471776897266,-2349.869894248355,-1870.6497831611016,-10017.679779951772
-361.26445432805434,2491.6185003352175,-900.6036065201192,-340.96681536189305,2432.215178965076,-909.9401962459636,-325.5891586500816,2372.8878159187025,-928.0020237307505,-303.03792343914387,2313.608018609175,-960.6554448165464,0.01668144958694205,0.01625117240370071,0.013242295280666116,447.94558654850914,310.67443246115823,-1013.9397673197288,1415.5066435392007,-3785.7087643963596,-1878.5337211905355,0.5288250827286916,1.0,1.0,1.0,1.0,-365.97073348653083,2487.45697198906,-898.4401455214713,1415.5066435392007,-3785.7087643963596,-1095.187433350688,-10084.373086404876
294.2218973990081,2502.3858402830315,-849.8578131524291,296.87301246133205,2466.960110969844,-858.7401020906036,300.74932971421043,2429.4875946462007,-878.7888038817317,306.4336081315142,2390.121487586916,-894.0969097987679,0.015383635861493014,0.013745233075368311,0.019868233068258564,491.63856155245503,23.89127778704703,-848.6184479367085,196.8633727554241,-2427.786231194696,-739.0685645527155,0.9710028979948804,1.0,2.0,1.0,1.0,290.8379213419246,2500.233233605635,-850.313772332474,196.8633727554241,-2427.786231194696,-762.1399136121573,-10080.806845915724
647.2784047433548,2511.8321937578244,-645.3716332723384,625.5471551170341,2444.5803645233295,-669.53159762886,605.3863626104051,2393.1645348080774,-698.5214804453549,598.3446052265087,2353.3561508570747,-728.6123435645676,0.01771854041011478,0.014917932808150427,0.014197934809810256,-288.9510837359233,-362.42271338257154,-802.2545851387374,-1155.6470191270491,-3542.1761669067805,-2468.443590859713,0.7631655919719251,1.0,1.0,1.0,1.0,647.1230017569869,2506.7399818119234,-637.505019237217,-1155.6470191270491,-3542.1761669067805,-1687.244720763812,-9853.646797534768
768.4512690160751,2619.8531488587655,-816.9809695943253,755.8334228449212,2580.279571263584,-845.3562180058528,727.9036613311359,2547.1692846521214,-877.155616972771,714.5488616177589,2499.877580977607,-910.4342826549849,0.01808919457096115,0.013917793024753752,0.015921005202051385,-392.77336490933834,391.5055869988404,-806.4061980138263,-1270.7839253965408,-2434.2466138016644,1639.1507293827094,0.8670720072022344,1.0,2.0,1.0,1.0,769.9939268284961,2618.8412386273712,-817.2586932748005,-1270.7839253965408,-2434.2466138016644,-1702.6624271546102,-9753.694671226442
584.7590679755768,2461.0594991659996,-921.5040836228308,565.4644266972639,2409.195358104859,-940.1931739979098,559.3522976030332,2362.374175191271,-962.6342431854689,541.8666581778647,2306.319174369953,-989.8689273493218,0.017069489281973257,0.014067153524701538,0.01906615106094875,38.9846262766838,-5.375373690185217,-882.4722979644092,-680.8853105217726,-3122.9061981134673,797.1195977130342,0.7397972061323771,1.0,2.0,1.0,1.0,576.8840215888838,2461.7205228194553,-920.0957411957778,-680.8853105217726,-3122.9061981134673,-1172.0788526555277,-9798.759987180483
-216.62217289695835,2504.09411033736,-468.541938919925,-204.02325852445978,2460.045246897407,-478.68481784179846,-213.4537302973741,2412.9913890162916,-507.1259702038866,-213.6459467557901,2372.141723783064,-529.8569918478557,0.015306411399483225,0.018592751546774283,0.014729446397701143,-215.38181024201648,-89.51534305056909,-807.0027227960087,-2.078545147453383,-2727.544113365076,-2763.745980147659,0.9013713906560421,1.0,1.0,1.0,1.0,-213.40719235193671,2501.6515646462617,-467.2140906075557,-2.078545147453383,-2727.544113365076,-949.8648092204604,-9913.014548355533
-41.138007652020676,2528.587054706945,-823.569039049509,-34.6842310829281,2489.2324985674486,-866.0465507429303,-42.61092995334578,2446.821253207071,-902.0217270094516,-52.04180583124099,2410.1497304640097,-934.4183985836784,0.012645908409004864,0.013864780905106677,0.019021510474150308,-289.59097029096455,75.62148712811859,-837.8592428915572,-285.96508687068786,-2793.9183025482293,2038.7162862045486,0.8344678002117388,1.0,2.0,1.0,1.0,-37.94169384475964,2534.2695933705595,-837.0082146649203,-285.96508687068786,-2793.9183025482293,-2034.7222236978334,-10071.03811151423
140.19855268498958,2492.848989099767,-498.82045871189626,133.39977078821676,2447.1110870058396,-494.4842452101606,126.58531045742768,2421.844586948608,-505.73122279934205,116.58914513029869,2385.861134778389,-517.1840210302236,0.01252997070044782,0.014064446637692489,0.01656154238789729,-381.45478303187514,53.06089867636449,-868.7350064782592,-520.7487698545311,-2424.3596985428067,-2684.1926804225795,0.961844040273963,1.0,1.0,1.0,1.0,141.897730671928,2489.542395711884,-492.02210508937617,-520.7487698545311,-2424.3596985428067,-232.78462038415165,-9491.450582237083
179.41611355225572,2438.7263165137806,-569.3606861710122,177.4056623935221,2408.914383332863,-551.6903345130565,162.43560518757928,2372.270997236915,-561.156477712062,147.04583956766103,2329.1701979097047,-558.589896174775,0.014297542278783673,0.018414214115506564,0.013779894879146298,-525.7609986712814,99.21061664103868,-849.6579766016323,-730.7113826907786,-2414.8968466828755,-2378.259970863574,0.9235083487265642,1.0,1.0,1.0,1.0,183.02904253877296,2441.660557923419,-559.3922300644108,-730.7113826907786,-2414.8968466828755,218.7512694990842,-9661.492140833167
-243.57764659850392,2469.3050608792764,-822.9257374649193,-230.88665517281558,2428.4586239740247,-849.6450086907016,-218.1700153281494,2411.8660753503564,-863.9333918673371,-197.90924698462962,2381.033882872895,-875.7033966418951,0.017778184554281054,0.0161232582912066,0.012984107930825974,657.391654725756,189.13613438967786,-877.9832616407381,796.4658277974844,-2019.2224816953965,-1241.656690268454,1.0831144492236842,1.0,2.0,1.0,1.0,-242.61473068540238,2470.857538705476,-829.5054533242374,796.4658277974844,-2019.2224816953965,-779.3881913252387,-9640.354745598357
77.37670893465925,2554.402490705651,-491.544767492748,73.39487810744514,2519.8420577544666,-508.11293204142765,55.69932819856696,2485.5035550735306,-529.3833204404494,44.95949394612394,2445.0344219007443,-548.0400603097083,0.014597327015480013,0.015073537705864134,0.018524037872452742,-536.4059837456159,217.14471649280785,-958.7210776166985,-628.7858508311931,-2382.462955308084,-3109.0236946735063,0.9318050974062039,1.0,1.0,1.0,1.0,79.80415006895487,2551.958412694722,-500.37024196699747,-628.7858508311931,-2382.462955308084,-811.7486356955706,-9825.774634534717
-203.67278659861782,2479.9188326474055,-793.9247805589447,-206.32370071183226,2435.325208099454,-821.6468407056898,-197.5814074129957,2389.6936129261917,-845.1509496305165,-199.5734181654357,2337.6773238632213,-869.2225919661887,0.014233237142550743,0.014482233739631726,0.018471140187606365,-228.96290181387232,-17.49449597730481,-918.4402113976855,-33.03840701780541,-2949.8578721470094,2037.2530715188855,0.7978133889302118,1.0,2.0,1.0,1.0,-201.04544788382543,2475.135405986914,-797.9946831065861,-33.03840701780541,-2949.8578721470094,-1308.204227586527,-10128.223299160962
-120.88821717176272,2513.1824751163203,-913.0635383624493,-121.61059396137783,2469.485486916486,-936.5828075714547,-118.77008558571993,2418.333471397165,-965.0417440711607,-128.59918364486572,2380.8586370249427,-989.1560629725503,0.014957378602144428,0.01573083072990835,0.012658349315097447,-198.03855895642914,20.420153150536613,-874.8562932551964,-96.54127687693502,-3116.5836932877382,1305.285340369956,0.7566534413528504,1.0,2.0,1.0,1.0,-120.80553745488191,2513.6871077807273,-917.9920329317963,-96.54127687693502,-3116.5836932877382,-1591.7673908601698,-9617.167656872045
-239.88099730443105,2508.8057740031636,-687.797397011921,-223.05805604285942,2450.0700042637773,-717.2358500656587,-215.72096695803307,2406.307585791902,-739.2585775489323,-198.7634232232503,2333.194977168004,-775.1952678836515,0.01879016477285508,0.0140069134683817,0.017075450335589895,276.862235665401,-220.52519642301752,-801.0534017905879,668.6703057305776,-3569.2488303807486,-2345.776017686373,0.7151274714231739,1.0,1.0,1.0,1.0,-234.6705482184899,2509.950158818248,-683.2886847822015,668.6703057305776,-3569.2488303807486,-1775.3138810092614,-9983.267550381694
-457.1985854467619,2472.0157145861053,-935.8560595821975,-453.1773753050023,2441.6704291629276,-966.7956184069225,-442.64397928362115,2404.8530569398154,-989.2590073543812,-425.769785327406,2366.4069170852804,-1032.5407794356468,0.018560945210376156,0.016324434537589468,0.017823063559788743,211.4704333520746,431.91844392393887,-1018.6713544229253,633.2313054508721,-1922.1032359169155,-1923.2953491696117,1.0072915566922451,1.0,2.0,1.0,1.0,-459.7547504258513,2469.3478739958528,-940.8893495454848,633.2313054508721,-1922.1032359169155,-1468.8834977548465,-9913.821018150149
582.6759617158493,2609.2510287108535,-752.0025955705975,579.3625881253166,2569.7048631919024,-741.950490169599,570.0829295629677,2538.7580411969966,-742.6385413925283,563.3400116560293,2504.617266310774,-751.2284706820114,0.0180568531855147,0.01594350738262072,0.013036531740837312,22.89685496807295,-75.04143524522563,-804.7923099110409,-437.7325605630813,-2071.15810352442,-1006.9603356649615,1.2479631076910216,1.0,2.0,1.0,1.0,589.7605208972661,2607.108308818909,-754.2853742972372,-437.7325605630813,-2071.15810352442,244.1583143261667,-9457.839880562322
176.79698488294088,2440.9502017263344,-858.9367590853205,160.92215252605715,2399.320286630523,-890.2958363485782,152.74936984953308,2352.4562292337814,-931.3542171570206,149.12012723911576,2314.145556068052,-967.314313988874,0.015074446028489756,0.01747568129309724,0.012672245625120503,-422.28022804984903,36.42758332331046,-985.0560381747989,-743.9560437777836,-3025.6230613988873,2577.736234135123,0.7547776270532931,1.0,2.0,1.0,1.0,172.88460697237747,2456.9260324424235,-860.5382565214907,-743.9560437777836,-3025.6230613988873,-2037.7416467047024,-10012.700067042986
480.97174602394153,2598.3485571165866,-886.4486411214889,483.3948274872342,2574.068277406639,-890.1581738526968,481.96132415681166,2528.0661884875126,-890.4217799419771,489.9306625540258,2494.8837906028516,-907.8508267461035,0.01154508649984545,0.01165960407788593,0.020329127769751595,618.0172718452936,57.30670845590262,-956.4066313910994,133.01775361412015,-2470.30041179707,-1258.2106708458928,0.9864661816525171,1.0,2.0,1.0,1.0,481.0089856227461,2601.7161326068754,-883.4231590888154,133.01775361412015,-2470.30041179707,-369.13761862571135,-9920.148652192383
289.4708174720625,2573.1610734043334,-859.6684801796303,282.11225571568855,2532.6279973622545,-871.9572519089674,277.9509231075356,2501.617369848293,-872.1261665456889,266.6659829775163,2451.2931243794606,-894.2828768488181,0.014373032448248162,0.014660023452279411,0.017915151540116695,-224.35656505527433,34.21779505547065,-864.4151426078578,-516.895036551591,-2551.079853409315,-396.6381776991426,0.9480517925593565,1.0,2.0,1.0,1.0,289.95399631355883,2572.542249197736,-860.763367152137,-516.895036551591,-2551.079853409315,-295.3029460495437,-9719.39129599228
-190.40807728850808,2465.4501088614056,-591.029484503494,-178.34176431029655,2428.728893698922,-612.2084852133216,-173.64414993383787,2390.9951015714773,-642.9370913722445,-159.01364549501722,2352.8619919178714,-666.9013422395651,0.01578737481689891,0.014487916869528144,0.013506483503668364,287.7400227987073,154.1857546216604,-980.632583533869,520.6028586973738,-2516.5691385620216,-3114.0892357457137,0.8762182248099053,1.0,1.0,1.0,1.0,-191.21460720287615,2469.4293620987155,-590.9220392748673,520.6028586973738,-2516.5691385620216,-1490.7668816452388,-9590.704117800697
354.9402923740796,2447.930165401988,-575.9813941596543,360.95331709279964,2412.8189249146576,-623.7727656353236,368.31867307643773,2365.191872176199,-660.8663548443401,371.62944726136436,2318.917902283484,-691.6995310193396,0.019062388901813825,0.01667252350296669,0.01745460159640489,692.638035269295,37.17139412163044,-850.2041207852305,365.0139788212796,-2593.5462023438477,-3077.4508441305466,0.8768104859988153,1.0,1.0,1.0,1.0,353.17503496550876,2449.1693623014044,-580.1070089407181,365.0139788212796,-2593.5462023438477,-2092.6839982404804,-9425.60507233327
-267.88385573953553,2491.6043417857395,-904.5884888373897,-262.8882165743684,2463.749325647805,-932.5339453039621,-269.6951598635456,2436.332688856893,-971.3100899121306,-263.5868112510045,2397.0841902217153,-998.1875818121703,0.015876794331552042,0.01662472387361608,0.015361371257984285,103.11143909328783,30.18010050406505,-914.3957646256988,302.6368149034434,-1989.6377005549175,-1992.435384950033,1.1921371105368432,1.0,2.0,1.0,1.0,-272.15821138698243,2497.330849192161,-899.3504436581144,302.6368149034434,-1989.6377005549175,-1920.101003741577,-9420.248042825571
617.3133986124092,2486.798594585332,-704.9551257019042,617.6462353802591,2442.008250913422,-736.375613395599,613.88432401576,2409.098921749171,-754.9482986304143,615.979773099329,2365.531449615198,-787.7439100096639,0.018239121981904208,0.014551938717643105,0.012348438838599027,419.05362845353505,-19.073778594005233,-887.9003056182128,-214.08910350748386,-2667.613049285154,2304.4339397025306,0.8948605004618544,1.0,2.0,1.0,1.0,620.2973857505708,2488.482487734032,-714.0679516950174,-214.08910350748386,-2667.613049285154,-1368.8808879232986,-9885.758354983433
165.15839987509142,2465.3568233652977,-1003.5809485350202,167.23685536798524,2421.6651573637796,-985.03135954853,163.34996561958033,2385.152578824181,-980.5712794553606,157.67939741539607,2328.8712892697367,-975.4965503882254,0.01412318779381846,0.015621968291614632,0.015091574259700362,46.26447091367368,6.792003564958513,-970.0288974192304,-143.27227861058435,-2912.5918738717664,-75.94080438267446,0.8001632696548672,1.0,2.0,1.0,1.0,167.3295463396173,2467.932136986604,-999.0204908863332,-143.27227861058435,-2912.5918738717664,766.2712339273331,-10006.54415112911
-357.70170506564153,2637.3220613417425,-664.2964739138029,-346.78626000521365,2605.9847351785984,-675.4326940239896,-344.602671444819,2585.5271579828977,-704.821939460234,-347.5481252742596,2566.4254163366686,-733.9198944230549,0.01573323260538976,0.014056796862461546,0.017054487825907794,-46.47978195750008,414.15604443846064,-945.1085264623983,206.8051367000985,-1476.7628575409485,-2713.397856348181,1.453155482706241,1.0,2.0,1.0,1.0,-356.68748700764866,2629.3003307499093,-658.8241499593726,206.8051367000985,-1476.7628575409485,-1283.1429816473355,-9984.38434676923
563.0266098292756,2509.117463229198,-668.3379929970336,559.88957903376,2487.9571099166074,-667.2170383741378,549.4969285127509,2451.570290623007,-678.0905347019287,551.0670230330034,2421.492287910944,-688.0970562020447,0.01575019097999138,0.01325023979393086,0.011764349294869959,118.09036765359178,295.3699850621573,-803.6923253097362,-418.3839693713988,-2080.291705974085,1767.4432081775071,1.024235219931207,1.0,2.0,1.0,1.0,563.6692950341278,2510.880651924571,-655.7010336434452,-418.3839693713988,-2080.291705974085,-539.5927852207765,-9572.493372369281
-167.2769710714754,2485.0257695570253,-781.8056248935283,-169.30966113145172,2451.23479185439,-786.114144260774,-165.4343378620543,2421.283717958832,-791.5086532743244,-155.60175936650475,2388.700696625833,-801.7632368465061,0.018095775575456552,0.015332153658962368,0.015338627314478853,193.70389934474767,-8.17748934278539,-825.0660276740182,307.7824603937998,-2069.084937028488,-899.0205181833471,1.1562334434510986,1.0,2.0,1.0,1.0,-177.17396542977997,2485.069859776547,-782.5503695113017,307.7824603937998,-2069.084937028488,-31.162334537736456,-9500.807896152772
-93.68807268827385,2436.114829601514,-620.4137583966913,-84.15203895941153,2399.9199033086993,-632.1633479799264,-69.82023412190493,2373.8676221779765,-634.382608790226,-64.26521742883732,2326.0197338672187,-649.378672422913,0.012028265511162494,0.01678337268550089,0.015795890260205184,527.2068292483061,106.50768904905132,-937.6959816888851,612.0476684267883,-2311.6369050579606,2587.0396309866387,0.9653924715431319,1.0,2.0,1.0,1.0,-90.96131586274794,2441.2609631575965,-617.5741317313853,612.0476684267883,-2311.6369050579606,-479.87940151415006,-10095.372681056362
-389.4818532578755,2522.228196942581,-627.5645681924851,-378.1548322967728,2480.954282435246,-649.5633437094025,-357.789870676805,2423.9603028549705,-674.9283201509877,-344.3798554548514,2392.1346018088643,-699.8284312348238,0.01692964649329883,0.016817976650425275,0.012845143021551889,500.9037440582421,205.817092936954,-920.7834329384295,1038.4687351544871,-2689.049864799302,-2712.9660632724203,0.8134072338347247,1.0,1.0,1.0,1.0,-392.17936817461873,2518.399976664349,-629.740213165947,1038.4687351544871,-2689.049864799302,-1336.2883102360638,-9577.579559853199
239.6438278045744,2528.738521310715,-674.9187922475944,226.5577254772193,2506.338087354408,-692.4101188835359,226.94048295795588,2467.885382675426,-709.0136804054234,226.87188627411672,2438.9275553812045,-740.3427022015379,0.015511818924138355,0.01710706510615943,0.016631512765829713,-466.81615139283105,-102.42089341022472,-807.6792912862757,-507.1375475768773,-1864.800378419711,-1911.4827705556222,1.3607496032038644,1.0,2.0,1.0,1.0,248.24779069056387,2526.947640161573,-674.3647735702714,-507.1375475768773,-1864.800378419711,-1026.7220118868322,-9751.888173059382
-203.3916334323962,2469.2662090783438,-924.40768561779,-197.572218757937,2435.5211582911766,-934.1572866336572,-178.2289328639457,2418.8519143120607,-956.3589113110817,-162.58837126143877,2346.066790154179,-957.952262063859,0.013318405928126824,0.018405117020964507,0.014807123882500557,571.1779234350458,215.5468983036693,-950.8288445678986,858.9014858511936,-2507.0337389771935,-817.8549621218804,0.8534693531684088,1.0,2.0,1.0,1.0,-201.83341383102942,2471.8772633831445,-925.4186541597369,858.9014858511936,-2507.0337389771935,-393.46716073812536,-10124.05547544939
-401.91146826248746,2544.440525823086,-767.4083063257351,-381.9667007912311,2501.3386274887093,-759.9346077396566,-364.12201045569714,2449.8892495061873,-759.4436200862131,-344.34124574418166,2408.5405946668775,-763.1023592434456,0.01923866958313288,0.015138590980812012,0.01618905426158824,537.6983592266877,271.77217839910287,-980.0787562927604,1176.9498096083585,-2853.5850467648665,-2105.81664496841,0.7494336851744675,1.0,1.0,1.0,1.0,-403.86148845999844,2554.6402158110013,-760.0472740980683,1176.9498096083585,-2853.5850467648665,248.91851730675396,-9937.293757706555
-218.8573915030952,2493.7551655712177,-959.6757797287912,-208.79177771584187,2446.1632856463307,-958.1276073119183,-214.37409454243166,2399.7687861435643,-952.8362820822452,-219.12165913304656,2374.6056480121606,-948.165381121458,0.016137462626442407,0.016039199031170532,0.013254426655858562,-326.6940354680992,8.063849321413961,-944.7490021275452,-124.03884147485655,-2780.1197781166798,-43.457535335501916,0.8495689116865291,1.0,2.0,1.0,1.0,-215.6792723480994,2496.2710507358324,-964.6121470527768,-124.03884147485655,-2780.1197781166798,621.6656836568122,-9662.548335225483
-220.65696240748386,2500.989647799191,-693.9222920368638,-212.23989654346678,2479.423659538296,-713.7273185904104,-199.49037095167952,2448.1441785436064,-727.8326002750584,-190.77768527288066,2423.7686357755833,-746.7990857143473,0.014066504748056017,0.01477681407801815,0.015525702437996131,617.2595221857067,-64.2906034772899,-808.3507537219518,609.0165617340433,-1871.36942007744,-1853.9408571048589,1.3306309787359223,1.0,2.0,1.0,1.0,-220.13825019860394,2508.842349129208,-691.979298582051,609.0165617340433,-1871.36942007744,-1069.6702616810037,-9854.762227118767
490.98799306883114,2648.0344202201995,-496.9197717253264,478.20169178654527,2620.353043429905,-499.7962458473924,471.60780756301887,2584.38116977514,-511.8914155104196,454.2362975398852,2550.0733268621734,-529.9842306457513,0.017082565685874008,0.01565388821835887,0.016754635117882243,-156.44813313600523,208.41996757687735,-807.7116453675883,-553.9356681560785,-2115.614821663883,2519.2023310760346,1.1055089109778822,1.0,2.0,1.0,1.0,483.34756358426466,2651.955086598673,-501.24412460526264,-553.9356681560785,-2115.614821663883,-323.0254966979588,-10185.581023368308
-251.95548626436914,2457.6743151782,-773.2756187678882,-245.1102887864196,2397.347231411365,-764.1804316402772,-246.0667323580655,2319.98694489049,-773.7717561440148,-258.32615310050573,2261.3854722989904,-793.9923476663653,0.015846494180373823,0.01715436347089501,0.016039282117836895,-403.44977246890613,-195.39942514035752,-801.5586311576549,-242.51703141535296,-4170.581199855149,-967.389228632713,0.5859598602308947,1.0,1.0,1.0,1.0,-249.4514575201559,2452.9196367676573,-761.4395832614678,-242.51703141535296,-4170.581199855149,-409.80762946630676,-9573.145465259153
715.6058209169742,2635.2807831932346,-557.3676498760333,698.3685470412643,2581.831696819,-581.3075978592387,683.672565138713,2541.7368855414807,-608.0292822383157,665.2414340731176,2516.124922227051,-621.8790568641472,0.01764004755616011,0.017642995791269413,0.010919933736815095,-427.7504014918833,102.2690084893222,-979.3627477144508,-1106.3420539322226,-2445.570242482033,3097.5282767992394,0.9887970229157553,1.0,2.0,1.0,1.0,717.313624327966,2633.434209458228,-561.6578032777159,-1106.3420539322226,-2445.570242482033,-1208.2102693251422,-9738.265709474725
369.245587339459,2432.1664741010304,-746.9226003180515,364.648793923616,2391.931253895129,-766.4682199236577,371.92018967890846,2350.427916525734,-780.7997568596834,379.8588188429637,2311.3590255090025,-782.0008720429659,0.017542625962045564,0.015655017080399826,0.010728465489701862,637.5294907816653,-59.309106328035526,-1014.8649802302881,314.3966052927154,-2868.226467862026,2420.815036417613,0.8260738914678534,1.0,2.0,1.0,1.0,364.00444417700214,2436.0479207119333,-745.02673707721,314.3966052927154,-2868.226467862026,-782.7910608690157,-9724.715926358265
450.58599036378143,2555.85327757133,-687.3459185402118,448.02495407667067,2517.907877551563,-726.7088729794059,438.2158539415296,2480.918212321603,-757.7424264561727,439.57257658096864,2445.9994336956524,-797.2650799520728,0.017028765963619383,0.01417034673046676,0.017047897105526795,247.145186516119,144.00542626424783,-806.5148856381219,-200.05397467007185,-2350.281397464629,2571.58023816103,0.9767529902003872,1.0,2.0,1.0,1.0,452.20051055294323,2553.0438586654986,-683.5850135490672,-200.05397467007185,-2350.281397464629,-2055.17627429772,-9720.923549259383
61.88906325292494,2444.7085681652184,-909.3437928543002,68.04870127842133,2417.401488214428,-931.6628412334361,88.1809543582489,2360.5963909567067,-965.9764724827303,76.54598536483553,2360.1005947122417,-999.8915042717948,0.015541008990302838,0.01676483147255557,0.012659753316168962,481.48037742434025,145.25844163266305,-950.540780869096,351.78669117809983,-1907.3956598650384,-2089.9460809135658,1.1600344062209689,1.0,2.0,1.0,1.0,57.57741455473274,2443.670211770041,-902.6151079973363,351.78669117809983,-1907.3956598650384,-1853.1795082619503,-9741.720250699776
-343.32680938071223,2581.598787825275,-718.7099128188087,-340.8663585002677,2542.8946433959704,-732.0047089724297,-333.904284567005,2512.712442548484,-767.7611074603047,-345.10387467991467,2491.1482639124074,-784.0156102247247,0.017008771291295424,0.015454356680394955,0.01530295097542262,-133.01916230351637,-117.33539599080243,-804.9209254787847,158.58478244794992,-2032.859920262896,-1677.8841710479037,1.2822339210528806,1.0,2.0,1.0,1.0,-343.93692295929185,2586.368297958841,-719.380406617573,158.58478244794992,-2032.859920262896,-1070.9806309802518,-9757.293172485279
-56.09430864960165,2448.0004608948234,-920.0481329140798,-65.1658683733788,2441.070190797584,-957.8711597251396,-53.6408060039546,2417.055609639299,-986.9094087949593,-59.9216498710163,2385.196622082973,-1034.9471973489194,0.014778717661309502,0.016659427135392067,0.015637711666202196,-7.224967842620546,201.13526511470968,-1011.8653941303614,38.551395922856216,-1747.7952791371642,-2593.7053257620223,1.2479241435370907,1.0,2.0,1.0,1.0,-57.1490255627192,2464.5301515973256,-916.6808393581542,38.551395922856216,-1747.7952791371642,-2205.3961517956486,-9794.000538039709
-90.36970867367013,2480.8314569358813,-847.161508642934,-71.36690988148456,2417.7371012197887,-855.7553437764983,-60.550244380622054,2356.4937594644643,-853.831249148274,-44.05772066582814,2318.806933246853,-851.6828107948099,0.013351569413388465,0.015736451774259863,0.01556121111994186,531.4798048927248,149.42734509616196,-936.8832676668486,888.038257063877,-3343.3604331609445,-1309.6291334706218,0.6503507676924103,1.0,1.0,1.0,1.0,-85.70678376666888,2473.0628461430174,-854.4281672039459,888.038257063877,-3343.3604331609445,413.95901757273833,-9362.085266133394
527.3901288553199,2575.2495184722325,-734.4449193095886,513.2356696143192,2540.7703376656646,-744.2451151609225,505.7165774612925,2523.838501636637,-764.9399458121233,501.8110609421301,2484.4408601297214,-787.873221470918,0.014546270319909266,0.01580775952345983,0.01564982078876228,121.08322472173074,11.367409249865077,-927.7088369692842,-298.45838739610093,-1911.3403337709412,-2139.4010053562815,1.293996149367862,1.0,2.0,1.0,1.0,521.0174638325063,2572.5634565029163,-734.3244964318724,-298.45838739610093,-1911.3403337709412,-864.2889463621163,-9904.439352809499
42.943761825919886,2480.5178923290982,-972.3415657114821,43.801720093696986,2442.147610055565,-970.5965161713588,41.1430864141097,2405.712267948448,-970.8988567200433,48.10433126867178,2366.1955042439545,-974.4706955378039,0.016552873096995862,0.011336949055466311,0.01304580945959826,221.08278847395255,53.40363637010838,-998.5199149047742,201.09598091620947,-2746.04793112439,-824.4770572345755,0.8440643683879403,1.0,2.0,1.0,1.0,43.11284536310666,2483.656055415197,-963.4681390562015,201.09598091620947,-2746.04793112439,84.30708315378955,-9608.917320203132
604.0013984999515,2516.6670606189637,-430.0,599.1719038347637,2475.3942990394667,-449.90680177904017,578.6213066714658,2425.544573028685,-477.8019052796572,568.4575407018955,2386.559517568256,-491.8490703193466,0.013300959595002607,0.016149012568001112,0.015870500645139455,-324.89884493892527,-319.96548938363316,-808.0027458141368,-944.8563973967161,-2879.5909008707595,-2963.9381198291194,0.9396795271918575,1.0,1.0,1.0,1.0,605.7847064968382,2516.4315479740653,-431.6128132716634,-944.8563973967161,-2879.5909008707595,-1187.202412060858,-9798.025296150003
644.1994911384329,2558.8273620774303,-554.1870251276333,615.203305608027,2506.4050009073267,-573.8699859214472,596.2782870895566,2451.275362845735,-583.978469197739,583.3902772801665,2400.3507200586664,-595.0419152057221,0.016995780802355396,0.014494455355933786,0.016552495310113824,-375.6276205205577,-281.168700104225,-805.5957956182124,-1141.770645453011,-3206.381406616391,-2278.977577646844,0.8369572685315977,1.0,1.0,1.0,1.0,634.8394007053591,2556.4788447512874,-554.7405404770476,-1141.770645453011,-3206.381406616391,-536.8007968873072,-9778.70859040056
80.42116705436968,2483.6243895077178,-532.4766612311175,85.30346306464034,2447.917395881474,-522.4996856274493,83.48740022724444,2409.1604379309206,-533.2225067275003,95.32786257937873,2361.251333706954,-527.3238836179605,0.01573795270147675,0.018012656578242907,0.01595847361714855,140.11248304483627,-31.326136753950685,-873.4280658996893,56.02482934762286,-2466.7525989016685,-2638.756325453756,0.970290917103132,1.0,1.0,1.0,1.0,82.96715711026093,2484.7615141257575,-532.5327196905565,56.02482934762286,-2466.7525989016685,433.6716018522471,-9937.570233153954
500.8395584380183,2543.3651532874433,-1020.811215371256,490.41974824840815,2494.5345565391763,-1035.4480854062228,472.6502623230199,2437.0287863162794,-1057.6319554357508,455.99995297773063,2382.8877595880494,-1066.556246058189,0.01043270571895106,0.01965464422059026,0.014824217491544014,-154.74055355182898,230.5662150889787,-1016.9014127227911,-897.0737063176432,-3163.6203684462503,-722.6982327783638,0.6850884325689152,1.0,2.0,1.0,1.0,500.1232520600512,2540.0090840547373,-1016.8889111726157,-897.0737063176432,-3163.6203684462503,-723.3345238802226,-9659.443361744212
429.4341433027497,2490.9459460786225,-902.8316038126413,433.1915658586141,2450.8468240236393,-914.2536154185077,438.3761252022098,2402.312474614003,-947.5456945263682,436.06440305708,2363.837770714896,-969.851485487759,0.014955140392884106,0.01649637875960731,0.014800957443869014,611.2332331146849,21.501655035222683,-811.524764088976,180.73961361612785,-2443.454135958125,-633.2051967352547,0.96374752340364,1.0,2.0,1.0,1.0,428.6862233623949,2489.3903323529203,-890.33422654715,180.73961361612785,-2443.454135958125,-1391.1801441906414,-9729.02857850323
454.2991424352547,2471.723514624711,-803.0138811286,458.5203789006061,2422.4565074036796,-819.3204909795579,439.4550489039508,2372.810291000026,-837.0667859961075,443.1842339518969,2329.8164820394027,-857.1170876911578,0.01612406571495143,0.012400427134363581,0.016336366025299257,139.37835575505085,-88.64725999810175,-1009.8473338841941,-390.92947405839413,-3161.766634965996,2258.732303754066,0.7651391411253864,1.0,2.0,1.0,1.0,456.03122974235157,2472.383714324351,-800.527035011125,-390.92947405839413,-3161.766634965996,-989.16848096871,-9850.685281608194
337.18566340154285,2545.192450874391,-712.6483414168243,323.2138326307859,2501.686038492824,-730.7781249487159,321.1027230914414,2452.833712581542,-747.6120784170679,304.93913693169594,2414.845850084015,-777.3432145979958,0.018770230871148413,0.016135095804075492,0.016286252451523126,-305.64831996469366,81.50955411536506,-887.0677888164566,-670.9915362095156,-2563.4619141736216,2160.398330823087,0.9088084208732538,1.0,2.0,1.0,1.0,338.50355479644054,2542.432991722033,-707.8081259007678,-670.9915362095156,-2563.4619141736216,-1109.4159534622577,-9585.957242268729
323.0982063741644,2449.732556547711,-756.9198019963471,305.9923715120719,2423.5998887861347,-770.1504068364726,297.06784191429165,2392.3592965501866,-793.9829407253053,287.1438606602252,2357.3949177125514,-807.2044414577128,0.018161812803406455,0.009042606251141817,0.018725817765041675,-512.9444651660609,91.52475949961939,-800.469620465241,-677.970348351331,-1924.5587187519363,-1305.7999260328868,1.179069763180406,1.0,2.0,1.0,1.0,317.56921156432054,2449.1091899707408,-757.7472523473635,-677.970348351331,-1924.5587187519363,-926.9497304878576,-9912.557590165543
740.4739825477471,2473.660839262157,-888.5070717008147,722.3256537103076,2438.3606709104674,-906.2738917303067,702.5768611512167,2412.5907315048576,-927.5949044716873,692.4603216531,2383.8186338090763,-957.277394326602,0.017721541468679897,0.017202490190651776,0.012607824965772875,-396.50695457207047,318.91834262834254,-998.8654287903123,-1001.8167012995182,-1907.4890870639106,-1960.0152834850949,1.0824681433748933,1.0,2.0,1.0,1.0,735.5459178963861,2474.3810110105646,-884.1760247748136,-1001.8167012995182,-1907.4890870639106,-1255.2128441876773,-9884.512328408957
776.187486877707,2508.28900961166,-592.0945687611485,762.519894304074,2478.961578146736,-592.7698137579002,757.1596066495956,2440.1943176206405,-600.5915546337756,754.3362206594139,2414.450936390013,-613.0467243609419,0.015399095591009986,0.018807451223948723,0.014474044774864414,216.48003153308503,378.5858118928479,-803.6820355861726,-503.1077139058783,-1907.6898923358603,2093.2494227556986,1.066319408410175,1.0,2.0,1.0,1.0,777.4451325381433,2505.660041847316,-586.4785983025786,-503.1077139058783,-1907.6898923358603,-330.94931450189654,-9837.128086652538
-366.29266725184715,2467.9552586750706,-919.6951677147086,-362.8794079758242,2442.838038648691,-952.1915175349931,-338.9483448552251,2411.322144384529,-980.1641492590816,-329.7275736456972,2387.387644031025,-1025.1492043385772,0.01229645376421064,0.01535445567247866,0.01681043197689691,608.0678629678406,223.75632997270236,-836.5057038372431,861.1596904873353,-1975.7131078760872,-1466.241494814054,1.0905386585864116,1.0,2.0,1.0,1.0,-369.3483857352867,2466.1907074120522,-922.1649217749762,861.1596904873353,-1975.7131078760872,-1951.9723332191784,-9687.548776612397
765.0315711976234,2504.7070997782944,-809.9248646627819,759.3042946579642,2479.032478909268,-837.4600784342583,740.3675075263026,2437.4915721343127,-865.5692112024055,735.5472161737171,2406.168616394743,-893.4686833664032,0.01251641559918628,0.017136272494732353,0.016187706811480053,-129.42280374621325,-116.58383275336959,-807.0394024600674,-731.3187992604483,-2146.8708429236576,-1523.0885222558568,1.1741596050945973,1.0,2.0,1.0,1.0,762.7861313515361,2502.598595613478,-814.8228284672622,-731.3187992604483,-2146.8708429236576,-1572.8621079626137,-9841.71700454012
-331.7044158470549,2601.517068088382,-761.8402695643233,-315.3038525589995,2551.85507267321,-776.1090599578804,-293.34463116441196,2510.820891772666,-801.5842625961753,-285.60917287339083,2464.8011780513725,-835.090759321928,0.016303961060365222,0.015084539980487793,0.01194515810817507,455.52465445877226,119.83171698597631,-944.1463995682249,891.1756477078717,-2833.1786538256647,2285.56365537259,0.8316663408509726,1.0,2.0,1.0,1.0,-324.254037285615,2598.8630390834305,-758.3905219539972,891.1756477078717,-2833.1786538256647,-1238.508964150296,-9935.410512335584
187.77838199631486,2473.3829473367323,-533.2346218112658,184.53813136187762,2419.6985965050108,-552.2898532274401,183.75226974579982,2379.661285349575,-575.7834018656893,169.92778479690648,2330.262467319545,-592.0296455370261,0.014316919356502634,0.016710374221005995,0.014481678089474204,-88.43394172801054,-408.20657971809595,-812.1395045071082,-311.59818960001195,-3221.7913594601087,-2505.0804822974783,0.8494910283330178,1.0,1.0,1.0,1.0,190.44643796399964,2475.2966869987,-537.4998905634061,-311.59818960001195,-3221.7913594601087,-961.399866508481,-9742.432269351772
190.47304899444435,2674.195592697348,-627.2664368638013,181.67891664310767,2645.6345109539884,-640.1710767539504,175.17402472235617,2615.1569796350823,-657.4669962186632,166.151681131588,2584.971772613443,-674.7015207424648,0.01371611146100871,0.019785865386890526,0.018228886628297927,-421.624392586622,-88.26262498262253,-809.4566219417446,-410.32345189971346,-1855.082315302448,-2076.9842698243265,1.438269136523793,1.0,2.0,1.0,1.0,189.7575507439517,2675.8100248180294,-622.5516343095321,-410.32345189971346,-1855.082315302448,-824.1076557802111,-9725.157238141031
552.3116267229173,2511.017379763149,-755.3556063702255,544.2184684153752,2472.416068775895,-770.4723992677127,527.6667551401887,2432.860279888219,-798.051985869652,522.3347629694874,2388.7552426989755,-820.6683660141666,0.013491255323893796,0.01510907305696724,0.014538295735209417,-103.3187403134754,58.3982773771593,-870.3113850120742,-718.2431971659134,-2660.671656012235,1950.4321795758046,0.8768613758839302,1.0,2.0,1.0,1.0,557.4650010791661,2506.2162009084254,-754.5508822371798,-718.2431971659134,-2660.671656012235,-1240.7427866892642,-9785.082012957271
-435.4827119181915,2575.648831704559,-459.3002718427549,-435.21796234522236,2537.18335335783,-486.42186673988306,-445.69771406180683,2492.284623374246,-511.54564719434114,-452.92929618298876,2453.098634344456,-544.6099520471026,0.014544233530257232,0.018052985501665127,0.01314813936377733,-560.5810416865165,53.01629346553872,-917.863339397288,-121.67291010153778,-2508.165823307374,-3396.8566299746913,0.9592546416043009,1.0,1.0,1.0,1.0,-438.299767034473,2573.7229458894385,-456.3825348252683,-121.67291010153778,-2508.165823307374,-1582.0889969601828,-9790.41618200643
571.7569459438749,2437.654407344021,-625.6162372958256,553.0148712705316,2402.683558695584,-637.0340512726588,538.8013678070597,2360.546218724378,-638.5826698355287,527.0098244575231,2339.3747306794285,-651.2508401106705,0.014930961139385907,0.017216941610425578,0.018998871139793976,-140.31632700571754,60.35168050135482,-892.2275419846842,-674.9520393603567,-2279.339883195686,2298.7297691410254,0.9938532261103943,1.0,2.0,1.0,1.0,565.008554125855,2442.261858440842,-631.1560706760017,-674.9520393603567,-2279.339883195686,-114.91120210622641,-10096.26162083034
-70.62260720263568,2515.699616806089,-1007.5408788780493,-71.76742313229732,2467.860836316343,-1009.2094336604874,-63.63398634455893,2419.4622852644225,-1031.2894803798372,-59.33407636211016,2369.62383153492,-1039.9786993188459,0.015243445569481238,0.016963334230680235,0.014571472274881078,116.62093077675866,218.50223369914147,-1019.8717209575046,256.56614560263944,-3141.2006093929663,-717.0043404197122,0.6832217479249579,1.0,2.0,1.0,1.0,-70.67235551316799,2511.578678555997,-1009.7762587002973,256.56614560263944,-3141.2006093929663,-562.3914280054978,-9845.953695209784
210.71353398321614,2506.2162128243863,-479.2562693620549,215.97977281715174,2462.075346659777,-498.53288898357124,215.40077374344222,2417.4744639398377,-523.8825540141686,216.79602320543208,2374.466112875946,-550.865292512105,0.012004988701675568,0.016773797295590955,0.01597961521560983,355.210586193473,-161.0333375465494,-809.8973732017668,150.64961795249164,-2793.224932619343,-2881.76613061877,0.9102415987871244,1.0,1.0,1.0,1.0,211.34020104884485,2506.4964731049217,-478.1035507013329,150.64961795249164,-2793.224932619343,-1377.7324658211826,-9655.062446350197
-56.74884782548918,2430.0,-663.8471553043789,-40.96843201381756,2383.4269576892425,-673.1317570927841,-38.9970641568011,2330.6346082974983,-686.7882667564776,-28.64530898258163,2284.1873378304854,-708.3952671092885,0.013920726488440723,0.016705973178409474,0.012746553820942134,327.9905365805335,-170.5376888050491,-806.7132252987171,491.2168476684035,-3427.553054156569,-1790.0889576594154,0.7166267465122083,1.0,1.0,1.0,1.0,-45.334267647453714,2434.4026323539483,-665.1745944764284,491.2168476684035,-3427.553054156569,-660.0148696044203,-9781.460707072609
379.02758645432186,2553.897347903668,-949.0690881708744,380.6821406931518,2499.5967434745407,-976.2215879399508,369.3212169945728,2454.9515554968425,-1002.8723818004968,361.886851251749,2418.496309658706,-1016.8059610154351,0.01643389286584306,0.013967038749168369,0.012597120736315671,97.17060465187032,-7.083451212420744,-842.9376602518047,-343.06801279672356,-3184.7612135981526,573.3407916437304,0.7620019476486735,1.0,2.0,1.0,1.0,373.34035495323076,2556.649325734089,-950.1464882527011,-343.06801279672356,-3184.7612135981526,-1571.1966130001342,-9974.437729408499
-366.146577126923,2453.195090613823,-894.5162338879071,-348.15833777422324,2405.7809225885576,-909.6057872690553,-333.4107165883077,2349.1567262409253,-921.3823792979753,-324.5638215147578,2298.9196098808216,-942.9549074895207,0.017765338411085515,0.01645710149302109,0.018738696877671206,223.6869696962278,34.70088494078391,-970.8529871887838,786.7410067662734,-3252.24181523372,1299.972492699042,0.6920388632182227,1.0,2.0,1.0,1.0,-362.43508034464537,2457.621037289905,-899.6345538138169,786.7410067662734,-3252.24181523372,-546.7961047831482,-9770.89832840052
-18.52065919383167,2539.4096323361323,-794.508472261974,-11.974003653268305,2500.0354067784633,-822.0900544038568,-1.4696908537155884,2464.1746486992597,-875.9705888459147,8.284120120186422,2422.174538158955,-908.0930725629288,0.015217047210993767,0.016263569349257854,0.01768447082859853,551.9154498152873,274.7833660316882,-807.1181049314816,585.8116914524142,-2305.141715412163,2309.580146003816,0.9308349126111506,1.0,2.0,1.0,1.0,-22.18000780807614,2533.822247135617,-790.7362959359418,585.8116914524142,-2305.141715412163,-2242.392458960608,-9353.688783008405
511.06397314983127,2578.238355389884,-564.7454502122663,503.14892989513055,2538.008627619978,-561.8102542444883,521.7758106478625,2504.199412447784,-535.699758674284,486.3548805716582,2451.032560033891,-546.3474089065205,0.013913649435066136,0.015866659915743424,0.01502993492463979,-17.861364696547025,-67.89394292425843,-801.5568658567349,-543.8036586261196,-2712.3268476579206,-2220.5614317057602,0.9301897557245514,1.0,1.0,1.0,1.0,512.3472024639203,2576.62473354221,-565.4751173178975,-543.8036586261196,-2712.3268476579206,522.4981616556852,-9866.049828146653
-175.72134536464915,2701.2192758294213,-724.7855191052921,-186.31426061852093,2669.5400466090196,-740.8560391999649,-182.44063950508504,2650.7763324807233,-758.5157832398404,-193.03759193642608,2634.0777400122597,-783.6550880745721,0.012112288144640496,0.01790229156370765,0.013203083154729914,-487.87824589263005,214.57451524323207,-1008.4190076062924,-215.45344608334295,-1743.1138590966448,-2593.8694516266537,1.3817823371369136,1.0,2.0,1.0,1.0,-180.857085223862,2698.5117644559605,-723.9254788350509,-215.45344608334295,-1743.1138590966448,-1101.4820298638695,-9693.344719625733
590.1760898760666,2445.649402646845,-928.9747670975405,570.1167729036629,2389.9741540852424,-967.6426914446907,572.9518561619282,2363.9247852284625,-984.8847473077689,563.770580108009,2323.8149972045157,-1021.5480249958545,0.01530682671416205,0.012415511128362158,0.01777677672138108,164.1789631342178,235.39786751310982,-802.6266873168285,-497.7482735943055,-2586.576019900378,1010.2542565881067,0.8095008854360953,1.0,2.0,1.0,1.0,589.753737057347,2446.9203645279345,-921.430988503584,-497.7482735943055,-2586.576019900378,-1827.7426578129955,-9760.281022313484
-191.43341797278705,2554.869013091049,-896.659027743038,-194.37229346056688,2514.942937488063,-931.3515465404369,-196.06708200334825,2474.4836767922798,-964.2049004133082,-204.27300007360245,2436.2338338240747,-1005.1526342775262,0.013256303724401742,0.016850835256746636,0.016002471444051085,-392.0939386443598,323.88013676120835,-803.8136878319704,-241.9299037302066,-2615.2737918903904,1204.1688663853872,0.8088903895748012,1.0,2.0,1.0,1.0,-185.2438709550354,2559.939228827486,-902.7267653955636,-241.9299037302066,-2615.2737918903904,-1849.1087928299949,-9952.057833240853
309.1932838410819,2555.9669119358755,-801.5474407119697,303.5561637776272,2514.061550901789,-811.5622909324703,305.85216779132224,2472.088922032799,-806.4940468912282,310.03244526908605,2426.489513432402,-826.5645321055097,0.017211204573374436,0.014396447252710949,0.017914379362980626,429.9981008354797,25.98769855772275,-809.8469034789168,115.99143351121691,-2392.010577438049,21.217445970675293,1.0054779688109334,1.0,2.0,1.0,1.0,307.627138481148,2549.558857754855,-809.8883545173336,115.99143351121691,-2392.010577438049,-45.646645398057345,-9674.72874652005
311.354614269895,2453.407298810507,-805.6115439597155,297.8105193449057,2412.2847601789745,-825.9732511328854,297.8730336803897,2366.08343858725,-836.8104548305796,293.0950900694281,2321.30015068071,-858.9686254346831,0.017953901473153646,0.01128568014850874,0.018836175051503812,39.243311867336516,-0.38637620300645636,-894.8628139397026,-310.7815762403323,-2851.272582084586,1661.8817034379708,0.8119242433268344,1.0,2.0,1.0,1.0,306.5154674340231,2451.708044389736,-803.798711481611,-310.7815762403323,-2851.272582084586,-971.0953295884727,-9990.312000664278
537.4800393803403,2500.317965110044,-778.2082352764571,528.5919745182597,2467.306127967687,-793.7106705364592,531.5544426179035,2437.270728998655,-807.3633145243235,519.1181479813313,2396.757144577266,-845.6310325497307,0.01556448194072648,0.012542339219934907,0.017333754762580714,417.63555589372066,280.52511893011524,-801.1063393119226,-120.8937617426135,-2365.2564235933523,1473.1628963034368,0.8945594240767586,1.0,2.0,1.0,1.0,531.2756919317778,2503.8661571078665,-773.8774047767954,-120.8937617426135,-2365.2564235933523,-1277.0942351443607,-9911.875503056495
360.106526615057,2482.059655456796,-747.8257747474818,352.2899908460566,2453.914992777288,-738.1851641212382,354.8829385323778,2421.292987630229,-745.6992331470524,358.1428121617252,2394.6381438982494,-756.4793834661253,0.012658375834107111,0.019217853794588985,0.015323014562682064,453.974454266424,95.42579591894537,-956.4950989201681,71.79065443017242,-1762.271838418007,-2067.734862095507,1.3078007558086149,1.0,2.0,1.0,1.0,356.69811751353814,2483.3041369753514,-739.5675171122406,71.79065443017242,-1762.271838418007,-207.57332468155198,-9756.93057016317
-105.50000250281104,2653.791480163033,-887.2904551392988,-108.3171869629497,2633.5843299769576,-917.2826444867738,-105.45765752596066,2596.260087653101,-943.7846812308145,-98.08165278079804,2570.2203386761557,-975.615307345437,0.017318917957146213,0.01792977686411186,0.016588666858883064,23.73446271383448,324.02805268161956,-1013.3919957344804,105.35011407835502,-1908.36821785055,-2323.6026458930264,1.1731626383198548,1.0,2.0,1.0,1.0,-105.31942703215009,2661.779119548536,-886.368016998066,105.35011407835502,-1908.36821785055,-1706.7298063996236,-9790.3654563099
-377.77294093439366,2594.7490427965713,-915.2954499871014,-374.53021704677013,2557.8382176780033,-917.5555465704347,-364.78097691353776,2509.610281199258,-928.6494433860303,-364.2365045358662,2472.3153867152405,-929.519851127227,0.012627431524304969,0.017591052298064454,0.012890078166183871,62.37290210175745,43.333497189556596,-971.4100502505083,455.77887276714193,-2614.2889592752435,-1067.8841505383261,0.9318914380114475,1.0,2.0,1.0,1.0,-382.0114988462068,2592.2652324829114,-914.7616381136116,455.77887276714193,-2614.2889592752435,-203.33573602781294,-9706.818524843615
-255.1229031100905,2578.5186365734585,-723.9391564262213,-269.88698198541084,2541.9503266485253,-747.1971448517804,-264.02288001342714,2509.3639347712146,-762.1484602675133,-265.10497947707006,2481.7008761939187,-777.6309268089003,0.013189125001728329,0.01632269547156949,0.015584146067879646,-452.6330785770333,307.60463544249023,-803.5523693941391,-201.2084257115607,-2322.2135915521485,1505.5378684783786,0.9349040334588233,1.0,2.0,1.0,1.0,-255.44882137970546,2583.3739551636027,-730.7119088409047,-201.2084257115607,-2322.2135915521485,-912.5431244978412,-9849.434338254554
712.7802858937082,2664.5240572476914,-676.2866340991958,698.6139968429819,2633.3030544429944,-707.1192241622724,683.6023612219005,2600.0764658990747,-732.3032508222768,667.2729891322274,2570.473048670368,-762.9239773022098,0.014835254387132282,0.015404907538443254,0.015684677121218828,-615.8804754995442,-182.13173852261343,-803.5735399494861,-916.630166001687,-1970.1076002054779,-2099.6646736979365,1.3990751609531968,1.0,2.0,1.0,1.0,708.6501143728935,2664.6737437743086,-682.4437353321703,-916.630166001687,-1970.1076002054779,-1434.9474726685476,-9701.08039316583
176.81886788566305,2568.1132189795826,-548.7722030330166,187.53312765699008,2527.808569875292,-571.7857692742625,183.63689989082368,2488.5061082994416,-594.2986558746815,197.9142497387095,2448.257019858089,-639.1811039168196,0.015028246635180818,0.014599443641649465,0.014384050818445626,477.64341778094405,-56.68431614291826,-800.3199847808149,324.58387374983374,-2886.83870542031,-2979.455655235837,0.8659882589047248,1.0,1.0,1.0,1.0,182.272092668592,2570.338905789559,-543.7341638348031,324.58387374983374,-2886.83870542031,-1953.8676393683397,-9859.55019329211
-199.82487377995454,2478.519554186436,-621.2648453169234,-181.27979707390102,2433.4641086738343,-644.9475626014724,-172.19668616529611,2384.023672951921,-666.0584062732884,-136.28213961409963,2343.746604066176,-697.7409504071201,0.016251306619577716,0.015000999000270384,0.016402733487758586,596.5182073636806,-113.89949202281804,-801.8260187251184,967.9850334010191,-3162.650094167539,-2287.720013222642,0.7723449608923939,1.0,1.0,1.0,1.0,-197.22952002515513,2479.4735851945625,-621.5777818531747,967.9850334010191,-3162.650094167539,-1333.6524481177369,-9585.189381755745
-244.72648414378597,2473.1767467300137,-532.2594423055106,-224.13630071251833,2435.9122478361,-563.2566654062927,-224.55060400019136,2402.6439404022253,-587.9563725866285,-213.84831452657681,2367.1530559062867,-616.3832581229263,0.01207105603992228,0.013546027532803718,0.015898132064944462,445.496001639577,136.32177250498046,-900.3900477091456,743.1454275079302,-2521.5539087908637,-3128.3386732622243,0.8834847843623302,1.0,1.0,1.0,1.0,-241.91351880525917,2468.7591381365396,-538.3822651719587,743.1454275079302,-2521.5539087908637,-1605.6915008636836,-9956.1025346162
407.89929733502873,2439.5852902649867,-577.8593290047339,400.2651017612321,2399.585693663519,-574.7183946863944,395.4875397113281,2353.877870105928,-566.1645163308013,390.75803099114137,2315.433368529559,-570.3620351453923,0.01919586353423493,0.012469243289189386,0.013133178360899181,101.10149498208716,-114.32473089286063,-806.4060093332421,-321.98402421051884,-2625.7276310277452,-2148.416282703347,0.9252017148156773,1.0,1.0,1.0,1.0,413.4259984662908,2432.6310712040504,-578.6475894371197,-321.98402421051884,-2625.7276310277452,481.4574972936421,-9625.09802972177
428.99746256629106,2523.705012124052,-924.3203751671945,417.6181326117669,2492.6057622673648,-929.5225790060452,403.7275852896202,2444.7245881651547,-935.5950135928226,393.48450632025236,2415.3175732182017,-957.1015629126395,0.01837780114507789,0.015166624787844009,0.013731459857165111,-234.1882428010071,344.1909542834578,-1017.3955266716416,-651.6433332176025,-2156.9516271646607,-1504.5305952174122,0.9627241142099134,1.0,2.0,1.0,1.0,423.97152374877055,2522.7120977197587,-917.6680038944621,-651.6433332176025,-2156.9516271646607,-590.4956208719871,-9604.417103928045
-91.64408678194387,2525.887584515744,-913.4197407598311,-91.9835431837656,2484.764161377947,-924.0322454573528,-81.15779699404028,2430.1294791169275,-930.6021801334525,-82.24253107650622,2377.226099986257,-944.5184989862381,0.014665292237600352,0.0172258519360018,0.013023393371332903,114.19671899525072,8.571048609597,-937.2627910342586,268.51451761114686,-3232.6978321714464,730.4687956532016,0.7350854624550656,1.0,2.0,1.0,1.0,-95.24460474144348,2530.0753577033224,-916.0353991022391,268.51451761114686,-3232.6978321714464,-350.20135073456845,-9706.07730855618
358.52696518401444,2676.279071167867,-846.6774084937784,351.44020022952805,2650.532805789302,-883.2678696753671,341.4230708129535,2616.697744248464,-921.6536197056506,330.70083578430416,2588.032228423096,-954.834808134636,0.013149216384582014,0.01738662312778083,0.013415157633368986,-587.8910968697187,139.35205572274103,-819.2421567486159,-725.7298826679398,-1941.0633206466432,-1910.0035025806076,1.2660490028542621,1.0,2.0,1.0,1.0,362.8150494252818,2682.145005769859,-848.6482194859221,-725.7298826679398,-1941.0633206466432,-2051.7251867293317,-9532.264969325919
442.7320485334147,2642.953270887302,-869.358898537782,431.1062616784614,2596.0727105055735,-868.7414759742383,421.57158953426483,2558.2430247511866,-882.960121480889,411.5471243096436,2514.407807236888,-893.2182525663884,0.016948867180867827,0.01760420537682207,0.01786266910406758,-139.55978746599604,32.03656202384773,-915.8258969737142,-552.4248527815681,-2474.7848530588253,-1033.6395309425902,1.002584258338242,1.0,2.0,1.0,1.0,443.24843221855747,2642.9345820009103,-866.7699063070992,-552.4248527815681,-2474.7848530588253,-357.71963125265813,-9593.685619402106
401.90766822154666,2469.513119485614,-864.7542548255358,398.17583357649625,2411.1523950940937,-896.407727717026,391.0693113625498,2362.1451288421963,-932.3570870946446,396.4118687835509,2313.097172776116,-980.7396505182979,0.017442641865308063,0.017172727128907408,0.016690997403162364,320.16381745775,-71.66089364857945,-964.0345381318168,-97.19582863844347,-3139.090807043095,2456.881068668558,0.7586936336026228,1.0,2.0,1.0,1.0,398.89243865488584,2471.0026600563283,-863.6077841218122,-97.19582863844347,-3139.090807043095,-2013.0468502149563,-9883.144465784386
-97.02631392863309,2650.2329516102177,-657.390592865563,-97.49734453233172,2617.63975597022,-666.808315939949,-89.3097066905632,2604.2373838881367,-685.3959418451117,-74.87602143199409,2573.3928273194992,-699.1675427319954,0.015440812942679046,0.013499772342438748,0.017161335407057762,611.0642833572018,217.05705409148345,-930.2517903096208,473.48061413622594,-1620.2057042022277,-2389.335316297513,1.4538980793078145,1.0,2.0,1.0,1.0,-99.15663784713547,2647.365610394839,-653.4824667717119,473.48061413622594,-1620.2057042022277,-644.1662629162946,-9565.441616202947
617.0377610824341,2564.360387997377,-710.0907125819124,607.7377751792721,2528.167366467083,-729.0978360724147,591.5834911230703,2485.966437512758,-746.8186728193352,577.516731307344,2452.182848115673,-764.4277551004694,0.014104811279943268,0.016479934188965716,0.013105499136168389,-256.4533368121743,104.78908715215456,-893.8998375751074,-913.6133509854026,-2580.472671292129,2128.182061774156,0.9113097553949233,1.0,2.0,1.0,1.0,616.0474133788862,2569.1404882361435,-704.3713707090949,-913.6133509854026,-2580.472671292129,-913.2519363183931,-9751.034601427424
363.66045270572687,2596.73267113345,-661.0117010344219,347.9338324361416,2564.7655403432364,-678.1895544078993,332.2446280693474,2537.3409856000562,-705.6330609645663,322.1717623756425,2491.998763871184,-740.3929762750702,0.01631022749483819,0.013223437089141341,0.02023085330017328,-496.08812069234335,287.9836653669006,-803.8931610233888,-841.303456449674,-2281.2234826343683,2190.8317963804107,0.9652354821158475,1.0,2.0,1.0,1.0,357.8348876040735,2603.4255002407945,-655.6750934959501,-841.303456449674,-2281.2234826343683,-1353.506679223626,-10015.329088200553
-474.418252763754,2603.8999775290304,-485.9156091593637,-467.7195125504639,2562.514828321754,-478.2390421691013,-448.33172443795513,2511.3754017321207,-488.4080994209084,-445.4653038884795,2473.3611406310697,-494.15558468074545,0.015569399106691664,0.01739590395507825,0.01425282012099828,120.35725419850775,-327.42048186971664,-800.234798633058,603.8214451655642,-2963.6890512923783,-2484.200017460583,0.9427818768172326,1.0,1.0,1.0,1.0,-477.42597651540177,2606.6316789097427,-482.5916945110142,603.8214451655642,-2963.6890512923783,-80.40808321524447,-9704.85421569135
234.41378748993387,2572.715140654932,-540.7562850650088,236.48078152291586,2535.7874990003647,-564.9183950504241,221.87830033622436,2495.3795987195153,-577.9049210746944,210.22844441467964,2459.943689450382,-599.7265533247237,0.018510359582987707,0.0158427083171912,0.013731814190421587,-319.7063725352355,181.76458026054314,-993.6746195362603,-597.7254611301702,-2541.1251560091237,-3090.54052801905,0.8919151179094003,1.0,1.0,1.0,1.0,242.15556092712393,2570.422226909118,-549.9355111023333,-597.7254611301702,-2541.1251560091237,-834.7997676974817,-9977.832622794669
46.86204853942379,2538.8945391558855,-783.9354000157781,48.52349384028528,2488.648710861332,-787.4636361792641,51.32737568207902,2442.107134349875,-795.123069616557,58.364980446612265,2387.933130609661,-802.9301660025309,0.016964519327310586,0.011821892078386343,0.015841157864555123,357.514804388952,67.57596374366159,-946.5538284507114,437.94577199883975,-3478.7558489814583,-1866.044386686216,0.6653724307297485,1.0,1.0,1.0,1.0,46.573306269775,2537.4926165205025,-776.7404098193044,437.94577199883975,-3478.7558489814583,-430.0861612536234,-9709.731366675336
-275.71118497543586,2582.9511464861966,-831.7959809841551,-262.6764696715858,2535.0535521864094,-854.4282002182654,-254.56328422425887,2475.52289104969,-888.036540210909,-244.33592373564724,2436.8464840797706,-926.8367660395243,0.013610582215054111,0.019801762874539698,0.012842466365332553,352.8044537710222,7.492009350634705,-1004.7547211136472,779.6627797518188,-3193.7594976811874,2524.3642780044815,0.7587451885450742,1.0,2.0,1.0,1.0,-274.82408392919194,2578.468404983989,-829.4194136871101,779.6627797518188,-3193.7594976811874,-1708.024685474307,-9854.868091687646
88.79296104511353,2512.41077414339,-654.449056522237,90.50643182779362,2471.090298373274,-662.6681849267956,90.07899859817057,2427.158540854488,-670.8192605944416,93.47707900813272,2378.1684847300994,-679.9402856583364,0.015695060094972194,0.013244627941088175,0.015708152927520487,221.3077927983483,-16.7700058686846,-864.8796469680427,166.91473571334456,-3147.110248851149,-2116.1317118128,0.7603521590364197,1.0,1.0,1.0,1.0,86.94143054910523,2516.653744456492,-650.9598039335679,166.91473571334456,-3147.110248851149,-429.4023589827494,-10036.29249526438
-363.51685983318555,2454.413221914478,-555.0271303927237,-344.1551766325305,2420.329077990379,-575.3077672250804,-341.7625038786418,2372.307196619045,-587.2346109712289,-325.61688055558574,2334.617294023292,-599.0284108733982,0.01669943157202415,0.014705358612873575,0.015494243031246278,294.94891711553515,60.41836404800355,-872.8161367414303,736.5699944003798,-2699.2973557845803,-2607.9099568038077,0.8381009667838567,1.0,1.0,1.0,1.0,-356.91552792880117,2449.29652391736,-559.7520912204809,736.5699944003798,-2699.2973557845803,-645.9017468031502,-10197.009098513377
-325.609763906198,2552.319195236882,-608.0342440744286,-324.14001323062985,2520.6224849274445,-622.8727211672298,-315.85002318448966,2489.590431147145,-641.2027527970374,-311.5394760937521,2453.1839445247097,-648.6380116657176,0.016421550487352804,0.015575134240997204,0.015336984516506485,61.34987932415052,224.38714884579556,-801.4094348769302,359.13450110811976,-2156.0374227730176,2033.5366909321178,1.0326663307551425,1.0,2.0,1.0,1.0,-326.51538187261974,2552.9075654406543,-612.4132899831077,359.13450110811976,-2156.0374227730176,-671.0435491820446,-9750.222420978957
-413.1319215037641,2538.8012164503907,-842.8836462156031,-419.0042226547999,2485.3463261559104,-876.9663107009261,-416.1365949222757,2442.2237519352034,-898.6157859451565,-408.2490484140691,2390.7330622463796,-940.049669053012,0.012231638869887906,0.013495671278265833,0.015240353032600483,-275.1429552006052,-106.95153686108057,-1009.136788062061,177.17356056848655,-3281.594138478816,2763.277330059057,0.7640323368192464,1.0,2.0,1.0,1.0,-417.76767145823584,2534.731744614357,-844.4765509214926,177.17356056848655,-3281.594138478816,-2077.655629235486,-10080.680169260555
471.7640167684246,2617.3329606032717,-580.9617304192459,463.079699597606,2561.41902745385,-611.5985913574382,464.1638361399895,2522.8792214562054,-638.4110088154667,464.6660041348676,2496.789138683287,-666.29812862657,0.01763776718032288,0.01429053543712049,0.01286197408489341,436.69391583375136,-51.57062508621422,-932.1132933216447,-31.455942167008338,-2558.1992938575636,3067.7331583632917,0.995209723297663,1.0,2.0,1.0,1.0,469.40809568744,2608.9566405256473,-580.4753396162694,-31.455942167008338,-2558.1992938575636,-1603.6487877570712,-9725.259029652694
-396.59893175859474,2491.3589602631905,-769.2478133933298,-388.22052299581145,2433.091507906465,-797.5252786623352,-385.0335390168915,2373.098278848548,-831.2699746189861,-377.1982116208467,2324.013706611756,-870.3361188847364,0.01464433448209452,0.016617613248392407,0.01732700154100634,-177.967283196096,-152.39879071477986,-804.2689957967069,289.92108457884365,-3593.1761032142226,-2342.2768762616483,0.6864110507285073,1.0,1.0,1.0,1.0,-391.0592803615441,2488.5856451476766,-758.3562678602748,289.92108457884365,-3593.1761032142226,-2141.4508041607,-9810.353481785374
58.637477000874185,2499.80088457787,-910.1097301946306,46.1701576244403,2457.673312193349,-936.362808501969,39.330918344551144,2415.708676490441,-971.6092207683201,31.489948205955912,2357.5362319798583,-1000.1492783940935,0.01558728435975065,0.018731876672927188,0.01203092111618221,-391.18313367326317,95.19984626915982,-843.9992659178658,-540.2351975105628,-2884.6221120837017,1343.9904983300034,0.7886499178511406,1.0,2.0,1.0,1.0,59.91325624805563,2503.859309859055,-907.7983575569785,-540.2351975105628,-2884.6221120837017,-1740.9167905583136,-9589.040512321186
-166.7677849389805,2624.9259006730526,-505.73609086803515,-156.98279667205284,2584.747169544062,-516.1546245179173,-164.17935693271983,2549.991923737963,-532.9855557204455,-156.24844430168875,2519.1099548055745,-552.1090785824958,0.013393270799609818,0.016940427990286583,0.014654215477501648,-54.21368943382612,58.41042263613356,-854.5672735766676,94.93437883446379,-2293.660384037431,3026.9131349241666,1.0750120857326,1.0,2.0,1.0,1.0,-160.54019372842617,2627.310052758044,-487.2788211600888,94.93437883446379,-2293.660384037431,-1367.3881360909745,-9928.674496520947
584.7601222463597,2642.7422248863163,-471.4792695409278,581.7606540466602,2606.9166357872787,-507.82468583700773,571.5126946853986,2580.146024852385,-545.0571890299684,555.7035511232947,2548.7207839893404,-585.2219842673903,0.0152514513377,0.016005666290345152,0.016324845181563852,-151.52555223760604,451.28504756438366,-810.6451431289987,-640.1388791911291,-1893.457317453986,3312.3340581567363,1.1074180371903883,1.0,2.0,1.0,1.0,587.8348532281475,2638.228249223727,-476.598002971101,-640.1388791911291,-1893.457317453986,-2088.3447192868102,-9895.190452298813
2.8722060672789897,2483.313225197809,-717.8062816414414,1.446308884915263,2461.6918396308083,-731.4567083603666,6.736711296291096,2431.0821032231634,-744.5749398059653,9.684462046006693,2414.1186263900113,-760.2661042645752,0.016498811293812546,0.013261746025922604,0.016643194693923606,378.0879523627914,215.45244887913077,-993.4279701263399,264.91011323101753,-1601.9679375143705,-2436.3398745231907,1.3685962479863332,1.0,2.0,1.0,1.0,3.2401421409001614,2482.2370804619723,-721.3111165328431,264.91011323101753,-1601.9679375143705,-851.366032818452,-9576.654279289476
-70.48453827978088,2493.3386713079076,-807.0378288932351,-60.19087132488401,2456.4565693521695,-823.8246974057874,-59.723016988752626,2422.7266694826035,-843.7077491634104,-71.21850297991222,2385.0041679102283,-867.8932339781962,0.01558560667695212,0.013722988566454422,0.019220945250674734,86.84282653205555,-132.098657969609,-804.3618718611804,131.3758741732932,-2232.7931931248513,-1190.7667583114558,1.1264704595059156,1.0,2.0,1.0,1.0,-67.52382562156356,2491.4333439521033,-803.1341682517946,131.3758741732932,-2232.7931931248513,-1181.0748914243768,-9733.266035443652
-248.7295210021764,2618.9623583236903,-650.4155644002739,-248.1997969806069,2589.100918870711,-658.4874712358582,-251.38273578674304,2555.2881816408885,-664.8050086259711,-259.09101215546866,2523.0105222265,-679.4714835898125,0.014103323871451601,0.016652952835319982,0.01693821462961973,-376.2341377098153,-213.449566064542,-800.2041823571724,-88.47402172053947,-1988.7484508797036,-1724.9275563636756,1.3773055086636004,1.0,2.0,1.0,1.0,-250.15865675804918,2620.5169764390307,-654.7313816921339,-88.47402172053947,-1988.7484508797036,-382.37601212389745,-9727.29103486834
-235.43383569561962,2505.4129839522343,-659.8324877556045,-222.1597450354462,2449.3030761797686,-680.0801841159202,-209.31913058544745,2405.735448845637,-696.0244479627954,-199.07923675357176,2362.9438654470614,-714.0843593055142,0.019296050703658904,0.013914246815884226,0.014173188874135635,356.7982281980203,87.23114146249452,-903.9970505141571,732.6214174793364,-2984.311982448794,-2329.7612297756345,0.7626165136063219,1.0,1.0,1.0,1.0,-236.6251199602409,2504.523847246021,-660.8599411515011,732.6214174793364,-2984.311982448794,-826.4386042987013,-9758.533184331965
759.1936035938081,2524.5348959863077,-946.434443947803,742.9388946521457,2481.9223142894944,-968.4805126900137,716.2669625378928,2458.127771114853,-978.2266138115914,718.668295699852,2391.226359959707,-1021.8760263745058,0.013440106166262188,0.01300346034444378,0.017409927275452614,174.12589802357547,-48.93753156491803,-827.4893680422318,-615.938456706679,-2731.6820950264105,-535.1634697763755,0.8961465062138422,1.0,2.0,1.0,1.0,753.1080473278555,2518.8436377599046,-934.568531460528,-615.938456706679,-2731.6820950264105,-1554.3665147265165,-9941.77112492047
-80.53698949292294,2549.1288409537246,-880.1063713556584,-68.97697164332911,2491.5291115720474,-876.4022392077709,-67.10074695282678,2449.382998445668,-875.9521597762881,-58.68590697936695,2394.470865293831,-886.3603270799903,0.016657171742673168,0.012808554137083736,0.02048483173433866,311.1902806898787,5.155817448045326,-996.7733188923036,475.8790444105556,-3081.3541542077032,1523.2267889315667,0.775049442385905,1.0,2.0,1.0,1.0,-81.4099309488297,2547.2729946694067,-875.0625720175933,475.8790444105556,-3081.3541542077032,159.84986328716005,-9429.039081324554
225.93232483343337,2614.55487436832,-514.9011134528986,218.88929332337003,2583.043671845237,-546.7279493741948,217.0061526505994,2537.1703800533965,-582.3162754187979,217.02787703607856,2515.8721353892024,-619.0066447922097,0.013753350990349267,0.01414030988849535,0.01593230703097048,-67.70858084073235,347.4808869451189,-807.7635787464192,-261.24940415275654,-1998.5301711508014,3099.3778328617436,1.0861740320901827,1.0,2.0,1.0,1.0,227.50324585188196,2605.8199803455273,-513.0515512763417,-261.24940415275654,-1998.5301711508014,-1949.4824006204028,-9851.402267408619
385.0812142343944,2565.7994704746084,-560.5064364640667,372.85711982713593,2521.0788394588567,-595.0529043608093,344.9855722848864,2483.2140971261174,-611.4175559442311,344.1295740541129,2447.93091460684,-652.2349798038194,0.01582095967426969,0.015210847500903485,0.016368153330134288,-396.769467792937,254.92170344350825,-992.7739038909785,-824.4769160638605,-2459.752857517151,-3246.3908535093597,0.8926000394946932,1.0,1.0,1.0,1.0,378.23883330709236,2567.089389509639,-557.6800573464761,-824.4769160638605,-2459.752857517151,-1417.715707577495,-9802.161081972425
433.735116150718,2640.0858958485846,-753.9197020392805,433.4817891514231,2603.1822204616433,-779.0476855954917,421.104639359798,2561.2832370584183,-812.3943911882553,417.8841026046297,2520.0167218760344,-837.8775190249131,0.01463070557330775,0.01827766633880477,0.01784228932634163,29.934672218408647,404.9658263370544,-806.0061902674265,-426.5648753772898,-2340.1088659616794,1745.5122074427838,0.9042493387615466,1.0,2.0,1.0,1.0,437.30412820372,2639.7697933304735,-754.9476601678249,-426.5648753772898,-2340.1088659616794,-1431.5570384175433,-9777.384213784775
153.73120343489754,2487.661023196877,-822.8564918002869,151.0895717958299,2453.69189541203,-834.0970459418583,147.31268398784647,2421.9750189781316,-851.4464181194701,138.95330374325428,2391.1914675168605,-882.4371463896308,0.014397204844863764,0.015673929012432784,0.01789485207990852,-298.8452201340851,44.41158525342723,-887.6434867845416,-386.8371261584662,-2087.095241627914,-1480.0538550183487,1.122034014062792,1.0,2.0,1.0,1.0,153.75421747132123,2486.3130179580944,-822.0350259420709,-386.8371261584662,-2087.095241627914,-960.6380361763458,-9666.747203457739
2.888106617643574,2546.3366203879496,-685.556143252082,12.201000038308276,2514.9637203881525,-709.6439235815178,13.097930306356684,2496.2206898717036,-733.2257327236763,24.374251077127816,2475.43128487226,-759.8639554479024,0.0160240930073204,0.01450322516168017,0.015172785002443095,423.28265436635564,375.28834673299883,-1018.0866571822061,278.01634858951087,-1446.6379522064078,-2747.212857981405,1.4542998968285563,1.0,2.0,1.0,1.0,6.258131482089084,2545.245275042617,-688.9263082178895,278.01634858951087,-1446.6379522064078,-1122.7139258899404,-9549.749146844064
591.0973678715059,2445.1296055604225,-561.3676291704535,579.416992025193,2407.6517714358115,-579.3091694818891,584.7914680625261,2370.6013904929314,-585.8593564307087,580.9746572371171,2324.507013647116,-602.6066743159652,0.014785568107229795,0.015015615595934076,0.017127729833834406,309.4328328781861,33.32837839766813,-950.4412578744248,-304.4897287041193,-2610.9892151876047,-2910.2129080664467,0.8780710864630025,1.0,1.0,1.0,1.0,591.0858319294982,2448.4934024461995,-555.4538462681429,-304.4897287041193,-2610.9892151876047,-805.3179139175251,-9900.15549840079
-50.93038434566081,2492.0917771127583,-520.3769325558542,-58.0285048487783,2460.2126785684754,-517.1003217323205,-44.71519455567524,2421.1496315812137,-532.0009089751089,-39.793629376478094,2380.570581816983,-543.4475141014541,0.014714665933828924,0.015345670768063535,0.011997782422523907,202.129116368452,-38.8778096333181,-836.738888623495,274.41718661154613,-2653.7835804022543,-2514.23138314506,0.9129418808755844,1.0,1.0,1.0,1.0,-59.939296845574006,2495.485509650832,-516.4241229929339,274.41718661154613,-2653.7835804022543,-231.15492988377818,-9784.933557539995
61.70261747847322,2473.066096545608,-1038.0829226826215,72.08930143362842,2428.8651595577303,-1070.7218783496817,80.7476434732163,2386.649821041714,-1098.6025722295522,74.29700132300164,2343.7730548026675,-1141.5916743556895,0.017033595185009114,0.016498910080023754,0.015447910990231212,269.4453465786728,62.437318698361814,-975.9957969390275,241.31860885459756,-2835.99775218275,-1165.5635075075731,0.8010195837447366,1.0,2.0,1.0,1.0,64.32452905226546,2473.0354080537,-1042.8917452881312,241.31860885459756,-2835.99775218275,-1630.5584451445238,-9712.464981172981
415.63783590158766,2568.967937366047,-957.3144493302544,394.1038571943884,2532.226750225192,-958.4757890341106,370.2600165474849,2482.303091085027,-960.2187079481639,366.0886403384099,2442.7920062423896,-967.8350098915945,0.016037226834332764,0.01426001326529382,0.017011935561952806,-560.2368175778283,242.614233820787,-951.0901964632293,-1195.5786891146422,-2858.198315042916,11.516732579343213,0.7676908243384212,1.0,2.0,1.0,1.0,414.1598140506052,2572.0458605807676,-951.0638286645798,-1195.5786891146422,-2858.198315042916,-25.57298439392325,-9528.118880912754
524.190746561998,2500.3831814432388,-748.9404998487609,504.7856386702821,2455.0880398054474,-780.6362356661787,492.81187793613236,2401.39541942621,-809.4129502159776,476.1967708097677,2350.4981272518216,-847.1713831053055,0.015932336131043025,0.010679991612245771,0.021142960741577836,-241.60417569331918,52.14107659536104,-866.4452282538742,-1067.159554778742,-3424.85157342297,-2341.9728963674966,0.6672447115151339,1.0,1.0,1.0,1.0,521.4149059734821,2500.9099515927896,-752.551380808477,-1067.159554778742,-3424.85157342297,-1779.446960874676,-10177.996974790907
642.7087656855113,2570.6446612685822,-831.2571639805041,646.2632226877546,2537.487971085045,-867.4759240591889,637.1888575959307,2517.2108655139823,-885.2236567527739,632.4508131914682,2484.2364783026683,-915.1523454915415,0.01551236956319806,0.014517151905926248,0.016363441595634312,342.7009516342501,177.85720450648992,-1011.5871838125372,-243.85535661326315,-1918.1405776198712,-2373.4121744303925,1.1986070369352368,1.0,2.0,1.0,1.0,646.3008706177673,2565.942223643215,-841.528391378773,-243.85535661326315,-1918.1405776198712,-1490.0983961912023,-10035.755939032822
-109.50834778627991,2588.024946399956,-1011.1369866547498,-107.00596196853664,2549.9360664710534,-1053.7222422082623,-85.90767058717337,2516.1831267416155,-1077.8083437322246,-87.24585524838844,2475.2483457258895,-1116.2718298959571,0.014884289317884254,0.015682121724919312,0.013180449556338868,392.53571335632546,74.46791195327539,-894.9527213596958,501.56999388320367,-2525.2922832153695,-1332.9904845319163,0.9512531394008583,1.0,2.0,1.0,1.0,-106.52643055746324,2587.133733752566,-1016.9394566946942,501.56999388320367,-2525.2922832153695,-2038.4975137112256,-9745.098424658632
517.287810732845,2587.284572140803,-466.0426748686573,517.5582710639897,2559.201476273145,-481.97029311604,500.74725693884767,2528.6416602168124,-487.37689942764445,486.8155249641681,2481.948206548447,-512.6297674854425,0.014815619631983452,0.01362251058764874,0.017721401883606706,-171.22840223077716,101.74102716690119,-867.8382716776298,-595.8095092317739,-2153.5805842029195,2902.3423705660534,1.1088404678967585,1.0,2.0,1.0,1.0,516.9315809319232,2589.1266019212694,-463.7969175805914,-595.8095092317739,-2153.5805842029195,-671.5392083684534,-9866.75188168504
402.82439092048674,2531.516380684086,-648.5488696978291,395.2094550076585,2501.5157490411357,-651.6329791758286,374.5414495047576,2445.4262465442494,-661.6093859368385,367.3186771061775,2391.9274940318915,-663.7129672993746,0.015720255120138645,0.014767349478581625,0.013945499312857164,-329.0411004596451,-65.34367481640628,-801.5897591254218,-876.3806269222517,-3100.8124533333857,-1679.0256917228837,0.7955668960884232,1.0,1.0,1.0,1.0,407.11862615504697,2539.3387859836444,-661.3078407456026,-876.3806269222517,-3100.8124533333857,296.61152463080657,-9735.848141217013
741.8129011174358,2694.2310073078934,-631.3733911903315,736.4485790935083,2656.929507292898,-640.032747561973,727.8921700714847,2623.0427560432113,-646.1072561543034,722.0724125365177,2593.0490644952524,-654.5092559359292,0.021063975842855857,0.01292287249029259,0.01492734139700061,-120.83558726898738,-234.97571921140985,-808.9431112875371,-584.599430452953,-1976.7423800245438,-1856.0869061939882,1.4310858102698414,1.0,2.0,1.0,1.0,744.3715698013843,2690.6030032249237,-634.4989012617605,-584.599430452953,-1976.7423800245438,-11.28204160006014,-9877.027531947439
565.6768271694373,2509.7230423994583,-995.3720378998214,566.3416617632789,2443.6285313597214,-996.1456769349394,562.1059477065681,2390.9653736589084,-1014.4429088157955,564.4325388834768,2346.8444128074893,-1033.7395081864906,0.016322387146908254,0.01682394641048435,0.013529951605996057,613.9351985147229,23.460134819500585,-981.1711999465228,68.8528869231099,-3542.4939765382414,-143.78168251118538,0.6533237148366119,1.0,2.0,1.0,1.0,565.7381776685493,2503.2059183962674,-994.9721801074545,68.8528869231099,-3542.4939765382414,-544.2080044103958,-9965.09374053864
149.36436831038142,2467.7950789450856,-841.1761860559485,143.00930427707598,2423.834436092874,-860.9973421870416,135.41540188058892,2376.2021633204586,-889.3731791151874,130.7411229352771,2317.4764918097526,-919.5902721900582,0.015056745990068626,0.014906249041839103,0.016095214728330715,-116.27304670434172,153.16979794894814,-1015.9757181535695,-374.3289809738289,-3249.3146941801097,-2429.7847017859685,0.6689417902397621,1.0,1.0,1.0,1.0,151.37217469194593,2476.4298042877217,-833.7659264568517,-374.3289809738289,-3249.3146941801097,-1587.167460427296,-9289.19559495432
400.50107925584683,2492.9967521671015,-537.0959675367372,384.55051154456316,2440.692755089212,-549.6142868731139,360.7990329215057,2402.462159404808,-571.6145991204074,355.364246138448,2351.4986984591465,-579.2783917174025,0.01501276879423886,0.015760504846184374,0.015810542957283666,-505.4122887676738,-44.42081138527856,-806.0685324824477,-1026.3007677674468,-2866.098808277412,-2369.984602954399,0.8384161834022937,1.0,1.0,1.0,1.0,402.86389070651865,2492.076633940237,-541.6967936821925,-1026.3007677674468,-2866.098808277412,-529.8785995725912,-10092.813635964776
-72.45384917316001,2549.7163071850086,-694.286253421374,-63.695996367371414,2519.0977221951157,-733.6391652630494,-58.58936711810533,2498.521720781586,-739.5465702768736,-59.58585041641592,2465.4970824769366,-794.3796778528481,0.01775383964878927,0.016999124378473954,0.01282849755547049,387.37307583850895,-57.396902054158964,-806.655528453254,307.9119175309703,-1754.161021913767,-2423.5896265157385,1.4374185384172566,1.0,2.0,1.0,1.0,-69.87612169498391,2547.5322154877726,-696.1039160530505,307.9119175309703,-1754.161021913767,-1917.092201933468,-9947.779732116936
-257.7820468264508,2537.3824428698554,-570.7968259061619,-255.82683015592838,2495.5335937218797,-595.9676728398915,-250.56725823048237,2459.933594348201,-637.8255309739195,-243.76144882866717,2435.2978729773113,-676.3547000340682,0.016045926157581457,0.014912060817531218,0.015247425590315548,92.74458002328932,174.87914936590755,-809.20850719685,324.3885417373081,-2160.8951134117474,3034.9002124354406,1.0437945874345704,1.0,2.0,1.0,1.0,-260.8389304703762,2530.254822984718,-567.3695583502846,324.3885417373081,-2160.8951134117474,-2092.6881903913204,-9990.884090725347
583.0763765980586,2472.1617559043466,-983.216630168591,584.9316104177193,2428.5736041176297,-1006.4761314394992,584.5098171968394,2390.6701104703375,-1044.2838781225487,589.434239885055,2337.8018078160453,-1079.2876545679028,0.014586530146587048,0.016249257637432332,0.016227670505491457,630.5603155581975,-30.768470742639444,-801.440158886831,46.414737519719694,-2746.3201863589293,-386.62463511310966,0.8629365417104898,1.0,2.0,1.0,1.0,588.3229044152549,2468.3828988439905,-977.320425183539,46.414737519719694,-2746.3201863589293,-1925.9146698473774,-10117.940759825196
-32.42198485471814,2587.419063216647,-800.3859651951572,-28.21602775690247,2546.9059863322764,-827.7631494689127,-39.318052750535,2513.4644305705915,-855.3751244075592,-30.483638898851,2477.362640387619,-886.9378628703781,0.015809370169278653,0.014471129127307747,0.01305820734429896,142.06728102468315,-276.43729992669284,-801.2938548650569,143.71388395579325,-2338.103524877595,-1530.6578790350202,1.1816612933591104,1.0,2.0,1.0,1.0,-33.98222682116398,2587.739518048362,-799.1144467355665,143.71388395579325,-2338.103524877595,-1516.623321634836,-9978.305833681587
223.0342299695018,2572.591607081557,-572.904122053963,221.26177959224245,2548.0595572830925,-594.6930596050887,217.94333735698007,2507.1862801667958,-607.6119856640531,209.7708011327622,2471.2738379459,-636.7264150511493,0.013759881730007261,0.01674073631237375,0.017072358032003375,-18.137344627481433,396.2302916795329,-805.6939568911272,-223.10121226827107,-2023.6052640019948,2381.564495787369,1.0274270239256147,1.0,2.0,1.0,1.0,221.6964585609104,2571.6059504816685,-574.4511432994123,-223.10121226827107,-2023.6052640019948,-1009.8704207277826,-10061.135082545068
-168.72722791630517,2470.533724000989,-693.7111332537582,-172.9539156088138,2439.827436113112,-708.2793273987721,-167.51384381772218,2400.398152597708,-726.3313826337185,-166.8714802825996,2371.8514192639796,-755.6795829203194,0.018259551463650502,0.014615047917453668,0.014420090469602166,24.325333226009874,197.81179512005497,-807.2668481817034,201.49385735425383,-2276.9486292070196,1873.0166829883956,0.9527053101492944,1.0,2.0,1.0,1.0,-177.16852412824448,2474.760424327072,-694.6770167447798,201.49385735425383,-2276.9486292070196,-1143.7850998862873,-9770.95384964563
-457.0995284570952,2554.3572503903583,-681.3265475653291,-453.96310287785707,2502.630459108747,-701.2470437882591,-452.12932977474026,2467.5864323883147,-715.6870687840035,-448.0656301260216,2424.8259056304782,-750.3486621873786,0.014603494450672803,0.015212013707302872,0.01443353421410835,-300.11194965973243,-30.844316741457085,-910.8719409245771,163.13871708967287,-2713.147176521534,2471.2789125669456,0.9057509576279167,1.0,2.0,1.0,1.0,-455.0937308949177,2546.645500954008,-680.7244911322452,163.13871708967287,-2713.147176521534,-1222.7015205876264,-10022.79475009253
-299.53111746334895,2475.313158715137,-944.1674219241471,-286.7267352402869,2431.1190577730677,-966.0778221204108,-290.7790649792953,2368.3489269176835,-1005.1008557405787,-288.3418138777955,2316.3259108976836,-1031.061818749209,0.016138467848189016,0.012431265433996839,0.013951747228953218,-108.08326220311187,-56.709193521557765,-979.8493669858294,264.48155879624744,-3634.303303951802,1876.4537337762267,0.6574785194888615,1.0,2.0,1.0,1.0,-293.22035336048475,2487.303119244703,-945.0776039202792,264.48155879624744,-3634.303303951802,-1682.1372551895486,-9950.604417212462
-424.3693889298697,2481.9281165998027,-563.7185879714918,-417.9798592445525,2433.162386124271,-589.8156424813823,-409.21274673301156,2388.5216017898474,-622.6588965084792,-400.02328174473365,2352.032249447112,-664.7068017881949,0.016175739197135434,0.015212466691723646,0.01724271531601128,150.35217731742196,37.05425075455827,-895.7783236548621,600.9731767797219,-2541.0225975322337,-3237.0599055323087,0.9113690787951304,1.0,1.0,1.0,1.0,-426.5820723911122,2476.4359443855033,-555.2608562308204,600.9731767797219,-2541.0225975322337,-2016.7258314346784,-9414.675111331557
659.2930551094973,2511.524036803254,-471.9538661185633,651.3738864723899,2470.8250365935355,-474.88999824944426,641.9695833016573,2430.5032606925247,-472.9061754240373,640.2793674181175,2387.830741964359,-482.962593435978,0.016981816349247184,0.016729096408992505,0.014054498116680796,154.71748734142673,-206.44332122224938,-811.2979201624435,-494.73602001225714,-2648.6756984618787,-2546.597458648628,0.9772345891250797,1.0,1.0,1.0,1.0,661.8219078539923,2508.449269701181,-478.37695305461443,-494.73602001225714,-2648.6756984618787,164.6873867603995,-9699.245704823188
-236.99118742320405,2543.007866868578,-532.8007541525213,-223.6334335118942,2504.8779231779267,-532.8009228476812,-219.00004189145844,2471.595709202852,-552.1676705727306,-210.94502361633482,2412.7183795516435,-578.2716158100508,0.012542486919699275,0.013911111957812547,0.01857801632873424,192.51822463588044,-56.82490872450729,-813.2600783977449,469.80654051753214,-2915.7327777447567,-2599.0342401324833,0.8499683847937546,1.0,1.0,1.0,1.0,-227.95862912731127,2552.7559273570614,-522.4472728832408,469.80654051753214,-2915.7327777447567,-947.1271146365245,-10072.554200020342
388.2662506708989,2518.8551654743164,-932.9479971767687,375.27788801358264,2474.3840427962477,-953.3443030293271,355.7576236935656,2433.1090345426464,-978.3153434586777,337.36711328315585,2377.7275168239617,-993.4240667147959,0.015954381987427782,0.017772593483490355,0.019484433646613883,-469.14360326183703,167.09289329801447,-892.6169883842061,-990.9012244374504,-2737.486946672206,-353.0528353270439,0.8067885908824687,1.0,2.0,1.0,1.0,383.0314497543691,2521.331667436106,-933.0681978147252,-990.9012244374504,-2737.486946672206,-965.2230519195573,-9964.57837663034
-12.50956629264275,2467.7839629303803,-939.2806470883513,-17.015356754880607,2417.5871103894056,-966.2628715192947,-9.715366344458946,2364.5947847157477,-986.8210540707752,-16.08000453710289,2304.556098468871,-1016.838302494259,0.01706174551234264,0.014210869569251182,0.01435821399530119,-40.13507620663485,-20.54090961363417,-931.6368883306159,-37.16000068709767,-3431.2376283199396,1227.6856124017363,0.6793691709231056,1.0,2.0,1.0,1.0,-13.194075708488981,2467.1063709183163,-944.0355584038488,-37.16000068709767,-3431.2376283199396,-1322.6676618431177,-9742.880828097163
434.84489523207566,2522.743978571028,-832.1275139293318,415.251894459278,2473.8965069846327,-848.1217346137015,403.3935551330892,2419.28632347749,-861.4612174637081,381.6775930337264,2368.083533406797,-877.2561917928518,0.014903873924544918,0.017699696046358855,0.016031906813677763,-383.21183827812354,76.05930710201176,-997.9445801932069,-1032.5651110435183,-3095.208447281373,1914.1009154042843,0.741364523215419,1.0,2.0,1.0,1.0,432.5145994462548,2521.273980454296,-832.6001569680038,-1032.5651110435183,-3095.208447281373,-638.8223152779697,-9848.778111289586
-154.71299102372913,2443.1421740752007,-924.6249135687129,-135.1626697828479,2394.4319551139524,-953.144791050719,-123.30789974197258,2327.7370612811806,-998.7690126538648,-114.48369632977145,2283.624132007509,-1027.1307498534513,0.019685755526441397,0.01356833853448695,0.013681554971482456,504.14938514909767,71.98679470611958,-996.958692181838,888.1854774252233,-3173.1415473606507,2315.380108939951,0.6980643509675898,1.0,2.0,1.0,1.0,-157.5487955326945,2435.9772474898054,-921.8894148554925,888.1854774252233,-3173.1415473606507,-1973.3807577335106,-9774.21222991487
482.6256444240891,2486.2880272180532,-476.5591467720219,472.4961792772335,2458.2816447646615,-499.5591301597902,469.82501481108534,2435.5804999176357,-514.9628901600416,457.79710503727483,2408.579047608318,-542.9261331414203,0.012687904137881373,0.018208533411615525,0.01556908132561105,27.309576922888375,269.32667327611415,-805.0359574206337,-395.78246462497043,-1942.8060306045454,2751.519268897091,1.0985344811248896,1.0,2.0,1.0,1.0,480.48049891848063,2493.8395783183187,-480.6385806216581,-395.78246462497043,-1942.8060306045454,-1053.2466652131711,-9960.238009317683
-112.08897924041584,2454.0830301599894,-873.8625177535574,-106.49240625544853,2399.6610178964906,-879.8323441315401,-105.13094611891421,2344.392588530634,-877.2834308456522,-101.04791860273437,2286.3695497352523,-892.0595350139932,0.01696305026275966,0.011937145675972042,0.020198743083459956,-59.53010716869612,-120.68809288167422,-1014.2450273552782,59.34488869982778,-3405.346507334209,1689.3973622572862,0.7059010609778089,1.0,2.0,1.0,1.0,-104.33549813706679,2450.3485201556573,-875.2470357038179,59.34488869982778,-3405.346507334209,-84.56437677809473,-10244.878125781896
251.87771982682548,2431.6684441145094,-483.79063148957323,254.9756034758024,2404.2487060561252,-477.52847426908914,270.2590778546641,2366.4204557952457,-483.7953584202443,270.66138643695575,2329.0120237362735,-486.45233456867186,0.013814770919342115,0.017192834366879822,0.016502336331235743,655.5344623549324,124.54028015733151,-903.9349719639346,391.4355745274462,-2241.0638111033254,-2912.009638730643,0.9824900583825423,1.0,1.0,1.0,1.0,252.35582059166848,2432.8360055937537,-475.62955200281283,391.4355745274462,-2241.0638111033254,-28.025186417506802,-9898.927543355436
642.3436104328654,2643.2506431657143,-666.0363233176138,634.9183888734178,2622.0562983681684,-690.4982441632035,631.1298192772326,2582.1228399407833,-703.4152333953264,609.991121834238,2549.8299904187497,-729.2589444629924,0.016478744138189658,0.014846604360550495,0.013528792213568973,-390.30918574126366,-255.73721487011142,-802.0558930763692,-733.702069935846,-2059.2776980681133,-1823.1912486402723,1.3651458592876828,1.0,2.0,1.0,1.0,644.2107328682796,2647.844339405937,-674.1127716891976,-733.702069935846,-2059.2776980681133,-929.2409249119403,-9619.654122145374
-79.11081883951204,2497.794941618134,-998.1866222989337,-66.87840469592227,2425.848483313419,-1005.139974996882,-68.65815176117319,2363.0547953747605,-1011.3038055447441,-63.81710268701049,2297.8236082073513,-1024.507029111434,0.01739401821585491,0.016812819076286886,0.015780479294199484,119.7676373809412,-31.496975261018505,-1017.746066081772,305.6318115520859,-3942.8585537763834,459.5194521612365,0.5900126834136592,1.0,2.0,1.0,1.0,-75.8367220123938,2491.9324991558688,-1007.1031389137523,305.6318115520859,-3942.8585537763834,-108.32116413386947,-9409.450196915841
198.76773442917684,2510.3648905756727,-670.6958933713121,186.49873974545017,2452.339275033023,-679.2019779470958,182.8302364260731,2392.3930856816582,-703.5839412863464,186.1658970065862,2331.385947280337,-723.5998672406832,0.013964023986171005,0.01692468385226399,0.013131217441034064,-32.930372373164396,-215.96945829464633,-808.2808804686761,-306.32314889413396,-3655.412164184438,-1909.767323393891,0.7009800747205315,1.0,1.0,1.0,1.0,195.28037355296487,2507.3126040227526,-669.2553521021719,-306.32314889413396,-3655.412164184438,-927.9666755052285,-10021.414655248189
331.9502149064217,2583.8477609408637,-524.4565189705756,326.1335865948631,2544.4527264984877,-522.949250338445,326.761315724645,2506.962002814866,-539.8431015440991,313.7085629508045,2468.41938927471,-549.836822862192,0.020224765670126956,0.012527649657517795,0.019202368950929888,-290.936257199007,-35.023316044064856,-977.9900506626245,-578.0411334704966,-2403.9723143012748,3035.2188051554754,1.0380452157214242,1.0,2.0,1.0,1.0,339.12857828383426,2585.306506544324,-521.0003002968517,-578.0411334704966,-2403.9723143012748,-347.15080667776965,-9949.101702887418
-368.1751467104085,2519.905231541091,-755.2222946064666,-370.6252113972924,2488.7909460702517,-768.9844788388605,-383.98604674457215,2460.0230087024047,-789.912322483818,-373.9885500216614,2429.4606817142776,-804.257244899071,0.014346124222187577,0.014001589926893368,0.014009973754404128,-493.3539373333112,2.9675415741763693,-870.7590193493147,-96.44147481689151,-1951.3311648845092,-1728.1413084401486,1.2476423120965094,1.0,2.0,1.0,1.0,-368.94443481952226,2520.184744275188,-756.4420437718989,-96.44147481689151,-1951.3311648845092,-886.5132792172632,-9627.217694053055
445.9893385786273,2550.462290024001,-836.4074298176545,427.5645287444024,2514.6875439130467,-844.8312501867796,420.32742662634956,2484.5974405333723,-845.5938983751015,416.13217277726363,2447.9348793157237,-862.0754156305986,0.015787853390418136,0.012767473690316847,0.014745856855186507,-232.27158985657513,61.6471581107983,-834.9099762385941,-660.8014168724822,-2444.2871206777318,-180.3335526709966,0.9766988160640787,1.0,2.0,1.0,1.0,441.74585535335666,2554.8200212020915,-834.6125918552981,-660.8014168724822,-2444.2871206777318,-166.9206833151319,-9791.913653400252
512.7093272149216,2491.7524094144906,-714.4493485409482,509.150768089341,2444.0159512749105,-718.7354496174405,521.2197953358884,2373.013443142515,-725.9827029654058,526.5133454015937,2325.979090965106,-740.5090245521451,0.014040353272130553,0.017467469507840207,0.013587960172306346,639.9529081524328,-50.877009654599945,-804.5308383803844,171.309322807109,-3552.7764894846628,-1405.458562275908,0.6699042170477234,1.0,1.0,1.0,1.0,517.466742345349,2489.3581803269385,-709.5455325265928,171.309322807109,-3552.7764894846628,-362.9781869529394,-9706.961031306097
519.047561069836,2602.0266458124015,-571.8182872362879,505.6931926623811,2570.506581988877,-606.9039071584671,505.62380397444286,2528.809377786877,-625.3175279446915,487.2878371374465,2490.626956004259,-665.1163359016859,0.014427309933237799,0.015639520531003474,0.01501932314982456,-133.36273758516666,99.53140965882488,-846.1502590204143,-617.6755868678869,-2369.1100828134327,2709.2150533709328,1.0099138463859336,1.0,2.0,1.0,1.0,518.2850065604562,2598.942547026996,-576.1783003798065,-617.6755868678869,-2369.1100828134327,-1390.6406088268977,-10013.690542770155
286.1588569623339,2518.918014237567,-741.3344110582691,285.09687379016054,2462.725297189676,-760.9550585828669,271.9168282349534,2411.812893381518,-785.4194022895027,274.4043097291441,2363.8085738323653,-819.1126272831663,0.012609799854297278,0.017269969233873105,0.014527555888529026,63.920384908460086,-33.33973517544055,-864.4648850203944,-301.9124974727148,-3495.12221592816,-2205.7804570072303,0.6855926750233011,1.0,1.0,1.0,1.0,284.31650806354185,2518.0994824521163,-738.1993463501091,-301.9124974727148,-3495.12221592816,-1550.022243524558,-9755.208230290584
-406.4957083974523,2532.9193851255495,-584.7185393110743,-407.75807144773995,2489.3211578876194,-627.8930817299544,-410.97955547507183,2441.1279190218875,-658.1205049653101,-406.56406359003154,2384.4442042369933,-705.1549888955478,0.017314042077515336,0.012232682181295064,0.01790322744815701,-342.21516017527557,-59.29955917599651,-842.1576267602856,67.90182462358982,-2875.621086238157,-3105.2301306581016,0.8525500482930333,1.0,1.0,1.0,1.0,-403.3268023365014,2528.759418438341,-588.181509694303,67.90182462358982,-2875.621086238157,-2150.880838102596,-9876.095843715651
55.7718191002058,2541.303277777883,-799.1970067636187,52.21606598048375,2509.5235944900205,-826.5450338945409,53.65180770471243,2468.1350817085654,-858.0473068730178,49.1673874567547,2440.9112186651555,-892.7401894442971,0.01652554896699687,0.016787911136066053,0.010986085074321368,-11.014702404043554,-27.205457045247684,-870.5331436914081,-49.907196237962175,-2018.1932519912648,-1966.4950265044008,1.2257004548226107,1.0,2.0,1.0,1.0,52.367436818168244,2535.8999729836646,-798.3225181654137,-49.907196237962175,-2018.1932519912648,-1555.8572549075163,-10023.14097841055
176.06984243920041,2469.703298429975,-1062.1716347632498,174.68110335469783,2409.0294900239364,-1072.8689342526432,173.67933157963606,2345.8691652793273,-1098.68615901604,178.18248286129375,2298.21629762577,-1111.2780502490552,0.014166324622949191,0.016734278060331134,0.018043248670946227,167.663148845651,277.48966940499844,-1018.740870922628,-20.840201556462716,-3654.9239345207675,-271.2585434064693,0.5510561486457739,1.0,2.0,1.0,1.0,180.16726977952794,2470.4440301174627,-1058.2405599787037,-20.840201556462716,-3654.9239345207675,-920.5470355365851,-9784.16160093519
214.69195931655008,2595.0584325386276,-464.33896612687784,207.34346959391834,2556.297213600307,-491.75313793290036,208.78312843179503,2527.769080473559,-513.4276384178434,207.81244396492832,2496.821917542332,-548.6722221556028,0.015613692559695698,0.01104959919334482,0.016749311147027032,65.35619313549867,160.67786347558035,-812.3550560719485,-128.7531794905803,-2077.31042736619,2975.446559656021,1.1265873970999294,1.0,2.0,1.0,1.0,215.99741313947925,2591.1310634940273,-465.23770430687046,-128.7531794905803,-2077.31042736619,-1485.7727455687284,-9574.145886787624
693.1557689510231,2554.204341748233,-588.654398759784,664.4580966148776,2503.761293509026,-608.9957189646301,646.1030229493862,2457.6452099027438,-651.5311972143328,615.4709979915539,2405.7869940509304,-675.4982119308372,0.016299587949210895,0.014669964539110888,0.018219058476880972,-550.595809832804,-2.391788155358711,-807.8297256248293,-1460.825553395384,-3005.259561238614,-2642.427152443731,0.8008113890347979,1.0,1.0,1.0,1.0,691.1059105532725,2552.0788388974665,-590.019088111287,-1460.825553395384,-3005.259561238614,-1630.0483836095968,-9929.34158509559
-342.0299020983027,2505.4987416836475,-765.584358892687,-331.1625865988201,2473.5055138820626,-775.5284223858482,-320.705664033592,2436.3141739300613,-784.9323724548168,-303.4429950259195,2395.9159964046808,-799.653259326441,0.010649005466706125,0.019665726024696902,0.012631405959491172,407.81717685416004,377.996158886897,-803.4973280929606,750.1067174549178,-2135.131938487463,979.1019392510068,0.9520538625491066,1.0,2.0,1.0,1.0,-338.53900701348493,2502.4524376819368,-765.5394382119703,750.1067174549178,-2135.131938487463,-473.4210585994177,-9683.915584306451
652.2041299618553,2617.144655128455,-555.2853050610167,644.4663789891574,2582.536890779203,-593.0104926317433,632.5655687965717,2543.743741143351,-627.4487535859189,631.3056301417924,2479.9244825102774,-689.330931392848,0.017774597296129686,0.014404852225948034,0.016011836212335658,242.10779930871792,-44.08984086907736,-898.8402761850489,-383.9029947745921,-2530.3756599350527,3258.7093948535235,1.0068087142655862,1.0,2.0,1.0,1.0,647.1254587959115,2625.456480362406,-561.138657816123,-383.9029947745921,-2530.3756599350527,-1951.582468839453,-10084.192995928206
74.47717576349493,2533.2647790708847,-892.6222756278249,91.80723528730886,2477.2697024266945,-919.2005506589209,95.53005024372796,2428.0709253335112,-948.6920327511984,112.25831151674483,2374.1245509851337,-973.5300270229441,0.017736060135022883,0.015313291499874981,0.013517110531944432,492.1818022998814,54.67274771392748,-934.4723583073414,547.5572703781395,-3262.7098553125193,1710.1589372587923,0.7134335378331582,1.0,2.0,1.0,1.0,76.0382768124964,2534.3322377514432,-892.3406748207049,547.5572703781395,-3262.7098553125193,-1441.9093232331993,-10042.093651030173
230.5928593861575,2500.838465791355,-1077.6744240296296,222.38220543353194,2455.3757976423403,-1098.2826672349809,214.84763426895597,2418.4988131626033,-1120.7804485485917,198.76457117270056,2367.605222634674,-1142.6499897280278,0.01207247636913179,0.01484222868445803,0.015460201282768031,-284.1198712689485,312.6278758021547,-1014.9198502829387,-682.2660582817583,-2901.8503403855193,-1086.0925977161533,0.7126250936636427,1.0,2.0,1.0,1.0,230.9910027337794,2503.524882793213,-1079.7975752354102,-682.2660582817583,-2901.8503403855193,-1562.7966003593006,-9726.004862576498
-24.133630165166593,2490.817048575206,-462.4636325142715,-31.20299018643491,2451.0166571948344,-486.34922474907876,-16.47064329391805,2419.1431040262382,-508.95594596526183,-26.37124576631455,2375.1719305360994,-541.0913412677527,0.01618221308675786,0.016007968737625153,0.017527739250640086,198.36389964564506,1.3600895166388263,-911.3896761282535,199.76739844959678,-2199.6878792393313,3218.998374127524,1.0802820789249747,1.0,2.0,1.0,1.0,-27.373260602399682,2487.0073930570775,-466.0720499702701,199.76739844959678,-2199.6878792393313,-1311.7035443349916,-9703.56143086864
-265.6264068664893,2437.940395327963,-840.5060353649293,-256.7024822087565,2386.1051452560005,-878.4026224177929,-251.83028380966533,2348.338815963967,-907.616256004681,-238.63419801204589,2288.317069192466,-935.0145415072141,0.01455800465462749,0.011627405843176866,0.01989876711572877,194.7975861120012,148.78116023053795,-1007.5595012176944,658.1539971963023,-3226.599729079254,-2699.919722115447,0.6639158223864674,1.0,1.0,1.0,1.0,-272.49175189737355,2439.666967876809,-841.0518972455432,658.1539971963023,-3226.599729079254,-1992.5428631859447,-9968.04882271005
-102.58478312640072,2725.523191276211,-710.3029209381228,-100.65288714369059,2698.6243207629,-724.5218748202044,-105.72722654331652,2666.7164229277905,-749.2100562346416,-105.61750758958317,2646.4857834155696,-771.0286538111419,0.014686526611600633,0.015573750703501902,0.015439679377631133,-18.33570094975888,178.31444563453744,-1016.97202658385,53.51394954432953,-1712.9024837223474,-2787.0744554286207,1.4393000433072567,1.0,2.0,1.0,1.0,-97.80391602308839,2721.97463396221,-701.9869082946077,53.51394954432953,-1712.9024837223474,-1293.974535539002,-9673.662547317606
-479.67849066639894,2528.3531286468456,-983.1813389399518,-483.5641110191746,2493.9342115166037,-1003.7918564306707,-469.0876653711909,2453.2468231260864,-1031.5998313495516,-461.1558066745165,2420.118080823533,-1057.8179035050193,0.016747630108792332,0.012669630312592689,0.015181598245216268,-93.13018903153889,220.79604637780471,-1018.522929695161,388.4321489771108,-2332.4163857843378,-1690.9336338616888,0.9454011413333995,1.0,2.0,1.0,1.0,-477.67801651887635,2529.888268304306,-983.7021689852344,388.4321489771108,-2332.4163857843378,-1480.4742241077852,-9599.970782288343
-284.83816989686073,2479.197593342402,-496.4344669406635,-283.36077606721676,2443.7762708764776,-514.9611766117248,-270.0865943129931,2410.5534111862557,-530.1422930624531,-279.9645148889999,2391.8747957258893,-557.0438484724631,0.013744767180002523,0.018022337257724362,0.013110988494673466,-6.828426697284094,405.03664658568675,-809.1749165718013,245.62186449905852,-1817.222659553756,2629.927595583238,1.0951219070675973,1.0,2.0,1.0,1.0,-286.8373522262121,2476.67047847698,-499.49074790325665,245.62186449905852,-1817.222659553756,-892.9738171204203,-9881.291899727157
-407.599519566891,2518.1794080119657,-1009.6436252015649,-396.38088413177553,2473.94260425009,-1024.5662261226164,-402.2848909881179,2423.6343466722055,-1050.4583639008672,-400.21068389135144,2382.236731144184,-1069.1769246201306,0.01712150839404186,0.016531108025695504,0.013042333534615404,-409.78723639890063,17.70419501511668,-974.5924373622132,-11.574101403716346,-3032.9319740206192,-938.4556106108656,0.7783050500456479,1.0,2.0,1.0,1.0,-400.23860274083063,2519.8730735821346,-1006.3006216081442,-11.574101403716346,-3032.9319740206192,-1223.5963506422756,-9710.347039073355
679.7641637354002,2573.9639573661684,-926.8750185289749,668.4251340655333,2532.7637692258427,-955.6205936543964,657.0892470084966,2498.548027514681,-989.7360727707718,638.5769257874431,2475.6695279965215,-1021.184795932425,0.01427006202931946,0.018822332986714083,0.014849188712886659,-254.41646051715924,139.06792360621972,-950.5127632723178,-836.6520021247153,-2170.132776505203,-1843.9633282878908,1.072058416271078,1.0,2.0,1.0,1.0,682.6337818625236,2569.616633292054,-929.8148639588153,-836.6520021247153,-2170.132776505203,-1731.1788084232098,-9754.580059999254
364.5932876329452,2492.6887019470137,-812.0739958789062,357.8773331079095,2449.342319402074,-811.8465571338286,354.06756451221673,2399.665928553315,-819.2835126064912,350.2443303860411,2351.268014220961,-828.1596561555042,0.01604223024509197,0.01609322448216166,0.015862965185948024,172.7270937888336,-54.032547224530255,-957.5642241755953,-224.27994778686934,-2959.630108020524,1692.9843380031539,0.812001580086799,1.0,2.0,1.0,1.0,365.6078488855434,2491.249345673117,-814.048756778994,-224.27994778686934,-2959.630108020524,-117.8283747050547,-9939.313004071582
-280.7574596732689,2494.7226613426233,-591.1193668547922,-279.967838446732,2457.3122787804555,-610.1803983034431,-263.90723692060027,2428.858345889593,-646.4033400128793,-250.01702842122813,2392.744109417505,-674.3466891562733,0.013342607639996729,0.014435407024760146,0.015301159104573466,340.33917548268903,252.02759068260838,-811.2523173138666,579.453210747521,-2081.3053711886587,2638.0312705936476,1.0319208262306687,1.0,2.0,1.0,1.0,-282.57302607089684,2489.4308647104112,-589.2872656574887,579.453210747521,-2081.3053711886587,-1622.693642559839,-9747.427440381814
207.3556161258354,2543.974345684102,-521.0919483922372,207.2946965150008,2502.251190173109,-551.9608309780059,198.32657469984343,2465.170441673839,-571.0993052992529,185.11543916015125,2427.9065420513716,-585.8253836154214,0.015495171094944556,0.020295453504781416,0.013088786837006282,-172.64163389288134,3.902306397689859,-914.444880246107,-347.4819262815112,-2330.8734693253323,2871.0019744268925,1.0411205885632664,1.0,2.0,1.0,1.0,206.1136657539663,2544.554387962311,-531.7514962620538,-347.4819262815112,-2330.8734693253323,-928.5893001212581,-9643.521686455944
-460.9883831134935,2620.999968577132,-446.354356497755,-457.4710612258715,2581.2160671654974,-451.79973506173513,-435.3028371936137,2543.6405969161315,-468.08199755664657,-421.3866912201761,2516.5062523005613,-477.17288928896795,0.017925051720010597,0.012740114914501607,0.016190888423599475,398.61219223272775,209.7585979646618,-955.9269116871877,817.436586852551,-2294.4436135038654,-3196.3492285130624,1.003143944941888,1.0,1.0,1.0,1.0,-459.6962239624487,2618.9243921437305,-442.154702582224,817.436586852551,-2294.4436135038654,-449.0770101735255,-9747.070968448594
-50.83645917949783,2443.8418265615546,-812.8628568328149,-51.86530325845275,2399.769328422465,-835.0286286156719,-44.791405382214855,2323.7029768792036,-865.1627304686072,-38.48700464653988,2267.456083637687,-888.9453002182814,0.013459629516085512,0.015036413977662652,0.018040214885942412,103.52073048751197,-19.4338337090324,-842.0364193027368,253.15579621001285,-3938.3249793543087,-1682.1210233740994,0.5784637416203099,1.0,1.0,1.0,1.0,-54.701642143745914,2442.0192783874113,-815.2028526866904,253.15579621001285,-3938.3249793543087,-1517.9027222706588,-9797.905205729305
-330.02534883883834,2623.710734290457,-848.9053601653942,-335.2757304514474,2588.49295684384,-857.6149876488794,-329.29545103129215,2541.317171004525,-871.8658992684359,-318.80095960247934,2515.021303204987,-882.7567456043427,0.015679354168755315,0.013489959107952015,0.01404665465618771,-16.86745229332334,32.781538106240895,-958.9341629071216,282.875760911547,-2299.021349363561,-1593.3037558108535,1.081784032067103,1.0,2.0,1.0,1.0,-335.1026833188129,2619.1805561402425,-845.3753397473979,282.875760911547,-2299.021349363561,-544.1222543820415,-9876.464876034457
406.92470427741085,2629.5536444197483,-966.833978146373,398.35036534847393,2585.9791875591013,-997.3899734653935,397.9030144294477,2554.627707126678,-1041.5631945961657,391.86692791523836,2521.6465727306595,-1075.9945754937607,0.022346249756280516,0.011536882765396415,0.019925956673134702,111.4780975751228,302.8907690370412,-1008.6541980605472,-249.2781728679911,-1969.2721445694658,-2362.900072210289,1.1261909108051853,1.0,2.0,1.0,1.0,405.6263415593528,2626.631899629004,-960.8358782120933,-249.2781728679911,-1969.2721445694658,-2150.580318850131,-10023.103604659229
154.0781329538676,2549.920479874514,-897.770124901334,149.97415282133454,2489.9007364697395,-903.7990012484876,157.40213381835966,2446.0306124447516,-926.4990013392737,167.1428235643889,2410.0994658653785,-933.6586090141776,0.014859203091964677,0.01760801707598416,0.012415729104063078,388.5253100799504,33.88575428674498,-885.0536342226644,272.19140778824857,-2869.0452617957494,0.7579388773570059,0.8301170507279887,1.0,2.0,1.0,1.0,150.35782826523143,2544.300358358028,-900.4162505419241,272.19140778824857,-2869.0452617957494,-549.9402378384762,-9806.110473892788
144.76611706042985,2460.2102230191504,-956.2558742514692,136.15532258746862,2407.4637283427924,-972.332806795753,120.63937080412619,2348.7992257538513,-1001.4467514087042,125.80447948695523,2286.2298847320963,-1039.6878920872434,0.016656275266288885,0.014139242276161736,0.01628076658794477,-215.81089302258033,156.06566877095378,-1019.7475638473113,-588.2239800330849,-3809.8110116945186,-2190.3034960072164,0.557923715869605,1.0,1.0,1.0,1.0,140.06461489743606,2461.001330846136,-946.9932960465973,-588.2239800330849,-3809.8110116945186,-1848.5979056431677,-9485.883422357403
-313.0878891848123,2721.952982138821,-658.4929963215969,-315.0698290651333,2694.9017802577127,-661.5616794345907,-314.3693858123139,2669.5518839250553,-674.1188256727482,-304.0912000585827,2646.3203035952465,-689.54907824492,0.01582028683224085,0.01655633027399755,0.013480003607266318,-25.115387683361156,416.34720717590073,-939.76350020503,192.6031690796714,-1532.825151909433,-2386.0393620994123,1.4541433792864953,1.0,2.0,1.0,1.0,-314.0201413028693,2715.5849350400576,-653.7289405965018,192.6031690796714,-1532.825151909433,-423.1329522445223,-9639.989430098105
-377.58724767219417,2459.1510081858673,-492.82005084609875,-361.32858730620495,2417.652810700846,-511.9784053234396,-353.3079061955772,2376.8170326509426,-521.0657457777075,-343.69091548930106,2323.491430778215,-554.4137210649635,0.013250498411642875,0.015098750743375328,0.020574286107015307,305.94427356873535,-387.29090346952967,-808.0843553507426,723.6993945984216,-3030.441168938846,-2596.9270354991813,0.8910764647379672,1.0,1.0,1.0,1.0,-374.33315735378085,2461.3237953329885,-496.60001401151214,723.6993945984216,-3030.441168938846,-874.8198413813825,-9597.67258457819
744.1856013213654,2530.3600882896844,-442.49928924234564,736.2047148654485,2498.261534589253,-442.41209052504786,717.0120573413194,2455.6784191275137,-462.73541862483177,697.7613178344913,2419.052453684883,-486.27605055971276,0.0163715424801675,0.019913581099915662,0.01133816404974701,-308.6661682026328,196.82523813282575,-942.1131674879755,-1025.0039184204898,-2257.928007173671,-3282.71175600421,0.9873767123701698,1.0,1.0,1.0,1.0,752.2128873625757,2533.780725557571,-430.3542816704654,-1025.0039184204898,-2257.928007173671,-885.9534855697988,-9762.085309704338
229.09011942126529,2557.6607450452443,-767.2675607140244,229.97762822110582,2532.7895406710386,-787.0264705260502,228.39289875088696,2508.053837855937,-826.4385934855698,219.57304370738743,2485.5972864852765,-854.8073322692065,0.016179864183340067,0.01590758151969092,0.013092084598555931,-32.68841931011365,137.30833417805343,-972.1481342003887,-184.60647162645148,-1658.1511280876855,-2799.1495902142096,1.414820469698404,1.0,2.0,1.0,1.0,236.83702926450462,2558.208981186072,-762.395250812351,-184.60647162645148,-1658.1511280876855,-1927.3491841930802,-9825.126564545248
200.55077071121153,2478.3451103212064,-881.3282630685027,172.0824495552529,2422.031750500651,-913.1560064270867,196.39062151914843,2377.6683988903683,-931.9206741738499,187.71258496066952,2327.44303459723,-945.3338512963464,0.014518433387730146,0.01806544078132525,0.010789376747712402,176.34542846884466,-36.21127351441281,-970.7569918928782,-22.680364637680583,-3314.994740132747,1743.8796476251912,0.7166267490832328,1.0,2.0,1.0,1.0,193.58250559348312,2483.184728986474,-886.6024378144414,-22.680364637680583,-3314.994740132747,-1200.8314244212297,-9505.597925560896
720.773261747813,2710.338651280789,-774.1008416376226,715.9022428215934,2698.8028855084003,-811.8327352356619,714.1465441023603,2665.6690249315975,-833.3788063995711,709.8178582347006,2645.9605332710944,-878.6514907514395,0.011218141017738627,0.019022440699824738,0.015776013279917185,230.80710476359775,444.3060994541979,-1017.4458281251301,-344.7466286850939,-1592.519926806015,-2827.8136835701453,1.3789834050025112,1.0,2.0,1.0,1.0,722.0710506398518,2713.646995152772,-781.3781979042766,-344.7466286850939,-1592.519926806015,-1829.4804208609369,-9849.275767399316
277.70252530357624,2567.537923315841,-869.2467412919352,273.45629286046864,2523.164429377059,-892.4109488561676,293.62857129695414,2475.7813767973544,-914.068965744709,296.31352219830484,2441.5567677982895,-937.4676659578791,0.018141083154363465,0.018022795447592,0.011925041380574451,641.1618420579271,106.34699074256426,-815.8424733820508,407.5710533481194,-2736.6715552392902,485.531059136777,0.8519110800174707,1.0,2.0,1.0,1.0,274.3478940446154,2569.3513904579263,-873.4614718468292,407.5710533481194,-2736.6715552392902,-1163.902215431705,-9699.511141368223
586.796819980068,2444.0544263323413,-980.0377523259666,579.6308193014391,2391.596667721218,-993.5872393345899,582.5503599763047,2351.364446200686,-1018.8241587688447,578.3089872815443,2311.699992630331,-1045.2274744711735,0.011619661137085398,0.018765228419389143,0.016390260331618875,339.1581407209207,54.690404061284994,-1014.4604814284189,-267.3578138936621,-2531.7873725719487,-1556.2531992934742,0.8932248501119073,1.0,2.0,1.0,1.0,590.4744857809603,2434.5705342789124,-975.0071755613188,-267.3578138936621,-2531.7873725719487,-1280.1575249845528,-9930.52124283629
-323.20638346794357,2449.8672234860383,-830.4389821846585,-300.53272589030905,2396.5275886545287,-845.7400712081024,-280.80024778655877,2336.276756352388,-850.5511258691456,-261.48638916213935,2287.191637981059,-868.0912442192365,0.014308051427666254,0.016222915369192847,0.014918486787111888,453.2383352668136,154.00031755844356,-931.3217218387184,1245.3474855973934,-3714.936444125982,-1543.3458207732365,0.5745505464160294,1.0,1.0,1.0,1.0,-318.8771058035698,2457.2609129165508,-826.846887177393,1245.3474855973934,-3714.936444125982,-536.5974000862165,-10023.706824303741
640.2166575495568,2452.9490434932054,-876.424645893171,638.2245297307279,2406.9587446143205,-894.5082276204747,610.9039535928138,2362.6039412027094,-905.7912294633626,606.1352187085887,2322.065886271755,-913.9820328621678,0.016038342974592817,0.016855576960247812,0.01576642418449207,-28.965961861531436,9.1709363894175,-876.377557135464,-730.4092953720952,-2660.0620635046434,-80.05871611186166,0.871339655880668,1.0,2.0,1.0,1.0,643.0105898807954,2456.428034813701,-883.1555234242078,-730.4092953720952,-2660.0620635046434,-372.8686830037812,-9738.655720797764
197.80743686447155,2511.6097802205923,-1015.8692780302043,196.78275593159543,2457.8010585892334,-1042.1982048563991,196.40716341269777,2435.2804773180874,-1064.4916367097367,195.90713185922425,2385.9620348677813,-1098.9098784365067,0.013659673855427091,0.015890718422526727,0.013611509935891698,16.555357397694316,299.86805506993124,-1017.5001529395307,-212.25150429152254,-2523.549311660068,-1433.8838403099412,0.8318380977861551,1.0,2.0,1.0,1.0,202.27542365277645,2507.9737027724923,-1019.4857328954429,-212.25150429152254,-2523.549311660068,-1447.834075775262,-9884.293940402978
-444.8605011651342,2555.7053061937268,-569.7078887044197,-432.3928325918116,2522.772021115878,-578.0735205180115,-428.99783000093987,2496.5569403098348,-586.608608356518,-414.77407739847905,2461.8489609650783,-609.4299424920371,0.01562123586458659,0.016129615064240044,0.015260665382333793,-40.84143049628865,247.79456226115406,-801.5417473941484,354.4520264856386,-2063.378853368214,2248.7161225699047,1.0729884836888377,1.0,2.0,1.0,1.0,-437.82770016020265,2558.778878033555,-560.0415911257038,354.4520264856386,-2063.378853368214,-561.6503845838447,-9818.098351230132
344.658620753878,2655.7977597969166,-795.8988025009685,332.23382321941966,2625.6093776723233,-829.0221836583181,338.75240777877997,2592.0516366773036,-853.9471819202655,324.4838552222092,2561.773140616899,-896.1483775603431,0.01733544878326047,0.015380629209422302,0.015616767601204541,-70.53167797186778,-5.431393968927104,-890.5203646339182,-307.3050218801386,-1986.9377528153377,-2225.4164359524534,1.291667154406106,1.0,2.0,1.0,1.0,341.25705134751865,2657.0651948036393,-793.4429125266795,-307.3050218801386,-1986.9377528153377,-1744.778740962001,-9830.830199467791
-368.8784423066294,2588.253423362524,-471.9779412710457,-355.72814920388936,2539.619396278358,-490.0461042112128,-338.578092894946,2511.073233921969,-517.3223526243588,-324.8438706903001,2482.5401920973563,-535.0206696810164,0.016689568454364218,0.016676133993670815,0.015984336357518655,626.9747738704048,218.41404881384108,-852.9315571544838,1050.0233176250388,-2479.0330567804126,-3085.8108411552807,0.9056499611944471,1.0,1.0,1.0,1.0,-375.7974944615062,2585.89061803913,-467.0168965807551,1050.0233176250388,-2479.0330567804126,-1308.4523759627725,-10119.282947678703
-500.0,2525.4267005667866,-869.7400864718684,-477.4216573461807,2485.677897320545,-891.3991712132696,-467.2180661243674,2454.981769113562,-917.9541615300712,-442.81373227491406,2424.077870194548,-942.5128027250515,0.01202618398944107,0.01604537740459469,0.01588062085815989,560.7286954886046,43.75021105849213,-803.1409342461451,999.9212008802194,-2363.1961319092748,-779.4878096865159,1.006047817747804,1.0,2.0,1.0,1.0,-489.1885654356241,2525.106149563225,-871.4659463839281,999.9212008802194,-2363.1961319092748,-1394.7763390139837,-9783.676706818347
497.7599457353617,2449.570392172988,-971.9973110571776,498.0138149699413,2396.866773828317,-1005.717076904178,492.02333429895714,2353.98120435156,-1033.118276991239,479.1668072172429,2296.5038887904684,-1072.8617750009673,0.016275421775504707,0.013969279316461334,0.011792990684656252,224.0723017120054,-91.21935829574555,-988.0197097764997,-385.889138677647,-3556.7169695066345,2249.2732326545206,0.6729623082233782,1.0,2.0,1.0,1.0,499.9830358665225,2451.833274901497,-964.1290806237005,-385.889138677647,-3556.7169695066345,-2140.770049169013,-9986.702540387336
67.73124902380943,2506.67231648796,-995.4674670562533,91.30179122168802,2452.412750436194,-1005.6613101463689,102.38787607970144,2396.202257300378,-1018.7613588961603,114.62612810896864,2355.546239105778,-1029.57562501954,0.013934727242355602,0.016522549660780088,0.013367092658551481,650.2989139901558,153.6343434280219,-989.1995027077916,828.8578204802154,-3390.7047342224923,-95.28740663766993,0.6511756304383134,1.0,2.0,1.0,1.0,74.24272875640384,2510.174133712654,-999.9093970993594,828.8578204802154,-3390.7047342224923,-464.9446327387924,-9640.930312595045
-111.93969558981672,2485.0518773780436,-639.2355433221031,-101.21763668821134,2446.003685236559,-674.0491097786728,-97.62389030394189,2395.957563945284,-697.5841056730209,-77.52707385362018,2352.384618303108,-741.0586307651677,0.01718963274920136,0.015642443685487433,0.015342420900227062,418.9018298650835,115.12022783464352,-923.8050874879559,600.4269417203946,-2695.7151317374496,-3046.7264862608818,0.8318255026650848,1.0,1.0,1.0,1.0,-109.47387884886507,2487.3495437636,-637.6709558144427,600.4269417203946,-2695.7151317374496,-1937.3207712025537,-9663.1252530352
511.14212476854345,2659.5885943538997,-875.8515434652663,499.5615734111484,2630.9157076178303,-902.2804349552806,488.18643462036647,2593.4028765623584,-936.7492293570667,471.1198934309327,2562.1507482137827,-964.3122969599397,0.014910688206365149,0.01687170621534133,0.01593729816617743,-597.8811197178195,255.15855170816215,-865.1384732408939,-996.8967393433786,-2144.2767004941124,-1502.3305338747934,1.072280307412114,1.0,2.0,1.0,1.0,518.6432283467645,2656.748456261567,-878.9884009555284,-996.8967393433786,-2144.2767004941124,-1592.2604735284863,-10002.904705893261
353.9413916693212,2583.88400602636,-722.9515329419979,351.25502112843765,2553.1660567906415,-745.3384634995098,332.771736826401,2537.3098441394263,-765.5173624028683,326.1699892954703,2510.9568720441825,-784.3328554204722,0.01846727295600302,0.018190426416041697,0.009528430044357501,-539.783091514377,305.3225720646135,-965.4810223104058,-634.9106013515598,-1607.0737904902437,-2444.893733027554,1.3738138705835894,1.0,2.0,1.0,1.0,361.78996240483616,2587.367354560754,-724.7022398404489,-634.9106013515598,-1607.0737904902437,-1164.0941514934498,-9600.10520515651
574.8787363428462,2475.117751377822,-577.128313056907,565.289470805399,2446.8135435511717,-590.0762969962962,564.6240670285425,2399.777573397808,-594.4695582113802,562.6253377736421,2371.832370927635,-611.7379258210784,0.016701951203442835,0.016196388649176878,0.011887623719485131,369.19632064633134,101.23553890481492,-804.2579692174618,-178.42631023298298,-2127.0333391285244,2174.387097504601,1.0702140364278934,1.0,2.0,1.0,1.0,568.1416565561087,2472.8777120331047,-574.9882359020212,-178.42631023298298,-2127.0333391285244,-503.6724307987609,-9758.75415064135
504.81668455644234,2650.7766986373344,-710.5298041145174,499.0244251373401,2624.8805223913723,-722.8391704682014,496.814975564487,2586.1068737602127,-738.314225942349,495.9335912686897,2562.7171249363437,-751.1697469410844,0.012866362743080024,0.01790465383681437,0.013866669202658534,74.85824353460649,-66.08519205328082,-839.2269845973424,-315.8129824456239,-2011.2761870114418,-1693.6903827734213,1.31036231421744,1.0,2.0,1.0,1.0,502.78483474842244,2659.19404134723,-714.1282081036268,-315.8129824456239,-2011.2761870114418,-707.3929312302985,-9469.32413846349
-246.27464254408875,2451.2077911063398,-678.4150199565665,-235.06428583508014,2409.287237025016,-692.8389418782826,-220.28210577366875,2368.591234631542,-705.9320044786783,-211.01062590097152,2321.787074300275,-731.6494389411689,0.015795587118232122,0.016383927435894216,0.015490854113494153,396.3728835409573,151.75617393622338,-954.3924601446039,799.4284936728013,-2871.555949966976,-2537.1191943745057,0.7523296313323801,1.0,1.0,1.0,1.0,-243.16991139728475,2449.0009339097996,-680.1329516553924,799.4284936728013,-2871.555949966976,-975.7436740376893,-9999.978607751442
-40.230667842763054,2465.5932323089437,-610.6744590913718,-44.45563027912428,2438.204249886532,-632.6821261978821,-40.42221632112599,2406.6934079511825,-663.4229977340042,-51.39228832792778,2363.8466240115667,-696.4295635164904,0.015080792297647893,0.015478164607318604,0.015499863298787525,-310.63348108498593,115.54132862667836,-839.0418641777062,-256.7411162375844,-2245.0429033900114,2786.4488697852958,1.0039411797962456,1.0,2.0,1.0,1.0,-41.05530903552324,2472.836377186184,-605.2070321284583,-256.7411162375844,-2245.0429033900114,-1775.0995366429636,-9866.286300490065
81.45230579246103,2588.747622196137,-999.1921414680864,82.86794213945893,2541.377961302737,-1017.5570935407562,83.45527200482496,2508.8658902938478,-1043.8944422101024,79.30921348106305,2468.461967595796,-1078.680680476208,0.015262080202145582,0.017056960887982562,0.013143910912326515,45.707193526850794,302.02274728140674,-1015.8025116991129,-39.33844376793283,-2458.068250905722,-1490.3474602567035,0.8845370479975461,1.0,2.0,1.0,1.0,82.29194623102785,2588.0262206237335,-995.2029801485835,-39.33844376793283,-2458.068250905722,-1351.7777276349677,-9578.237275599258
625.0676498861403,2430.0,-686.8435766372731,617.4328682128919,2399.9552429413557,-694.2033035349746,615.5937730186085,2366.6706220307183,-708.7994592624085,619.9121859158648,2333.253192156204,-714.1232130443634,0.014964198734090979,0.022114993642789696,0.013447484641041778,512.8510984370206,-245.96980098025142,-800.2858860899115,-78.4088111732434,-1963.8472952099428,-1455.354994694544,1.3144733229820704,1.0,2.0,1.0,1.0,619.8791256884992,2434.681756981333,-692.497799548426,-78.4088111732434,-1963.8472952099428,-181.03434809444053,-9675.896400078842
732.650174854376,2551.304580345503,-867.675283617873,731.8069591456185,2521.8615518543934,-868.0099231302388,722.2753807143738,2471.853922589107,-883.3327993862811,723.2175077159111,2445.475730301628,-897.4497597826595,0.014933876460443453,0.019140398611869145,0.013266887505388895,401.17707417480193,5.360806769291246,-989.8080847991163,-305.6622443309994,-2299.169424402153,-1616.1214611349956,1.0576588374222968,1.0,2.0,1.0,1.0,738.9338541605596,2545.9430207336595,-865.6058310159403,-305.6622443309994,-2299.169424402153,-438.2059265029653,-9745.310974403543
6.608481176093637,2637.1004737996873,-854.8593263877743,12.390077819187415,2603.388143273977,-891.5830453166081,22.261738862010468,2568.7105396385323,-919.5432891865371,36.58983698162049,2526.37326623733,-966.1176030876657,0.014119802887543833,0.015403083499524413,0.01965848809035437,581.4620875592208,-92.6181243478705,-804.9063536435876,480.66541508224594,-2300.219793021104,-1486.808747812851,1.140818625522574,1.0,2.0,1.0,1.0,9.470243611346518,2644.643429347237,-859.2548052399563,480.66541508224594,-2300.219793021104,-1810.504928157837,-9809.78106464144
362.74778528596454,2465.5331473955666,-757.4298263825949,352.74591940466405,2404.951772441626,-750.9963653154828,331.1870557307496,2338.2797609306317,-747.6742140573707,328.0733282625512,2280.9545590460652,-745.1578012082329,0.01601658960991316,0.016524259459710224,0.012824191023240242,-224.7049738773792,-235.65245116403906,-800.9914635236621,-843.759628352081,-3859.6606747009596,-1021.8079495726815,0.6546349599071369,1.0,1.0,1.0,1.0,365.9267659690779,2466.110021126633,-755.8898852971658,-843.759628352081,-3859.6606747009596,362.90412195355884,-10121.953805304187
-21.828014616959376,2516.3698989187774,-818.429615408871,-25.739436812937726,2466.9494672688884,-824.1532463072687,-21.984990107560666,2418.499089448789,-824.2445019055668,-23.227510674165114,2362.935684560728,-848.5228026877935,0.014495328821810972,0.01693316169444522,0.014454665588385894,-162.16486516092382,-110.41933506693277,-1014.4351355885609,-177.92094972804804,-3206.4422322214414,2001.21976779262,0.7741168438953585,1.0,2.0,1.0,1.0,-16.269686383924693,2518.863295354645,-814.7279822250075,-177.92094972804804,-3206.4422322214414,-275.43685221715845,-9837.718668235497
-221.57368772312122,2470.2550887099965,-909.0874585179329,-212.94646827298305,2424.177081157974,-942.2729464553308,-206.79085615515112,2382.4361449425437,-960.4697197503417,-190.5414790197272,2325.9970283217403,-986.2102560415138,0.014998364805755952,0.015660218492796123,0.015942646701788465,257.117787941927,56.49758293195828,-870.928315673657,587.873418697129,-2985.9481800291173,737.4673161918793,0.76339876999966,1.0,2.0,1.0,1.0,-219.0596812027482,2475.1156087555437,-916.6256835261632,587.873418697129,-2985.9481800291173,-1194.8272989550387,-9660.504057051443
737.5843694277249,2430.0,-570.8683263257833,743.7555545922021,2390.89187244547,-572.7475741072542,741.5500760703064,2350.975349903971,-568.0535159406096,741.0658159959141,2316.2108259311212,-562.4215078903964,0.01404506357807576,0.013929328718528904,0.015030184151167771,699.8446798579507,-74.789533591909,-815.5347018797058,-43.07890978202798,-2573.5339637334564,-2201.4030476301164,0.9319954235522283,1.0,1.0,1.0,1.0,741.8466168954253,2434.4060810482156,-575.8496066903111,-43.07890978202798,-2573.5339637334564,473.74728478901227,-9642.452000781172
-381.70322955056054,2594.2994573651054,-841.1022655088891,-372.47384842188524,2559.8593300047833,-862.7511715876533,-368.8550335666752,2535.82978886015,-887.7945064529928,-366.4904643570575,2505.6954251070674,-920.234860741256,0.014915933338011264,0.018443943305794554,0.010585435113978206,114.35813211819114,57.41684660083274,-942.7687912737437,394.31393881340745,-2016.6791447604735,-2099.0917003248915,1.2160546882422112,1.0,2.0,1.0,1.0,-382.4774307867031,2598.4325689990296,-834.3298526196438,394.31393881340745,-2016.6791447604735,-1519.276655369294,-9678.68281234591
-232.63853231109368,2478.192824437904,-696.4044280433918,-236.66110878040993,2423.4156469951413,-701.6647997642734,-241.37223705113541,2367.8800565207107,-709.9996941314753,-240.03311149263257,2321.8442778214685,-724.2316987018942,0.018999508779115125,0.015793996727371723,0.015184429424208619,-282.2903866846662,-10.392507403397527,-877.3323155353814,-59.14875255853846,-3141.9616206428873,-1864.2374165600222,0.7400220650693051,1.0,1.0,1.0,1.0,-235.56287216341985,2471.7571729044907,-699.3172249370427,-59.14875255853846,-3141.9616206428873,-109.68595952299455,-9729.052519013027
675.3380976244413,2453.2895081496704,-807.93949573947,664.4946415206196,2410.64870980431,-819.920390190121,651.8982324721522,2389.7804068936593,-839.4861832162771,636.5524665811258,2342.575935069678,-858.757625073683,0.018548264878174438,0.010843272660321982,0.017830225178091453,-93.93799161803615,-30.313916188089713,-802.2638645612366,-707.7910790971724,-2302.4493848649972,-615.0657502377757,1.0327782372834111,1.0,2.0,1.0,1.0,670.4763738069116,2456.33141946611,-809.1986744685887,-707.7910790971724,-2302.4493848649972,-718.0803382050265,-9893.30868142743
-255.6179868405136,2479.5460280188654,-634.7122224250426,-248.52187742300052,2439.7224221540405,-649.1064316938157,-238.831009302709,2402.363253097593,-659.2271164588759,-240.61136627518724,2356.21753556261,-669.6470173537747,0.015152671985021078,0.01420998116809489,0.014196394772359313,1.2272797054111617,108.38911459714313,-996.3294613025656,284.2134659693072,-2694.610311351765,-2746.3084341482854,0.8364409520745254,1.0,1.0,1.0,1.0,-248.88057034757807,2479.646188586693,-634.4496500188891,284.2134659693072,-2694.610311351765,-755.8230807772451,-9632.306776955478
114.446074601614,2446.9455310958115,-912.3376555882105,115.74024517725536,2416.4896793627045,-940.4480595582262,126.42143192231231,2379.5959475945688,-953.5889895528633,129.4612296056027,2339.335383202606,-984.1880292055608,0.015117516311747167,0.01592343858315476,0.0165887642650883,399.4866159164214,68.7368339886724,-927.9635132994264,284.5850908354412,-2342.671145042516,-1304.133674643236,0.9673702808400101,1.0,2.0,1.0,1.0,110.63274871844624,2446.548046206824,-915.4060290078459,284.5850908354412,-2342.671145042516,-1206.3814841728774,-9805.41491860321
-375.7778570996631,2430.0,-720.7132567416747,-370.87118613678956,2382.7611424407783,-705.8389510044127,-358.98209149539395,2332.471680322571,-695.4323370786186,-361.62159311031627,2281.6645509984633,-686.572784228391,0.013982533841340801,0.01626890535775659,0.016103574435567446,-101.19825202312234,-195.98706034799295,-807.4906004164618,325.4193599697664,-3126.9423613688923,-1563.4941805377264,0.7936449863653358,1.0,1.0,1.0,1.0,-374.5505143977276,2430.6445232018764,-716.6964760581683,325.4193599697664,-3126.9423613688923,783.8813047928721,-10080.721315414658
515.4401334734605,2497.46493970689,-764.4594210931918,525.2678911906668,2429.120531489191,-803.5423408347357,513.7604445245394,2373.225097274882,-828.6902106367635,516.7974461220239,2313.4441570432523,-864.1278032903222,0.014403140555789817,0.017036357194812238,0.017182252226445312,439.20360729793214,-150.99411783862655,-809.1576974993327,-119.07383359108857,-3778.0520896931744,-2100.206390313194,0.6513782500229531,1.0,1.0,1.0,1.0,522.5552908116927,2493.642344946596,-765.1699047406603,-119.07383359108857,-3778.0520896931744,-1882.9040473257116,-9845.238273770457
288.04089543156186,2633.6784376298765,-753.0106859688022,285.821744480853,2606.700779939086,-753.9571565340865,292.8784524806306,2575.880442836003,-758.0927438750573,288.75583182866677,2542.48778217665,-752.6936862089757,0.011559360188975864,0.01755888800854927,0.01243899691234299,336.8121589639422,137.52641764381298,-1011.2864857185374,29.23296708125332,-1748.7836003351158,-2225.3637356099216,1.3834427548901236,1.0,2.0,1.0,1.0,295.155180873164,2629.5430481213457,-753.5479250292912,29.23296708125332,-1748.7836003351158,258.141838919744,-9479.281811978151
-211.30280537273208,2636.4204746828004,-968.1512792468166,-192.14123466793188,2595.9336269463765,-996.2705752968558,-179.20202166115968,2558.6516821266423,-1025.2011862278198,-178.72171797114288,2519.8842182080825,-1080.2905187184256,0.012251116552011979,0.018025787237966117,0.014309468170074509,480.90297268182667,86.67383104343588,-807.1115151341268,671.1052954301387,-2466.089413870475,-1085.490080611421,0.9854136280399475,1.0,2.0,1.0,1.0,-210.3354816112173,2626.7459273300346,-964.6606287098622,671.1052954301387,-2466.089413870475,-2087.3504912730587,-10087.40484362143
526.1289960747685,2624.2570608825717,-948.7157580155392,524.8979079714172,2578.4357785486814,-990.6489813978078,498.97034881489395,2537.01804410919,-1026.7440924222828,500.0221104900508,2489.280154829815,-1065.1513376284558,0.017174690679817594,0.016302344143505846,0.01641973641864298,-125.04591233174668,-274.32873983722226,-801.4945599204173,-626.4988573741772,-2786.523778546352,-1051.7420125919546,0.9901032287580334,1.0,2.0,1.0,1.0,526.5128993373983,2623.655989850984,-957.164265016021,-626.4988573741772,-2786.523778546352,-2051.3300375495432,-9960.683751451286
-51.937210642170875,2493.482466092329,-694.1162810651325,-51.92368251516621,2460.1335446628395,-707.6595197064819,-54.28509623994629,2434.214632073252,-714.0540749931619,-50.42707529889515,2399.239094856611,-728.7689742729921,0.019232524522431155,0.01070466190254207,0.016247662919420827,-60.55516330252702,-13.800297834530689,-896.3577026634774,-6.739217368302484,-1783.215421620806,-2101.2580494215645,1.3588151506555979,1.0,2.0,1.0,1.0,-51.08656290006297,2491.6173695427046,-694.9590199588804,-6.739217368302484,-1783.215421620806,-716.9380697130956,-9688.17090212879
600.1359088756171,2433.3553558137182,-728.9037900320654,579.3788893570371,2392.2204532885,-739.5431508226451,570.6536625816922,2350.1374939498673,-744.2539657603803,551.0548260020056,2322.5733001605704,-756.3296314803326,0.017629638877054803,0.01157961952060508,0.01639958827282071,-279.8648339807414,18.691422229521407,-1006.7308153885499,-970.1576890297782,-2689.30643312559,2403.1318992093115,0.8543911533295201,1.0,2.0,1.0,1.0,593.2770861460588,2439.0672120425575,-724.5401338286723,-970.1576890297782,-2689.30643312559,-394.7397904225619,-9957.648683894009
178.93592600561186,2528.893972823219,-932.5360303739543,174.3014921206091,2485.0988501916045,-941.9705220244383,162.82123626108486,2448.501883673482,-947.2852196724833,157.89746757353495,2408.935897064607,-960.7060509657088,0.01482930790773537,0.01615571467341484,0.015173905111934862,-380.98554647378154,100.85827311953524,-940.3538876317344,-621.7615502941691,-2685.586850062807,-683.2774228240655,0.8588410723069156,1.0,2.0,1.0,1.0,181.70865654244176,2531.3143724263864,-932.3143700504008,-621.7615502941691,-2685.586850062807,-561.6704389611506,-9451.874134090303
357.1673187662848,2548.8463202673515,-753.8923268796722,346.0709993702644,2515.6501497967865,-739.9715407346924,338.4062672949973,2487.9722445540556,-769.8296071420687,333.5151379136987,2467.536501042971,-764.4541490272488,0.01671989547838764,0.013761788910196873,0.014521471036331123,-54.49439770510595,269.92410694480844,-1011.4470257535517,-299.206646430825,-1691.4843936397874,-2300.552205296881,1.2999968445750776,1.0,2.0,1.0,1.0,347.93854174435296,2544.9706163903343,-749.2332483836684,-299.206646430825,-1691.4843936397874,-246.12458739483174,-9976.93160057815
536.4633271149195,2478.8924937244756,-440.6879257673032,534.2468905903017,2437.77812811793,-476.5064433883135,535.1584982730253,2396.4097754124305,-516.8227418428514,519.3050771043618,2349.537707236814,-562.9781817112555,0.014023355627004117,0.016367650998968857,0.018266522316084784,311.16138158163085,-384.25615896520276,-807.2033259357668,-231.42745911375297,-2893.991323506678,-3490.3142381830617,0.941342471057943,1.0,1.0,1.0,1.0,540.2745661042452,2480.7952513064033,-445.1561688518801,-231.42745911375297,-2893.991323506678,-2199.1407729851767,-10145.446814712881
46.23352764817864,2551.663257775923,-824.0072250269991,39.97220146596249,2502.6728681795553,-829.6735423111223,39.68215791715419,2455.0057904814457,-830.3570429572328,42.321590937614495,2404.431606756529,-847.8085961150983,0.014360375341180282,0.01317737104986563,0.018357016077144874,-75.66288144204758,-33.41313289961089,-968.3564344963978,-139.7698562545588,-3064.578945848768,1675.1527723450904,0.7991052375318098,1.0,2.0,1.0,1.0,42.442647093054575,2556.1560763425946,-826.5515982760179,-139.7698562545588,-3064.578945848768,-124.44679004133639,-9842.706133272299
123.60624636735858,2583.0915165865704,-848.9750685172991,121.35082267653362,2545.062036802485,-854.3389506775875,124.49878117655713,2495.034261561862,-872.8915574621532,125.14351476124452,2450.327240048227,-906.0453299053966,0.014557028983929812,0.016577274584364934,0.01631868645204926,197.2470142839605,28.485601341482838,-804.9882463365915,79.21972678879595,-2766.493246656363,485.802207189325,0.8775470099796567,1.0,2.0,1.0,1.0,123.96876700432449,2587.4918544986112,-845.9168403676235,79.21972678879595,-2766.493246656363,-1021.1856452059027,-9851.24793379617
44.48976085294586,2430.0,-557.6061031027873,49.88438468145692,2402.259699877601,-576.8703200942044,51.08292487379921,2362.3870414692074,-617.9038278859429,48.4037931891614,2325.5106503446036,-659.249732048935,0.013933192968161853,0.017886790182449583,0.017616014404496103,216.56045591100855,19.257111655734207,-887.4237767059487,159.63629037869643,-2233.5578647123834,3252.3666196870404,1.0305640024448914,1.0,2.0,1.0,1.0,44.15326230201754,2431.499605545109,-554.83973316796,159.63629037869643,-2233.5578647123834,-2010.4648968211295,-9827.281153470913
331.8597903572519,2586.7798559078865,-698.9854736730941,329.24255138828823,2557.6929589100455,-700.7185856070998,326.46637926256324,2524.064110897597,-698.8279801501142,319.127040938881,2489.4879166553055,-699.9784734270225,0.012668071576003827,0.016093772547883366,0.016972103564829,45.95828649621797,255.2521364208735,-805.9149674257606,-257.40369890124924,-2142.0052573568355,1465.6194373374124,1.0442660523112826,1.0,2.0,1.0,1.0,326.5283182985788,2590.0378669398287,-701.7269182748455,-257.40369890124924,-2142.0052573568355,285.5461116430147,-9920.177149107234
410.7843487252636,2529.709786175477,-892.6495512749566,397.29230795226096,2470.9990363094407,-926.6676946804263,379.39387788303816,2431.5318994815343,-957.6529759787285,371.2798324032418,2379.764845781104,-987.072538459358,0.016219521294099506,0.015820728540840868,0.017490214754650044,-311.392485414731,66.80754927521218,-954.4459461689016,-926.5907254755163,-3156.787953444021,2092.674286133313,0.7304695354104102,1.0,2.0,1.0,1.0,411.3482804561713,2529.1021529615464,-895.3154884338203,-926.5907254755163,-3156.787953444021,-1798.7121873730368,-9676.582066665425
479.9522367381555,2494.241139642167,-759.649934291614,469.262137177165,2462.769266043755,-760.3120839807121,452.17793410431915,2434.7414803754264,-764.8396796268116,440.2978861583249,2412.0558700244437,-765.3481923518733,0.01500768585247542,0.017402981556771453,0.017235290524466977,-597.0687936211021,147.3601253801657,-801.7666283228803,-866.687922254402,-1887.9666782809513,-876.8005236751353,1.1903540420662817,1.0,2.0,1.0,1.0,477.6242299743559,2488.4388064485415,-762.8125678112947,-866.687922254402,-1887.9666782809513,132.62886767579596,-9651.127875691955
79.42611675779092,2567.7865342435994,-436.3084689758003,76.79362192577112,2533.008349062446,-455.1731041675891,79.49804957168261,2498.4789792659717,-485.21057099409734,71.59733166838203,2473.0150035124375,-497.10270649647975,0.014609806022738689,0.014318341260213256,0.016136419160779784,-20.638034406283168,122.66920961410337,-809.0552965510676,-86.58372149563776,-2065.7557934295796,2901.2903598177168,1.139935433556265,1.0,2.0,1.0,1.0,81.9636755660473,2570.5898248281587,-439.4745336984346,-86.58372149563776,-2065.7557934295796,-1115.2331598470246,-9705.780319127525
361.1239361456548,2434.878070677254,-882.2271881503343,357.2216595583399,2378.7492109307973,-891.680581369192,365.09526739994135,2329.493426209683,-913.5257436518776,371.3534034321457,2273.0101503043134,-947.9251677944402,0.017426610196966938,0.013682714960902925,0.01627414006094478,554.1566945850402,-13.878732388414281,-1001.5739258878372,268.26530684404247,-3304.4786125459345,2114.93117654991,0.6926165347811859,1.0,2.0,1.0,1.0,355.64036752044626,2431.4354408955783,-873.6134938010359,268.26530684404247,-3304.4786125459345,-1378.3976253748408,-10056.220572466786
-470.04830284079145,2517.6482787045557,-773.8465256916892,-457.2031903281254,2474.2264616633634,-790.5477242663608,-452.31328983723165,2433.3924507946963,-809.4959478904457,-435.5935914763195,2390.558113647532,-831.2816384066485,0.014388229810560905,0.01683475855860332,0.012995791830607138,253.5414413969046,87.053158083102,-874.5773465655222,789.6167668760556,-2656.726749539612,1764.6759354510846,0.8707812198002294,1.0,2.0,1.0,1.0,-468.9579002946856,2517.9581339118454,-771.6206109425938,789.6167668760556,-2656.726749539612,-1069.2720322432158,-9574.980335510658
-425.0548410516991,2468.848897950686,-611.4227175245637,-424.91706563425595,2426.0753454504684,-631.1313947683644,-407.5019544800014,2365.569670138112,-640.5978724150276,-414.00811608706107,2307.6164056665775,-650.6735933458363,0.013312758443513737,0.016990494463646012,0.017899898136958577,-137.3481896353432,-289.76169998221553,-807.9223256809829,353.4556047441032,-3404.8349836192983,-1981.1479656314243,0.7617968489558823,1.0,1.0,1.0,1.0,-423.6472294780654,2468.1546367494066,-621.6683352615595,353.4556047441032,-3404.8349836192983,-446.4631482285628,-10002.766220758967
744.0077476498967,2496.9120934847156,-502.75039762001927,720.7748376247318,2424.8839383346876,-491.04055809993923,692.8322432819181,2372.501728294449,-485.0008269476873,673.8583165007767,2312.3563266860897,-477.4875439466269,0.015128702172762451,0.016797550604184155,0.014524330931017362,-80.68887880457042,430.5412391458673,-807.7659757389041,-1471.3695418258349,-3674.801416212339,2517.7098182884606,0.5135494162920364,1.0,1.0,1.0,1.0,743.2780646178967,2488.430032224784,-502.11456215113753,-1471.3695418258349,-3674.801416212339,695.7713849316385,-9578.448750637226
123.98628846478714,2430.0,-865.7724300775644,128.0484574191451,2380.3115248591075,-872.3060481941864,133.22538596961414,2326.2401037854615,-866.4235295431554,135.585950093853,2285.2750157948876,-873.3093573517068,0.014298627573200993,0.01809403633176276,0.011975435633433,174.01498253124046,227.96523703110643,-1011.9486274876195,71.08012543086288,-3371.3128048794865,-1672.9599916692368,0.6106319004616038,1.0,1.0,1.0,1.0,127.457500374024,2436.175124227165,-868.7617830181666,71.08012543086288,-3371.3128048794865,32.106486168077254,-9771.352529301583
-303.632858947784,2486.264061630531,-589.9197844519193,-285.16427973064265,2450.1362523503058,-600.8280958717521,-266.79030216539377,2406.357668651052,-641.6839747289758,-251.70608052789126,2365.5910497497903,-669.5878113920633,0.017457436551774286,0.01248475636800464,0.018188397758167413,544.5702796052977,194.12609919501256,-905.00652946738,936.0624277790956,-2568.7847537161365,-2920.555827041188,0.8468694093220543,1.0,1.0,1.0,1.0,-293.2055932569939,2493.1884537709543,-587.3874346477505,936.0624277790956,-2568.7847537161365,-1541.5458874607248,-9687.485232503937
269.54650304202545,2670.758356949299,-550.2739551795311,266.80491248592574,2633.459070763789,-574.1296000245494,267.3398028087022,2596.2770120137166,-599.7804273141363,260.793047366451,2553.356931289483,-631.5351552127362,0.01827338313850508,0.01770170586633432,0.013776055198682718,66.32172105427907,199.9097963458471,-810.8576037704714,-184.1060458148263,-2234.594868253818,2637.2330615014994,1.0552488557964763,1.0,2.0,1.0,1.0,269.75890167966213,2669.1371257663263,-548.1883646164666,-184.1060458148263,-2234.594868253818,-1362.4865438066909,-9707.30315110571
635.1851915077981,2459.937126807205,-663.5477314044571,608.3259446223838,2413.9754228288416,-669.1535731306192,607.1547932176227,2364.745575803407,-680.1089629817478,581.89162241642,2321.0339894761623,-692.4170092632402,0.01659024739053059,0.01606710841567348,0.01630895195281834,-211.77443716110963,66.3941991905815,-902.0417506461882,-1038.9924872857512,-2942.391545214424,-2210.4818414525707,0.7660336922409782,1.0,1.0,1.0,1.0,635.004439976778,2464.4433085403425,-663.5258076241771,-1038.9924872857512,-2942.391545214424,-392.43974215922015,-9921.137659278958
360.2599231029867,2476.2607619111814,-443.09858067920885,360.25222527194006,2448.1173771331473,-446.52339209680423,351.6531779097383,2408.9082644316222,-458.8743880536764,351.43629303895733,2372.6586230637367,-467.6531178715116,0.016761553728088897,0.01547596023928063,0.01206993164275385,372.049272886501,41.56617032331148,-919.5843334900796,16.709553653950096,-2326.049912280781,-3084.647336204179,1.0056925543898763,1.0,1.0,1.0,1.0,354.5042415498558,2483.9185782181344,-435.97504720812185,16.709553653950096,-2326.049912280781,-441.9218090917142,-9636.201203954992
159.7747366456211,2593.2088283962435,-628.5030744806741,146.55474991534447,2549.7477749006075,-642.7684726744762,139.55555903959507,2516.218093737645,-662.0388582303094,117.08436058811209,2474.553426448797,-692.26207053665,0.015760642141485457,0.015388487205382613,0.015031742744398946,-600.052954039884,134.2421202028031,-944.8824370001636,-753.6063584795033,-2445.7999451401365,2683.4460784739626,0.9588191279087336,1.0,2.0,1.0,1.0,157.3214362320166,2592.271065068649,-625.0228027924647,-753.6063584795033,-2445.7999451401365,-1031.3478873105244,-9594.738361767513
379.87310030601,2660.6391339086917,-475.8492577132131,378.9696471478227,2628.2519384219822,-471.5383525224772,369.1868942397354,2598.5302916866694,-462.89578249475426,365.9525794322938,2576.479662682737,-461.5336055776669,0.015541885218326371,0.014098254675703935,0.01279241326979387,-46.31740880712975,79.03367114281745,-849.7801913836831,-329.887603038574,-2018.8366783231986,2763.9838335809573,1.2375674468361706,1.0,2.0,1.0,1.0,375.9387230822431,2663.144619396509,-478.53288101249564,-329.887603038574,-2018.8366783231986,598.1438255308611,-9808.540799372591
584.0159581546932,2570.384745821434,-472.143369122264,558.8538075081955,2542.5690141832524,-480.42218293956495,555.2386431058777,2501.289667695367,-490.70685922708253,548.8075939486415,2467.874049890362,-503.89469505732905,0.016398333312762203,0.012936178277635175,0.017203500320057213,-278.5138092603045,26.370781021918674,-947.1643669315276,-759.6273975842594,-2254.1461252648514,3107.634072355189,1.0834619880895433,1.0,2.0,1.0,1.0,579.865150009909,2573.55590257119,-472.25366402026214,-759.6273975842594,-2254.1461252648514,-496.0876747374402,-9909.146997472912
-228.2120923392181,2489.8120760170127,-610.1529272247301,-231.0218309661168,2464.2446280932504,-616.2258428198693,-218.20834878372125,2426.9013224960204,-632.1074075617835,-217.63874459281683,2391.0426712203116,-641.3462942535981,0.015073098917414776,0.016292877766949192,0.013405076116372018,211.74087361955608,345.43041133914903,-808.0146382262676,415.532767407223,-2003.1868781839198,2013.2309846837043,1.0252289471992633,1.0,2.0,1.0,1.0,-232.87918750617212,2488.8403709959493,-615.781449003514,415.532767407223,-2003.1868781839198,-353.3796946008184,-10219.745782362063
-388.60070054931873,2507.9024733902315,-855.9735456341932,-384.4417076372155,2460.4039385841165,-879.74471525089,-378.09325290884556,2399.8756762545804,-909.1227335268501,-371.7337548537152,2339.6220694561166,-932.7821590824253,0.014289536195617411,0.017275418271978902,0.016567897827173893,-175.81811474999927,-170.60488547024053,-1016.9637058769665,288.2970106567896,-3582.708263721555,2227.498758954727,0.7018671477052304,1.0,2.0,1.0,1.0,-392.0408727425904,2516.426312320922,-860.871487675799,288.2970106567896,-3582.708263721555,-1364.4351801519465,-9932.570857559365
-112.04024617123865,2449.100019329067,-693.8567883785096,-111.51163148550009,2401.9611766829357,-686.3815139961928,-109.54930360223288,2357.899477787088,-691.7966667229845,-107.07285654670007,2322.208183344819,-697.0412735772345,0.016856420267850447,0.013187255654088972,0.015058569404903237,-103.62757424971285,87.40327541099929,-992.165713980181,10.019255126719038,-2790.1933351390517,-2495.6197492586034,0.7998977546731579,1.0,1.0,1.0,1.0,-112.09384483178997,2445.1166436035032,-689.1136262082789,10.019255126719038,-2790.1933351390517,27.01808525509537,-10275.537763222035
-286.7213236528473,2637.0713768524847,-597.5710354224312,-273.69740987803425,2600.262377581437,-607.2180193744855,-264.65027768426756,2567.040769761537,-616.6741309419227,-258.73993830619327,2528.2240047491973,-643.7149829096505,0.018421147714572317,0.013343814684988443,0.013302640340929494,493.92945401849056,272.0239180301749,-800.4036563703003,712.6237258591887,-2155.7593213468476,2125.3301003168103,1.0499323972595085,1.0,2.0,1.0,1.0,-286.3935257973229,2632.5803749049787,-596.2055674434491,712.6237258591887,-2155.7593213468476,-771.3482706979856,-9605.925987612587
-172.44748952050475,2488.4209337732254,-789.0739726205582,-167.92847957170116,2444.0958545822305,-815.5862028779778,-155.46572122569907,2391.332981626209,-842.9490067790398,-147.33625842603573,2343.1076761145623,-872.0156886894587,0.01633718304311108,0.015258305648870608,0.01580730221984654,216.03406126872898,132.82117442468643,-1019.9896901370263,537.3285434126738,-3256.0720344161473,-2621.6106229046236,0.6775972090881723,1.0,1.0,1.0,1.0,-173.52913270545912,2493.473399376388,-791.6027668222671,537.3285434126738,-3256.0720344161473,-1514.2098353297465,-10027.918276475193
199.93366968586804,2495.1078605900557,-748.2328544069442,195.97931623185565,2450.6103956610086,-751.9773069633912,190.15840267505104,2406.6615052709412,-781.5917632430576,195.7075586769704,2344.262278810366,-801.4526742934542,0.01595508493512346,0.0108418909629549,0.015770762898947476,2.285975196573453,-23.899145179994036,-848.057162282068,-273.2428310162185,-3570.331653101842,-1925.3279573534064,0.6624322612029747,1.0,1.0,1.0,1.0,194.92217106300723,2493.18467025681,-742.030919521345,-273.2428310162185,-3570.331653101842,-1286.2455730479855,-9681.453191952223
646.4235987365281,2448.3526465695686,-891.4964767610335,641.4142069198633,2379.606584177995,-910.3279567049998,627.6856884950674,2318.893330889953,-942.2655441804013,623.4458587777601,2250.488414190208,-959.3672655680897,0.014579852587184486,0.021367680019882356,0.013405402771454217,330.27254543231254,56.53621608663408,-1014.2231193821606,-525.749754677211,-3951.9292200888076,-1917.361770720109,0.5556470646214794,1.0,1.0,1.0,1.0,648.3511470120263,2447.4533942403673,-889.0331681160314,-525.749754677211,-3951.9292200888076,-1128.2872449430886,-9599.99762183496
530.4835455015419,2567.5114001354914,-1006.6421546329688,526.9110410940995,2525.8904200390834,-1025.138533071472,525.9085616416205,2466.384308891767,-1045.9663338071105,535.8308648003091,2431.7284704893805,-1069.6330435075336,0.015588868647440355,0.014726449501344809,0.014734018844613263,535.3582827686707,184.0153675361431,-1014.8740537033967,9.498719822350019,-2884.952082563253,-1214.79837362717,0.7799506630066022,1.0,2.0,1.0,1.0,527.5218389152396,2564.1008356508337,-1007.197474848725,9.498719822350019,-2884.952082563253,-1150.025816843142,-10010.265339957801
-316.2504927892249,2433.15966149183,-829.4682849105952,-298.48780090570114,2396.828727392964,-846.1087552611043,-290.7186775408358,2352.441225500141,-865.985423980968,-285.10893196156724,2301.542262042713,-900.2576655206655,0.014025987451331316,0.016230551377521822,0.02008745503942877,136.23599075713946,50.72872960458332,-822.2686272401218,488.4991883898572,-2617.286881292072,762.4915717448105,0.8596560061317188,1.0,2.0,1.0,1.0,-308.2982706776311,2432.459791580362,-833.7429834446547,488.4991883898572,-2617.286881292072,-899.1300097243666,-9844.111569856743
-296.09426932091253,2578.5135503405013,-648.7195301727177,-294.24103584056974,2548.0983497999705,-647.2017765074414,-281.339978423777,2515.213748595009,-642.6265556139668,-282.28736673682914,2494.692845281173,-637.3230505707318,0.014992240407182916,0.01446475703970158,0.01323345557710168,66.93024449382482,467.0995352277912,-803.4919142546432,312.88013927565123,-1823.4667690767935,1763.5073367094296,1.1123095469760111,1.0,2.0,1.0,1.0,-294.4463163695511,2573.203653511488,-657.1723673560434,312.88013927565123,-1823.4667690767935,491.06289310744944,-9806.431313574318
-179.57202961605617,2471.0540661222844,-731.995549086567,-189.09240359748142,2438.7166807885187,-749.1754421588809,-183.3977016650946,2421.7595955238876,-767.8471052837408,-181.13476187176724,2397.047006953918,-794.4910715483032,0.015861892364175928,0.015754542173026208,0.012950173703826756,-369.7798100807181,168.57651347207116,-982.564209545339,-137.79832683599625,-1647.8629516924898,-2500.0066243171273,1.3504333917589633,1.0,2.0,1.0,1.0,-177.55114414450702,2467.3453310830873,-729.1661123169654,-137.79832683599625,-1647.8629516924898,-1120.2282708604298,-9857.581098503373
-307.93240546308726,2639.2753978961655,-454.49771882658575,-305.54095840830604,2595.841480347285,-456.805924653229,-293.85713172452114,2564.4089320659946,-465.6550698194137,-295.9970859926145,2519.042344625204,-469.4676530650349,0.01703381129555031,0.01454570015824237,0.013881690037580444,-137.08196616624502,-40.25876675148835,-857.9407490439178,165.56504010918195,-2608.4069625414854,-2808.2443267132207,0.979538798508627,1.0,1.0,1.0,1.0,-306.78613227815674,2633.358369853531,-457.8954594525269,165.56504010918195,-2608.4069625414854,-109.15935578572176,-9842.154814036607
117.60036936573626,2552.0584432024184,-703.1852477418144,108.8640698700581,2533.2086098956424,-709.0511936633553,112.32263629078784,2509.422952710613,-722.9076127203405,105.66181600425033,2482.939309594072,-743.1315056716712,0.01776346330986541,0.014895165368926124,0.017813785821381607,164.43758782107705,423.9817971369307,-1014.8752312901337,38.93210034534665,-1473.9016604463686,-2605.8045105166675,1.399527585499818,1.0,2.0,1.0,1.0,107.98604232032528,2561.139204784159,-697.0702746200107,38.93210034534665,-1473.9016604463686,-776.6290450452328,-9735.400694523154
765.4192162286666,2557.4145111556813,-926.0855784940014,762.6261646110344,2529.1109680007016,-954.764935957558,750.2030099915776,2488.4680529168295,-982.1850246513059,733.3127445071542,2460.2782148586825,-1022.5414677657607,0.017740884555620673,0.014659902184923013,0.015062443781112884,-26.483265239598317,119.88318411295927,-1007.8525297378519,-674.1709716082357,-2070.6577528809016,-2253.514490817212,1.1325367694783401,1.0,2.0,1.0,1.0,769.038481258121,2563.259332512418,-927.8356456807896,-674.1709716082357,-2070.6577528809016,-1871.6145959358987,-9846.891430208037
-356.95778950461494,2480.9409879225745,-618.208315508268,-355.88708634244654,2443.6192137792996,-654.8496773675979,-353.2788529011081,2412.8911137165555,-692.326886496741,-357.97761227707616,2376.960394315049,-728.6710088783406,0.012892483316410512,0.014039440479508966,0.01707555380400488,-182.24149065624363,224.10137661709712,-808.1576474704507,165.08902749942501,-2106.380374117434,2790.5343482223584,1.0259925224000748,1.0,2.0,1.0,1.0,-358.88675008062876,2477.9283769227623,-619.3983447428379,165.08902749942501,-2106.380374117434,-2031.932916593832,-9693.010564568907
395.31649867856964,2461.881703243138,-727.8360110824746,395.3986255296501,2429.3314441939156,-746.8259622793631,383.5845242508997,2397.6385424108626,-772.8623230651784,374.7546919037785,2372.459104136449,-799.3143594184922,0.018014593155154596,0.014706935687484806,0.01506628754218417,-85.9185269462221,-171.41517846145842,-803.7272075581243,-363.52893215423717,-1990.1811808782422,-1716.1930408874591,1.2772121836151702,1.0,2.0,1.0,1.0,395.757308158141,2465.5748862022147,-729.5769095645705,-363.52893215423717,-1990.1811808782422,-1221.9974477802832,-9796.889126756749
366.6430398550458,2443.638311088306,-793.6091846191623,357.67906183008796,2391.2600248355707,-815.1976528574594,335.3640127594834,2323.9992090497594,-824.7813659144241,332.8186584099887,2278.7425444020773,-839.7980646218597,0.016685418991063697,0.016877674340756276,0.014338003885149594,-162.1597335825945,77.05937400567544,-981.3329689217378,-775.9684726427492,-3480.391583920054,-2010.8440406215775,0.6320989027830309,1.0,1.0,1.0,1.0,365.49882781447536,2443.7256510713137,-799.9279934087374,-775.9684726427492,-3480.391583920054,-625.53152826773,-10067.500262820175
-287.535857645393,2570.313610254158,-873.8616711369112,-289.11796339314407,2536.908577954971,-917.7653442045197,-288.9617423136079,2497.715092645107,-933.5274912481107,-289.3437187788171,2472.6686251046235,-974.1268311782894,0.015615216393768786,0.015685759540296516,0.015444279058117759,-424.50799372233706,138.17213756043338,-998.3923722890015,-112.29738828644281,-1904.378161005458,-2389.6854579373494,1.2282547450078118,1.0,2.0,1.0,1.0,-281.3288236571171,2566.2542928424086,-871.7660735564558,-112.29738828644281,-1904.378161005458,-1804.5438236849702,-9693.439663904575
682.0553320091371,2548.427724337679,-599.1379035511244,676.4087284853617,2506.689111024182,-618.6003068573419,675.0327082883173,2453.6024952534844,-633.9474199386392,669.3795989324217,2409.455038459473,-655.866953905245,0.014329065876159364,0.019608353893159108,0.012619513153015391,564.0417563099039,4.82976560910363,-926.7210258852886,-121.14578719345914,-2868.2050850431356,-2750.923944795361,0.8384430670776668,1.0,1.0,1.0,1.0,671.2557779761071,2543.191265872288,-596.0855159986488,-121.14578719345914,-2868.2050850431356,-1076.8293761920863,-9690.461791827258
-235.24666273885498,2451.459291293076,-951.0389043478617,-230.6610608423313,2417.018485863758,-960.5233839491711,-211.4625997914436,2358.012547572054,-975.3202044918044,-197.3898314481351,2309.661409574429,-986.6373150056319,0.012716431822894832,0.017826652990430243,0.012842686097198817,452.8517023143982,140.91958759706347,-933.8115493395802,938.09796080369,-3106.1613407000673,396.95027312818985,0.7016142290894767,1.0,2.0,1.0,1.0,-246.03127848435136,2455.0097864186096,-953.4091273838167,938.09796080369,-3106.1613407000673,-733.6262332943083,-9703.042358991714
-125.82646719180568,2491.1173735601005,-903.2581587235481,-119.13723560355629,2448.6825386040455,-933.4876870152427,-116.7218001570041,2409.128580972266,-954.9577902645558,-98.79109784634991,2359.0850954225425,-991.7462812215789,0.014083171361445143,0.019723087719792955,0.01695098277935244,254.48707445367333,27.06647932149368,-802.7545443658124,413.76573933616703,-2635.660880141036,-252.89552526409352,0.8842427581394102,1.0,2.0,1.0,1.0,-132.38389182564322,2491.409402253366,-907.125111469849,413.76573933616703,-2635.660880141036,-1472.519996373721,-10076.429845859946
59.85410513068715,2493.5574969843633,-850.2458177058284,57.76457647474297,2465.296800623605,-864.7416294281003,54.40470789068957,2434.9926669861616,-873.9134873961904,56.64771575369641,2391.672258997308,-897.1310251714797,0.01561926345385134,0.015565861936335051,0.01696268802071913,-117.73061864483776,250.05628044171735,-1012.6410511194615,-159.1417539468756,-2005.1460012750645,-1903.7242389225203,1.0718521865890926,1.0,2.0,1.0,1.0,60.50814577566257,2495.8198018697985,-853.5699939960717,-159.1417539468756,-2005.1460012750645,-610.0638065223584,-10224.04148265425
497.1042087557587,2482.890723704357,-817.1239498641925,486.64513232150796,2434.005338338455,-829.4922856257034,462.7526417975577,2378.9547462718338,-842.0213882382774,471.2270823359693,2346.5881532419266,-826.2728784164292,0.018621458561719383,0.010712718911581598,0.01688380040784582,-306.04644003658433,28.06212100152993,-1013.0424802933476,-995.5568609714085,-3028.10406039174,2019.1700484415308,0.7637820221188538,1.0,2.0,1.0,1.0,500.35461735025604,2480.826409918837,-818.9869754550314,-995.5568609714085,-3028.10406039174,-614.6423460688582,-9533.143741790222
303.1096280098732,2523.7951974223224,-1024.2208078547828,304.59871697186804,2487.1487271530586,-1061.5715443951706,306.02670947570095,2446.7369331952527,-1089.9703974897823,298.0148587032162,2404.976005396265,-1118.5098737909318,0.01671495033563867,0.014031783206228315,0.01975281801558892,165.97333270975798,235.5646377766497,-1019.5085136627955,-161.63086590836429,-2638.3201520424836,-1413.884102134883,0.8195004484425448,1.0,2.0,1.0,1.0,306.5921860500349,2530.9031700536148,-1033.0627472799367,-161.63086590836429,-2638.3201520424836,-1504.104589255219,-9697.536488790605
-245.69955065590443,2601.4382358865023,-793.9163174315037,-240.72442059909756,2560.6390518645853,-819.9436022345022,-236.68938698706665,2529.1475428254043,-851.2260075396242,-232.04300051655173,2491.3294200277924,-889.3679991384237,0.011077302406217316,0.0161843147085512,0.013419698961625773,119.91824099528083,366.5386046484073,-806.1029116263841,393.0706903999852,-2391.9993937574013,2045.654187210729,0.8943186839236065,1.0,2.0,1.0,1.0,-247.6028545287059,2603.058037811573,-792.2764861826081,393.0706903999852,-2391.9993937574013,-1977.894289562373,-9884.090206968829
208.94749708478875,2615.164374237946,-490.41661306921065,202.65862945500115,2579.1732135776765,-520.263196384813,194.71744901270014,2547.6197851849392,-545.8022426138673,178.06099148572352,2514.7850693793207,-579.2386525075459,0.01575910164477933,0.01435075887846041,0.019500606754620627,-473.0292056389153,241.65302041407523,-820.9645226042053,-614.3606449641602,-2117.5100558269337,2904.587502541271,1.0703895327221378,1.0,2.0,1.0,1.0,215.0547167209454,2613.2642829402284,-497.70788217773065,-614.3606449641602,-2117.5100558269337,-1404.7279294451625,-9999.185340428216
-36.9751998836624,2459.7949617159143,-969.7958139649554,-36.29387150611941,2419.1692054747,-988.1934535258575,-30.291520339795124,2362.3558321312435,-1032.5161810854245,-31.386176112155788,2305.3649505587537,-1054.033980037384,0.013706237797929514,0.017523490620876256,0.016250652816065234,35.10639738864361,2.1087656344305685,-895.4669539265732,100.4184868275723,-3322.937882004383,1152.950369845847,0.6925196187651296,1.0,2.0,1.0,1.0,-39.20328286375991,2461.0827983176705,-968.2022072236228,100.4184868275723,-3322.937882004383,-1660.1930395882043,-9802.675415868802
197.49245593096472,2506.2108499960545,-865.6686972993689,193.91182583460733,2449.513697191889,-872.2706909114105,193.53568555319478,2404.926104412257,-873.2180879382854,182.39364085276355,2353.6933922947446,-888.0323166118219,0.015380436108735122,0.016531741955430935,0.015151328211146349,-125.19656330434441,-41.6569569338627,-1015.306702211778,-422.09254258052175,-3289.363696846396,1741.9593486142667,0.7279364937246882,1.0,2.0,1.0,1.0,201.92515719555945,2507.599908122094,-862.5792619777111,-422.09254258052175,-3289.363696846396,-201.64418927955725,-9803.806757359767
-339.153813877887,2499.4430659856016,-988.3031278276873,-338.8579415652415,2460.7594488792583,-1006.3230364412516,-344.05648575213746,2431.8515832182975,-1013.397098184745,-345.5226516468933,2382.161917329112,-1037.7169142527614,0.013114991541157625,0.01684601637223758,0.01812724756741389,-426.64462217550704,353.48337802013214,-1013.9096121031766,-97.41421289971888,-2381.7716358433618,-1316.2039525730984,0.8519117445191916,1.0,2.0,1.0,1.0,-338.97183056576023,2497.077850279156,-977.0396080407236,-97.41421289971888,-2381.7716358433618,-1011.7086596927498,-9625.85669666604
-173.16613644640142,2462.039316126854,-445.0974923038274,-171.1140091081422,2418.695939540296,-479.4657481037597,-165.189962672616,2377.8117104960224,-505.4856101172257,-161.65709331172098,2341.4619547276266,-548.682309159005,0.014333091864137665,0.01638924875764109,0.01756300886406948,137.4850567206894,-72.37589215161583,-837.7414108538719,302.8728502211876,-2483.344488573353,-3279.396225970423,0.971714650514152,1.0,1.0,1.0,1.0,-171.44525050492166,2460.6354861932,-445.0502654683835,302.8728502211876,-2483.344488573353,-1832.056585408075,-9420.171506376148
95.18526149384199,2454.846420545837,-563.1475985721257,97.72839511473633,2410.296969871557,-587.1522680349657,98.18672017248632,2389.3835284065476,-612.1032188265525,101.73489597411373,2354.1957377371264,-634.490236995105,0.013489337961381112,0.014319076244015749,0.017067150093744213,157.05662168210708,179.084955153944,-812.6199947741255,52.7709585136939,-2068.3887698215,2639.7164508040214,1.0501244357008577,1.0,2.0,1.0,1.0,99.2724221096114,2443.9706581084847,-566.4772755338624,52.7709585136939,-2068.3887698215,-1490.1391909020717,-9646.041087037704
516.3122864574426,2573.484274374944,-765.0966678776757,505.85777223158874,2561.5902170009713,-798.4919820832492,520.2651717034032,2525.266505877184,-814.952664632228,513.8294502450018,2497.3639251211875,-849.195848261467,0.01560352117447565,0.015253425084967636,0.016297595210994206,232.07713658473693,326.2285547197399,-1014.7926701744632,-210.88991656598543,-1605.147601229158,-2705.9242460310984,1.3528454585295546,1.0,2.0,1.0,1.0,527.323019777117,2573.4351964405528,-758.8370289521854,-210.88991656598543,-1605.147601229158,-1501.4139444016637,-9902.055880598326
-78.22927363135999,2491.352719163279,-946.1413668497821,-76.62688194739529,2447.1896914591207,-942.1795078161507,-87.36368312433775,2402.022126389155,-951.3025507513612,-94.22119392715878,2355.7570751453027,-962.6183342672323,0.014157608980819207,0.017704999858394403,0.019717926212478403,-387.5343376674081,106.66076047687588,-1011.2184078579163,-333.93838318661847,-2586.6307177117124,-1178.2507787320988,0.8684194649483087,1.0,2.0,1.0,1.0,-80.31102513572023,2486.361020771646,-942.987612982359,-333.93838318661847,-2586.6307177117124,-162.0001980694798,-9989.658881148374
743.8285425828477,2439.2936842960344,-1001.44775210134,742.1383971931446,2380.527864736157,-1018.3710931474885,732.6956048154244,2331.16491989779,-1038.269349928615,731.1979921643178,2271.035247410453,-1066.038135255399,0.012667212282653398,0.01868147569582492,0.012235073198874478,548.0954657354919,-47.914868878958416,-938.5228666621592,-280.47986411115534,-3500.916446406716,-2.4815511579392506,0.6664162388226478,1.0,2.0,1.0,1.0,747.2361692544137,2437.7358080698045,-1004.5194890231683,-280.47986411115534,-3500.916446406716,-1148.357335704468,-9983.542502381955
392.9334766635051,2609.364329649321,-526.1463217054308,398.05632038239094,2560.6391736548385,-555.7485060026298,390.73924445525347,2518.5532501300577,-595.0188170558856,398.6185664947268,2486.090529515013,-623.589184665142,0.01966511643788497,0.015697392766490556,0.013734743939512378,352.6671047812437,-83.97059889171022,-945.0074060171511,-42.5036647454579,-2411.3617502515926,3273.1593204374744,1.0659027468561104,1.0,2.0,1.0,1.0,400.05869097243044,2604.69775263881,-527.6421528795012,-42.5036647454579,-2411.3617502515926,-1757.2823427547917,-9136.28570591388
181.0997765274055,2625.095611796667,-822.4156086206167,175.92262267565116,2584.1611479829967,-811.908227927936,182.98422901662104,2539.3609943809092,-817.562693361825,176.05200281717433,2511.0571711046778,-825.3306109225573,0.01669636098885675,0.014604227577512934,0.017365445596581132,69.34453183246279,11.019443152367545,-914.4077580194703,-95.11174838610005,-2170.3431464245423,-1409.046343557523,1.1513339658370456,1.0,2.0,1.0,1.0,183.47862989578414,2615.4312188618155,-811.7503159177326,-95.11174838610005,-2170.3431464245423,-57.624668495222664,-9657.352023801699
-65.15763662018281,2632.0746269480524,-562.1191272267048,-62.10527045215197,2597.9057378517364,-583.2403084111756,-65.82596129251188,2565.161214156636,-611.6567604192928,-66.86858426994168,2522.7660961404563,-649.1179648620092,0.01176408159788121,0.015480311531036167,0.013227209746603408,-21.11779565523256,-110.55533549432485,-993.5972573714513,42.14512957879589,-2656.1132926675205,3488.7812959635785,0.9945283971244792,1.0,2.0,1.0,1.0,-64.73800476928648,2638.5219224165544,-557.4947718609249,42.14512957879589,-2656.1132926675205,-1873.039925951825,-9933.44433045814
371.0525684620363,2445.023258810091,-1015.3306375462494,353.77114425989936,2399.427176488299,-1034.6121304131184,349.72195394571986,2354.8806634891894,-1055.5817464850747,345.98464365742933,2294.645131212353,-1086.5453667316592,0.014148735477644832,0.012991341937830997,0.018934858160545597,-1.2304941350407135,-3.6973831772818073,-919.4284088061605,-518.4403530104859,-3409.6788154176593,200.48746219928063,0.6739250644239791,1.0,2.0,1.0,1.0,372.04656003250966,2451.2713639234294,-1013.2474172778019,-518.4403530104859,-3409.6788154176593,-1356.8196194404254,-9594.56987744421
668.5178220028496,2453.325634087399,-886.6272292715038,658.1471497871681,2431.1555533141463,-881.6882558086177,658.0582379920244,2399.548627993218,-886.9364975297569,654.0501142609387,2363.4477609377545,-894.1896776276919,0.013749374861899321,0.01558119743149097,0.015064279095774728,308.717362902923,166.7708195209682,-1014.3884628677661,-330.13478825544917,-2111.315889719892,-1571.6696575794658,1.0406051486108339,1.0,2.0,1.0,1.0,666.9136081600836,2457.5485598670575,-887.8624262606182,-330.13478825544917,-2111.315889719892,-45.562358480139295,-9757.720113054565
-132.8618431011112,2588.1099318786696,-916.8276497437986,-127.7488256406231,2553.8541277082745,-939.150717347485,-125.00932866193286,2529.3624826350674,-966.3796526595888,-114.95660740002732,2490.8146090521473,-999.602912666051,0.01563009860909364,0.016514269752574424,0.011888763973203511,406.01341368428535,284.13253125292886,-1010.2913908026864,468.8177393765571,-1976.4358399895232,-2141.068618223171,1.1209668676651257,1.0,2.0,1.0,1.0,-140.15925268940418,2586.680284840718,-909.6187117275309,468.8177393765571,-1976.4358399895232,-1620.1621784205051,-9736.141632339093
488.88155562724563,2451.9424386271844,-840.4157514676458,472.03704365502284,2409.012809013156,-855.527236005404,455.90128051399,2357.6802562714456,-869.295354332816,444.12772407478326,2315.0308088971196,-879.6351960557128,0.018149820032776404,0.016476920619647447,0.01310205981434475,-104.19231943071625,32.48823432957919,-869.2281535384626,-674.2951857116147,-2777.5019136611986,974.5987778777203,0.822271199533232,1.0,2.0,1.0,1.0,482.4444921383896,2448.9148992148303,-838.6997375284933,-674.2951857116147,-2777.5019136611986,-582.9079171362641,-10007.686496886701
-9.03936539042529,2459.3444453412835,-813.984815321115,4.807063667220705,2394.2028506845636,-816.3454235852192,21.573589375118054,2335.6313047971566,-830.1379338657761,21.01664940931748,2262.973700202558,-841.5938799527682,0.01791794065190236,0.01220059490342109,0.0157950312067775,387.5038436046147,48.50702202121312,-861.7005020766959,657.0358988483113,-4014.0569164331982,-1012.2182916796289,0.5540864332378995,1.0,1.0,1.0,1.0,-6.717695704372488,2456.941171881139,-813.8159856828695,657.0358988483113,-4014.0569164331982,-285.1409325265343,-9853.062414560698
736.2184843748753,2577.876320771272,-951.51523537076,728.5393722320111,2529.382439356336,-960.2737772708914,720.6250488356401,2484.6540967191054,-972.2015257600825,712.8619978799203,2452.750175823362,-979.489826658402,0.014923915134278827,0.013747010582296455,0.014377553123116452,479.29014995193074,0.2506563274094802,-1011.0824126688851,-283.05004673531863,-2889.6245990446614,-1171.709974401091,0.8469515211603089,1.0,2.0,1.0,1.0,731.2046915463659,2572.016549477159,-952.0553167534474,-283.05004673531863,-2889.6245990446614,-440.08459996299985,-9993.904005462244
683.3686831947673,2451.6007037719687,-971.3906965332286,659.0017595385307,2406.4581731026665,-1009.7648049560382,645.2302361833141,2343.182036764756,-1038.6586574391326,620.6427684667256,2285.3108880566283,-1082.6967124485811,0.015650671860236262,0.015002649976136742,0.01574886841148952,-276.4365249948273,-59.62392921130726,-1013.6574276014674,-1408.0344080965604,-3676.386954519506,2188.7432351829375,0.638597809752138,1.0,2.0,1.0,1.0,688.0670445513174,2458.701134634558,-976.2149994886709,-1408.0344080965604,-3676.386954519506,-2013.4515715866187,-9847.160239429848
264.80743327735655,2555.9917307680407,-681.188934334764,261.9429320056424,2517.762838671756,-685.9278098301271,246.6999988216895,2473.4633312798574,-702.6661693851654,240.68665981802727,2436.883417144788,-710.9068244732376,0.016440710951503686,0.012761051546666546,0.017805497872935463,-372.8810625105288,169.9546687129323,-990.7905968658389,-778.9849423159973,-2886.9258044832327,-2486.540974275578,0.7829927396288949,1.0,1.0,1.0,1.0,273.6764396117484,2566.1030864340173,-686.3648387964149,-778.9849423159973,-2886.9258044832327,-512.0642667964397,-9724.871748499625
414.947932824965,2607.8120860888084,-1031.677858267083,415.2720818546009,2569.1578854201534,-1059.1032810782438,408.01233499996306,2527.8761602468862,-1097.3586377874979,408.710965519884,2495.1328597850184,-1136.7404774453041,0.01636270465238301,0.01603705717876981,0.011737687839234196,118.86574834457478,134.2008163395006,-1013.6461469847485,-303.9711783372279,-2499.667762693702,-1868.5702827936882,0.9458625503296137,1.0,2.0,1.0,1.0,419.79721489842905,2608.8719014062603,-1036.0255439670284,-303.9711783372279,-2499.667762693702,-1984.5679700775422,-9962.323476276986
-481.47075642494025,2542.429971618794,-467.65796721905116,-468.62809047495284,2497.2239901260823,-478.3344791817123,-467.6982714496524,2460.0444182415727,-516.551770690997,-462.22072608004396,2419.0605968803197,-554.2719491368141,0.014314683804075407,0.01290144730336813,0.016888860982996478,63.310942424823565,-89.55931771535309,-814.5983066404292,564.5455912019543,-2723.1679931079307,-3139.921480161519,0.9208950079095607,1.0,1.0,1.0,1.0,-481.4755530850623,2538.2977956337973,-460.40656517363925,564.5455912019543,-2723.1679931079307,-1677.4377246012555,-9945.824401166483
307.90074369215387,2531.5902389280036,-552.27049444215,296.39535550167466,2487.413523590754,-547.0955715626767,299.29894884160126,2453.0159942046344,-539.9630300579502,286.59421427173527,2416.8625609492606,-548.5194281076446,0.015521381705700938,0.014414842463454144,0.015651141539465802,-99.39958247456175,62.36807158230317,-950.7878483517051,-408.189267444435,-2466.9000667714095,-2836.3643679121947,0.9544126342913798,1.0,1.0,1.0,1.0,308.789684969874,2529.268138353717,-550.3999829470977,-408.189267444435,-2466.9000667714095,213.84266737193195,-9989.943067739187
144.85341674597132,2480.7753874188097,-437.60770444237386,143.7709711995107,2441.5133122987577,-452.5174788862805,149.30952555667457,2399.5652141501496,-486.65844801117004,151.45094288030788,2356.94361552054,-520.4383574773435,0.016367088887674318,0.01569150732922682,0.017731515914142792,442.3137427134901,-2.151919111533143,-845.7379579129852,294.8952418254771,-2447.866867352534,-3089.839664952778,0.9652098878689565,1.0,1.0,1.0,1.0,142.99507226063315,2482.4329512512777,-437.04167627015977,294.8952418254771,-2447.866867352534,-1364.2610239753255,-9403.260132170004
-302.2647174301124,2475.873308766594,-913.6389590437566,-303.84603264604436,2438.152913279185,-937.2952116085455,-299.7274707570677,2389.0527769414,-955.9533294206512,-295.03314315907863,2331.939561965415,-989.4852415346509,0.012890263931514217,0.01645168728951065,0.015260923445376565,-164.02875659025077,-0.264866073681695,-832.1851889298441,169.01891894550323,-2908.27926937075,316.80957946947944,0.8053971253335992,1.0,2.0,1.0,1.0,-307.69483769393037,2471.7725128914576,-915.8175138038827,169.01891894550323,-2908.27926937075,-1336.0337440616102,-10065.806368728017
631.5763294534539,2477.451323381465,-764.9962891795103,631.0611177488313,2449.7900549915594,-765.6414471322628,614.8993317226609,2405.89500734778,-771.8559065142085,598.9766103736339,2370.1329428732797,-776.2874543951806,0.012753799498875326,0.018727278817378824,0.015036452597691305,-223.66130479852924,250.54393556741545,-804.4221403227584,-859.1893449981453,-2218.5964450925253,989.9948536722261,0.9584824690860551,1.0,2.0,1.0,1.0,639.8239869246045,2480.2333628854053,-756.969133810564,-859.1893449981453,-2218.5964450925253,-136.89664676380087,-10137.503701090878
598.9213904810175,2526.967155306028,-803.3978617568883,581.5601705820686,2485.545228971199,-805.3625114080237,569.9958196169176,2427.133968080384,-814.5103598590766,556.9330435337124,2380.753135863585,-825.5502075621552,0.015036331775171557,0.015131402416782617,0.016038711119180427,-60.400074293526245,-77.07060879782567,-1013.22981050122,-782.3630088221427,-3106.1143382343207,2005.7548176826858,0.793793554688866,1.0,2.0,1.0,1.0,596.7848531170744,2532.065435319009,-808.1112244129001,-782.3630088221427,-3106.1143382343207,-168.5298370089975,-9738.783280865586
439.863391911391,2640.408458092187,-734.0789380330157,431.74347756280156,2605.069095757224,-744.7430704051942,417.69290191355424,2584.279034866187,-761.1413808547975,412.199541970217,2546.2420851241795,-778.2291352043961,0.014507244227346708,0.014108797035046758,0.016426896108485557,-465.00394272098,-54.44830955005531,-802.9243128455814,-716.766754068326,-2124.4284354035103,-1343.0669222292377,1.224957062629116,1.0,2.0,1.0,1.0,445.289834945796,2643.5758034123996,-734.9747469609349,-716.766754068326,-2124.4284354035103,-693.9341941816307,-9734.518934124493
616.3780793273548,2545.5614743558085,-598.4536064975528,607.9203968852561,2504.296184566329,-616.2590116795825,603.1449149848229,2464.4432292298648,-662.055978593322,588.6438511474573,2421.6648946002606,-689.3745151866962,0.01593001015016458,0.015771847630179022,0.016096901931633358,56.692918750934496,-42.877290536881176,-928.4358416021917,-541.317126372888,-2492.422788992308,3077.354968027624,0.9872012402880229,1.0,2.0,1.0,1.0,616.9561445468703,2536.780296070158,-600.1751222238702,-541.317126372888,-2492.422788992308,-1769.9360643532132,-9653.92388274476
448.7768007807355,2453.9779248852533,-503.8167151523875,448.7655264052166,2408.98688019526,-521.2828678055824,453.6296400115267,2362.181758851063,-545.8048879952255,450.50948356780196,2314.3316544991326,-565.1486756664164,0.01491262912908296,0.01613742887810423,0.017010931842002624,355.838468647906,-269.28976830327514,-808.674997489489,-107.27942863997671,-2977.86210842938,-2658.535973642055,0.8669390101508109,1.0,1.0,1.0,1.0,453.9991458534888,2455.4540609096084,-508.83259411528445,-107.27942863997671,-2977.86210842938,-1078.0633016152067,-9848.824511895586
289.5023857261991,2752.7899791581285,-727.3834851436782,299.1789231461683,2722.3308093481623,-772.9083476639026,294.0166189921511,2695.2097976046857,-804.7536265248981,306.74496056058115,2658.427969912373,-838.9253450465027,0.018158728487910666,0.018661837289257053,0.017433526646160873,630.7995987787307,200.01750223381325,-957.1304215873279,227.53954926941867,-1700.8942144533914,-2860.769275320092,1.4457459075766714,1.0,2.0,1.0,1.0,289.4902748746041,2751.3588239139162,-731.4855320340124,227.53954926941867,-1700.8942144533914,-1933.0283942049964,-9856.434763798985
-226.9927731202848,2432.7181664215036,-1069.2434665753422,-225.29012105814206,2384.0165889046516,-1105.6563360754474,-228.91100954227372,2323.025639826813,-1134.937646597374,-239.78963279731863,2262.245230251161,-1134.496608771772,0.013208863205833376,0.01847655847476675,0.01882685584252921,-429.08175410748004,45.86982529896984,-937.4027709170199,-306.68082677402657,-3468.1632470012087,-221.42050167335472,0.6394877224768711,1.0,2.0,1.0,1.0,-217.47198363340135,2438.902465729806,-1074.388913542507,-306.68082677402657,-3468.1632470012087,-1661.355256697814,-9892.365700056986
670.38815627284,2540.2331622580564,-832.5332412283034,650.0192431817486,2484.473980300407,-862.9305161132239,641.3153392227645,2427.928000565605,-901.1420024847716,623.8234010026308,2377.5822371984036,-936.9346850759827,0.015782766631236962,0.018363906518131676,0.013981216491367895,-90.90671167405785,120.97699996476175,-1011.6826507432764,-1036.0797755201513,-3286.1221399294163,-2699.1147494730562,0.686872110359264,1.0,1.0,1.0,1.0,670.611923333252,2536.2767728128792,-829.9501304225073,-1036.0797755201513,-3286.1221399294163,-1947.5399889490227,-9609.155467693194
-176.20636035939287,2453.7436782836735,-868.6052202124622,-171.1239710757215,2400.6652295705035,-881.5546004169291,-169.12606708166896,2359.2270707068183,-882.5105983228334,-153.1462632692913,2305.521197635667,-912.8712671457116,0.01607003465704459,0.01260247673404825,0.014989089601777725,243.7013074358662,-63.064807069709374,-1016.3897097861969,568.50291618542,-3405.557667508635,1864.7406695747318,0.69633839900713,1.0,2.0,1.0,1.0,-176.990850541344,2457.0478668866826,-868.197260887335,568.50291618542,-3405.557667508635,-748.7511180510722,-9843.101451408174
-214.7430611093325,2534.0698923610826,-935.1393380638009,-214.86899947312392,2487.622459791915,-954.4718132121056,-195.4093642049072,2443.1780770389983,-974.2396922097893,-181.06501214751304,2377.822975024139,-999.8503277937198,0.016214099473455645,0.013932643803088465,0.02062821143312979,219.2234025121901,37.791728273601706,-878.4136436174457,533.1447580947931,-3107.2485003787256,480.0722274674431,0.7542250452903267,1.0,2.0,1.0,1.0,-209.9581277541189,2539.1267710784705,-930.2139800977203,533.1447580947931,-3107.2485003787256,-1111.0563547237955,-9679.586045339876
-428.2455651246357,2591.50983556845,-809.7915235835995,-417.2881836286083,2546.9267749694873,-820.3870718513218,-402.0173838516816,2507.356306983646,-829.5245881443318,-385.4607238684063,2464.1436351766342,-857.7925371108327,0.013313464992806535,0.018389993278458576,0.014349919701215755,334.2099529720384,112.0999248054944,-882.6548582025772,869.4172613418536,-2816.4847362123674,1661.5389104194464,0.8339466220275198,1.0,2.0,1.0,1.0,-430.8772370087934,2590.6064926723693,-793.2105525816199,869.4172613418536,-2816.4847362123674,-996.6676410970905,-9884.411145168895
-18.151501336971165,2630.2841138558733,-743.5855467446296,-19.241314382438482,2610.9366263495635,-780.8091477652714,-22.327460045442855,2588.4019793080056,-817.972622873416,-21.279724687813303,2564.465032570674,-858.2139187711165,0.017114706099273198,0.01347832113309744,0.015197670606307036,-75.4543615160839,147.5718624550166,-879.845804796855,-37.43231947566747,-1659.5491134003485,-2777.7100597862604,1.4542093021613223,1.0,2.0,1.0,1.0,-19.305882302582802,2636.895532555551,-748.2899368382701,-37.43231947566747,-1659.5491134003485,-2254.1380558547703,-10016.452786140771
-318.46828527482216,2532.90782222304,-650.8694446216997,-324.0718994451543,2488.297884122553,-640.0471364262725,-326.58060308955305,2446.200922755404,-636.2637007113364,-330.1424605281144,2406.033697307548,-634.0036642811697,0.015091931149573449,0.015262289862326639,0.015029315605815857,-448.6289868081915,-51.05027116268065,-802.810287027625,-139.0386694055881,-2855.7696187321676,-1837.9003215735972,0.8596164633822847,1.0,1.0,1.0,1.0,-322.79899099613203,2533.4212337899367,-649.5173732636266,-139.0386694055881,-2855.7696187321676,619.9485392250724,-9764.32256528478
-290.9672410509388,2547.48557472655,-643.2225655011713,-283.383669314678,2520.3271542313387,-638.8292100489687,-277.17183903726914,2503.3337570937347,-642.9166113426978,-262.0942215781507,2454.0314824748834,-650.4406439253702,0.017483082105288462,0.015486563258335691,0.015566176714655072,378.3823955861978,238.3040392361803,-806.4565584712335,600.5943673418789,-2070.679433278504,1825.1403934484956,1.0714641779217189,1.0,2.0,1.0,1.0,-294.2832958367066,2557.4650045081034,-632.9032684212465,600.5943673418789,-2070.679433278504,-38.699976826185704,-9594.588767611383
-136.24202626529754,2446.5412807663693,-949.8203148729043,-124.22179537830057,2405.0675490640683,-950.4839733565282,-118.75173062602319,2364.706656850801,-976.243764734218,-110.78149258884604,2325.648601529805,-983.2692281200303,0.014357045999637006,0.01248461642870035,0.019191838157240564,489.1640295231742,137.9007339182499,-937.1058633129804,702.9159269773247,-2578.200276302594,-698.2371429589601,0.8489664994144228,1.0,2.0,1.0,1.0,-139.9457251215308,2445.389981209073,-943.5633928221407,702.9159269773247,-2578.200276302594,-780.6703130455271,-9386.890668836257
236.04853620109438,2574.050042895562,-632.6381446190181,236.77846520077802,2529.481858488416,-652.9251721872623,224.1855860081883,2487.3596189236864,-659.130516384287,227.06028412669528,2454.0669433668086,-674.9482895279517,0.012824654245641418,0.018703726809245376,0.014458109350617004,-111.64264205721673,63.26358430819539,-856.3523900261872,-339.79580268482306,-2422.832151194444,2139.841220926837,0.9890135095944961,1.0,2.0,1.0,1.0,240.04601372157595,2570.8948607944444,-640.4156917548682,-339.79580268482306,-2422.832151194444,-594.2049620117217,-9786.33026451705
583.9907104083351,2569.3533950148617,-819.6610729964603,576.7382819322626,2515.6216494102787,-846.45004242788,564.2436738469828,2477.3300034350477,-864.9800796139103,545.2493490490947,2428.3891976615864,-900.6014686118763,0.013909610394597734,0.013878087449716437,0.016674714459897037,-108.38576793014005,33.67523164624413,-906.9299553773157,-810.7739497982284,-2957.9637008524064,2059.8941865527995,0.8105375876957894,1.0,2.0,1.0,1.0,584.8259591473443,2562.734195875059,-819.211993298904,-810.7739497982284,-2957.9637008524064,-1590.4247844290614,-9772.442276401822
479.20567095414253,2578.1176706008832,-942.2191461781484,470.9006443814152,2547.6957332377906,-981.5956683186034,464.2841612512914,2512.5957304077124,-1018.9996483740921,460.6908813278723,2478.2913124984007,-1049.6723636781821,0.018352478025345304,0.015186153997971252,0.015142659644627028,-225.02012684614337,148.459803037121,-985.1263520501254,-621.6763714267119,-2128.2968926258472,-1988.121755518289,1.096318708332054,1.0,2.0,1.0,1.0,486.7993184374428,2585.359745093707,-946.4994183683784,-621.6763714267119,-2128.2968926258472,-1794.954441250292,-9470.550229599687
-429.3302448948072,2597.6340503965403,-766.644926177811,-424.6428961345042,2557.09085434083,-779.6594437612926,-420.3780255057271,2507.695420929382,-798.1872967700657,-402.43370480033303,2470.5713709302904,-815.763240685222,0.014086339175704926,0.014232176281613728,0.015604061583094967,107.57059968379828,57.47261680898703,-853.1367908092058,578.7384179483658,-2727.8422972276308,1536.9354767874845,0.8860774229595871,1.0,2.0,1.0,1.0,-430.656129008181,2594.365953230696,-768.0060445815873,578.7384179483658,-2727.8422972276308,-841.5250260897553,-9719.228085434188
-115.02998312308296,2464.0772453939967,-667.6367386685071,-103.61127955198782,2412.2884546262085,-699.7482136171748,-92.52681723295454,2354.3203377167843,-726.8155852969032,-78.86596680136198,2305.762880514906,-761.6822730811808,0.018112947913176553,0.015695409645750724,0.014055042436614762,593.3422796771706,-219.05033879303096,-804.1183524034948,895.4566697507837,-3386.656251146226,-2305.3388686760095,0.7421366000044586,1.0,1.0,1.0,1.0,-114.06848942594848,2456.4080996124912,-674.6888786210213,895.4566697507837,-3386.656251146226,-1688.3505182619429,-9519.316327922577
122.605337306652,2604.236574355207,-525.4498612661131,110.82205060038116,2565.0276818748066,-541.2974521161096,99.71887605271328,2519.5045553749223,-553.592070530304,95.94923714538817,2481.171827147174,-576.0054704024235,0.01814782195364431,0.013675704335636866,0.0182593792174637,-460.7516805883629,129.3059447001234,-879.2160010011486,-534.6438482890112,-2276.4763390677763,2763.8432268851793,1.034917094493254,1.0,2.0,1.0,1.0,119.33689480521389,2599.2827725886636,-527.9178826797619,-534.6438482890112,-2276.4763390677763,-683.8108395829018,-10207.531008289247
78.58371209434763,2551.3089111009685,-788.7675424625071,75.9817462560727,2515.100356769736,-777.1781282087985,78.47301276837494,2498.9572867945,-783.0471268333331,66.7410210949145,2468.356387099744,-769.3528528850541,0.018793010153697262,0.015630824738896716,0.014924845562907532,-346.1481174926648,344.69623569531905,-1019.3999774291598,-314.8473536238653,-1617.6424855881362,-2218.1679780669083,1.3106513195444915,1.0,2.0,1.0,1.0,82.04428343579116,2544.69001609519,-793.7489155435793,-314.8473536238653,-1617.6424855881362,579.6630057680837,-10159.69670652203
-79.168586196792,2714.4091706144322,-818.8662900825695,-75.31169430836403,2690.6690549142795,-847.1340617663319,-75.53936098255139,2659.873250979931,-879.5660925062946,-80.3127331815345,2635.9333357992773,-911.7116566413274,0.01836880847439071,0.012836997131745607,0.014850796517028794,-30.83909147242242,145.67566525841085,-997.4559773666494,36.9423841465582,-1861.770861146672,-2705.6714863217503,1.3339433978768274,1.0,2.0,1.0,1.0,-81.81958159467257,2714.919453640815,-820.3373966543884,36.9423841465582,-1861.770861146672,-1956.1277354813278,-9866.098751170935
-57.923958019782525,2537.761748231461,-1012.7605577561407,-73.05883173897215,2498.3784322675847,-1046.4267316682708,-59.848005443529715,2459.88992441179,-1075.0681448427074,-67.80813188398484,2432.2769366388125,-1117.1922972921952,0.014834023990256504,0.016930849228937048,0.01659731313107153,-143.85964587927072,59.364275398303334,-975.7105856468847,-76.24228629545496,-2423.215767841271,-1756.8164187077111,0.976637813649735,1.0,2.0,1.0,1.0,-65.71130242643005,2543.160437435611,-1012.8341919412923,-76.24228629545496,-2423.215767841271,-1952.4436523176548,-9761.22785424862
652.0725064985943,2600.9534214966006,-498.05137934003403,638.337671010028,2563.0661420632996,-520.6818487605105,632.8391395883854,2513.9629974455665,-554.4496279763516,619.786273247394,2484.010675177914,-585.4879619814263,0.013575048200367265,0.016811001913391736,0.016775700328270984,-35.53391397204414,67.77175252359103,-937.5520703305524,-687.4903780351622,-2548.430824036756,-3429.8631468490703,0.9478382495579708,1.0,1.0,1.0,1.0,648.5190121729406,2603.4604224401687,-493.66557114088744,-687.4903780351622,-2548.430824036756,-1784.4673067279048,-9664.8759715318
-457.4941865119665,2550.1892669775716,-544.9562082314162,-455.53388489845884,2492.5828675987173,-549.1038346227733,-456.09480851460984,2448.0217080431817,-558.8176506053969,-444.22976457340457,2396.5809713920144,-578.1573605813497,0.012451839281714353,0.015177466594796475,0.017705335829679987,1.7890073386597227,-296.9122372028758,-804.6937633258503,530.3629795065201,-3208.719798945404,-2364.3682287542733,0.8396653582938098,1.0,1.0,1.0,1.0,-467.5822295246087,2542.804784863805,-541.6441439277884,530.3629795065201,-3208.719798945404,-543.6554609406588,-10065.172253145764
102.51638205633095,2444.579046965055,-564.1466954934077,102.49409740341336,2399.966371910252,-568.3206363468556,99.49200041968786,2362.502556865163,-593.0737209543227,90.01516375195837,2324.2997350357796,-613.1402329738186,0.014920307378453445,0.013898692480136999,0.02005120724293027,-78.15008513244314,-0.6847977084728321,-894.9115309433496,-197.77703925291743,-2672.620408651874,-2702.1227701444136,0.86612979289848,1.0,1.0,1.0,1.0,102.81590578397663,2444.762876208,-558.5514989076753,-197.77703925291743,-2672.620408651874,-928.5539736364682,-9572.801318866566
-378.4329125092913,2554.96280795142,-591.8660631389797,-362.17866451988425,2525.2479100888936,-596.6872478860349,-358.25305243133533,2492.7870381025773,-596.6156788052317,-348.3550792310299,2448.149163797543,-600.4891151552577,0.012339156909131323,0.01579903203383613,0.020722788497208905,294.4785979052018,121.1188616668902,-863.7325056310596,599.8141570100163,-2173.660537731033,2297.5953075750795,1.0711390225598219,1.0,2.0,1.0,1.0,-377.313257946018,2555.618663925644,-591.6113173763705,599.8141570100163,-2173.660537731033,-11.333656736508772,-9701.420002756702
284.5285704680706,2453.7184248326807,-765.3446809043276,272.87994691094156,2408.8226407113293,-753.8291784793568,261.2040486830366,2375.4322233222133,-766.4414664072316,245.72046690471964,2324.3544456411514,-774.6950714121052,0.017859944320178147,0.014659660204763801,0.013326017417451035,-330.93843768837445,184.5716598377394,-1012.56738069887,-784.4065096456569,-2882.870376418484,-2230.605812601958,0.7441543780576076,1.0,1.0,1.0,1.0,288.7427049316949,2462.0392572083438,-753.5539067182237,-784.4065096456569,-2882.870376418484,-250.03586202051594,-9484.790740733933
-441.72336018048594,2488.194341279614,-679.3979242147216,-442.7970318287993,2440.810018722858,-690.2813396608077,-449.2043980682244,2429.327470993865,-712.1078966545,-443.32059371013565,2399.0906034187256,-740.7674751175481,0.015722772002503452,0.014489255111024056,0.017549821635075933,-285.7722035372206,-170.8424053557838,-802.4259982482907,115.71637296890187,-1851.455962765615,-1968.354305647577,1.387238151251388,1.0,2.0,1.0,1.0,-451.8251987475986,2485.996901212871,-672.5728730701428,115.71637296890187,-1851.455962765615,-1173.6257249300995,-9618.507447219343
-304.835914414689,2649.8990065311964,-657.4928735858581,-297.04455247140345,2630.971773339067,-679.9769557793021,-289.269003112622,2587.8283739030126,-707.3554406093198,-281.31909045123956,2565.02075799303,-735.1852055841315,0.013253672981493422,0.016692886317279457,0.014973689371563393,125.03414715565746,-237.46220941217044,-801.1001778339789,293.7431515755239,-1960.0305712732384,-2263.7775960890144,1.4300797513296544,1.0,2.0,1.0,1.0,-308.2370014182409,2653.5828832158586,-653.8281499109806,293.7431515755239,-1960.0305712732384,-1480.4021810622485,-9960.47374129761
716.7656628115934,2444.784973901831,-452.7868587245248,717.6694915616793,2411.0866139563213,-451.2536878371312,700.3281392075728,2368.3576934170364,-455.1165526761043,694.0212880020661,2337.838305512212,-475.1636620877285,0.014130269377593423,0.0161842675784543,0.017259284630429195,61.37272920556938,9.7749114399681,-908.5257434622306,-630.2280684629758,-2331.3423114101447,-3018.3592156656587,0.9974261784135228,1.0,1.0,1.0,1.0,719.9610607493782,2446.0276268635707,-446.7023019240364,-630.2280684629758,-2331.3423114101447,-205.83173430019298,-9818.325010815364
-143.7404975270541,2542.2149088654987,-911.2453007644209,-141.13539994300197,2502.69083986045,-925.6113614186058,-125.54614326526236,2449.5488905670095,-946.2594905435085,-106.85501568377748,2407.3849581690715,-974.775973776783,0.015156627035459872,0.014528232989049164,0.018355622855454765,425.9292519243216,101.97776248862618,-850.2329203847524,659.4431432157825,-2851.712028823693,180.50654430161518,0.8069595171200369,1.0,2.0,1.0,1.0,-137.8946355251735,2540.191547132884,-911.9678343698639,659.4431432157825,-2851.712028823693,-1123.1036901941497,-9943.59209419993
532.5902920085363,2638.872318409835,-872.2761005271975,533.008686912418,2597.9376047713067,-892.6018691348125,531.1350813166025,2562.16017651526,-910.5310530834175,531.584936594924,2532.2044305425197,-931.4773183259437,0.01784681334397682,0.012767373088984988,0.018636189695992914,196.5030386809093,73.29798598708166,-1006.8025611737357,-301.44077195025295,-2258.47594894213,-1975.526006350419,1.0857496238710431,1.0,2.0,1.0,1.0,538.6383148444447,2636.668188036393,-875.1409147580373,-301.44077195025295,-2258.47594894213,-1139.6295305570459,-9893.41603687406
549.9317794522622,2538.9081264406377,-788.891364749935,552.7094812196467,2495.926249452522,-782.8954433845583,540.2894036911247,2440.6767317827366,-783.946259695528,534.6922074585385,2402.0313848285505,-785.820446758367,0.015146306860867988,0.017584639608170083,0.017978943196930018,344.5102825191084,-27.1811679041452,-903.4416181597844,-205.5630630189176,-2614.66750842603,1587.3041065734155,0.9292901103340326,1.0,2.0,1.0,1.0,545.9620842776471,2535.1929903533533,-778.3237417561252,-205.5630630189176,-2614.66750842603,291.9335718484282,-9730.476646520649
292.03014349529224,2551.335267484358,-723.0995012945124,291.6292607355857,2502.84087299686,-753.5674451158919,301.01461971919116,2457.9564915198166,-789.2299736412378,298.6779660851292,2411.058072151317,-827.5032727415927,0.015900760726455836,0.01430597984796414,0.016314850404196442,632.3421572975778,64.86971193916938,-879.4434379076804,434.4211480021044,-3130.3770603084376,-2642.2832432083937,0.7484784090213842,1.0,1.0,1.0,1.0,286.9773446359079,2553.519474884385,-723.1354091548747,434.4211480021044,-3130.3770603084376,-1995.4831674150078,-9596.552568739826
396.4277170240961,2500.561272166352,-1007.1914830063595,397.30769212836094,2441.8033759120844,-1028.3293867887305,390.41032694632156,2392.4725558118744,-1068.8990753172682,382.18838201981293,2323.910094748441,-1118.7523208641098,0.011457803008654245,0.018722117213637236,0.01845291008243065,279.5483174121657,-26.259925576690364,-909.7243425868762,-153.86449666868353,-3557.5497851872933,1502.1402905022012,0.6613671696952784,1.0,2.0,1.0,1.0,388.7921100469348,2499.600421906287,-1001.8559682646847,-153.86449666868353,-3557.5497851872933,-2026.4413371391508,-10035.623807054759
100.48571541576923,2687.2173306188965,-753.7362130726437,91.3808778806079,2669.769355335549,-790.6332183142138,88.66871418317872,2644.196481131141,-818.6617336552795,88.95158364448113,2623.3660219673675,-845.5416958328128,0.013894092283610576,0.013002419364915275,0.01952437875167792,-110.52960521741919,348.32518075695407,-1009.1384176722357,-147.5996850863239,-1641.9678783320248,-2714.1235549486364,1.3835791095997878,1.0,2.0,1.0,1.0,100.5379444560233,2696.3392467717326,-765.9125657463617,-147.5996850863239,-1641.9678783320248,-1635.9345348285785,-9642.502198502325
-163.9075715292224,2455.068235568962,-730.1761989701054,-140.72316944706168,2409.5881423968517,-763.4565326686783,-126.16292739547421,2357.8654080980964,-796.0887159512985,-99.884427063969,2302.28154276021,-838.089592712426,0.013576780475337622,0.015020246473715144,0.01709394912879276,662.2821155047359,181.45994575879632,-804.0890418479513,1135.067314058021,-3152.100385364147,-2129.6389597509315,0.674309023922155,1.0,1.0,1.0,1.0,-154.96635061703944,2450.9722232209874,-738.389005016468,1135.067314058021,-3152.100385364147,-1801.9162826037739,-9807.105996928205
-212.1209277977789,2507.7050170831917,-797.0106060889663,-197.09305425308406,2454.5592657842058,-802.750561911725,-206.61232258259176,2396.271972444677,-821.5722501067927,-198.36946028878504,2344.119922307792,-833.5991352313845,0.012159627165134973,0.014143754178301672,0.017753607280400218,-143.02588687403102,47.459506926862,-995.0316237581849,88.49103071274654,-3592.7377137833205,-2133.2667790991763,0.6409430113761636,1.0,1.0,1.0,1.0,-203.64224291226367,2508.4848408684284,-796.9801401117177,88.49103071274654,-3592.7377137833205,-723.4242904709628,-10169.348953236926
331.89988930667806,2511.8812028878433,-672.0419186066105,332.53391000089647,2469.347135163499,-683.2311100298404,318.70999781957505,2426.408845742857,-684.9155939307757,309.2779397039878,2378.6634098035984,-687.823208645113,0.01279819301016567,0.017706766075606777,0.017276973268558447,-96.93322419865797,113.09755325630326,-992.3283734895807,-513.4401237365375,-2842.535409314339,-2541.155686930468,0.7972180676456697,1.0,1.0,1.0,1.0,336.9236803587164,2515.0399741269225,-674.9015391871859,-513.4401237365375,-2842.535409314339,-231.29655436739534,-10087.384909209593
-56.107939530855006,2500.1146071338,-683.7146447778949,-68.08895678027001,2440.870036411121,-693.6584549635033,-71.47272745309265,2379.437462595246,-711.3544396384658,-69.45644298158197,2327.845827921361,-731.4844536884742,0.017817284360569445,0.013305421187337935,0.017364005593736007,-293.52061694939533,-220.74069954533036,-805.1678345984723,-319.10986009401546,-3655.8459762211314,-1742.4093198236876,0.6965132888583572,1.0,1.0,1.0,1.0,-55.78377117935372,2502.864552739411,-683.0092089865924,-319.10986009401546,-3655.8459762211314,-839.5969898691384,-9543.44975071398
773.801896232059,2513.290862281215,-543.1845830441509,751.892004132235,2468.6562246062913,-539.1863565032078,732.9901059546602,2430.5555180119804,-541.2080827039233,719.2464131570348,2390.084262520865,-552.4754813924857,0.015759490811916174,0.015341856551040662,0.01562547645194909,-194.52092728247962,30.456469225548403,-842.6239172512367,-1005.4621668434651,-2601.173297773846,-2423.0586581896214,0.9082731761850948,1.0,1.0,1.0,1.0,765.6954420530305,2514.57696859958,-543.9638555929221,-1005.4621668434651,-2601.173297773846,53.4323265011911,-9825.432285692834
278.9002892214588,2435.012173255904,-782.9269152527833,275.2650359734223,2398.608838208215,-794.1000488364305,263.490109439786,2366.3564387311676,-813.7697909191425,269.8837753021727,2332.157630217299,-838.4886370927472,0.017410364201671906,0.0118838800006437,0.017146100700766862,-371.1589362693686,34.38711304409924,-800.0977432899325,-558.3341809875532,-2060.262912248237,-1156.8621096713891,1.1185596550969148,1.0,2.0,1.0,1.0,279.3003845811304,2434.593405813306,-784.1281866556901,-558.3341809875532,-2060.262912248237,-1008.7098549567381,-10084.832201524348
-309.80130335969955,2550.013024664303,-559.7740079131764,-306.6173551782345,2524.0587562757914,-586.084036311255,-313.7582767775153,2484.2808080921745,-618.6079474707567,-321.9536725222938,2449.299656351906,-649.1063593839051,0.015616626355176558,0.018836648739155644,0.01538193791970377,-464.98459132318993,162.50794235997273,-805.1832777315623,-140.04757242284717,-2172.263672068335,2783.7697022895723,1.0501647869859625,1.0,2.0,1.0,1.0,-310.93226165805504,2551.9979816351456,-557.2498064916782,-140.04757242284717,-2172.263672068335,-1705.0798984179594,-9765.291758102072
171.4749470288843,2565.5737197810345,-477.49520473623784,161.74853759643963,2528.40594101073,-507.053932188353,155.25698243508063,2500.0099858137824,-536.5444904376195,145.8690649742943,2462.596840416225,-578.0180821613816,0.014919197831745036,0.015762118304947205,0.017412790241555356,-234.070803540526,220.38878843988385,-802.4764672458272,-337.77672055906584,-2015.648466547457,3083.595266934445,1.1119058936217496,1.0,2.0,1.0,1.0,157.75019230799035,2558.54100963494,-480.2924675582145,-337.77672055906584,-2015.648466547457,-1807.7199154077216,-9686.150644368474
72.53774756587562,2573.5995630248403,-668.23361633079,78.71651618383802,2539.182874928793,-688.2157361482606,79.610988291248,2497.1097546668434,-729.6074239033301,79.63109537045966,2448.717122406508,-775.0751089219816,0.014972780349669028,0.01393101511408767,0.021832761554706145,280.3919096473452,-3.2637127121228815,-923.0029622884128,211.8522211800248,-2644.971310253048,3016.6515663129144,0.924263442981538,1.0,2.0,1.0,1.0,73.83599399681975,2575.5833147845915,-663.5269902670544,211.8522211800248,-2644.971310253048,-1969.7691635771812,-10061.455767183737
218.105893513485,2454.0165912100747,-596.0124081070205,217.1314000340795,2406.023415628062,-603.5677140221075,208.32876200709683,2370.731708099943,-630.4079912798134,204.9938304863657,2315.953670445922,-655.3408370373746,0.01754924431037588,0.01191380623841846,0.01931572800181619,150.25597546914585,-74.65525076171815,-817.3268419390656,-76.3502389860104,-2999.0906875193746,-2363.5837332990777,0.7962212214493901,1.0,1.0,1.0,1.0,214.77192741232375,2459.5763801921516,-588.1160788881728,-76.3502389860104,-2999.0906875193746,-1046.40186926856,-9799.004577053081
532.1739562706603,2572.775725971594,-905.6969134661749,531.9476354803425,2534.1288753263834,-937.2817698855657,536.1573885239135,2499.4618516605024,-964.5577056108768,533.2683736048916,2460.6223294041147,-987.4271921775066,0.01711076157786744,0.01913258006223282,0.015611522829348724,420.2401217681868,33.39150342847826,-964.7842590251385,-103.46088343498903,-2221.4076147428127,-1874.5611641821179,1.0931451355305486,1.0,2.0,1.0,1.0,538.7028333012515,2576.903222308997,-901.627591064402,-103.46088343498903,-2221.4076147428127,-1516.7020995401037,-9614.586169455462
-252.3618501634513,2660.159097760413,-512.6406085267993,-250.55117679255852,2613.6651617075636,-536.2296338680047,-227.54438917161892,2573.751328299361,-568.6850102412735,-213.80018572724245,2529.1670924575674,-595.796270554931,0.016307256499461895,0.01487993847995548,0.01588415750117863,405.2576651338973,169.31842554511357,-935.5888568646612,677.5577354779398,-2574.719308433083,-3321.133898762574,0.9179286475194047,1.0,1.0,1.0,1.0,-248.585549602315,2653.9225581830437,-509.30502996440566,677.5577354779398,-2574.719308433083,-1618.8911846551505,-9863.983989146494
-185.6414235742238,2440.4735170053946,-859.6966845850243,-177.1229518240849,2415.0383690316844,-884.2647489183577,-167.38210787976485,2381.6653374849434,-918.0962155988683,-158.42642622955037,2349.955939968791,-951.9127738200038,0.017440273338443387,0.013008927714083521,0.01725912275801994,558.1633724811942,192.65747419558545,-906.8477554599082,618.8924789294031,-1887.036440301085,-1873.6069177311829,1.1472916761894496,1.0,2.0,1.0,1.0,-181.4131398394419,2447.6660203553747,-865.4585284115975,618.8924789294031,-1887.036440301085,-1642.0890849293974,-9844.53032333476
-272.7758589624066,2541.0047562782343,-1004.7816854031975,-280.82809792650875,2482.745009265964,-1024.9765371376043,-288.87849937547213,2426.3210429846654,-1045.9158355713034,-294.17443449809764,2380.328411059817,-1080.2096554306338,0.012944512315484682,0.016684299047590855,0.017179644196212214,-588.322578025301,80.81629198208093,-908.2614170402496,-427.593421995174,-3268.6596330745,137.08180021945728,0.7031915444407129,1.0,2.0,1.0,1.0,-267.6275115289198,2532.311016787952,-997.5772358868859,-427.593421995174,-3268.6596330745,-1315.9694259961602,-9584.25166318903
-116.62122240976201,2647.4403173035957,-552.2851783245204,-109.08269975022176,2606.0832773933694,-584.4717135313746,-109.79290429115458,2564.0302583964094,-610.9432391301474,-110.22177652202785,2531.99784578589,-634.0229577462837,0.015030520566233413,0.016829180099799702,0.018430027647578055,-144.31415130770606,72.50444731962055,-837.0549585184697,-33.466621400661126,-2385.9579060978735,2772.423037043464,1.0297102716863877,1.0,2.0,1.0,1.0,-108.17020019499154,2649.3389859053323,-557.8518096446929,-33.466621400661126,-2385.9579060978735,-1476.9847392225734,-9860.124654215924
750.4303252943367,2438.0113266720587,-964.5812533029355,736.5543814407946,2394.720646825899,-997.9685463034436,702.0457434314576,2346.4563197934435,-1025.1068823500977,678.5616886631108,2288.5107181967137,-1059.851145629181,0.014837432695828944,0.014496228819654105,0.016781446527430268,-361.040386686236,153.81891284900095,-935.9555264813697,-1530.3211608702206,-3151.4675326877473,1657.3358844205297,0.6788848919570872,1.0,2.0,1.0,1.0,748.4424549446744,2438.632874047611,-969.5905449176335,-1530.3211608702206,-3151.4675326877473,-1843.1447185505986,-9661.168095098243
-273.3520391263277,2629.7578213659226,-846.5537486399846,-270.05665842426896,2583.4878255170056,-856.4237005126014,-250.2129371623787,2543.1847429216614,-876.6181193470372,-229.40169139624493,2510.2635477394683,-901.2878940482082,0.016016067729119097,0.015340413314060667,0.017001238013013575,530.2072504158921,173.10430193891196,-802.5189232108758,832.6331928239338,-2552.6079398176116,114.33564969883076,0.9166422809438074,1.0,2.0,1.0,1.0,-273.28378065920435,2636.370963862904,-845.2955784799682,832.6331928239338,-2552.6079398176116,-919.9224306647899,-9727.857421152668
392.8767105528037,2617.1877216942244,-896.5144722684383,381.0572709580364,2579.5159431266616,-924.7702640568091,377.1422899916844,2539.9888341760543,-956.202035614668,368.25035003617126,2498.090284007359,-998.937892320269,0.017884668148963362,0.016079493614815317,0.016190242629365532,-37.13787831759097,-130.8919650162098,-802.8189125972044,-382.8501848439896,-2467.195429347411,-1232.8551720210955,1.064845595606854,1.0,2.0,1.0,1.0,389.74007778345845,2620.0309387061643,-901.2109122238985,-382.8501848439896,-2467.195429347411,-1857.0621475554408,-9799.879126387774
751.7215997866904,2565.5657807093894,-659.0592144049438,733.4206351613078,2535.723731558938,-657.072027285308,718.0676833871175,2512.2804383115695,-685.9027493846713,703.4555184172025,2475.8735886585905,-700.8975309931819,0.017716456124901865,0.015668585318513478,0.017891834712828805,-537.5081934819539,-86.2329085348762,-806.2375215002174,-910.8417676080501,-1884.6372287920506,-1983.7532952170486,1.3587231238437478,1.0,2.0,1.0,1.0,746.778698845399,2571.1055840619183,-649.6545820622298,-910.8417676080501,-1884.6372287920506,-864.2117992169154,-10181.695209381041
324.7552571154019,2477.6817684350494,-439.32964492604754,327.20429152717827,2441.5530084090346,-455.290285233814,334.85448626764634,2410.8969902782537,-475.6526314368566,325.96349584148044,2364.413443754161,-507.85929872578816,0.011860489329107276,0.019236956740036698,0.015426345787030823,314.75504302194827,104.4563959005934,-972.2351678518936,-16.65948181421065,-2324.801276807409,-3483.438640289845,0.9734762081438254,1.0,1.0,1.0,1.0,331.7477144724455,2475.753698244152,-435.8239064206799,-16.65948181421065,-2324.801276807409,-1163.606921799294,-10049.033068377823
260.41074397216045,2467.6692841665454,-572.399162822181,261.6721988855729,2434.008470849611,-584.2447452539225,264.96430800256184,2392.650158982034,-588.2185188916817,270.08200138927646,2353.4935443022596,-603.4580537439829,0.017416090274529047,0.013576448336788057,0.018459735139411876,483.14776002824476,59.92501497512116,-888.5439869678538,201.19629026330495,-2202.542209860283,2504.695060552739,1.0405477262492697,1.0,2.0,1.0,1.0,263.8438036412414,2460.696023722833,-573.9258233446817,201.19629026330495,-2202.542209860283,-317.91559490371395,-9810.867445651793
558.0362008540744,2431.4986849756783,-939.4937674765616,555.2838065412535,2368.6625133934203,-944.86344918279,556.2172514329839,2319.6261573181796,-953.3710712473029,545.764416479528,2255.102491047057,-958.3410562351199,0.014801130895513794,0.015698257535558653,0.013967554174165227,297.8396943939653,-118.5656917312521,-1018.75805710072,-388.0375941634085,-3750.204772782829,1248.0843109631326,0.6355330573947628,1.0,2.0,1.0,1.0,561.7052584250816,2431.573553761069,-942.1314893414745,-388.0375941634085,-3750.204772782829,-256.64953176569514,-9739.691374883509
-376.3376728701182,2591.918527516114,-519.1036805325543,-368.5637527363952,2537.27669591487,-548.1799444113406,-363.9168829614169,2493.414213196296,-580.0788321936546,-357.6494993051202,2451.8153731142197,-606.3853135672505,0.016036591728326898,0.016994903403695177,0.012126715098809603,48.22465227248952,-78.44073237217151,-822.8748803113962,461.72246013749805,-2896.6114979613517,-2906.268488382505,0.874841789769169,1.0,1.0,1.0,1.0,-376.5600110540096,2586.4418457522756,-517.618292811812,461.72246013749805,-2896.6114979613517,-1557.8471893528583,-9860.541610361981
609.0453157803172,2536.713998106454,-825.8835768943471,608.2780281086428,2488.3194807208815,-822.255373770588,610.6233683168367,2443.32976723353,-816.0437602876934,608.6614351071128,2401.3678312982015,-830.3048555472823,0.01353425497257452,0.017108133275668954,0.014892792896825501,400.4522874996625,-35.93734457284006,-889.2765111225783,-236.9964342783293,-2832.1344732394523,1258.0163152250816,0.8594648188549318,1.0,2.0,1.0,1.0,614.9340605215516,2527.144353708863,-811.2596243866317,-236.9964342783293,-2832.1344732394523,-76.63068828863175,-10109.311629980191
-56.25205284294068,2547.08345405429,-768.4057087708314,-54.55861935158437,2503.407554249263,-800.0060875847007,-63.68366361314952,2473.133847734578,-824.4693212185439,-59.39014882283087,2425.0613239959466,-862.4856506890666,0.01885743955034538,0.011298643399391625,0.017298240857177388,-224.53602846887597,63.24259336782987,-829.4347681825483,-183.3777999459954,-2720.2523817635956,1918.199918515053,0.8675456761930863,1.0,2.0,1.0,1.0,-56.74534151829164,2552.2735226815203,-774.5902113593099,-183.3777999459954,-2720.2523817635956,-1604.4652836751707,-10084.437387140295
494.8436245475677,2555.950280572248,-442.57302892074654,478.7949176466626,2497.5008911941013,-479.3680402048036,473.2596172540803,2452.1004041826177,-513.3399241815886,462.83803089142685,2412.8081253904743,-541.4131586835914,0.01573055788739049,0.019236546555091615,0.011856746675435494,-150.71219871681419,-420.90275789032256,-802.2444335147048,-659.1364050801131,-3034.2485361767503,-3148.17982616231,0.9331761488820831,1.0,1.0,1.0,1.0,495.24147826169474,2552.6608075628897,-447.31511426916757,-659.1364050801131,-3034.2485361767503,-1716.1188366227243,-9814.016245678471
-390.1003356820842,2473.9671129817066,-495.4808670486486,-380.68058751507084,2447.2999230869914,-497.5639154086586,-366.2153663646751,2413.6852933025443,-503.3418290065815,-362.81400543545266,2385.293144931533,-519.6320569645267,0.014808067678862594,0.019447560907498523,0.01461422181352244,245.23448811327063,265.7260670454771,-811.4577939311303,523.8231900365149,-1828.8096588906744,2477.491457627697,1.1611301496001127,1.0,2.0,1.0,1.0,-388.59157183091054,2478.585754303198,-490.95137919367596,523.8231900365149,-1828.8096588906744,-211.69201571957737,-9506.928039618459
-240.64676950582603,2442.8460403296885,-731.5322038048722,-247.83320302576897,2374.8420093383866,-739.675939136113,-240.94622838425988,2312.252904609692,-751.2700062961158,-230.29999947585898,2241.486383956907,-761.965357613401,0.018290383997522364,0.01440086480279697,0.018288312832640707,-109.35787750259601,-365.1165736395809,-802.285346508265,205.51632722141383,-4134.5280238591895,-1259.9982947059048,0.6290204383670405,1.0,1.0,1.0,1.0,-249.10898001315786,2446.362482584665,-728.8461530361856,205.51632722141383,-4134.5280238591895,-375.7046626017878,-9851.841414231927
706.8609772039631,2595.4823188928112,-527.4532385782263,700.2295215447749,2565.888768209365,-553.5181641212073,698.3535945867949,2533.2311283078748,-579.071560473118,690.766504232311,2496.909778663263,-600.8761734557511,0.018053150865823434,0.013947434594861304,0.01963241098065739,517.9352778219563,200.847743279224,-801.0290491124861,-167.68461230013253,-2141.538384184072,2730.528525531198,1.0683670035586559,1.0,2.0,1.0,1.0,705.7420435980985,2599.3707335653776,-521.2683196038729,-167.68461230013253,-2141.538384184072,-1397.5345690293384,-9836.759799508101
685.441340651708,2505.464065055451,-723.9222870747379,668.827174811321,2448.7675960898264,-736.1108213787436,651.2324086360336,2410.855672621319,-735.9824860982757,621.8038121277186,2353.6927662064363,-749.4635770234951,0.013777948731014164,0.018675163728830574,0.016371454737705855,-379.32051313191005,208.9101415693512,-940.1660135394476,-1397.0258929662796,-2997.747255513371,-2101.211424694765,0.71617543280245,1.0,1.0,1.0,1.0,689.4042949872944,2502.186792037077,-724.6810353265028,-1397.0258929662796,-2997.747255513371,-328.38980139687453,-9995.215547180233
407.4232081825345,2570.055495215648,-1063.9720591262385,404.48313825408894,2527.328553535471,-1084.173818451544,390.01884565723617,2492.689195548534,-1119.8537486748496,383.260197367562,2444.1870733843066,-1137.8255394773978,0.011761021596991834,0.020000153242007605,0.011379273551618017,-93.00196191471011,21.699188630138025,-898.1203919652075,-563.3123325146989,-2872.6216001635007,-1008.5699988485501,0.8468595516093832,1.0,2.0,1.0,1.0,408.34601402337296,2578.3324127756546,-1057.3843640448142,-563.3123325146989,-2872.6216001635007,-2038.0658281291323,-9843.892073083845
96.87230383065427,2498.885764509962,-944.4935898715703,94.17268403464304,2433.8860078672687,-951.3845603807575,89.44743900002663,2393.325316464243,-975.7388972573433,71.82170249355693,2333.0384824726125,-1013.7513033696507,0.016321764346309053,0.011365691996840045,0.017696608669916482,-405.9286689602615,79.60711808285983,-928.3606975225767,-707.1433134381763,-3354.9299674807135,1172.978247209091,0.674615934986935,1.0,2.0,1.0,1.0,103.21451671522618,2495.1566946689722,-935.8619975962038,-707.1433134381763,-3354.9299674807135,-1236.4887669370062,-10123.446691853069
445.5484149688994,2524.4360116414928,-639.3696246965413,423.9292950412348,2487.6063356098452,-656.183036226756,418.7501316825043,2443.526583702061,-670.7633779200557,403.5119800024823,2406.0948351758298,-694.7521552034783,0.015967625574504502,0.015064843859193058,0.016659201384895597,-310.68261485472294,-25.24359887575401,-1019.8986144373828,-784.5474729922282,-2657.818533765604,2921.8683917204394,0.9123083291814076,1.0,2.0,1.0,1.0,442.4829592178172,2526.262193539224,-636.6333601238475,-784.5474729922282,-2657.818533765604,-1026.237392810852,-9764.889793973434
481.7727916353761,2594.7955658234137,-503.1870428929783,478.3265014084067,2547.2446263051734,-497.02484062157924,458.77228583282624,2517.245010189014,-497.59351758646807,455.39665283444765,2488.478079672918,-501.43822175068055,0.012110726180219146,0.01943027384889527,0.013001614383650856,-88.94611683824665,-88.03061704876146,-989.774314994552,-493.6124120188525,-2307.5226141544263,3175.5215416933756,1.115457385587232,1.0,2.0,1.0,1.0,483.64428110362337,2588.695615370377,-497.7226987954456,-493.6124120188525,-2307.5226141544263,324.62443438327847,-10141.033693302637
-499.852269352449,2458.8529766661727,-563.1300175348914,-485.5463813442529,2426.5348321760816,-566.5081841463484,-483.6177853807538,2388.0476016530533,-575.8956228981015,-474.2811561137014,2347.1922845644085,-576.0599414382996,0.013172491747744371,0.016092023026030803,0.014562647165114944,109.62948881277468,118.07693398033784,-976.3052368042001,622.4376031907763,-2408.4570010707994,-2836.800490927377,0.9261728380611106,1.0,1.0,1.0,1.0,-494.13498628227967,2454.2802250190152,-564.8447489225665,622.4376031907763,-2408.4570010707994,-141.899568931236,-9755.363908407828
444.5181991540661,2440.7389667668785,-687.6066687818217,432.22906613087474,2398.233714305893,-681.6663869206409,420.06831585721204,2370.457206603995,-694.6987412174035,411.86428569037196,2340.8898247512298,-702.0651278522279,0.01581091018636962,0.01566557192112709,0.012028928317780976,-143.47177210603806,100.96367099469205,-823.8276312384901,-556.0266837925278,-2212.169563877944,1663.1095882829436,1.0114945895747218,1.0,2.0,1.0,1.0,443.1363792950781,2434.802560885921,-683.2837568029213,-556.0266837925278,-2212.169563877944,-115.92836511809219,-9795.360540368312
501.01296363272905,2468.7141671024165,-523.0956627568003,511.9860598105754,2438.888219009978,-550.8018572650659,505.22915432894536,2413.4890226841994,-583.4753623724395,503.35098215752544,2379.3439151171565,-614.2860929401509,0.018362281358637832,0.013707184932757395,0.015253438617958453,538.5735953676208,192.75064227407327,-807.0768787406881,34.17401557986179,-2040.9578756095525,3113.4716206200037,1.0676770950906445,1.0,2.0,1.0,1.0,500.4695679960811,2468.4186735787184,-520.1633910601502,34.17401557986179,-2040.9578756095525,-1982.5211192850795,-10045.137872563286
-45.27226972885826,2494.25436364854,-736.731087835486,-46.27166309061395,2431.29894163365,-742.6674040486304,-29.222625064385447,2389.1044913014603,-747.6836745153424,-35.737291728243996,2328.6598089517847,-762.7912117372475,0.013891900121646494,0.013563810973042257,0.017644374587053376,182.38194937428926,-11.836899152059242,-840.4734329034809,323.1631713269618,-3573.3004986127535,-1541.9852752264417,0.6548999143182583,1.0,1.0,1.0,1.0,-43.83227055458417,2489.4734498768676,-731.1636740814181,323.1631713269618,-3573.3004986127535,-474.0427613076602,-9850.930357214054
-24.391867579505913,2505.6123472907852,-623.218663004499,-37.23334230684836,2459.7526783851713,-652.689451830739,-45.18278044849179,2401.709369839617,-680.9852881712724,-44.380080953897696,2353.411773536882,-711.0524060687375,0.01404790479930626,0.016675347538611593,0.012928202481583613,-400.85837150648626,-320.6048759773456,-800.3257960740304,-462.45224566738256,-3510.6494677659325,-2521.8116360746035,0.7613485451804991,1.0,1.0,1.0,1.0,-28.58431374424231,2505.4679455742303,-624.1904392829517,-462.45224566738256,-3510.6494677659325,-1663.8474493671895,-10196.102880658695
517.5703093635623,2599.473560678233,-645.8154398339317,508.2345764086411,2555.197406535455,-671.437859389021,482.33298240910597,2511.9707331505097,-698.586214044647,468.13744730888004,2474.5458351817356,-731.955743422887,0.01560101257803035,0.015633993928700813,0.016353009617868813,-454.2102636030136,123.45334941195006,-962.2245562335127,-992.6891084300115,-2512.4154690711293,2730.6614580976916,0.9374119838754008,1.0,2.0,1.0,1.0,523.5885082005474,2598.1825864470125,-650.5692811549502,-992.6891084300115,-2512.4154690711293,-1257.9406915640016,-9425.639250773957
-177.0848943572997,2575.165835066389,-740.1653073043724,-173.07318053463564,2525.3400197626042,-732.0139186711892,-170.8661267560957,2476.1862389182174,-749.5422491338436,-170.9010072687404,2427.7742116220074,-752.0204191388581,0.019760010013479965,0.017245816777762546,0.013072651932125853,-47.92559509813969,-155.59250183911507,-1014.6816403597086,140.6063211018711,-2986.5354382828255,2315.61766142124,0.8649215212766324,1.0,2.0,1.0,1.0,-176.58037890635114,2577.0874241896727,-738.956015484627,140.6063211018711,-2986.5354382828255,-126.513845546028,-9696.43375178936
464.29692918169394,2528.498064346028,-766.9110058941243,465.7420449095329,2473.871063559863,-766.9766940750379,458.86323017132844,2418.077759600249,-755.9469999377571,450.6430753396175,2372.078758933688,-748.8781716708423,0.014249952668079767,0.013194134985868402,0.018222440332900748,249.04240676905704,-29.69069875580422,-901.9243579504808,-271.15332129691916,-3162.042541763779,-1704.1572833915952,0.7593334720131517,1.0,1.0,1.0,1.0,467.3208304130809,2515.7535473640423,-768.4168354097902,-271.15332129691916,-3162.042541763779,556.0515141363771,-9720.296061729077
63.343584092419206,2465.7299474096417,-631.3032381098475,54.529521891892195,2428.5008623676017,-650.941862035846,47.337698649409674,2392.8898906226773,-663.534063050236,45.774709867198624,2346.2064189594994,-693.9193261234323,0.012648990587826932,0.012579579657225068,0.013891005397008702,-242.3803814411817,63.40706626660534,-943.0359149325113,-347.04223122580385,-2795.1289702177573,-2770.5965189553513,0.82088042435794,1.0,1.0,1.0,1.0,56.07593741301025,2467.217980653884,-627.5452921688986,-347.04223122580385,-2795.1289702177573,-1234.770547715357,-9749.461784707431
636.0569903540941,2592.753920940512,-789.6020783212992,629.0453378393322,2550.3255484243814,-804.3213184119584,612.6011114534026,2518.280450854674,-820.7855212249628,604.8704834432262,2483.5605048217535,-841.1593402446634,0.014525554789229487,0.015933644016630832,0.014044980240413125,-57.33559580941474,-151.42696351449283,-802.8129241074131,-600.5906118428542,-2376.933423038521,-1091.7872725070715,1.110495820953724,1.0,2.0,1.0,1.0,636.3465608690842,2593.931140095003,-785.9663795832095,-600.5906118428542,-2376.933423038521,-924.3400427986567,-10055.85056898294
-309.18280999113904,2555.1455673707146,-864.6035096200485,-296.67925610544785,2509.6789080964154,-887.8315472614393,-275.16637690699645,2448.3698628584884,-909.1702853899983,-272.70792128020355,2399.297407217018,-932.9771165302707,0.014661026167991994,0.014764301906967404,0.017944652777262447,450.16540557759726,71.44100604096576,-1006.7165272981316,1030.3763731547456,-3329.112813940853,2006.426001817375,0.6976300191477787,1.0,2.0,1.0,1.0,-317.46499242268726,2551.6300524268963,-868.976351689001,1030.3763731547456,-3329.112813940853,-1149.262226384989,-9821.863472511524
-57.799674671990076,2585.0022432064447,-869.3145835229778,-48.45687651563517,2530.622655608714,-904.7009990128864,-45.149904654263565,2480.4714310017443,-938.4081328537807,-37.08522067246218,2435.392805110679,-981.1897349444874,0.01801089755088804,0.016322647696079974,0.014261406638247737,235.9758500201389,118.21675878160967,-805.21038498488,334.72409986610234,-2800.6642240631863,1538.2548451900277,0.8314050481147849,1.0,2.0,1.0,1.0,-58.58135786203195,2582.8012759572034,-872.7801064051715,334.72409986610234,-2800.6642240631863,-1922.0354866744296,-9818.737426036687
327.3521744887123,2444.134609979641,-727.6355456707332,327.2524942804393,2389.9290702785065,-734.4041907517583,321.61542138063544,2348.0351870720797,-752.0509416914258,324.1267918180027,2302.160465840893,-768.1336841076361,0.017769019169632323,0.013932738710552117,0.01595756906511886,183.37106528597934,-93.93716097964041,-989.2300437361614,-167.63137212903047,-2862.6359358896034,2355.6462081499394,0.8373406730546974,1.0,2.0,1.0,1.0,331.72482962016954,2439.495642282664,-731.2641330907886,-167.63137212903047,-2862.6359358896034,-586.8991344908874,-10089.167197315743
719.6026771715161,2535.552890394481,-595.6685022571302,711.889512145954,2486.1164850088144,-604.3958293129343,701.3458754622039,2440.283539961702,-610.96449636864,701.2518660289006,2398.8262329967542,-623.6982135033912,0.015608117402394197,0.014793393255761322,0.01435714941858329,214.87374131606703,16.622775262515432,-959.3358317973831,-555.2526141825538,-2745.623570600993,-2686.7141562012757,0.8702413399232619,1.0,1.0,1.0,1.0,722.9298832931067,2528.868342362431,-596.6286785229101,-555.2526141825538,-2745.623570600993,-394.7979067045577,-9736.324576974323
487.1972532996332,2573.544357979678,-887.7225502298714,472.255952406498,2544.7578573504065,-884.1995359093426,469.60723466039036,2511.128241228977,-879.9285835670687,455.09145822137356,2474.404549452924,-886.382935585994,0.017464382243723597,0.015196232810736919,0.01174440659221631,-124.30051025146257,41.28561910151012,-916.2536589980278,-570.6820520538076,-2397.8979095591108,-774.6416987548939,1.0155949783533225,1.0,2.0,1.0,1.0,480.6224649255722,2583.057403234163,-890.404982739797,-570.6820520538076,-2397.8979095591108,327.99734668981245,-9541.192723868508
-219.5211567423387,2472.680256403844,-934.9810659726302,-233.41376181379607,2428.370017135283,-967.9094142552042,-237.71496140828472,2381.781880572252,-1006.6612779901129,-248.9639488259179,2328.8013609609266,-1034.5776084477836,0.016878461849435707,0.015798017543458324,0.014302925085540947,-535.5777300267661,60.363698968006915,-921.8246091186655,-401.33540992971064,-3179.2066961031455,1801.8770585575476,0.7130205955215656,1.0,2.0,1.0,1.0,-230.5628184801866,2476.5607880064,-936.1009831050309,-401.33540992971064,-3179.2066961031455,-1878.0106427665314,-9790.239439977171
623.943704084866,2517.390160913455,-863.3898271004159,609.7077059050744,2487.7071020707376,-870.5069566343597,595.9146144679253,2456.6773142600405,-880.4165904051598,594.4283139859581,2421.3866549496906,-886.3052502329781,0.018198380660215823,0.016141000762373986,0.013067870667122575,73.74020022190888,204.55868085504358,-1015.0673885625151,-480.2286424873659,-2036.1950174926665,-1650.0138541407096,1.0875927479102854,1.0,2.0,1.0,1.0,618.7997094450689,2515.640025709216,-872.6890318597378,-480.2286424873659,-2036.1950174926665,-20.65337693240804,-9562.28736323414
-144.36019723270672,2474.583012105013,-626.0230988510135,-132.38004028406058,2426.774571211676,-635.7805896000044,-111.01796950855591,2381.715828593727,-643.6407571616127,-98.12149897658276,2332.1214021746614,-662.3605608160499,0.014009415795766703,0.016738986857384522,0.014076660618841427,684.7830855838522,-7.257863705827582,-806.9308851115131,1025.250056063977,-3066.4104342663095,-1947.4166808548794,0.765174936728008,1.0,1.0,1.0,1.0,-145.6694598279704,2476.534588049883,-625.8665997687162,1025.250056063977,-3066.4104342663095,-484.64122361689437,-9825.24880606171
657.4238934097283,2551.543587962137,-555.2993118925204,645.1394873756011,2508.872081173258,-555.8625144713051,629.2611039263377,2482.1749304913533,-564.5650356583566,608.4196352131154,2438.120522311041,-557.0133070009451,0.016967065440542974,0.014092312687607047,0.016835947189478794,-433.05704901654184,289.2475288745701,-968.1722711541805,-1110.7096742308395,-2292.6339766527494,-2839.5708658164654,0.9371046746823719,1.0,1.0,1.0,1.0,660.9919801008343,2547.4919958775304,-559.0227968351855,-1110.7096742308395,-2292.6339766527494,35.29082490993062,-9852.147914910534
41.63059746778411,2556.378449520212,-709.8263020399926,59.53960039954694,2490.407943637007,-711.9168609093875,84.57105016827668,2450.7017416545764,-721.1460084223752,79.52389824622139,2395.0949754932367,-723.6149224059831,0.01669519238200197,0.017088192762443055,0.01683778386454121,557.4281592219095,112.55303244309584,-896.6022117995948,647.8206742012496,-3112.5946138194186,-1929.0303472221635,0.7343788309910143,1.0,1.0,1.0,1.0,48.88892997392884,2555.93980429134,-708.8600696930365,647.8206742012496,-3112.5946138194186,-77.44529923496012,-9895.446919325095
573.7571402580367,2430.111832632281,-853.0698393704714,578.4039008190493,2369.9578010804057,-868.5008627182755,576.5450816564902,2311.0588643542415,-900.5552488246722,573.7664664452304,2259.077604091778,-924.7881962039268,0.013696048249553932,0.01852555709464185,0.013607379376782636,602.5113565980573,123.43649716989535,-1019.1985086166666,35.88613476452775,-3668.404966943195,-2086.814886256627,0.584171015279022,1.0,1.0,1.0,1.0,579.9030916964105,2434.5316263441164,-859.0372270103279,35.88613476452775,-3668.404966943195,-1073.588942712512,-9998.667171349573
-38.67495283936076,2447.1686189433835,-703.795606402651,-33.835448791316665,2392.6616181690906,-734.0808086542403,-15.583321626864933,2347.39121988718,-770.8808597941926,-12.522741339683089,2303.223048594764,-798.8279031794689,0.015405848470860233,0.018778454767982764,0.013956961485296827,381.9773817670922,142.38330641893913,-973.68873724966,521.1228839946045,-2857.946267601822,-2837.4669692599186,0.7568587352758608,1.0,1.0,1.0,1.0,-37.52653984856306,2443.030051838396,-706.3640665192814,521.1228839946045,-2857.946267601822,-1659.0246175808581,-9911.430530813226
746.6962152688654,2654.9998464070136,-535.8191597479658,730.1507440909678,2625.6476859601225,-569.1873587404259,721.3534167447862,2591.3489703140785,-609.1873895839038,700.663783215476,2568.575688769759,-633.1760199421573,0.014549835290721225,0.01675286742502571,0.014315092656420544,-330.21974575493556,327.2951927089514,-802.6602898649787,-967.9954449516428,-2101.7581860461705,2992.739029201252,1.0643822046278308,1.0,2.0,1.0,1.0,744.2551981413865,2660.2467792202065,-536.7120793658345,-967.9954449516428,-2101.7581860461705,-1916.6108604657052,-9933.83540815536
-162.8316259041238,2641.1854542972933,-834.2064277674704,-155.24862454756078,2613.2953055166745,-866.9238084173626,-152.86928584347774,2567.4698416308925,-900.826401957154,-145.3902233498027,2532.997609128853,-935.4746049968998,0.018050875694594716,0.01632253195086204,0.013512881398827975,423.57391954305666,-245.56122428384245,-805.6951606175173,472.7354591202725,-2340.888544856497,-1635.5027683830644,1.1871137109557108,1.0,2.0,1.0,1.0,-160.25437247047807,2645.436128613935,-839.9584483761842,472.7354591202725,-2340.888544856497,-1829.3620219692607,-9789.320272827003
237.11279574656777,2663.172629589956,-753.7315402741294,243.15630836686128,2638.2448443513476,-753.9215655040786,248.8061722695491,2611.0831674754572,-736.350790120169,252.58516267413466,2588.141508057217,-739.5151248779957,0.012970091230898668,0.016524189300966028,0.014388503454150353,646.4418154787313,206.24250841435543,-972.4448691438369,280.29650025602905,-1705.0152468006943,-2178.6379419714212,1.3961172160139763,1.0,2.0,1.0,1.0,242.8148551100462,2661.4644638073546,-753.0509871534919,280.29650025602905,-1705.0152468006943,620.3338111272026,-9942.64340596906
-288.8667331398159,2526.730835445856,-459.11777108219474,-289.2282092787095,2487.034393323108,-472.1402402078774,-285.86417976924093,2462.2071417105085,-484.6607215393919,-277.98921247388046,2427.869969190021,-493.95492735994,0.018347134066018372,0.012763750914205195,0.016867996161087886,69.15487215452139,71.64060734065868,-858.6555948114441,308.68625391343676,-2081.4641064479188,2821.324050710077,1.1320211188586853,1.0,2.0,1.0,1.0,-295.0949074633334,2527.768252949202,-461.4351593186037,308.68625391343676,-2081.4641064479188,-546.0463318161708,-9644.619865329138
-108.99566456106344,2581.719499733297,-719.5571904819388,-110.60763890995241,2551.164377614919,-741.7944035326192,-97.56199525816335,2506.406480249602,-766.1377403506165,-93.82472604185989,2465.9364209247847,-807.238800344706,0.015238566909747538,0.014149916639097024,0.013662703256819859,258.35629412589856,95.98628459649488,-836.1040584322996,368.2776317239457,-2501.2198352304704,2421.12499235898,0.9519488131943363,1.0,2.0,1.0,1.0,-108.0799494394276,2584.70002065081,-709.2320674755249,368.2776317239457,-2501.2198352304704,-1854.1281186620408,-9557.32958097733
11.585758166758412,2537.3787305555597,-923.8600427623278,8.040796858764523,2484.720018477826,-947.1338326835718,-9.355141837997415,2444.722008811854,-966.6944374167061,-15.361966635871145,2398.655434554756,-1000.275633685006,0.012772626601168574,0.014920858922659024,0.01652092229429797,-373.7881951534078,58.26365079586394,-881.9380278342659,-484.9451373317842,-3118.469575358237,998.9930074711241,0.750785592181875,1.0,2.0,1.0,1.0,11.743189025360152,2537.4469632056625,-927.6834449198444,-484.9451373317842,-3118.469575358237,-1363.715296935108,-9411.848411961113
-276.89267653851107,2504.3366534035445,-663.3032398091196,-279.1861245378991,2474.0044618942716,-688.7620274833071,-276.75809834966526,2427.1354419309505,-722.1179362249969,-284.0369589114732,2380.8961345936686,-764.4347520405045,0.018217169013017134,0.011580930878840573,0.01818317410168662,-317.6312777883642,-61.21863230555353,-952.8820981346307,-40.58380618038967,-2589.2880318072243,3195.8183272358037,0.9420187260064564,1.0,2.0,1.0,1.0,-277.45330966977474,2502.1765191836103,-657.3477122348035,-40.58380618038967,-2589.2880318072243,-2099.5490259972735,-9823.255721382697
-39.05011446457045,2442.206803071254,-989.3305074726027,-44.64820760506946,2399.9187817563693,-989.4972538773866,-45.72557314147131,2368.0777952411163,-999.8580686286577,-52.63869116781182,2335.414582301646,-1004.8366814762884,0.020776812188536185,0.010627884032066548,0.014565705719978353,-307.6056277091932,404.38511277836096,-1017.9766617016161,-323.5905847078399,-2464.3023745431983,-912.4066510150084,0.7790295980594195,1.0,2.0,1.0,1.0,-40.64339532522513,2437.4345717765036,-984.251006854434,-323.5905847078399,-2464.3023745431983,-444.8547049189351,-9419.287491373676
185.13425398397294,2479.286270166925,-1046.2050193328887,173.78744889446466,2422.839700171276,-1057.156282888095,163.37205958318012,2365.3728497117204,-1081.4732436150316,159.060949638564,2306.443345213118,-1100.8722843267115,0.017147798468507544,0.014621097224981252,0.01685368065168596,-147.34123354382442,101.48068892105121,-1017.4196750218952,-489.308646392672,-3515.8682515388778,-627.5479368712225,0.6263774236548257,1.0,2.0,1.0,1.0,182.94210277122886,2474.691758709792,-1045.4180576774131,-489.308646392672,-3515.8682515388778,-969.8174794928863,-9743.3790363083
96.32892196414566,2666.917060673102,-613.2271098252843,95.60191010182236,2627.42052571513,-646.6761821112136,104.09268389788836,2596.465847311869,-675.7231359793813,109.1813497502328,2558.45250608353,-702.3881663670142,0.014720332619570464,0.013977534872456027,0.015602987168567641,395.5735587147933,124.2149208197325,-829.0037149517767,285.9743431376387,-2396.843270841856,2815.9331937111406,1.0156991453394053,1.0,2.0,1.0,1.0,92.44075498889629,2664.86878791211,-614.5856258590566,285.9743431376387,-2396.843270841856,-1938.5827618791857,-9729.908856020862
755.6197256074958,2536.330408914488,-956.8642527954066,733.7370680649286,2497.6051325205403,-991.7711970949828,731.9651722803316,2464.5882047183077,-1026.5313704095527,709.220031887989,2432.16134133711,-1063.6169654234086,0.012818151445307294,0.016681074562735404,0.016474287431059824,-299.3193169248314,-63.50497596302837,-802.3758784837986,-1023.0131998175148,-2518.2841363513953,-1047.3432244803091,0.9890264865608974,1.0,2.0,1.0,1.0,759.4993448862974,2542.919105160665,-958.0307083878937,-1023.0131998175148,-2518.2841363513953,-2052.622668464954,-10007.21116051839
638.9916287211464,2607.4675860034745,-798.7744121050221,618.8312495920769,2574.19580197403,-828.8692943269218,611.1645653170838,2539.2016308889456,-835.711108990734,600.7636956373008,2496.2011563819624,-871.9123866893062,0.015432759117442123,0.018433298633229057,0.014506909487708233,-152.82076026628482,-4.885117892237698,-811.3402752912102,-668.4587384711058,-2222.571236092696,-1237.4372297410089,1.1266270327616175,1.0,2.0,1.0,1.0,632.6182574372649,2606.6360845166832,-800.1096903988708,-668.4587384711058,-2222.571236092696,-1145.0427293124822,-9828.999976441637
722.8674305372023,2500.0741411844165,-894.7443116534657,715.3290889811025,2472.2770897151972,-924.7795180730707,703.592200289137,2437.572924796757,-953.233080942265,694.6980706307036,2403.5699382200887,-984.5629378757329,0.01749563827664958,0.01196763127528944,0.019680356213273895,-13.13934929371351,129.93545180343276,-1016.236988422095,-628.5320360045453,-2023.307337429121,-2148.8398138340785,1.1208563742347841,1.0,2.0,1.0,1.0,722.2431328316068,2497.205036595494,-896.5082771948811,-628.5320360045453,-2023.307337429121,-1511.775380869603,-9742.68152378898
-161.356543588656,2523.693835588792,-776.6955579449593,-149.70590086775255,2487.0672308322773,-790.851971220388,-130.06423408981584,2436.0117908222437,-793.7936938281567,-119.54451366954562,2379.762547067697,-809.2316448223992,0.014339190249242906,0.015329808246049868,0.01816307788493469,526.0004496203758,112.42929884129896,-954.6836025976011,785.9752700120379,-2766.999491835684,1990.9403188336419,0.8221679236197732,1.0,2.0,1.0,1.0,-157.79803529009627,2519.7188567383364,-769.6607884871967,785.9752700120379,-2766.999491835684,-466.8113942302458,-10126.058105281834
-457.7375523845076,2521.424617126764,-775.4560152981863,-442.0537407609739,2458.780133637006,-788.0533529316037,-421.03960679571344,2414.202029269039,-790.2769081291801,-405.6519260546073,2367.6209569316843,-799.3675550265548,0.012924550319108406,0.017148554808559445,0.01645410513960453,360.57828171197906,181.6583396888165,-1000.9648664122317,1122.7221464317822,-3200.322601546725,-2138.1105535110637,0.6834727897327282,1.0,1.0,1.0,1.0,-459.0088851832228,2517.8938388179254,-778.8002121833229,1122.7221464317822,-3200.322601546725,-240.4018149615606,-10159.91566042228
222.10996560444812,2487.781448178629,-843.1870296037137,228.1666934487953,2416.242980184889,-859.1915404203012,240.8889185315591,2361.4715170747854,-885.7920842310415,248.78703116822246,2301.8031358315334,-904.6501673480385,0.017893525946242807,0.015283736047411709,0.016137925206243166,628.919056766419,145.17804326342363,-976.9452059366469,631.3684272329278,-3627.2569109519436,-1999.5352903244461,0.5956848128001028,1.0,1.0,1.0,1.0,221.68642120118022,2484.758750827422,-839.7788797009803,631.3684272329278,-3627.2569109519436,-1151.6806776556925,-9740.259634646685
555.6117481672792,2616.5532170927227,-530.9705696214852,548.658630950515,2577.127509374721,-557.3231176902075,556.5092142129844,2545.5674480083962,-569.5849207786199,557.803548921529,2500.0216195567414,-588.1650938614185,0.019125281997445925,0.017645887709830024,0.013902498432978888,640.1858193019962,88.791836300359,-832.2875783197511,77.0059899351941,-2269.1370470744655,2506.6002801596514,1.0643263318597433,1.0,2.0,1.0,1.0,554.3241405242522,2618.8796437883866,-541.6393019339484,77.0059899351941,-2269.1370470744655,-807.8287233979562,-9687.007920223452
-304.1221529865793,2585.6944208963837,-828.8857434573431,-299.8681709327868,2545.1197127811865,-866.4977887829062,-309.1708924149808,2509.121528885044,-894.405267784176,-307.37749572205394,2471.6275760667036,-928.4478962529121,0.012566462726281293,0.015717887670796578,0.016043149603528505,-351.502743472385,-391.5045525090726,-806.781485230678,-37.67716719783643,-2410.575294353522,-1638.9771569628808,1.1906724999993892,1.0,2.0,1.0,1.0,-304.9714419830505,2585.5559360175353,-834.514826947268,-37.67716719783643,-2410.575294353522,-1797.6397645303373,-9825.79926496139
692.1827716411373,2486.528217045411,-503.75693386279096,692.0167398367643,2451.559420688058,-512.7386477795192,687.5677731263227,2393.2175476599296,-536.7344017790218,686.7027256365225,2360.7801256779608,-563.111525783073,0.015489220137447997,0.017291312737779053,0.016880992140080105,571.8304530387036,-10.295172203640059,-917.5673295303638,-125.53753951520736,-2603.835567011262,-2954.767025922325,0.9103384749846936,1.0,1.0,1.0,1.0,692.3464909732943,2489.386972127174,-509.0593172678359,-125.53753951520736,-2603.835567011262,-864.4446550219745,-9771.61832809336
413.87648804761153,2530.894438886362,-470.81278907917334,412.4014090831455,2484.5162341455757,-502.7405281949159,413.1014128636024,2443.621044934206,-522.2730132513951,415.6211033928459,2407.391304521199,-550.9899273906685,0.016878991068164116,0.013379399175376276,0.0168329387023625,643.069389479406,-210.4588666365983,-804.1079473225712,241.23962353143756,-2826.1023477230474,-2967.785872216469,0.9229086710540979,1.0,1.0,1.0,1.0,409.0669546539075,2530.860410654754,-469.950073222275,241.23962353143756,-2826.1023477230474,-1556.5620567760484,-9554.44937827415
-372.0541412123765,2555.9038040070013,-739.3817620615454,-380.6541170972943,2509.0374449669657,-749.8816202375023,-367.14728930339135,2466.2466208460264,-757.915643667321,-366.88053707287054,2433.5069569517996,-769.0232328027855,0.014812130879503648,0.014976081262423776,0.019329210171383563,-195.7961875906434,-44.62203953462136,-948.5495554987284,194.51679617293914,-2796.3113588072256,2065.558678285723,0.8808825776866898,1.0,2.0,1.0,1.0,-376.6968080314737,2555.947524156106,-735.9592984787047,194.51679617293914,-2796.3113588072256,-449.1103493851002,-9562.605366731988
-367.08491855303697,2612.3037067626733,-864.7023603163644,-355.2844089687719,2578.8535669190883,-858.9131059541561,-341.03896014082534,2541.891924530713,-856.2401459701974,-323.9882466679637,2508.5841321100916,-841.7131963834377,0.01513363620641847,0.015777361596322734,0.01496422264371617,547.643822807313,215.40992143363292,-843.5211053389722,853.6833844549855,-2242.727847325704,54.06569158531156,1.0241247795535418,1.0,2.0,1.0,1.0,-365.79739855952084,2615.1287180721256,-868.9114109548044,853.6833844549855,-2242.727847325704,707.0375140700384,-9773.449169735732
677.8695756335492,2466.6280391306373,-953.8696111765252,662.2973181515272,2428.787257486811,-966.9718925818836,646.6182391115735,2384.60936171294,-986.0362829962637,632.872018327109,2356.5955853069518,-1003.2950049888738,0.013276385845069585,0.014505167313219823,0.014228242713903275,-338.48029297976905,180.8511171233062,-965.2448759826382,-1164.9708645461378,-2616.3433708795137,-930.2346384123966,0.832990204127808,1.0,2.0,1.0,1.0,680.8692134981027,2470.1515666428886,-958.6403836246703,-1164.9708645461378,-2616.3433708795137,-858.6461540051404,-9767.863026310297
381.67986564512205,2556.8518999872927,-828.8363685398812,365.2241317006546,2524.0467672495442,-836.6883823848704,344.493844899893,2496.915755968939,-850.3829538136072,338.35424938657445,2450.3838544257574,-862.2826768874905,0.014439644677377858,0.013669300074950517,0.014140286821336286,-502.10098413091043,179.63906824619355,-812.2639257047151,-842.7918613161321,-2294.1696756810343,-178.39438662498296,0.9927507684263353,1.0,2.0,1.0,1.0,370.18859233128455,2554.10468257607,-825.2022448272371,-842.7918613161321,-2294.1696756810343,-527.3397373007913,-9475.357630392467
-431.9160355216735,2565.377162814966,-440.6483101109589,-423.7765415495931,2536.9088164799346,-442.01652116173443,-419.9594725929029,2503.1012180895605,-450.18202351889045,-406.77066965923404,2466.082385689064,-461.26675232446837,0.0100872841366347,0.017986044684101664,0.015143179580073555,1.2499591759363153,-81.39882480142634,-967.0293721420691,370.6330795501203,-2285.9866158425593,3253.4970999451907,1.1167834915991874,1.0,2.0,1.0,1.0,-428.68441310220544,2570.3456495759406,-437.64551086924416,370.6330795501203,-2285.9866158425593,-393.9155669863072,-9852.287119469102
601.6857552812158,2579.0494701009948,-855.5322102497904,581.2395289936985,2537.460189756723,-882.7369348513656,574.5290114612038,2492.2881464157795,-904.8922170657111,565.6113354217057,2438.2017285926836,-941.1415599357267,0.012831297172583252,0.017954039184534403,0.014496746048944062,-61.677494684384335,32.29934482955075,-857.535005904908,-777.3695523492682,-2984.2112237521937,1791.8618872489737,0.809717917593939,1.0,2.0,1.0,1.0,602.9734725742421,2583.799941137683,-851.7602239612811,-777.3695523492682,-2984.2112237521937,-1759.9479107927878,-9888.600281424946
670.0722052527803,2641.1004008210934,-736.0420387036024,669.7865466899631,2617.54444156585,-758.6679584797748,659.4499070699466,2584.897303878953,-761.0287067531382,660.9799089785137,2555.320235471374,-790.4529646579126,0.01641117104564812,0.014508052958650493,0.01608773731615339,531.5834531594265,-31.723889743287216,-890.0099447284825,-105.06212559727895,-2031.187317275716,-1908.5263721298152,1.2729930386795418,1.0,2.0,1.0,1.0,670.2654589478398,2649.4433690606675,-739.6927022219288,-105.06212559727895,-2031.187317275716,-841.492159860684,-9764.088612237978
270.5173386684199,2532.1662367203244,-661.0746758649971,272.47015391482034,2492.890967256096,-689.0013711628853,280.52859828840093,2459.631120396563,-709.3015558094132,279.9048831026716,2422.0754298778543,-757.313221732613,0.014767014864446565,0.015950706635006272,0.017669518530994226,318.2776573450634,174.41980439418535,-804.536075967822,46.7295079065893,-2360.7249118476057,2311.523711044878,0.9516127599695536,1.0,2.0,1.0,1.0,271.5481494384701,2535.1447162417844,-665.196029768362,46.7295079065893,-2360.7249118476057,-1582.2459708697033,-10191.864109723474
7.341161696990078,2533.8757047954446,-838.3722414587603,5.892897947979131,2507.8360784844003,-875.0142465245764,10.036411124216336,2475.0980460312235,-908.8717182517423,22.45853870527624,2444.74075534706,-941.5996115183116,0.016015128436073795,0.01461618672906424,0.014763332902976156,459.64301825203853,-237.74421603929068,-802.1674427224735,362.15860959081755,-2206.5529277495557,-1748.478888950202,1.214605351931881,1.0,2.0,1.0,1.0,3.323170167610556,2542.5124729251393,-842.2082789897736,362.15860959081755,-2206.5529277495557,-1960.7804726237864,-9822.900225988302
173.77303283422745,2552.650082654795,-484.63008777128266,160.59503517019766,2506.81124722871,-497.8077460032872,155.4513479107601,2464.6773791050027,-522.6812867979287,145.1398480507153,2426.0499790987215,-549.9092121661162,0.011907121097323673,0.015734264388536645,0.014671012952395378,-402.70448193233193,-226.11628974451708,-812.6559105177605,-611.9711425892463,-2952.9520070937815,-2877.899193003374,0.897687601561745,1.0,1.0,1.0,1.0,172.54839210155956,2549.6585969236435,-481.475658343698,-611.9711425892463,-2952.9520070937815,-1314.4774222689077,-9896.451566423486
92.62890501604872,2477.5474643739426,-1011.3407544989794,86.85124945198844,2435.227248877731,-1031.7490562139405,80.9815254014698,2395.9193298471723,-1056.1986002462838,89.41752355085461,2361.383802182484,-1077.018920178349,0.018393659511207267,0.013013801101269262,0.015953034119241163,-154.70909478549518,358.26376264852166,-1015.3821387857942,-285.81311978424196,-2443.9257608441385,-1263.98212686082,0.817639505268283,1.0,2.0,1.0,1.0,92.5192538278742,2472.259545778703,-1008.7436945705325,-285.81311978424196,-2443.9257608441385,-1213.508523777758,-9501.556774974393
534.1875223605429,2526.072879495559,-800.3191162374643,534.1478514350424,2474.475804519965,-818.8047993001305,521.1107761110778,2439.0250469497814,-841.4553950732014,521.9464469200444,2389.809914458721,-852.8767746070602,0.011616901368983775,0.01806170849152518,0.015154098628358752,329.00484445744905,1.0336220779252834,-817.3185728511039,-217.97139510265288,-2739.619362387226,1086.5036250748053,0.875167291511133,1.0,2.0,1.0,1.0,529.538527951891,2521.483435474177,-801.5046704062029,-217.97139510265288,-2739.619362387226,-930.6619965831604,-9976.107617381718
559.7756363849529,2470.759646525928,-894.4494529974592,550.288212003945,2441.777809607769,-921.0421245327615,526.9409749264667,2417.836018533282,-959.1920307683152,513.7510728863862,2385.407257632198,-988.7466963077703,0.015172468604375619,0.013300807870317902,0.018891427564612876,-429.8685233379209,306.7122023178231,-1001.6326843545099,-845.3666602326708,-1855.5759044256533,-2189.21224691987,1.1176352959606908,1.0,2.0,1.0,1.0,554.9836358331422,2468.458130973703,-898.2076493374868,-845.3666602326708,-1855.5759044256533,-1647.7710669810983,-10047.177247670263
205.6666992256529,2498.63726284402,-749.3321482563547,204.24157039044607,2456.922389216949,-756.124365011246,210.00939142445026,2416.761187471183,-762.4952451682998,216.12763278520757,2376.9198407925546,-764.9853962035908,0.014638420348681593,0.017876393719405977,0.01535323405159219,252.3388153674324,-12.074440725572146,-928.4559817838369,43.86769424118148,-2633.203968073036,1829.5546288839396,0.907131951880321,1.0,2.0,1.0,1.0,210.44516736710523,2502.6353487841725,-752.556480343547,43.86769424118148,-2633.203968073036,-117.65747000638001,-9478.510581932738
268.5711295029743,2521.132165061544,-548.5028755097394,270.69676275951167,2486.8608740366203,-562.0795802858477,260.97576523291997,2458.7516902981642,-585.0533358234088,263.0549608698426,2417.5480862137097,-612.6502711036067,0.015156676609567534,0.013280165803930318,0.016651795757497482,58.09222941523744,61.894826808252134,-838.4811133556734,-198.02720458038633,-2296.5458991474347,2654.7539328408325,1.0249113618290038,1.0,2.0,1.0,1.0,269.9813383162517,2519.198938896012,-550.0397697489666,-198.02720458038633,-2296.5458991474347,-1076.612029475198,-10209.446332585572
675.7061746780432,2462.2524922730313,-914.6793746982041,674.7914851404082,2388.679289829946,-955.3196047877692,669.9483784129227,2339.157677821205,-979.5613903399005,659.214666323357,2284.0751036599563,-1024.316929656763,0.018099435621185125,0.01622883195893031,0.015455904399809373,460.37637806978955,-94.82893117129849,-1002.4980697639112,-292.77156837852306,-3469.8829094568387,2300.146542535022,0.6852158280200757,1.0,2.0,1.0,1.0,675.5634808280024,2455.535007279472,-914.682627500579,-292.77156837852306,-3469.8829094568387,-1883.833331072974,-9922.792054943524
92.99294140557005,2520.997173727789,-976.3480692540576,76.59270744366036,2494.790702422756,-975.8151831213069,66.77487445581943,2446.3455877142364,-960.4060477321285,61.72340971398368,2402.450599986416,-960.8904103888307,0.015626834754808402,0.01624769392610044,0.015095873602366128,-408.81797170083945,96.5714664261485,-978.4495523379617,-549.1631953432291,-2697.5719791441907,-658.4972082488626,0.8580295977167257,1.0,2.0,1.0,1.0,88.17472008478262,2537.8741075516455,-972.6515728843826,-549.1631953432291,-2697.5719791441907,563.6122807232548,-10091.491271151352
624.8863748821212,2686.349629251669,-498.1162260176043,611.0718007470812,2649.842631300484,-524.3707963842745,610.9486476533773,2627.2052468722795,-553.6496964511595,594.8782979994264,2594.363198142987,-581.1488630114899,0.011968247263511533,0.01605236551782271,0.017010064161044492,-95.89135802406491,352.0114240447083,-809.632731213876,-645.0542103734747,-2080.7843254241147,2964.9539460894757,1.0749693230576194,1.0,2.0,1.0,1.0,626.5693575942255,2682.4898685197254,-496.6970392637397,-645.0542103734747,-2080.7843254241147,-1574.8792417001903,-10084.727396897466
-47.04322065328698,2476.123509822446,-766.7334549065727,-53.94852019719229,2447.0687636732587,-770.314435099569,-49.42893976064212,2419.4754607846744,-777.0761876372408,-56.84831613358029,2394.053389058701,-784.8073185395784,0.01546917997141629,0.015260155515917357,0.016405454809470213,-528.1128823584115,109.03003173593449,-905.2810194164191,-370.13681784090085,-1811.3272156575053,-1662.3740492998222,1.2578652097031904,1.0,2.0,1.0,1.0,-45.08433507603843,2472.8120481689857,-763.2723883738084,-370.13681784090085,-1811.3272156575053,-346.9543795252059,-9308.339551134006
67.44217552789625,2512.7209296792985,-558.6014046922513,70.45374209241494,2459.46725043497,-589.24642204341,65.42579184846126,2406.8093548855413,-625.9252885136724,66.56538476685132,2370.402475744553,-665.0415524378998,0.019652926299339516,0.010922038251953169,0.014918633551392377,62.71093399210022,-411.66835064253246,-808.9154316882758,-4.679573933124265,-3225.9424644782544,-2966.127834756285,0.8595064018973156,1.0,1.0,1.0,1.0,66.94594840157697,2507.8095797102833,-563.6846587392438,-4.679573933124265,-3225.9424644782544,-2003.5208701776726,-9754.905495875759
134.22805777369845,2605.9836009903547,-812.1597974034584,129.37621836559376,2581.952918286501,-823.8894001553807,116.7630173383981,2550.2204974736724,-851.2968071952421,112.0281615285526,2519.4734185495713,-868.9354964349744,0.01603266801217051,0.01829365408673561,0.014589192159058705,-138.27299136798794,279.15574018688426,-1018.5186748411567,-217.98361158907582,-1887.1056394683399,-2299.9072559613446,1.1860844857420307,1.0,2.0,1.0,1.0,130.9367689445212,2609.73120493028,-806.0550901798147,-217.98361158907582,-1887.1056394683399,-970.1125411265205,-10235.663378139798
-354.8920054712444,2444.7868283648027,-869.5321170763965,-341.35925121325283,2424.7194784198578,-874.240661210896,-329.34478489700757,2392.2076791739673,-889.6397055569083,-317.0757162555028,2350.436738907081,-904.2357201299459,0.015046657313823975,0.012430363017849954,0.01908633631649946,591.0882101355751,262.19043833771207,-900.3010238894533,933.853241158257,-2153.8885173465396,-1055.2907871991197,0.968436643351827,1.0,2.0,1.0,1.0,-356.772829640056,2448.3872834444533,-865.3683505816634,933.853241158257,-2153.8885173465396,-629.515048604536,-10283.047141382882
-122.16115961088315,2660.1238908049827,-664.3218912983635,-130.12581936173007,2628.887858106227,-670.1923995111904,-125.17274098671217,2606.358235237598,-687.83043912839,-123.29538514692408,2573.8475359092376,-698.316365760478,0.015652497259754455,0.016639378991508524,0.014531053857499351,9.5997573093213,21.98112678946424,-916.8380048568389,95.16839782812244,-1791.5782938749169,-2262.962112647325,1.4281770698912282,1.0,2.0,1.0,1.0,-130.77362948716018,2664.559110254973,-662.608707343313,95.16839782812244,-1791.5782938749169,-479.96831663264436,-9620.80951952003
91.49115429355773,2452.559013336561,-687.7579898202375,99.69581551813776,2407.46027694262,-693.3165982077323,96.20647748482811,2365.630098973266,-701.0573736949588,95.18542234171262,2314.746607713383,-710.4975106535302,0.016509961999460646,0.018644973190142813,0.01298550709324195,218.02437179875483,124.59094048599127,-1015.6955781541943,140.9561422144626,-2734.734843855579,-2537.5657100445987,0.8018595577171552,1.0,1.0,1.0,1.0,98.21165091646094,2449.1155577632376,-688.2200385816886,140.9561422144626,-2734.734843855579,-373.9403954373326,-9618.829795085256
136.72488780472787,2615.5411819792116,-521.0487037039019,137.39310008051967,2565.8429020503504,-524.7325753579768,138.4951436528191,2523.790557771279,-536.1543726416488,128.009362219697,2478.9987854167084,-559.1404505574603,0.011986904646479089,0.015313659601218738,0.015026613526366098,125.08982106846919,-33.43823193464808,-856.7471598760859,-14.404168870530569,-2828.5736825970016,-2629.5044378816183,0.8926728222259368,1.0,1.0,1.0,1.0,138.55771896241686,2611.278161293555,-520.4220929975364,-14.404168870530569,-2828.5736825970016,-425.63591499750856,-10009.927990275288
256.8311672377446,2711.383335130836,-850.4678974403806,246.5249647815749,2687.3466231743932,-885.5744022844652,244.58963000908224,2659.2649246562873,-916.9665048994948,237.2666640196968,2629.62991501923,-950.0122494985889,0.013739637181354472,0.019010848881465574,0.013732679862263661,-93.86024434491118,242.845756967309,-1009.3935242383664,-252.70497782184356,-1804.8309015531638,-2650.838721974806,1.323516834074909,1.0,2.0,1.0,1.0,252.34557527101504,2715.4640920951338,-851.6344746400318,-252.70497782184356,-1804.8309015531638,-2000.9479250201257,-9585.002867096913
-392.9208679375916,2449.7126754989877,-748.7121387673496,-378.29024771988566,2404.143069637712,-787.54872455931,-372.2495501255527,2342.6623591466473,-806.7531017629615,-357.06137136523967,2279.6626981032523,-836.3905386720097,0.014519365441972434,0.015049291679827803,0.015147200511937742,318.9735503888135,-172.65452336314272,-801.7511940025269,990.7014022715498,-3646.276414983048,-2077.261474225115,0.6752841423662626,1.0,1.0,1.0,1.0,-394.3314592467028,2452.6644954246476,-750.0765325269106,990.7014022715498,-3646.276414983048,-1824.1299057291449,-9558.951479268257
23.88732292931999,2442.1810379939275,-860.4094529683873,24.769373175543322,2391.8369637238957,-902.9505936934723,12.566611398727101,2349.7055761092342,-942.6939639473429,11.318164373497542,2305.428274833971,-987.898625503697,0.017397169523822486,0.014920284652858447,0.016645743963805186,-227.86881175303677,66.16517847926868,-845.5798063613544,-274.92453765818124,-2637.93006708457,2194.7205657677623,0.8510368018595146,1.0,2.0,1.0,1.0,19.56327213932707,2440.3022388553763,-858.5700231979323,-274.92453765818124,-2637.93006708457,-2250.8454471156942,-9569.934472777373
106.80662882653947,2581.8053398662696,-771.5544634971809,101.61072262362,2541.8381982153737,-790.0412186639231,91.75222929775641,2515.981867946386,-790.4029707786535,85.08673821420574,2495.1011708440783,-810.3124000542981,0.017636341929228264,0.014739077966194288,0.0146015111722234,-484.35109674194086,214.2472795421127,-980.2272432065951,-456.7635055021793,-1801.3538445625109,-2042.975066181557,1.263023068932348,1.0,2.0,1.0,1.0,114.00909546591515,2574.0208159190147,-775.4907400182533,-456.7635055021793,-1801.3538445625109,-557.3077725846454,-9435.62806464039
281.81623386265295,2478.0902117278188,-712.4831131624128,293.5355434391183,2430.033629325685,-706.4484140663777,281.7853719953223,2391.5790307838565,-709.611886399237,282.5983254644556,2345.612437466139,-710.357307098326,0.01658114394285849,0.01762662620271493,0.012317124220461356,271.7223517120666,-0.8808980634861534,-915.5029393939127,-16.903498065517866,-3044.2616477509114,-2005.617484098889,0.7684751056339658,1.0,1.0,1.0,1.0,285.4987026354629,2480.1923448535113,-713.4954480072399,-16.903498065517866,-3044.2616477509114,164.0953311403239,-9890.305148845207
-395.93587365827864,2514.8344532166125,-879.5050001710528,-401.0001197564415,2493.0194635263906,-885.0172611714348,-394.313207015246,2455.297165901578,-887.8243572927307,-388.3662878996709,2421.572276465302,-899.0452752308202,0.014579265251063917,0.017192608001902365,0.01450433590757623,-24.985822476601772,333.92418313232247,-1017.4238696153404,344.50290230957916,-2002.1583358551145,-1634.9426907293857,1.0437237908394563,1.0,2.0,1.0,1.0,-400.49398599404384,2516.2767692143925,-882.2723491470813,344.50290230957916,-2002.1583358551145,-107.61742555356409,-9848.856807564569
482.75865339963195,2547.067156648181,-887.9296061782376,491.152212841157,2492.6203802656737,-915.5104696899069,484.3910187416476,2443.686589114662,-919.8915123739107,484.2289976864188,2392.9393957653756,-959.826393257719,0.015738123052688204,0.015749406828361744,0.014998017773597307,528.9898594844931,24.43890042697012,-879.7240572730757,52.751761237184965,-3073.7696418466953,1301.6329461312234,0.7735144523453533,1.0,2.0,1.0,1.0,485.73341527,2544.930006741253,-884.4283955347618,52.751761237184965,-3073.7696418466953,-1336.1336720485824,-9589.863941124944
557.1167691153731,2517.132505995531,-529.4893416683975,540.6886553370937,2478.0953289257604,-554.6062243958562,530.5595628361043,2438.6077442613105,-590.7131206903857,512.7498184755469,2395.8173648099846,-621.7951516571446,0.013982777722542784,0.013287486764875438,0.016462669703709815,-412.2687946563533,46.421778636930185,-813.0277205322202,-1076.450968080018,-2730.5813474120896,-2998.367476431278,0.8612670658088727,1.0,1.0,1.0,1.0,561.919331456063,2517.5978980448635,-532.6785472232752,-1076.450968080018,-2730.5813474120896,-1827.77557068934,-10076.808505556466
485.34149036162285,2507.094451362981,-598.9601665003673,477.67746676762397,2467.8488867152996,-603.6299492887492,463.1382271062441,2413.9169261510783,-609.9576933641061,457.4107835451201,2383.277992751408,-617.3380491646317,0.01144483587483204,0.018909355614932045,0.013163399142140583,-33.40883443952445,58.67344382979272,-943.4577934474357,-575.0290700543094,-2734.274458986906,-2672.0578778900185,0.851482409368096,1.0,1.0,1.0,1.0,481.2421832590836,2505.849084623072,-596.4026928315675,-575.0290700543094,-2734.274458986906,-520.3923888302078,-9896.894442178767
-96.81371810558775,2616.2589400382294,-954.8649520126678,-91.77392802888824,2573.872211328153,-977.0126879338675,-83.45893131480385,2530.2104608620525,-1006.6495272147585,-66.28252820589161,2495.2773501072443,-1039.368568574073,0.016836403423857258,0.013625606691347221,0.017931062814326083,470.0232576056875,218.90011496396647,-801.5783408754019,666.1195755476157,-2812.5497079827837,616.8415608342808,0.8066069270704701,1.0,2.0,1.0,1.0,-99.5089794875231,2623.63011528925,-945.1396524262639,666.1195755476157,-2812.5497079827837,-1781.3420297886898,-9722.46518094596
495.890868998392,2447.82949586469,-944.8537690669617,482.51417629498627,2382.559748345781,-954.5197704072084,464.6738741809321,2324.672302946498,-972.0121336720937,454.1773482746595,2279.99520818748,-992.2974870506355,0.014210495011090035,0.014493831568641074,0.019856906965028093,-53.02697638541166,-12.694803445203423,-963.5913856371527,-764.7282116653868,-3452.8716150669925,994.4293262015947,0.6614387664552414,1.0,2.0,1.0,1.0,489.9300538970123,2438.8440432523635,-946.2921634512028,-764.7282116653868,-3452.8716150669925,-814.3075477013862,-9426.326279977777
754.0180783343707,2580.0843796063696,-760.3418487658448,742.2265060622361,2539.2292687246654,-749.3421361418157,741.6651953902608,2520.47472326121,-744.9891801029119,735.6943680161686,2481.938802285235,-751.2601827961186,0.017679804308943246,0.013485000209716456,0.01600960779866757,247.44007471150576,-212.6450523578001,-802.1134741452117,-383.784620831342,-2142.8956264408657,-1049.3501556424687,1.257825587682667,1.0,2.0,1.0,1.0,748.2790048964125,2583.833740147531,-758.5902794182967,-383.784620831342,-2142.8956264408657,496.5465979281463,-9829.816663845697
248.04612913928358,2581.312050900754,-864.6426326442261,258.5344752861615,2545.391166004218,-882.3555643104825,259.8146936232412,2504.8332910163626,-909.5197324186402,271.25190695718106,2474.409905770258,-936.5907190589003,0.01845043270097123,0.01606944523302753,0.017101178773243,563.4606869089225,130.98667375775062,-962.9081998450865,269.63710510975795,-2119.5955598942064,-1841.95167015381,1.1033789432927557,1.0,2.0,1.0,1.0,252.0298305071508,2579.119545435561,-860.1270844537805,269.63710510975795,-2119.5955598942064,-1175.590057896406,-9784.388988639534
8.169162288701425,2630.518789604433,-888.016173573964,10.935086974807929,2608.27872291916,-898.6150830057965,7.427357740214008,2569.4518086565618,-926.8396279320341,8.386198289035244,2528.1618909330746,-940.9617419436852,0.012884052199027123,0.017488715896238866,0.017418658979990537,-110.34213757692551,100.08865355238409,-1002.1562501687868,-112.08641459082706,-2245.3175104864695,-1851.2616929965911,1.0822085729247413,1.0,2.0,1.0,1.0,16.315510910708554,2637.2974404020915,-883.8609014076945,-112.08641459082706,-2245.3175104864695,-1082.2647063496813,-9538.538406443653
-407.2676566448113,2493.2550903125093,-980.6110936220451,-396.3977081843079,2431.639905565304,-1013.6230360010724,-388.3648031382332,2385.1555040736807,-1039.0496518063662,-388.22682245895817,2334.295052221371,-1060.4615547681096,0.01712943448622566,0.015394883726560823,0.015373432656744256,8.762805052054905,9.628864008902937,-897.6223308399177,581.1472054074666,-3419.638630172173,784.1696219737945,0.6771022491304698,1.0,2.0,1.0,1.0,-412.5689188683586,2488.86687088373,-984.7004844632121,581.1472054074666,-3419.638630172173,-1529.0303091008093,-9891.975743438086
193.38203476903928,2468.1732793094216,-452.52988620204724,204.41071506154478,2434.1606121546765,-479.91278399649735,211.8137460664732,2398.584513639679,-509.13139863446185,206.42189237113675,2353.5536220381364,-547.4425885103173,0.013733092726318378,0.01786735008171566,0.01668027577836173,547.4501053878367,188.77941019474096,-964.5888401076452,341.2183486011949,-2229.2476125793837,-3564.382336280573,0.9717192814136044,1.0,1.0,1.0,1.0,199.40738981461766,2462.611975025702,-454.96334914532315,341.2183486011949,-2229.2476125793837,-1644.0660922479778,-9813.125584845207
-125.44191496830811,2435.280795367669,-845.897583900542,-133.71331898395,2394.1442678739727,-872.5014356325239,-130.50277171884937,2356.5696724136133,-904.7126515244938,-140.0966443347522,2313.871666300449,-931.8485150005517,0.016635537022240122,0.01347311689834101,0.018254692791067645,-420.34305194473995,192.79089589069378,-804.7255323486072,-331.5628607020169,-2511.0336698718866,1175.5496486289467,0.8466366532883519,1.0,2.0,1.0,1.0,-123.59429161643607,2440.16603042604,-849.0359363683698,-331.5628607020169,-2511.0336698718866,-1499.271785584525,-9759.328538646667
705.9852543873036,2703.2420458216907,-656.4502242870108,686.835619289396,2680.4998944817257,-650.5671545412772,677.0492548391361,2654.288713111241,-654.2709033468186,667.323110209066,2629.710279673333,-657.3063906974918,0.014611030129088272,0.017576764970617446,0.010262847877225069,-343.81673168845936,307.258239378009,-937.8806997126532,-696.1723166444988,-1596.9812875587036,-2374.862282258591,1.4575493570230693,1.0,2.0,1.0,1.0,700.4417432782964,2702.7301707160955,-656.8229752045099,-696.1723166444988,-1596.9812875587036,72.55089832009158,-10025.560203672265
148.2143272359277,2516.2357344734874,-565.7760431497946,148.21798962463157,2489.933073488112,-576.1545060367555,140.0894224822916,2451.4075300053296,-593.5734905316843,145.31661470629865,2414.970040547015,-609.0850611352207,0.013612479435785212,0.01624233220045084,0.014657678332582816,223.58411461174762,86.38137454644561,-826.8752345463929,73.63514529359219,-2198.554813745515,2333.442144615694,1.0604875100311795,1.0,2.0,1.0,1.0,142.21727906232684,2515.784443735246,-569.5901438128291,73.63514529359219,-2198.554813745515,-703.6713675432736,-9621.49450009194
-144.63320653801185,2459.874018040712,-642.1489283789301,-155.11035008999204,2428.0019894977013,-649.1951417056523,-141.93112072003902,2395.9730564447545,-651.6658658280247,-131.53488871399136,2366.462940679611,-654.4925106497141,0.01590842952194457,0.018336972238787316,0.01688709680816628,45.180389940327444,158.6441648372911,-800.9760554794248,173.42442360300004,-2132.7604452283604,1815.3516981588407,1.0288675014311008,1.0,2.0,1.0,1.0,-142.1179875509128,2462.0254456839193,-639.7172564363893,173.42442360300004,-2132.7604452283604,-89.55921948154325,-10196.715506421746
-90.14099683607085,2568.3037409962026,-999.8040325407771,-85.48820910376385,2523.60301614165,-1035.4091623294755,-65.90346258802376,2477.905379089391,-1057.754491407354,-57.512821225989825,2436.917492893974,-1088.9825056449324,0.01656327903415666,0.012582791586846758,0.016165781317723553,620.6674934616954,182.80132541764243,-879.6219719747279,802.0594307282622,-2672.6442847026055,-732.0923358495003,0.8446881480612737,1.0,2.0,1.0,1.0,-93.165399886459,2561.4547388029678,-1000.5195003902145,802.0594307282622,-2672.6442847026055,-1702.1432324886173,-9761.013683376523
407.6974250102685,2545.3454141209213,-597.6671086366334,390.3414131927762,2507.9018932622284,-613.139076043456,389.24451641468414,2454.082864101679,-644.6215063404254,375.6020311643538,2405.115896813369,-666.6636599133467,0.014517693506939858,0.01580686008963808,0.015419744976312096,-160.64910649607253,-247.67840498438156,-806.462736753006,-671.5844142847543,-3315.4800172792034,-2475.0333469553057,0.7992557014271106,1.0,1.0,1.0,1.0,406.8397235745449,2553.902209616548,-593.2717672877158,-671.5844142847543,-3315.4800172792034,-1403.4038297409152,-9748.842710596698
-334.052614939148,2434.1587657586233,-1028.9081697747638,-322.0083071006825,2378.862648387972,-1055.4268215605132,-289.7902156699294,2303.937805690598,-1090.9383899337636,-279.8253125284042,2245.320084638591,-1101.834333713905,0.014655425625919875,0.016285190683594006,0.0168777211712157,404.5236886702103,64.99874438767176,-1014.7416006736242,1286.6357161958867,-4126.215717817497,1178.4351099603603,0.5271816625192708,1.0,2.0,1.0,1.0,-335.29184814242427,2437.572782132733,-1030.869174842901,1286.6357161958867,-4126.215717817497,-1303.4461454120044,-9593.783928895149
529.94368984943,2600.0408815991786,-436.03949544635924,512.56137020548,2557.8721854728437,-440.0933379945368,505.984922187004,2533.869368382802,-449.3513467543675,487.06876036800884,2507.9634416946337,-455.8528664914238,0.018665275635474314,0.014465676728827415,0.016590211039443643,-395.4142512923579,367.86822151295337,-801.0189446854519,-754.1865841244239,-1813.6671947712894,2686.2851817514124,1.1752788365962505,1.0,2.0,1.0,1.0,528.4643142600603,2589.6105351077704,-439.24701522661553,-754.1865841244239,-1813.6671947712894,-222.40824707883547,-9906.497553533281
-76.40138389860668,2489.7760503540944,-916.2748348196675,-80.24699805990132,2443.0626378015654,-937.8111489016042,-81.13222858165113,2378.7032082727283,-964.3424527527476,-83.46020830849038,2329.247281432925,-1000.2715227353551,0.01533130628157223,0.0162992355393928,0.016039982541768055,-129.22267002147115,6.953057003534724,-902.8584632579359,-64.0692162358964,-3273.9626061957624,1300.9656746599296,0.7123294756372675,1.0,2.0,1.0,1.0,-80.53006568219018,2495.164637712316,-915.4958973771461,-64.0692162358964,-3273.9626061957624,-1395.6125231304309,-10050.05405724211
-395.16130608722904,2430.0,-711.2952358635629,-384.1449925516177,2401.361358990001,-715.6204855787763,-372.7023640443432,2362.207691692699,-735.0185645437281,-366.4259754082907,2328.5037750250694,-765.0047766629186,0.014425683729253352,0.013560337238768276,0.01762292703439862,178.40278094510188,159.23975153715412,-802.5008769276023,571.4152378362837,-2270.8375106101935,1786.8801206085782,0.9543910519975805,1.0,2.0,1.0,1.0,-393.0124568911823,2430.0772621473425,-699.2531062379105,571.4152378362837,-2270.8375106101935,-1083.3393182177067,-9783.263222030486
244.70345692995826,2504.6607613360407,-641.7784937534992,244.12086973827797,2453.2217702025464,-664.8928081235207,231.78449636117577,2401.384591405136,-681.5434043260132,232.1018765178259,2363.4882371801828,-687.5015495427253,0.013654409041716158,0.01724613568809577,0.0163670294693236,200.76822379395352,90.05306570752464,-998.3960040623406,-49.95410706773861,-2822.4481352231965,-2756.202397272194,0.8077324258008651,1.0,1.0,1.0,1.0,243.4789853368684,2503.246221323362,-645.413538699024,-49.95410706773861,-2822.4481352231965,-736.8782094448997,-9992.396745098999
657.2423489839451,2670.684991229627,-768.0720209287969,645.6911829791505,2633.0869496047385,-777.3317779699527,631.7980988540791,2609.9161375940853,-792.888381247751,622.7310038382622,2576.481961067141,-810.783655705569,0.0146959085591733,0.015526553826634662,0.012426178607318261,-419.632825761971,280.9895791482463,-980.8418657644958,-819.0045991098034,-1792.6317912206255,-2186.6943811646665,1.2823513590068676,1.0,2.0,1.0,1.0,665.5482680585183,2656.2267025155793,-764.1705817073795,-819.0045991098034,-1792.6317912206255,-781.3796491223187,-9627.69050671254
203.79921479521664,2579.6221474857175,-697.5252884238577,189.75545152605883,2531.3662983184477,-732.3331314384434,182.161486511011,2498.9987351543045,-768.9813954099352,166.79285536165773,2440.343979723503,-795.9713608008311,0.01524770210138593,0.015787122815613584,0.01633974956575602,-450.52664643689894,206.78179026512248,-965.5584028358505,-775.4869798208828,-2820.910058709819,-3062.2438457446865,0.7926254255172451,1.0,1.0,1.0,1.0,200.88241661264135,2576.346239581358,-699.3937850019075,-775.4869798208828,-2820.910058709819,-2038.9905387476997,-9805.789140123088
152.1276126353869,2564.1554064045795,-708.7861893538206,154.86424841875893,2526.058163797096,-736.5312670821266,160.17732317628688,2502.496141908242,-752.8359948257022,166.68334472129587,2465.1390302158493,-794.0448451702051,0.014282240507142534,0.015953651001680808,0.014564722584099743,660.8418016574208,-115.60567225967804,-805.7048888469457,371.4143285183213,-1937.6213789627077,-2020.1375251917925,1.3351993859070694,1.0,2.0,1.0,1.0,148.29002830213824,2558.3118307088616,-709.5626627079612,371.4143285183213,-1937.6213789627077,-1468.8680685015065,-10007.141620753486
248.58713785099653,2588.592100187379,-817.5948662177482,237.4612265375382,2542.5116579314417,-835.2183086462835,231.31731821191045,2507.675625210658,-844.0960068341182,220.17437416559665,2456.6464664366804,-855.5324029595473,0.014550364592552439,0.013747011072951803,0.017997013168169772,-401.5325505677903,106.55136251785254,-910.7519926106788,-751.3330444264877,-2861.757773478377,1391.5583740940428,0.8187056111663267,1.0,2.0,1.0,1.0,248.3705328611204,2581.9718365766485,-822.3975093539166,-751.3330444264877,-2861.757773478377,-462.6392122358044,-9752.033659881683
548.2480191551335,2454.497697003392,-844.7484496991932,548.9371260313443,2421.475120106623,-867.8126238092854,547.473545924986,2396.279965067244,-870.7886786920163,551.5833735103223,2368.379499991253,-892.2215867673874,0.016337572300879136,0.013300479110420857,0.017036945358978726,562.0726462576118,177.86800072664585,-1015.9979109185649,12.717183113140948,-1976.6065805331339,-1868.7653936953263,1.1033250032297188,1.0,2.0,1.0,1.0,547.4478856775049,2450.96556833975,-852.9683908359839,12.717183113140948,-1976.6065805331339,-564.2341230371588,-9736.516601463394
-258.02437049960673,2443.9094413980347,-847.5822558461838,-252.3321354212921,2400.8748622004373,-870.6164748134047,-239.68289583881642,2355.0079786768247,-894.3831998817788,-231.62357551397963,2308.982703929578,-907.3863852723952,0.019709764064263686,0.015346474624122041,0.014616012732721034,67.1298067510465,29.492067113219655,-859.2670647226809,367.08711220542125,-2795.2368240401215,967.8154070328685,0.8153277485788939,1.0,2.0,1.0,1.0,-250.40054530664335,2447.371919907923,-853.7564455582757,367.08711220542125,-2795.2368240401215,-911.101980913382,-9699.917165486453
10.608350324956465,2583.505637852093,-1004.656569498636,7.253343105337295,2541.989604468237,-1023.3131045186568,15.293753023328977,2493.83068872877,-1056.9857953343621,24.800782388160883,2455.7176677391926,-1090.3589189090005,0.018234898697613765,0.014207439898246861,0.014911493186844711,347.01002008291033,36.44129214791985,-856.5911241694796,377.96951480111625,-2805.8090580976914,-638.60168605229,0.8626461682172953,1.0,2.0,1.0,1.0,3.057761613895309,2589.7275350168184,-996.8387271602273,377.96951480111625,-2805.8090580976914,-1758.7679552725072,-9570.283557400671
-179.43036088590193,2445.0965702836293,-966.3159677375364,-179.92704445047963,2418.0344886265434,-1002.4827487557485,-189.6896619761274,2374.6473467832566,-1035.903964136534,-186.33631559343505,2346.069089116045,-1079.2254269944367,0.018414062734381387,0.015979089950337026,0.013721438166595455,-227.09694560996434,-162.80827876401773,-801.1766957855649,-45.52458264029249,-2400.9303707581957,-1215.96350488442,1.0418854091486849,1.0,2.0,1.0,1.0,-177.47515053204654,2454.2058253624255,-966.0079668476133,-45.52458264029249,-2400.9303707581957,-2160.096585758289,-9665.548994515828
655.1323633387314,2484.166683169199,-797.1856722058114,636.7338748558145,2436.595953152548,-802.49134615893,618.0067879180873,2370.729942420533,-807.44398558208,587.1147370904732,2311.767478323631,-828.9316775673414,0.015366136825098653,0.014130681906085496,0.01794403318530137,-193.55735632060106,61.014541411050885,-911.4276786605324,-1285.1006977698266,-3673.867776293677,-1689.454321580182,0.612559148083515,1.0,1.0,1.0,1.0,654.6091042074843,2485.767273764881,-787.0787234683264,-1285.1006977698266,-3673.867776293677,-598.0248029263877,-10040.499091133675
235.25701320073313,2492.2202831261025,-528.1820970368676,232.31578186555905,2461.8784957416487,-556.7460308720341,224.49692683425775,2421.920367846826,-571.9380041659173,216.0881642201824,2394.190947799614,-610.2779044243006,0.014786586867788921,0.016474117173739058,0.011945351450667614,-132.3125087255471,58.52998017690989,-870.2770456095109,-333.2125676116565,-2205.6625632783066,3069.4235418129915,1.0617939445078028,1.0,2.0,1.0,1.0,235.887378485333,2495.787112599431,-525.5570135340853,-333.2125676116565,-2205.6625632783066,-1660.8488104188225,-9665.610849529554
-17.46007721935678,2511.7941054957714,-596.9490858168401,-17.61799062919352,2474.7314062232963,-601.3282210489128,-25.666350671940133,2445.7640684362823,-622.7221245088471,-16.581787681819282,2403.061923176446,-638.7702063187652,0.01502921874572719,0.018265787768904605,0.017919869743269208,-116.14440918133828,229.02775559391145,-800.4629218367489,-90.23662858142892,-2112.237042875933,2157.8630732697006,1.028785123742098,1.0,2.0,1.0,1.0,-18.688850313395278,2510.2437618999297,-592.4471804981647,-90.23662858142892,-2112.237042875933,-706.9670110956021,-9992.651435245718
-68.46504430171468,2581.875545379324,-524.7243995985692,-61.28509654756239,2522.1169080161753,-547.3743318939701,-60.34502196110115,2493.137869595204,-564.6584239763924,-51.53201747071972,2435.203854966253,-596.8903144075297,0.01659996846732657,0.016231790436805657,0.012281665028868682,290.6364992260912,-15.109815356920564,-853.5795972855701,389.30874091553324,-2834.686756724428,-2908.0976018761544,0.8698865760669998,1.0,1.0,1.0,1.0,-65.58099871162142,2578.6285670459256,-518.7597845667358,389.30874091553324,-2834.686756724428,-1316.840104741869,-10040.592089066675
189.14803479821452,2516.714983446438,-932.0655311186973,190.87356279586538,2466.055168280555,-938.1539159851662,190.89240565609657,2409.755997056649,-964.10153407612,196.71209661838012,2364.150688906414,-975.8972214223753,0.013790574397615154,0.016284152600857173,0.009701860553415334,382.03753044904005,17.058663806280514,-956.6430323381993,267.8438259882322,-3470.606899226276,969.727681198289,0.6802234124481129,1.0,2.0,1.0,1.0,189.18997573751153,2515.8956312492,-931.6512670282889,267.8438259882322,-3470.606899226276,-670.2463156439845,-9847.243043970793
669.8039651070789,2568.474918773631,-963.6468904110362,659.8343320091077,2532.369147780798,-986.3137782413113,660.656247315604,2483.9581913829293,-1009.5881157440283,646.281468851033,2444.891819549224,-1030.0691246835709,0.012632198919647706,0.013893188840535321,0.01658799167765073,281.3645313033081,-36.21875522744237,-931.2707320129933,-438.7406484178093,-2966.0088772229483,-899.7903909636591,0.8368866205621669,1.0,2.0,1.0,1.0,667.4563019109837,2573.8690567287513,-967.2210156441258,-438.7406484178093,-2966.0088772229483,-1235.7719620821058,-9969.204181590467
425.4077762630896,2565.734188237815,-441.08685565448326,423.0367940753492,2523.966969561278,-438.9337975485512,425.43056751476894,2492.6144007877274,-448.8535792870585,422.2199756860034,2454.853938796933,-454.71625155230976,0.015443441502681747,0.015700666663355217,0.015199644242168048,435.7068847043701,-66.97274147923768,-938.1435186485598,6.906242660896126,-2159.0653750011643,3056.3684622170463,1.1736562475917909,1.0,2.0,1.0,1.0,427.2812686580746,2567.087016022183,-442.1331766651899,6.906242660896126,-2159.0653750011643,-72.66130701534566,-9411.856604887382
105.99096991290872,2464.3036814289917,-976.3452356771762,94.42193289155617,2436.965104522493,-996.2288268534451,89.44285523396277,2392.418726746611,-1012.3832062126053,76.50785247036008,2358.031096462078,-1038.8451859378476,0.015372702462231047,0.017722355907655522,0.014102008983531034,-301.64291404463614,366.3711964854277,-1015.1864032599813,-437.12231054636925,-2309.0832032211288,-1352.0719875505629,0.8628029326465831,1.0,2.0,1.0,1.0,96.13838855256006,2467.6369114166623,-972.1948281459756,-437.12231054636925,-2309.0832032211288,-999.1815141413128,-9656.4647417925
379.63894743168345,2626.7765958343457,-957.2126786338516,378.7623225343242,2593.515765923771,-963.0737351120104,376.78536934628,2554.8600529366445,-972.3544741118161,373.26445386116774,2512.373289167852,-976.8951308168605,0.013861244856083803,0.013486803736034322,0.0173542722216534,221.87141396901887,420.3052903441752,-1016.8056530366317,-179.70721113987605,-2506.7598268793836,-990.1094246707496,0.8352976791862291,1.0,2.0,1.0,1.0,380.0137597721075,2626.2539379980294,-966.5213456298445,-179.70721113987605,-2506.7598268793836,-179.38220582160224,-9434.457233651372
709.6807685559788,2436.3674828282888,-445.0991893716683,703.693566093332,2392.2222172725233,-460.43488488268696,683.5161365738178,2357.4426504297435,-478.36485296733923,667.3686792257106,2318.4924869430074,-491.0308669293905,0.015393105133415502,0.014600445183152263,0.0159178527563663,-354.4292573908993,-188.84801207031478,-806.0383527402516,-1096.2613222331074,-2686.420227884892,-2754.0524114113186,0.9290885969270667,1.0,1.0,1.0,1.0,714.4255317863831,2430.4117101174606,-448.97674283339086,-1096.2613222331074,-2686.420227884892,-756.0697163895694,-9821.278575214528
117.25570538928841,2600.3648983079925,-588.8529415209961,109.76719393895179,2564.518063129018,-598.8034582648519,107.99012365907254,2534.3479131964746,-593.3479760947937,99.94271423908371,2503.309101101369,-599.9611729439998,0.019454595787157188,0.013441615422394648,0.014688622773486523,-282.99234940134016,110.74379598001994,-836.5721538497558,-355.336868645533,-2228.9045309386456,2226.1660326207634,1.0724151660169599,1.0,2.0,1.0,1.0,114.9849434816565,2607.1168706313124,-586.723258159173,-355.336868645533,-2228.9045309386456,-46.750048850415624,-9915.691932961448
-184.28673480157173,2600.6015882449933,-867.8853511808272,-192.71762094471643,2573.904673386632,-874.4816709213684,-196.60885131190076,2540.265880246724,-880.7668070791427,-193.99987791562742,2499.761334645332,-886.3118756237609,0.017102915765506838,0.014388223541582857,0.015137528556141241,-440.6752982074023,314.69513336302634,-1015.9256984200181,-226.75055661540316,-2069.577877263635,-1701.364617389874,1.0583713321367676,1.0,2.0,1.0,1.0,-190.11593314738366,2601.578687739342,-871.9598625887832,-226.75055661540316,-2069.577877263635,-79.75880734349924,-10033.912365899529
-441.71859311964795,2634.001496294224,-705.3591216440758,-441.3644781170242,2602.767760326263,-711.9239864571803,-439.82770254197135,2583.976849129223,-718.7081051750143,-435.4083209302656,2562.9174408208123,-734.5367804305075,0.014551219151961276,0.01753933720039124,0.015975250535659485,-54.39243158687697,421.2491849692568,-1013.5012185780934,270.4303583166676,-1539.9437882713519,-2468.965252527596,1.3869341931119794,1.0,2.0,1.0,1.0,-442.45999577129123,2631.0685211386417,-705.9353881444774,270.4303583166676,-1539.9437882713519,-241.88718025198506,-9816.40074294845
523.9294775715875,2476.778371645071,-716.1388528505755,516.9766236270008,2414.630229425649,-727.4200522023147,504.18478806197095,2350.6907392824337,-729.620367077654,491.0778134829261,2292.0299339105873,-735.0036878646241,0.013383229637676521,0.016632866075445212,0.013336027828252044,128.65370587322082,-387.74738595071454,-804.3402667449781,-549.3310482117208,-3979.1129448068414,-1294.0362881572637,0.6766478764586268,1.0,1.0,1.0,1.0,524.1720605856581,2477.2139343102044,-718.8910012917356,-549.3310482117208,-3979.1129448068414,-71.80959435829007,-9768.457225442515
-445.56736401543066,2510.264307618004,-781.9205563049936,-434.05116482575556,2468.4463658989707,-798.7000362054929,-426.00144680348455,2410.752956742435,-825.690329848887,-427.1301536738318,2368.2987007752636,-855.1863581242917,0.011719375757446228,0.019912349151461103,0.01533765759269392,-217.32524562123112,144.49811403858058,-1009.0387837840395,293.59303111276154,-3258.500344362494,-2550.233844866393,0.6780306174983993,1.0,1.0,1.0,1.0,-430.18019317798587,2506.9108637013883,-780.0866497463517,293.59303111276154,-3258.500344362494,-1378.9454185817003,-10051.912751192163
-357.30345128325956,2612.6478422860273,-505.99875623274346,-348.8263058518512,2576.6177400891856,-532.1227693463763,-351.33916676757286,2533.505148483722,-548.3192242987792,-346.00672805192414,2490.3403277036605,-591.2755496921611,0.015526331297776287,0.017788119445430104,0.014542867886496329,-314.481841662444,46.75986613510439,-872.8418857211137,33.84399557341333,-2300.926485011588,3062.5161767604277,1.0671426813702956,1.0,2.0,1.0,1.0,-352.21789672679495,2612.292896923024,-504.0020344984473,33.84399557341333,-2300.926485011588,-1489.9349270695834,-9705.962888548735
-454.14528408977424,2642.4391816594457,-840.7139484626786,-444.76025946824467,2598.8108303860436,-859.1339431872602,-438.79697046177927,2553.0302439221855,-884.5734498461919,-434.630629222294,2515.430809407175,-910.260606110471,0.016072435491184145,0.014142460911646396,0.015512264307656357,-23.074418738549042,-202.76117885752873,-801.806516370173,393.21820616539213,-2597.3930596052937,-803.4794131861463,1.0492728392895116,1.0,2.0,1.0,1.0,-453.64835448965596,2641.3842214102665,-843.6880704571528,393.21820616539213,-2597.3930596052937,-1200.3329266200976,-9482.51004658212
-297.5655631366534,2444.8293670953576,-956.74638154433,-296.4554846545224,2413.8657659578994,-977.1557687320152,-292.62158121734603,2373.501944063776,-1018.1795999719162,-288.3064020989553,2339.7504241585557,-1049.68515987375,0.013091769406712932,0.019278855734824817,0.016120178820038973,-86.08497888339011,45.675276015985844,-974.3479904824904,206.10382428659352,-2277.386254960754,-1750.2638135612815,1.0065091960384227,1.0,2.0,1.0,1.0,-303.52451350574756,2448.317774999586,-955.1918126494897,206.10382428659352,-2277.386254960754,-1639.8998964932994,-9781.581236442235
603.2094645941345,2487.0146407519223,-777.7670837182912,585.634180236825,2440.765735325746,-777.4494813462023,552.480947035088,2393.83503712307,-779.6517082466223,531.8033174918462,2351.3261659201194,-789.6250529524336,0.013292490864175475,0.017664760343665514,0.01659551914741171,-453.1787805826081,237.24999340879083,-926.7964760705055,-1433.3706269506004,-3068.0571536368775,-1705.098088076603,0.6874472296447478,1.0,1.0,1.0,1.0,600.3486302260835,2492.2720013319013,-777.263971205511,-1433.3706269506004,-3068.0571536368775,47.57259298257257,-9715.873619955797
7.029286176248922,2603.744615533517,-733.8723788228892,1.456090668258124,2562.6587794711363,-752.4250138107537,5.989345704194436,2524.3108207032265,-790.2343508322815,-0.7409954768871443,2470.864618114615,-833.7635552351741,0.013012485272923705,0.015986536745399793,0.016415302936595974,-97.04120325869528,-33.31255513908023,-946.3400787998146,-114.32351763525938,-2897.144313814004,2716.2047717488936,0.8645856750450812,1.0,2.0,1.0,1.0,6.993197789390592,2603.088770431655,-735.496196737434,-114.32351763525938,-2897.144313814004,-1788.8159631640451,-9909.643292985931
-2.595520057316415,2609.3831873624104,-901.3658555183082,-11.470804171717614,2559.208398858182,-914.7571372343178,-12.980354930219232,2521.5943516795137,-922.8154631507588,-27.987637125326614,2477.651049343712,-943.6328166438723,0.014246576491342873,0.017541167331938317,0.01354232231173065,-496.045770830699,96.77556105512528,-908.4640699223183,-518.2072586116306,-2643.0417137860836,-793.8772687629736,0.9046699338649888,1.0,2.0,1.0,1.0,-3.7488751496499617,2607.6651891519004,-902.4288814385332,-518.2072586116306,-2643.0417137860836,-715.4191497954466,-9885.450576892528
459.2595722295416,2561.1411095268786,-952.7710499328118,456.4348930937222,2523.8264839858225,-956.6418203301836,458.93996664492175,2467.2727469044626,-957.6709542617493,459.31899180645047,2434.5409756820764,-958.1544999619916,0.014280518627316205,0.0177557762342204,0.013918321382934758,488.3462936231637,98.99447523808392,-1017.8747037498872,31.76284505156712,-2703.1747550121922,-1136.6958645253274,0.8640453837555293,1.0,2.0,1.0,1.0,459.4421046262339,2558.883502299174,-952.7517136565882,31.76284505156712,-2703.1747550121922,-46.68688006714558,-9905.46019407778
772.5096567060167,2615.277203999197,-566.0823580804914,755.4644893382897,2572.8660316009486,-584.2488903668922,739.0226434395875,2538.7705513094975,-597.5005949312207,722.819093175659,2511.8317551167493,-617.9656094366175,0.015501013286715182,0.014781108712313288,0.014027336564315217,-325.0851073283774,128.14041269677966,-911.3834219379222,-1020.4626782885872,-2312.332074734297,2646.2380565089748,1.0306905414366554,1.0,2.0,1.0,1.0,771.9122718318554,2613.89739303615,-570.1495106334519,-1020.4626782885872,-2312.332074734297,-698.6870180796453,-9546.623560662727
143.90593916817937,2465.386952168574,-663.0928505187134,138.5027835678588,2418.127691272324,-675.7691403284349,124.13534488024708,2381.814233909729,-674.5793816075951,135.27275285862493,2330.207403547835,-678.2101300726063,0.0155502845545246,0.015525705809590173,0.011115888857424365,-101.70777033660147,-7.318138827180231,-859.3360775863746,-293.57938513836945,-2980.2648092338695,-1915.1047013607326,0.7878081207784615,1.0,1.0,1.0,1.0,141.96311932824517,2466.3016528369308,-667.1618573785314,-293.57938513836945,-2980.2648092338695,-81.6801431171695,-9525.302835806218
-180.41417163267246,2449.5366967512896,-957.4800709366737,-178.28043962301533,2423.044222442216,-982.9467755382551,-179.4549787353059,2395.7925912491014,-1021.6392210094855,-181.416101793012,2368.6151301754026,-1062.1590608552349,0.017170012905202352,0.015087780225828615,0.017462467596397115,-505.3935831240627,297.21715886823586,-1016.540325721411,-292.63130167199853,-1911.2269333033478,-2147.982902024304,1.07527973927257,1.0,2.0,1.0,1.0,-176.18336874306567,2447.3474588345057,-954.4828794870814,-292.63130167199853,-1911.2269333033478,-1841.7873322751716,-9851.169457320872
168.64333451883124,2464.612134173216,-430.0,155.4753880279109,2415.7400288381104,-468.9681405276764,149.34753682485385,2378.709924198855,-505.45198301973574,135.44217430097828,2346.4696877982315,-543.3020974456318,0.016711854481840087,0.01634904604699389,0.015668759450625798,-640.0386000619636,84.96777338959097,-806.8922108502011,-803.1501439610164,-2351.2032155381976,-3467.151142599282,0.9612703400205407,1.0,1.0,1.0,1.0,171.1430453386606,2459.68302108317,-434.9564927849766,-803.1501439610164,-2351.2032155381976,-2160.856734143943,-9883.37985059117
-264.1314308032738,2475.1913087750577,-887.715657256808,-244.95479263538573,2431.18711442258,-917.0334453720754,-233.8124334090722,2379.3768284184025,-958.5506676792115,-225.09730833663806,2326.798477437948,-1000.1451602684313,0.01485280367986899,0.013884206902073187,0.015507476756283192,365.6904168732814,250.25043132668475,-1008.006797246651,939.5543901447222,-3324.6166563733477,-2446.2952979345782,0.6257555126617751,1.0,1.0,1.0,1.0,-263.8110245236831,2477.743591096827,-892.5420209336344,939.5543901447222,-3324.6166563733477,-1943.2589805920754,-9562.680454092628
346.2334928217631,2475.411485675717,-854.6322392733641,349.7069594875645,2429.0221375863707,-881.9890794041146,345.1917456656958,2387.3329578462876,-907.3685830839072,351.4118928978514,2336.9867773264905,-937.7305738478113,0.015766080736418518,0.0158904158677281,0.014058789154958638,278.33420842110354,7.920886005694003,-861.7399914917943,-80.12398200419393,-2943.506015710977,1343.7176552816602,0.7942847142408954,1.0,2.0,1.0,1.0,345.6383533046255,2480.465939202904,-860.3176967111668,-80.12398200419393,-2943.506015710977,-1333.6681908781563,-9855.830165965961
78.40407259417523,2548.201051636196,-837.9728005385722,66.2123794623088,2519.3848024890667,-864.482435430914,66.36735428482446,2487.864926268106,-884.9538745510808,55.44651090927792,2446.032312031556,-918.2973967687292,0.015846940701377897,0.015914878726723584,0.015596089413034378,-518.4871740386562,78.40791989382797,-811.7174440343294,-540.1992541787272,-2247.1597858835185,-1104.8770036744233,1.0526420911588628,1.0,2.0,1.0,1.0,75.73200555794483,2550.2836843657037,-840.1321094351491,-540.1992541787272,-2247.1597858835185,-1340.4679371743332,-10127.010266666299
544.4748088719676,2610.902640837266,-988.1337328374325,541.1564445357556,2576.0575266872643,-1017.2762706817801,537.3889234156107,2541.4446587588645,-1050.6083734830456,537.9008041311538,2505.4958439233706,-1079.9142126344634,0.018650707591807533,0.015468153676012921,0.015511325316827251,432.83801509043286,213.01389056457788,-1012.3511929131097,-104.20274777427534,-2283.424876499114,-1889.3014682154242,1.0003698134153518,1.0,2.0,1.0,1.0,542.2509002534216,2610.610010888656,-987.6404669131198,-104.20274777427534,-2283.424876499114,-1758.8913373437,-9638.19801913921
633.4686646618801,2574.1623846455814,-777.1388293552637,629.3152690562399,2526.4869420325163,-791.8800705752443,626.6017933697777,2481.0630415112405,-803.8142880489963,623.031729242719,2433.8635324003208,-823.002543775125,0.015040609211227076,0.013678974358222164,0.018244836339117894,526.7616010839303,-49.580704836613094,-937.6385351684398,-115.57509119794223,-2923.2373928312377,1930.4662479671854,0.8480355800914335,1.0,2.0,1.0,1.0,630.2013077060813,2566.7167617473406,-771.647873860875,-115.57509119794223,-2923.2373928312377,-778.4310903504197,-9402.520612922435
-316.98577228179545,2493.1397881547573,-770.1509506984262,-307.0140601703593,2439.652023399697,-782.9212446262694,-296.0883967474859,2400.705068491251,-788.2448091293328,-289.7389941029628,2352.305955548607,-821.1080345601214,0.014656391167719263,0.01740788390239592,0.013733862660947574,-1.2898426141891912,-53.783329313437825,-981.2479484204149,360.8875430888877,-2930.954472225373,2079.7419030313868,0.8192018622689379,1.0,2.0,1.0,1.0,-313.4575673860776,2481.49228916151,-774.3081622321224,360.8875430888877,-2930.954472225373,-544.3356191868455,-9736.220036021197
-450.1490554515345,2535.5358163870947,-489.1408110818843,-451.0004651872464,2496.3593644145794,-497.5264037507931,-448.8789935498234,2449.578973619481,-512.3687699376844,-445.9729587563896,2409.7411388023525,-522.0587920716929,0.016549963120008795,0.014315521295485833,0.014449109359573758,-299.4974887360011,-87.21683973242929,-830.4883875966711,163.65172951362385,-2742.0738087480813,-2664.5774374879393,0.9096854062249323,1.0,1.0,1.0,1.0,-455.7848904215165,2531.4636476219875,-487.952288151945,163.65172951362385,-2742.0738087480813,-624.4512229462498,-9794.89191498982
169.93135318814242,2473.948840086277,-521.9628965022993,164.03748644388517,2435.390307753682,-520.0430139573214,165.59806827575287,2401.0337423280666,-514.4857371694268,166.82988904704507,2354.084743938777,-528.2876424865578,0.01592515751441034,0.01309727475377952,0.021411683315313523,13.011307351335233,14.956211133789232,-911.4613826219652,-155.6340048306511,-2475.1421429685984,-2809.1482330826243,0.9445658844164974,1.0,1.0,1.0,1.0,167.86714215783365,2477.7226433875535,-521.3977217329516,-155.6340048306511,-2475.1421429685984,107.13413504884778,-10101.31684156199
417.5192440062903,2589.7482940341897,-726.1609579613021,424.5231651502406,2566.08211834451,-737.2788387847107,416.2861781425634,2538.917833941109,-765.2909783888807,418.0291534194696,2519.085912451134,-799.8652855180424,0.01343797156491415,0.015581063080575481,0.015390858599666723,160.27537545665132,297.63627875219527,-1006.8513465148461,-181.91705021474698,-1581.1145265535552,-2715.0583241287923,1.4055901067548346,1.0,2.0,1.0,1.0,424.0550982680347,2590.2523422548675,-725.8365752239074,-181.91705021474698,-1581.1145265535552,-1382.8610336843687,-9715.088042999725
14.51503161772009,2549.167219256449,-971.9408843925755,19.72587470791246,2510.90707362532,-996.3653472031874,12.68978060367887,2455.9780672588736,-1032.8762160105996,17.13762675870545,2414.0170127481656,-1058.285135907099,0.016244084254147473,0.015812873489383344,0.013141557789785659,77.36163470828679,14.318752172165688,-869.6698386786658,82.10495168049198,-3240.4610455483503,1427.5391464565585,0.7398014844666841,1.0,2.0,1.0,1.0,12.909247639100613,2558.0806729276255,-964.0540823487678,82.10495168049198,-3240.4610455483503,-1960.0279344393314,-9554.216317309387
-299.57110377715117,2489.835982629034,-890.5641117263209,-285.7090531417492,2439.435114844102,-884.8822986266434,-284.5847988674947,2385.8971858376835,-882.27990656132,-258.3810127727043,2327.329248197436,-884.725946422984,0.01558073939114704,0.014095653595561607,0.017717267178846974,425.27646273586527,-103.97838062433684,-1019.9570362145478,920.8763332757902,-3281.685382474271,1604.309679630178,0.742606339834445,1.0,2.0,1.0,1.0,-302.21584055200947,2488.553071530342,-892.3232089638591,920.8763332757902,-3281.685382474271,274.62370559963347,-9790.514089705986
-333.4838897999853,2510.7900336654643,-857.9496677079231,-343.5028275371492,2478.2059201221014,-854.2756446760801,-329.3457223522795,2446.2320955679206,-866.1432580619327,-342.13198537258677,2395.630343645984,-874.6940880487222,0.011346519481160045,0.013355024457522343,0.017277896629364815,-394.3349657687304,30.237383322934217,-937.6901914939622,-52.661929475560925,-2251.558797875459,-1255.7555750926263,1.0580205594319514,1.0,2.0,1.0,1.0,-336.4068433456123,2506.952060985929,-857.3840124271214,-52.661929475560925,-2251.558797875459,-93.20484856172635,-9768.631221657637
-31.297294939147633,2461.388259912425,-887.4032990467526,-37.98139758465565,2422.0981932897203,-911.3143404594263,-45.237708524221134,2370.6328561929213,-952.369192882523,-46.733508862263854,2326.8688707144843,-994.01955175527,0.017701592770295455,0.016023713011216953,0.01809167852517428,-197.99934126713805,90.58406129221967,-806.242423865723,-185.8277775671747,-2713.651140614724,1581.1550528380171,0.823183015693314,1.0,2.0,1.0,1.0,-35.40003589585979,2465.0288093301074,-883.426694075168,-185.8277775671747,-2713.651140614724,-2004.0313225578375,-9816.38510784245
-484.5139684252546,2514.9114472748847,-721.3129075507186,-475.90192522576893,2459.3576205370305,-744.8339305999874,-459.3099940415251,2422.515747243713,-769.0635439832498,-448.33543260773456,2372.6122234532095,-803.9414799525381,0.015182318273235818,0.017484678842556552,0.015128443922465686,188.47551211768712,179.68298943956597,-1017.2944843700405,847.8982090294228,-2917.0504004934373,-2858.7355170408723,0.7522045589617425,1.0,1.0,1.0,1.0,-489.8430551058519,2513.3233098343135,-716.2258200696836,847.8982090294228,-2917.0504004934373,-1475.9405811452239,-9955.508924491809
-61.762885833189735,2451.577606263307,-703.5975929419405,-61.54731405274425,2411.1216296745843,-697.7850721324111,-67.72170952087404,2366.7447561821914,-693.9377360357358,-70.87314703442321,2322.020523866322,-687.9717447944753,0.014669909859068698,0.014173887497400808,0.020480085030503577,-245.97789821116157,31.081812644277647,-920.1856445169353,-207.53749809939606,-2702.7704259489583,-2126.4359633505933,0.8456761176130276,1.0,1.0,1.0,1.0,-60.23183741220248,2450.0613438685923,-703.2113348275901,-207.53749809939606,-2702.7704259489583,558.5582386208121,-9702.233224904729
225.01974134326557,2599.5831238459905,-454.71873699139394,207.96616823289827,2559.2525017610724,-458.29075076841036,215.9170985119609,2524.3695687514705,-479.84420696097226,192.75811793759814,2485.6058415798498,-497.87061004363585,0.018217380310090105,0.013838949129786275,0.01532388620590006,-356.339275380822,111.79789991219471,-918.2903121960196,-581.5466225082083,-2485.9788725781737,-3154.876372387337,0.9526197843542242,1.0,1.0,1.0,1.0,225.20734712738727,2597.776772490366,-452.4292076707578,-581.5466225082083,-2485.9788725781737,-798.7853103426386,-9998.481449315568
659.4589032389619,2530.085659074368,-761.7027465972709,643.5828074291785,2482.7852443653424,-791.2119034289882,630.8946035871187,2440.4723791491792,-817.9605668783611,628.6250738241495,2393.631915119039,-865.973937927996,0.016734928925780688,0.015579898842546878,0.01733008810475281,147.08614219839916,-139.4109473033155,-1008.4039688887644,-567.4029820075815,-3000.013191076383,3043.805916445804,0.8403550841269203,1.0,2.0,1.0,1.0,652.0747961851441,2530.6007927546666,-753.0025597832578,-567.4029820075815,-3000.013191076383,-2051.9135147770075,-9896.78748266992
200.0759206336102,2520.021444877628,-721.5384242495127,202.28706118523894,2489.4588528975814,-727.1813721718433,200.09137745736814,2443.383917981463,-742.4350537390878,203.93709895692535,2400.4080011055353,-759.6063770838861,0.013647228992448296,0.018618361459431798,0.017781726585676637,242.25069290877332,209.93216538983518,-806.4480401753426,35.48974527862667,-2325.749289412083,1542.140966866783,0.9449526829624441,1.0,2.0,1.0,1.0,206.93839635654172,2524.0527083548627,-714.2871670935117,35.48974527862667,-2325.749289412083,-746.5963373818178,-9882.002282151168
-270.65822435528554,2616.809113293775,-498.2617852287268,-284.3839577272079,2581.3629997134867,-504.12800635018726,-273.14218222994947,2541.9200083466644,-536.5759234765791,-265.8320160676195,2498.1413701950582,-553.7102141056752,0.016025567128503518,0.0195285063128304,0.012532242109087328,-31.481708620354368,-13.561495875374519,-911.6734331835661,223.51854966652405,-2373.862733278083,2997.752179690038,1.0569136844495772,1.0,2.0,1.0,1.0,-278.46970600186324,2609.556824396908,-494.9482367530653,223.51854966652405,-2373.862733278083,-828.4865650488347,-9959.762638692313
-386.42921903695503,2635.6406670820897,-525.4133531643737,-387.0057680324149,2599.356183773721,-527.9385085752896,-383.89992378038806,2561.7332279932643,-534.3278635619906,-395.1298749232999,2524.9040396418977,-540.4658209374154,0.015613298312798358,0.015900403238296737,0.01535935500781109,-470.9320481396561,49.20685946151565,-860.1517000129903,-72.78413886495366,-2258.1394203593563,2597.3742380147346,1.0981269434410914,1.0,2.0,1.0,1.0,-387.5942091392889,2634.77649577298,-524.3297435169961,-72.78413886495366,-2258.1394203593563,-103.3311981669433,-10029.765056024795
88.43255603942035,2679.2129861377193,-675.0773418611619,81.38852463091777,2655.9707877394,-688.093981003078,76.56019020388564,2629.1310304743265,-702.1659196450851,70.37512679652501,2595.6801699934945,-725.8007083270558,0.015183432556663922,0.01344432355286699,0.017126324608715934,-569.0873201541463,83.61998997117146,-839.763889672681,-464.54936418825304,-1834.0467936719342,-2067.4818324716766,1.369245919281745,1.0,2.0,1.0,1.0,88.25003017223344,2678.7962030169715,-670.144298582906,-464.54936418825304,-1834.0467936719342,-952.9894264723512,-9924.697872704044
705.9207979373539,2554.297239296355,-564.9031897721648,697.0598801899532,2511.1013753903544,-582.8365590931096,675.8132615023842,2471.040837899812,-594.9507426633882,661.881132495378,2432.0099622757652,-612.3319507528329,0.016043335790534394,0.014442731831817334,0.01677855740350196,-202.1501105646799,183.58860423665743,-985.1335632543864,-982.9885501594656,-2547.061336590657,-2889.2054797141254,0.882735374974147,1.0,1.0,1.0,1.0,712.0292410836216,2552.3556472659634,-576.3389139593531,-982.9885501594656,-2547.061336590657,-442.3071550909449,-9971.356471225396
-69.98660069980845,2610.5760147300984,-691.9301045566717,-79.51406831591615,2586.560205220176,-714.0934446266344,-66.93943862833608,2563.1152998681277,-721.533695199404,-63.83938719139909,2544.001019522553,-746.1999922750863,0.014021594381571727,0.01490723640632956,0.019364820366684642,156.69623883418015,330.89084979487325,-1014.0655841596664,160.62267729624165,-1554.408433080249,-2598.065241052376,1.4167063488454048,1.0,2.0,1.0,1.0,-78.61598340481464,2608.09920425743,-696.6676187125393,160.62267729624165,-1554.408433080249,-823.1183291451414,-9567.315356818803
422.5095265241669,2638.86563714642,-858.6006207482686,417.81074013716557,2605.2034932890097,-852.0242713372731,423.0591418103704,2581.297741765482,-854.9667800171455,410.93629226727495,2549.299693102843,-847.1976661288556,0.0166852552027806,0.016643644007753693,0.01680933402229104,55.92307190107954,306.2708019458337,-1017.7133517479939,-308.1607818613062,-1929.21597307612,-1798.8516863766988,1.159861766767171,1.0,2.0,1.0,1.0,428.79761795326044,2640.622129367948,-856.3265582889996,-308.1607818613062,-1929.21597307612,313.540084909817,-9722.898391198045
303.26037705064607,2579.7840985784537,-833.4816147939277,293.19595825641204,2537.5368204129727,-847.5735581982833,278.57432819224533,2492.2028500627625,-857.1278121621706,278.5524859459144,2453.519448176768,-870.840332451612,0.016315671293960093,0.014696479232776132,0.014356143899180357,-178.89435375017203,44.46981301901987,-827.9686425880548,-511.3343780616757,-2689.5233657997287,275.1571786165508,0.8946317055740841,1.0,2.0,1.0,1.0,301.75996162780257,2572.621776870759,-837.9988157560393,-511.3343780616757,-2689.5233657997287,-527.7196348394947,-10045.492642752357
427.90746708193075,2661.6315457698865,-541.6367370636248,423.78138153500635,2629.138847232882,-557.1406855378875,418.10102786188855,2597.539075937198,-560.5543281450381,415.3015119533508,2552.522787383266,-578.9290098580461,0.01185315042122821,0.016367921928867227,0.018234914238785295,254.23748183558976,104.63345558911715,-809.9238187934011,-150.08229627794137,-2250.943580997774,2331.43175284733,1.088544013411117,1.0,2.0,1.0,1.0,424.58088811105904,2659.4544200215896,-543.1458071078177,-150.08229627794137,-2250.943580997774,-355.6288404303804,-9951.954142003779
-253.6974526440818,2482.9260320153835,-791.1771813841103,-252.9475906077901,2434.2684357618778,-805.9880886477173,-252.99451265216405,2410.486042349476,-818.7592849448433,-245.92791698859367,2380.616247089412,-827.4182111606925,0.016214204469706603,0.014223279921676204,0.01784565565841562,-121.64649662502424,109.60323386927939,-800.1318183917817,141.1405297049015,-2404.647217607318,714.5357078990346,0.9367168599502024,1.0,2.0,1.0,1.0,-260.66991838434956,2478.1807432124942,-793.6562244250264,141.1405297049015,-2404.647217607318,-622.7777121801593,-9538.282302651669
36.3353551492778,2568.0752962393626,-934.5863167050323,31.06831124354461,2524.7569618881885,-962.7655241044331,28.66913171793014,2485.9448749014273,-1006.4414006666087,23.475370062002426,2434.262754319691,-1041.466259538509,0.01367920050170739,0.013286849324142863,0.017580719794351198,-61.07138502362549,125.07210940955156,-804.2389093577212,-107.00699473847953,-2817.0012070664607,1551.9379273383477,0.8204532303797992,1.0,2.0,1.0,1.0,31.489665425159274,2561.7781535220392,-934.2343542145024,-107.00699473847953,-2817.0012070664607,-2211.061700352076,-9535.654647572515
-90.36238834673495,2607.164642288558,-729.9316840470076,-101.81851012669767,2577.655847854216,-759.57338114722,-107.96593335617919,2547.5069619747073,-782.4103660202617,-110.96714338773805,2499.4936647112936,-814.8047389290499,0.014038195016515657,0.014959517493265038,0.018352931604444015,-495.73301915366443,222.3401843198278,-801.2955071087597,-415.91370078378304,-2446.9524775691048,2109.7174050372078,0.927649355885776,1.0,2.0,1.0,1.0,-90.21716088947812,2608.1188499496925,-729.5252554245258,-415.91370078378304,-2446.9524775691048,-1742.051018746875,-9870.782765936858
685.7507128737403,2588.6274741696616,-888.8409660234412,678.4875673015508,2545.8121901282943,-907.4080857519738,653.8844598231912,2500.0335850778524,-929.7859503342295,642.1804449834261,2449.248581954546,-954.2696315836106,0.01688345719268649,0.012512442004767872,0.01763354712724437,-91.76274217927703,35.159164990111194,-857.4074848190314,-928.1997863657114,-3042.5818993905377,1059.3712833230725,0.7929705536753019,1.0,2.0,1.0,1.0,687.9250783679213,2590.927960478169,-885.4992017799484,-928.1997863657114,-3042.5818993905377,-1288.4197808358874,-9558.455145924278
737.6240338925074,2546.3640620470915,-787.4584669525043,719.5641039427929,2514.540215101649,-815.0693992488717,719.9272421442712,2481.9438799425416,-829.8939704324248,705.7313203416292,2437.767670810799,-859.6796221359633,0.01584165157022322,0.015791465515783188,0.019498187562997427,112.21187412566381,-216.86696454654802,-801.1204788782463,-504.7644536158801,-2252.560458779247,-1379.7669347244055,1.178868695350992,1.0,2.0,1.0,1.0,733.0721520731945,2553.782399751912,-787.2745020600037,-504.7644536158801,-2252.560458779247,-1279.770218265396,-9644.700778069506
-22.19791285311981,2494.9915283521455,-756.9024835298189,-8.164051313817955,2472.6484401308708,-788.06623961595,-2.8543059120162133,2448.585853888644,-810.958453630797,0.9302965082477654,2424.0760143625885,-858.3997029178635,0.015278043151968249,0.01417408020434529,0.015023694253549415,681.2837952753079,128.26666811561836,-847.6786501554828,505.39673083000827,-1695.7139935084313,-2286.6930613024874,1.3555241823901292,1.0,2.0,1.0,1.0,-26.271627886706028,2502.2662590274263,-751.0934266834815,505.39673083000827,-1695.7139935084313,-1820.7915641464062,-9909.86755465817
-19.739444570047063,2666.132761956526,-711.9429799383664,-10.70519642912297,2635.2030127601465,-715.8332258322658,-5.105298298156284,2609.0780581603276,-723.9682093325189,-0.8359613579651892,2567.8174828946576,-728.2942123284798,0.012228985809640327,0.014026914723655755,0.020102478860566157,419.6367389490807,-111.55782948914946,-800.4948389651814,342.1517432646386,-2156.570409065964,-1314.7886960093886,1.2436416206061323,1.0,2.0,1.0,1.0,-21.7390098623041,2670.4179982059427,-715.9356217695365,342.1517432646386,-2156.570409065964,-123.0299533918469,-10138.293194751319
406.2908565001097,2655.05259702787,-559.6797842381712,413.7809744189994,2611.896713210686,-561.0526084345967,420.1012418754573,2578.563163822099,-575.7123794777073,415.852296886794,2543.2303237422893,-578.1085328944165,0.014327294860532226,0.01514818020899943,0.016075457862102772,490.29107762067963,59.097634594644084,-859.6579422158879,69.5452717712449,-2337.7063887154472,2473.580270915528,1.064449067068364,1.0,2.0,1.0,1.0,413.0958259545986,2653.9517260688053,-558.0957994175211,69.5452717712449,-2337.7063887154472,-174.0528537975568,-10096.197319443221
-55.02026406125157,2629.166739295855,-530.2114126495917,-48.157584251481396,2591.888041317412,-545.9943803746074,-33.27894699696196,2553.8048506430555,-584.0570430516533,-26.948319685955255,2514.165770232337,-608.3967935986093,0.013822988378950879,0.01846570535813895,0.01716314552012061,606.7107722470698,60.12980388195368,-968.4138969306475,619.5876533348585,-2415.507532129177,3143.8562858906603,1.0155481607427888,1.0,2.0,1.0,1.0,-53.15007855455633,2632.645325599524,-534.3277374982167,619.5876533348585,-2415.507532129177,-1230.825584150553,-9640.863880315224
569.9582626610173,2672.889353787859,-724.08055959855,564.2181397277895,2653.6326010553826,-740.3749315236305,565.5917136064439,2628.466941570774,-744.6642626140967,564.829112707376,2588.3951250771884,-777.8023937967085,0.012982709449350734,0.013364449687259944,0.0182653933539375,284.9119812947469,111.64038159896333,-1008.2201280129536,-201.183965734121,-1790.0322121741103,-2535.9726865355265,1.3853874475094434,1.0,2.0,1.0,1.0,572.6050522945343,2671.3864450079404,-723.6519743927322,-201.183965734121,-1790.0322121741103,-1003.5487336760799,-9532.159295024769
-76.08118622560403,2476.660167176242,-525.1509638942679,-84.55807461720337,2427.315940801652,-559.9756173214502,-81.56241222330854,2389.285186348179,-594.3097391084791,-74.87448039181423,2343.738332787523,-643.7969109570802,0.017780221583987184,0.013883394902206692,0.0158661237371793,116.40411673577108,-142.30670238776943,-803.8736771216257,222.16033379051345,-2836.387190907555,-3093.888857339774,0.8774702597766275,1.0,1.0,1.0,1.0,-89.09419202045353,2481.3514492017184,-533.4565498247597,222.16033379051345,-2836.387190907555,-2055.6343004168243,-9886.779797154239
58.391627251325694,2677.6042060916066,-756.8417010182942,65.88797252099037,2635.283453526097,-764.7186589291722,67.03850827507807,2610.9030024806493,-774.2997154274356,74.66870676903342,2570.629584746842,-783.452797061976,0.01801364063199122,0.015816498038993376,0.015381205500107742,598.0315981011289,80.44232433250303,-803.8429561744297,447.8888666891435,-2128.228770326432,-1123.2953817702983,1.1707886558289036,1.0,2.0,1.0,1.0,51.607180740376634,2676.881424130749,-754.1577428374889,447.8888666891435,-2128.228770326432,-538.4915485981303,-9780.25048140006
732.2478511661105,2487.3476304519877,-736.6620570459635,721.2835342592581,2447.3037467368054,-752.6671813237573,709.8507396213614,2411.2044728171,-776.4672519284118,702.3107350766018,2382.713396673072,-798.4133880110913,0.015857347162596454,0.014412249354892822,0.013147833900540078,151.11376515930723,51.55648665928394,-801.5758317951388,-590.5741838159399,-2496.070999162662,1654.289390200827,0.9315825695819714,1.0,2.0,1.0,1.0,726.9235943798506,2485.2257108428753,-736.4043138353113,-590.5741838159399,-2496.070999162662,-1212.7247491401765,-9721.613229667984
60.10873059523884,2548.153748135811,-749.9734957396456,74.63195214819127,2499.1361483167234,-770.2277223529605,79.78210050108308,2454.7113803375364,-783.0240032192056,83.7252923419098,2408.8477756034304,-804.6410018101587,0.018928516350500118,0.013123370846397083,0.01601714151026816,535.4132819019616,-50.845387464759035,-1009.1752798665291,555.5494440637982,-3058.960148514939,2362.7177239666225,0.8019309712928353,1.0,2.0,1.0,1.0,63.196254447733395,2549.27073877295,-756.3126357416686,555.5494440637982,-3058.960148514939,-708.3232455620465,-10048.39530753778
31.1303035309516,2554.1184609529496,-512.7066113730709,28.942669142326064,2515.551424188882,-520.1185033720101,32.149532017051435,2477.564027996499,-537.4936388035313,16.428630404101128,2439.1531575326344,-547.9273657736096,0.01582529327145427,0.013038059999344119,0.01487504396619305,-279.6775018863644,-3.396561737703564,-848.2422054287414,-338.7913672123637,-2716.373503530036,-2673.217669271298,0.8962616027630093,1.0,1.0,1.0,1.0,38.78638329325827,2549.9945315805257,-507.0513715663013,-338.7913672123637,-2716.373503530036,-646.9195503305493,-9859.763930330724
587.6533958366277,2501.136180068601,-835.199247698901,565.2484634707909,2453.9511156576505,-834.390991135995,555.6631320862484,2397.4667456004195,-821.6971724894844,535.3270227696172,2352.9081474501913,-822.4705255777158,0.01735706207325018,0.016266681686956223,0.015509044273521552,-166.19212347421538,101.32726757410703,-982.2536589946997,-968.8557907640026,-3104.4436745484545,-1783.735015632272,0.7258672119662726,1.0,1.0,1.0,1.0,584.6711143678872,2507.2711153491678,-837.1681325436163,-968.8557907640026,-3104.4436745484545,619.2308342514315,-9645.458418869359
-272.7727575069052,2662.018907819969,-722.0913321969417,-270.7220089517661,2633.490389689394,-735.8005508010971,-283.7558622558855,2616.7826842898808,-758.8495635402223,-283.77781822293525,2582.7143308798622,-787.2798631758908,0.014767197825096511,0.017441678327522518,0.015877716698766725,-291.33638418636554,368.680850112574,-1018.510934722028,-10.413806624472556,-1584.3116965474003,-2727.8319030244347,1.4019134071486052,1.0,2.0,1.0,1.0,-276.236364580888,2665.932810106319,-712.8126648840973,-10.413806624472556,-1584.3116965474003,-1208.2129313387013,-9784.114272919505
116.7000702518865,2675.7029176769875,-562.5064642547176,109.19134017545402,2637.730788650146,-585.3284670814153,112.3946033362404,2600.927114050006,-597.6673259116346,105.72750740967936,2571.255102421594,-620.6772183354528,0.01701162543837322,0.016492924550304346,0.01594837218244078,-267.2336144819662,168.58560061034927,-807.2614470124084,-350.4175045697067,-2256.884546608172,2300.037497548639,1.06054707782888,1.0,2.0,1.0,1.0,121.72981559040818,2673.7274473454318,-564.4878428193742,-350.4175045697067,-2256.884546608172,-762.1432282430774,-9700.735085530765
765.4939381667409,2566.7888422346514,-878.7621583468467,761.0201484254908,2519.608467419359,-903.2606730856368,754.7425360446969,2484.490577633083,-915.1075474551166,747.8640765655443,2433.469145943571,-941.462052376166,0.014718658940676962,0.014321313972121235,0.016835855460868538,374.2527375218505,-63.06769708106315,-829.5906622877252,-416.6938745587132,-2792.502633469151,-238.51637971961478,0.894124171626334,1.0,2.0,1.0,1.0,765.9449796070464,2561.8847783799383,-877.5053737718183,-416.6938745587132,-2792.502633469151,-1009.3843965879596,-10026.645940699707
-248.7755238395008,2472.142095500449,-930.5388094866784,-257.2498196904923,2418.4329343075624,-939.7593129022065,-258.2087355934338,2356.6622267091757,-969.3980526850096,-257.3657448522395,2293.6790521646335,-995.6712052984298,0.016252130777807513,0.012983941611723233,0.016355061170678652,-445.48835806231716,-151.8224174056266,-1019.0746734228087,-288.51189735969757,-3823.9550045996943,1898.3971037576039,0.6394088664397911,1.0,2.0,1.0,1.0,-247.85770837092613,2467.586760745168,-924.4125425267703,-288.51189735969757,-3823.9550045996943,-1320.059301474365,-9833.915204122179
-395.313585708148,2456.016380715526,-763.9151929385129,-388.91271640013457,2404.6173833723983,-750.6740171351726,-374.7027630335324,2342.1023437733247,-749.5620996112393,-384.4035535134884,2279.2284457269066,-747.5921210348943,0.01257661584531212,0.01338867873118357,0.015920536108028748,-92.23792332929686,-432.7953279924507,-801.498831165923,391.4624335631544,-3802.5368496309306,-1080.6967357552473,0.7181141693154761,1.0,1.0,1.0,1.0,-389.7493728372923,2457.1326777270588,-761.7436262003013,391.4624335631544,-3802.5368496309306,632.8981619662229,-9657.662529738283
286.1742000470609,2461.0105446413054,-743.3689250139527,283.07676381867293,2415.9460714313955,-760.8841967831307,275.4888949866982,2380.8962086917004,-777.2853502381652,273.74190994343746,2336.900329352318,-801.5868227529038,0.016142405234493007,0.017477316436224716,0.014830543241934335,-104.97270621151976,51.7605516580342,-856.8176823525598,-412.07830349274377,-2532.4389224803745,1670.8675696457112,0.9015497350873487,1.0,2.0,1.0,1.0,286.50168210658694,2457.577528014393,-745.0003570198393,-412.07830349274377,-2532.4389224803745,-795.6992135236964,-9656.661203431866
208.4871987013014,2537.8361117775225,-837.81201572448,208.92896678603253,2485.186887455387,-846.1393036671012,203.1579683591629,2431.9610205605695,-866.4809671426871,204.5991993871719,2376.179348758387,-878.1790309958303,0.014210329957917404,0.018220845538342117,0.015105400479465292,174.41581784139686,-147.91226054553528,-1015.0417248617131,-44.97938179934904,-3421.383283284463,1899.6659496775524,0.7374634240242758,1.0,2.0,1.0,1.0,209.72463255388732,2537.873616832771,-842.7418959957365,-44.97938179934904,-3421.383283284463,-565.2034893085909,-9548.180806893484
69.49550540402669,2679.79225843417,-626.0307833680304,70.02958935103365,2659.7096017394515,-632.1803043517986,74.33925744085907,2641.36521199598,-636.5721374454139,70.45642380928352,2602.5204277162757,-642.879188578568,0.014707095843769008,0.017418439210704822,0.014990493110592334,-301.3827349113948,371.20013843159643,-823.48008340467,-251.08533451689738,-1539.7616890054567,-2013.678402928303,1.4528839718349338,1.0,2.0,1.0,1.0,75.24526686395347,2680.842671939788,-619.9749902272515,-251.08533451689738,-1539.7616890054567,-266.07644116820825,-9791.033382789014
-9.847602663482068,2524.7465994947415,-885.762959149131,-9.924647789253834,2477.6896027739112,-902.3957540556564,-33.72655096423064,2430.08786535597,-924.0977826937759,-43.65320993243373,2395.496395965032,-939.3667421078867,0.016143792590798598,0.01703520872894249,0.014194358999500112,-654.3561258605769,187.93335502609636,-858.9345122242842,-746.8772589851724,-2697.1846046709366,243.7532170599901,0.8176266396807594,1.0,2.0,1.0,1.0,-8.307296838401612,2520.998038066451,-889.6112576338822,-746.8772589851724,-2697.1846046709366,-820.6689400615463,-9994.994166173032
56.27957674325911,2560.1636945027735,-469.06697882070324,49.173566566897044,2528.1704670168633,-468.2549447854457,43.581804314562284,2495.2411016316805,-475.36496186941145,27.775319344874354,2445.876638313601,-488.32184516235156,0.01407672261356313,0.01654131106271603,0.016241242397712113,-402.6706923742682,124.99555304595452,-930.8339550574104,-442.5325484426374,-2378.2130625960294,-3054.28767882604,0.9781407239260088,1.0,1.0,1.0,1.0,50.925169779434555,2562.66394220688,-463.55897600494507,-442.5325484426374,-2378.2130625960294,-347.69112076621,-9852.711334584443
459.0734869145701,2532.0805359518868,-685.481276035626,456.9754838554113,2499.040064838788,-694.4267741250795,451.3046461178099,2454.2592555911106,-703.272464031054,453.9249463887967,2411.077378699784,-696.8083397075061,0.015397462722928183,0.01631571486576434,0.014183233812700733,426.42733685749863,-147.13192628335943,-1007.4383835108451,-27.752589129704972,-2780.188132995163,2505.9115981373116,0.9191035885986075,1.0,2.0,1.0,1.0,453.20858536766355,2535.7496220569733,-686.693292353167,-27.752589129704972,-2780.188132995163,-120.96537172823734,-9767.781506523866
-15.201428846887705,2453.3605779019567,-633.9653844318718,-0.7740398140113092,2414.9118088862792,-649.7811657234801,-1.1677387353097695,2355.2031970074822,-671.4931158787233,13.071544778732695,2306.809990725727,-700.8119401424872,0.013873812294995163,0.015389628780176032,0.015788172785186346,480.7435454906032,-49.763341618119156,-810.5410539412748,615.0074058329044,-3125.8215862626053,-2229.3967721835916,0.7549483861396431,1.0,1.0,1.0,1.0,-11.262379175722117,2450.8939273919673,-634.7878886674505,615.0074058329044,-3125.8215862626053,-1242.4313540959376,-9749.86764558462
-94.62067938603445,2498.8792634266247,-803.7278506956848,-84.15404087711624,2445.2007729537722,-812.1583694293851,-70.20236395483187,2401.5351126900455,-824.1066757154829,-62.360930650967404,2351.5198916783934,-843.0788173930262,0.017496502903061508,0.017664877728648744,0.01635868840371696,423.2758645374772,26.66749544867717,-1003.8092678817916,628.7143235444414,-3040.8527862850156,2067.721670557046,0.7634799309645734,1.0,2.0,1.0,1.0,-89.12630915124328,2504.962516270956,-804.4151107017835,628.7143235444414,-3040.8527862850156,-554.7609951888221,-9951.942235457109
692.937269549138,2519.0154507304,-775.4161576905391,683.1333463242408,2464.3247121587174,-802.1441460351267,677.1105073188074,2430.0837187099487,-829.0870933299453,672.9886809120118,2368.8431532906766,-866.2522455761999,0.014440934307311776,0.012402221761858335,0.019150170923307324,246.2694312908668,41.09502631592434,-989.8543546946687,-580.1413635213601,-3187.329122371525,-2906.100963862377,0.7290066730075231,1.0,1.0,1.0,1.0,695.8789880199199,2511.2750961538572,-768.898276715255,-580.1413635213601,-3187.329122371525,-2010.555428732306,-9964.46931119551
-57.19217631680515,2558.758407602554,-741.1439868592928,-55.44165146363904,2517.878673726896,-762.2017816560017,-41.27302112674431,2481.14893082841,-791.693853045287,-32.610361103649645,2436.0242285286504,-835.2227174105913,0.012013013848631,0.011646545675038773,0.017776162986179084,361.6715721706468,45.441901415768825,-910.9739853432578,455.1862981876632,-2736.5827321123056,2564.2193170993064,0.8785642774901519,1.0,2.0,1.0,1.0,-57.09982216200376,2563.098014959094,-742.7595700114435,455.1862981876632,-2736.5827321123056,-1803.951797493251,-9874.102102389263
-396.24983660341536,2704.040099562528,-652.0984671065686,-386.59010538957546,2678.052364247411,-664.5385478569995,-376.12924861630955,2650.21217751232,-693.016791523071,-375.085839335577,2620.6956960414486,-724.3642826564588,0.018303181942772143,0.014986639734906444,0.01643167187592428,183.49814294979467,112.11810122529164,-851.128345216502,382.8704366056002,-1729.0244880337684,-2429.9819491356952,1.4502785064463972,1.0,2.0,1.0,1.0,-390.80751195861137,2705.6548332759585,-643.3257258247158,382.8704366056002,-1729.0244880337684,-1337.902476852142,-9903.73660860195
50.89357247664089,2570.3698706911787,-831.1905996184181,52.39519578209787,2541.0080647956397,-831.2065609664492,59.55460317377068,2497.116834315699,-832.3848459541388,54.29961213814852,2461.61341368863,-837.7877336767181,0.014835927834427557,0.01323962816523816,0.01646067920355976,105.41710634899977,-4.00180484972552,-835.5386227337443,52.04669610749737,-2466.553832159885,-198.15018069335332,1.0004637647967742,1.0,2.0,1.0,1.0,51.028308916663946,2573.546949757348,-835.2100650116881,52.04669610749737,-2466.553832159885,182.30868136383032,-10009.232084132454
616.5595338041877,2448.1076343131876,-644.2018804112005,618.2462693479201,2403.1199465852924,-637.5140532272309,612.3993805407858,2355.837245197744,-640.5065587785411,616.3761055275967,2303.860290994134,-642.6987802181412,0.020099556495553002,0.011555483963953714,0.018304414849190598,493.58706188994887,-127.08384868757749,-809.1675874581216,-148.37275432859377,-2963.18649082934,-1911.6353938956142,0.8200405446913034,1.0,1.0,1.0,1.0,622.6713581558313,2450.88839833394,-644.6881944813953,-148.37275432859377,-2963.18649082934,514.3640440519873,-10306.563931644621
612.3105638265616,2711.228262212424,-549.5542335434084,600.2344084502582,2670.5062142808747,-543.8635727672303,590.7210547544843,2647.623360765019,-540.7392411406938,583.2059612121566,2610.3487497130413,-534.2847720559347,0.015479649226167727,0.015610776096638086,0.01605586713925817,-98.76325088105362,282.75754275822294,-806.9431745738591,-584.521672806653,-1994.5527722296856,2329.1639821109893,1.167853707537932,1.0,2.0,1.0,1.0,611.4305815790285,2706.1391610172964,-541.1543380493921,-584.521672806653,-1994.5527722296856,387.89681558592616,-9924.597136551793
323.10590833927233,2571.414711089567,-815.8796208421415,317.3714200980892,2542.3455051531246,-833.0869676210687,301.1076144434546,2514.053704657114,-856.8761291682802,279.1294023693356,2481.703394400446,-882.1625548862701,0.015758502374845246,0.017692222966599017,0.016413936974697882,-650.993040770835,197.0375167006796,-888.4847747184651,-817.4571462330765,-2003.91775817394,-1609.69053589396,1.1401353376838546,1.0,2.0,1.0,1.0,321.78096324652483,2581.6996489276694,-818.7039968297408,-817.4571462330765,-2003.91775817394,-1109.350998735846,-9751.344270319965
145.65868155821747,2567.2220996930764,-1007.6640933838147,154.49153146498313,2531.1549568153646,-1054.8578153399217,144.09148310192313,2478.6172643799505,-1091.2262773593218,154.79373684340177,2465.1946844281824,-1127.107559255843,0.015156140440426699,0.016098943234217903,0.011461035805186405,367.2953751920286,53.46946938167429,-921.757954126408,198.81255307271877,-2263.3360544768093,-1850.791841784524,1.0672838805201672,1.0,2.0,1.0,1.0,146.61344128131066,2565.7724898509273,-1011.7837424144362,198.81255307271877,-2263.3360544768093,-2275.7424559134997,-9735.707465583808
730.9434213113392,2534.3320434511215,-877.4066924266893,711.8305488595278,2495.2118019537497,-885.0966599390957,715.7839968912838,2463.846142777705,-913.9484332995539,702.4467902941007,2436.7054861035163,-938.3286098989054,0.018245751319846525,0.014329279289279358,0.015030838430432514,49.09336299871834,93.7757900457652,-1004.7088640762672,-604.6213794117116,-2163.393292062159,-2026.5167653877184,1.0773941309604396,1.0,2.0,1.0,1.0,729.2924148368954,2527.5932436156904,-872.955620245517,-604.6213794117116,-2163.393292062159,-1190.4205692201188,-10209.816749102689
-194.8056368826511,2486.1997847704906,-1050.4900067148121,-187.42555789778208,2422.15756301669,-1090.101124525621,-172.11535342696027,2367.2303040058378,-1110.237644708639,-166.36295823165256,2309.4360223569906,-1139.6978077297629,0.018235275607459064,0.01593367858124968,0.016427232340660354,297.88979568478686,50.3539402991463,-905.1924404494723,744.270407729814,-3636.627677700681,750.431723458662,0.6194038134706313,1.0,2.0,1.0,1.0,-200.77137749418796,2486.894484358603,-1046.496942124292,744.270407729814,-3636.627677700681,-1856.8939196767685,-10204.91515186287
252.3916380328366,2572.3005983452654,-871.6706721029177,256.31907677675804,2546.4703808717722,-894.7467842735965,251.06546557165285,2505.712578804805,-910.8102983292144,262.6189786478678,2467.9227079980824,-939.5980280680552,0.01619842413604584,0.016600259904481166,0.014957365491699182,497.87342839153024,303.1636724504007,-1011.4610557730692,219.60570176251065,-2010.6877969571847,-1939.7661287575775,1.0772439504677718,1.0,2.0,1.0,1.0,250.81701390870717,2565.1874440272322,-876.6170981389864,219.60570176251065,-2010.6877969571847,-1050.5864040622068,-9862.272096104885
-125.26469267983403,2459.344302069086,-516.3859812272433,-120.50712182702183,2438.094625553376,-538.8193819125502,-107.55400062133222,2397.249125805875,-566.3725775182904,-106.88872388858938,2366.032840986657,-588.0561669885693,0.011719664223517673,0.017856840682095074,0.013479819175718617,219.8015996579139,178.1614916930888,-801.9820910805978,305.35138518944075,-2039.5330655426026,2669.483556309742,1.0769436759186668,1.0,2.0,1.0,1.0,-122.19195175425966,2462.4385251007907,-519.070662504465,305.35138518944075,-2039.5330655426026,-1239.053883720083,-9882.700167082037
41.585459689155236,2551.2183528912988,-719.6717356213521,26.621145650621333,2504.540981882841,-736.921077082104,19.91921201683903,2467.4184449445593,-762.4126828733926,3.9810079854722873,2426.9088034968504,-780.6842478795685,0.014524689398053525,0.016987928199420587,0.01682225432934946,-545.6317755172147,117.86381038854718,-913.7140690785344,-623.2013835994442,-2601.5121082451706,2221.72240535835,0.8866651280731771,1.0,2.0,1.0,1.0,37.06151814826376,2550.2776315977717,-720.3635501147162,-623.2013835994442,-2601.5121082451706,-1100.1730659993138,-9635.93674545804
482.66966059284334,2461.246496810442,-622.844480305165,476.347850253312,2411.167818973572,-663.2612278743576,470.5709537503924,2374.7995714394006,-690.7539569685053,469.2778674707215,2330.2399232765447,-736.1308926741889,0.01648211911586218,0.016182948493376967,0.015228843168079848,111.18208001597867,19.917304828906595,-922.2790016878632,-419.29549056519033,-2745.623806668536,-3086.492007451419,0.8421060892226817,1.0,1.0,1.0,1.0,484.35506661900104,2463.5224927639047,-623.1362756734004,-419.29549056519033,-2745.623806668536,-1930.6250164646037,-9693.620654211443
679.5171448893998,2582.3406009052514,-691.8211949916506,676.2002026913897,2540.5278733262385,-714.2054087690232,668.9971229512809,2493.9353003404945,-749.349651029917,668.290707061452,2450.3645987040873,-776.4401544020244,0.019404771509166144,0.012323302722619417,0.01951755845286334,578.9498455033263,14.80173817886282,-869.5836422680961,-101.26646344822808,-2583.1246660929637,2518.4582908499233,0.9437543673153519,1.0,2.0,1.0,1.0,679.7099766343088,2585.010780941354,-687.1080303136941,-101.26646344822808,-2583.1246660929637,-1694.7190213935646,-9511.199119367546
47.236741178661426,2642.817831899298,-470.1990360700192,53.47410018981522,2617.265296612052,-480.58384655156055,54.20887936747383,2584.689146683046,-482.9512793656941,44.08095231477028,2553.8817534390055,-494.4032855997414,0.014715272921472034,0.01504448873485752,0.013758159761314163,165.34796491267534,263.44278547082604,-802.0333710434614,99.17866268829056,-1990.1766176564695,2551.142510079657,1.1514820785823527,1.0,2.0,1.0,1.0,46.82946300016749,2641.7038435703084,-476.69961837136805,99.17866268829056,-1990.1766176564695,-283.49051875487635,-9880.817066606065
-235.0807928640391,2595.8325842803292,-482.5295266321566,-234.9729051882356,2559.64507141888,-493.0057906803227,-233.21148057208995,2529.4478220063147,-523.7785693780587,-228.1947391475918,2500.0959169005178,-542.9536862738148,0.015123433121686954,0.0186960073221377,0.013052664199968672,-182.04581681697132,103.68656463221834,-828.4492788307078,43.791810863154396,-2200.9906815436398,2875.1746828482947,1.0881278953562044,1.0,2.0,1.0,1.0,-231.74952214665223,2601.810988184256,-475.93656010507107,43.791810863154396,-2200.9906815436398,-1093.673700086778,-10030.010860390272
-165.1196878625307,2528.764856970582,-1002.2569565804758,-159.9250971833572,2475.620491047627,-1004.7086950768717,-162.4327119607077,2415.4641294049607,-1024.4156279694555,-172.77995496922858,2369.1664113895936,-1030.3048043331073,0.013479193783203886,0.017205644461757853,0.012461822682340355,-321.0716933116293,31.90951188761207,-994.5593809728429,-234.21098921648993,-3459.6846935436783,-378.1548944691597,0.6768533390726984,1.0,2.0,1.0,1.0,-152.43978107575657,2522.882491239053,-999.0237598050869,-234.21098921648993,-3459.6846935436783,-481.1078326966879,-9803.603138736997
314.161118095577,2434.777862812602,-836.8741868666921,312.1665945933136,2413.294037183624,-841.2183154517459,306.67423086116656,2386.0580402593114,-852.3325272702648,309.4289558506184,2359.265727377472,-847.6347920985137,0.016160099148171306,0.012150844210968152,0.012023905470969352,266.2223878929643,251.39663240499993,-1013.1429210567123,-38.433392936629176,-1803.3623993833885,-1786.1174390917968,1.1696651511698875,1.0,2.0,1.0,1.0,312.72679334629083,2433.4651356588975,-843.2804952981381,-38.433392936629176,-1803.3623993833885,-37.00459230527465,-9389.261370908362
53.34231586721608,2613.0518726596274,-722.2584220244568,55.26057882328708,2595.3585473109038,-714.7995785052265,53.17682959540234,2559.6136492967644,-727.4771588469331,47.85401039840509,2531.5726271834424,-732.71258505233,0.01583990374766713,0.01576724104796149,0.011584213981149383,-227.9939823920172,88.97145038512859,-962.1568865688944,-204.49465225819284,-1824.5341009819547,-2205.5658234105804,1.3418086412232144,1.0,2.0,1.0,1.0,55.231110985580585,2615.951180245146,-719.0288619507716,-204.49465225819284,-1824.5341009819547,-251.59565517481735,-9874.94682722777
-442.29602036581326,2456.931318537673,-816.8018597384252,-442.31728364414704,2411.669506717084,-852.3330976469,-430.4449176820423,2356.577599485088,-879.6813891374544,-418.7395593566777,2304.750083764382,-915.4492687637432,0.015257448575575717,0.016358923291022075,0.012709572152784315,-56.893711922765064,-14.799159972152701,-908.105502131736,542.406076909416,-3478.990290158636,-2358.0847248967493,0.6656740559806185,1.0,1.0,1.0,1.0,-442.0020265284498,2455.283946040472,-820.7940296078823,542.406076909416,-3478.990290158636,-1974.0265445272714,-9531.080803115192
-44.97719820354114,2478.8583839676526,-942.264016658926,-35.04902221138611,2451.71652266723,-955.1786527547569,-26.669155162088604,2414.1583190034494,-970.6256778061193,-16.37227163820703,2372.997022560737,-996.3181250116533,0.013864847242347272,0.012216430380290048,0.017746893895885373,631.7219282976707,218.1079435130066,-959.6755441069159,680.0174536385767,-2283.083508634153,-1383.5191996562473,0.9461718284814781,1.0,2.0,1.0,1.0,-41.4953508045204,2478.360617060829,-937.625082944403,680.0174536385767,-2283.083508634153,-1218.1405851519457,-9768.36471323964
3.0639572883446258,2520.171670200681,-789.7403835250127,6.398957831126255,2474.087033235924,-816.9959615443598,19.922276483370183,2418.4768368120176,-857.9674671207247,32.947096462674494,2374.8486745535142,-894.6045330481327,0.01816751937626733,0.015563791991666149,0.013021985948462565,554.1725329953481,27.680632318166317,-983.447724367177,637.7531505245479,-2896.274398784118,2876.702354560406,0.8132467026836045,1.0,2.0,1.0,1.0,5.704823544238309,2518.476615272516,-786.1345682938388,637.7531505245479,-2896.274398784118,-2067.82498203933,-10138.026809791529
392.79946167140986,2653.918429669368,-776.2719719264002,382.2521890086159,2630.371225437724,-776.6779741867629,380.1343745690146,2596.714848051291,-795.3434895894095,370.57643461386596,2579.045637833902,-806.6871878246152,0.014998095911802215,0.017456133072481617,0.015612368738412527,-6.069108792630694,431.92917378134916,-1019.2918131811839,-307.16447056866616,-1727.939846802826,-2307.811906262427,1.241933402277298,1.0,2.0,1.0,1.0,390.17305824095,2660.9715761570023,-767.8917428342562,-307.16447056866616,-1727.939846802826,-418.77521889874777,-10245.532390377652
-337.63660317889537,2592.6943420784382,-521.0167981586603,-338.38915691094843,2555.554107073669,-537.9099135986698,-347.2351993537336,2508.750157471781,-557.4953487419439,-344.15246477468617,2459.8164552841163,-589.3550094958571,0.012338731594274465,0.017525257744757956,0.01715228564441809,-414.19529988724565,-44.340954023235334,-847.8906971569155,-77.40657445070796,-2821.1627906772073,-2822.719765024763,0.8879837250165502,1.0,1.0,1.0,1.0,-341.8201527758333,2593.446255259963,-515.454994506802,-77.40657445070796,-2821.1627906772073,-1252.5163779026363,-9624.807573979553
568.126358093377,2442.7693485290547,-919.7983399110656,549.6517644136376,2415.516250259773,-955.7028341386118,540.8225711580399,2386.6036717499906,-990.3014653565306,526.8082290362153,2353.913693485084,-1020.7480436788138,0.015723650384078244,0.014735793499871499,0.019408006843957274,-263.618661128314,177.67981911349398,-978.3482408120448,-711.7999293552912,-1949.8740146422263,-2034.102931678818,1.11513254927209,1.0,2.0,1.0,1.0,565.6282565705981,2449.2830461716894,-927.2280946807409,-711.7999293552912,-1949.8740146422263,-1777.1029235030928,-9588.193632799464
-60.32572456684913,2569.249894849351,-1002.8479101286038,-58.93758759169943,2518.171171392823,-1028.8445592416424,-51.64318611803959,2473.895428905558,-1065.152842097336,-56.45136518491423,2428.442141541043,-1089.306330743181,0.015188212064191624,0.018570130631748696,0.011749238703163703,-36.75398637674291,-1.49928205190486,-909.4176016834106,22.197145170694498,-2888.0198756086093,-883.1135394369237,0.8444924186008966,1.0,2.0,1.0,1.0,-56.50944557866137,2568.838407239761,-1001.1168957498319,22.197145170694498,-2888.0198756086093,-1599.7660942001398,-9696.999754082428
721.6211873018344,2478.027485860652,-731.3616996691972,699.1402655650147,2434.99546507227,-734.2570192427698,681.3297652093204,2377.1939655773162,-743.1567052270117,657.7703799951267,2332.5923469375884,-761.3111765757503,0.010791853436002856,0.01784707468223951,0.0174489288201095,-316.3493206606235,139.142144907883,-915.3158387760243,-1397.736573056166,-3140.017244980993,-1981.683722241789,0.6989121430616487,1.0,1.0,1.0,1.0,724.9644262662198,2478.4549924187218,-727.8102478605593,-1397.736573056166,-3140.017244980993,-453.3644442402236,-9924.020309819858
89.30722899207004,2512.230280869155,-819.5138819626228,77.83262004679129,2469.8199544649947,-819.7871277775259,63.93280421327341,2418.8866606775177,-826.7473816652058,51.94720422441245,2386.679465790368,-830.6789759097408,0.01620269997277857,0.018638677741865776,0.010978679826310449,-649.1679606129395,137.98386688467176,-984.8437813311473,-870.2899590770623,-2775.0075277603933,1810.7159369621752,0.8091799424590459,1.0,2.0,1.0,1.0,94.92995439794731,2510.6153031198146,-816.2706773897916,-870.2899590770623,-2775.0075277603933,-89.44203877704058,-9703.779907467346
310.4757756846722,2689.1710529369207,-852.0635193206409,312.1768530403875,2670.696066231125,-876.5956554171762,305.10621343797567,2647.476410622195,-906.5514842533593,301.15103356580704,2608.983683043703,-933.5848266348088,0.015845077493009077,0.012705768079072225,0.018261876737118658,13.61385291246244,254.67713167483927,-1012.0976578558506,-232.30523381102773,-1895.7867006942647,-2357.95785237846,1.2381872776907947,1.0,2.0,1.0,1.0,312.1260783596348,2690.76304206696,-854.4461367345491,-232.30523381102773,-1895.7867006942647,-1601.7567187639022,-9499.034302119477
179.43866233342314,2439.142906797755,-820.4170407182943,170.12680615489927,2410.1103959532024,-820.7375310328805,163.41874955343962,2373.382749944079,-825.7486953405115,156.3523849715266,2329.5485645278436,-835.9245915302894,0.011757714485830266,0.01897780105261232,0.016513275842109425,-442.07984234249295,124.36146712530325,-869.2194167494691,-670.9601016247838,-2509.928958438342,1032.002333035996,0.8777512086194487,1.0,2.0,1.0,1.0,178.55825166043144,2446.045753680769,-816.6902604580796,-670.9601016247838,-2509.928958438342,-218.54366732317715,-9691.745270811512
-328.31461771175714,2481.6317214141295,-646.9147141645097,-317.1331185390992,2458.0302196110465,-659.6471372260768,-301.3890830191661,2419.5223820490505,-669.3906320665761,-292.39746671341766,2384.866479580247,-698.2364496265852,0.014597397362613432,0.014722327357515476,0.015831528412374462,383.385643367764,76.94547972796643,-933.6410289366729,698.4015388034093,-2388.519472129085,2349.699238842755,0.9648487468674971,1.0,2.0,1.0,1.0,-321.99991082367956,2489.3501465783306,-659.4649432696339,698.4015388034093,-2388.519472129085,-681.8418693846785,-9221.263794042587
19.086144763908674,2514.0198299390686,-448.3003927444578,11.083716616611216,2474.5519009893637,-445.62783746507085,10.941427986994608,2433.6913053404855,-458.725251418936,-9.768869402392246,2387.648616364481,-465.9277716493911,0.016601845437752446,0.011780070920381941,0.01331045225418332,-661.65542710575,-159.2503240557271,-803.2379018509654,-677.5670240767607,-2648.321722816097,-2640.993045674286,0.9683076313876827,1.0,1.0,1.0,1.0,22.68726721177609,2515.554615988531,-445.8218157409624,-677.5670240767607,-2648.321722816097,-325.73369970024805,-9609.243771694637
-405.0677352427482,2433.8724269993104,-888.0979565454229,-386.4001519129605,2378.797849808575,-893.0785312043125,-370.28382150659456,2323.6911165649353,-913.8360532417279,-351.09624648919527,2280.309004236263,-931.8600134698002,0.014799642811603588,0.015080020281675979,0.016352854975659376,370.43368994741644,388.0107839903296,-1018.3205375106813,1328.3986828497739,-3530.939918715069,-1812.8468136912004,0.5337674819310615,1.0,1.0,1.0,1.0,-400.03754610545275,2435.955936845068,-890.9247246278804,1328.3986828497739,-3530.939918715069,-847.9388492196349,-10078.912673144112
-469.68216314422943,2485.7652133880015,-564.1381468002288,-449.82895956103715,2447.26291991426,-575.1891564412019,-440.76894779046125,2394.3853683651196,-597.6381924165992,-420.04555823335204,2353.0646921421767,-620.0385400280638,0.0159779199033299,0.01637952869188856,0.014330193245479017,315.5583654793794,113.45630332597935,-917.5974087074756,861.2934917597107,-2606.9726949843375,-2777.26920642172,0.8633123581593032,1.0,1.0,1.0,1.0,-468.21871202195865,2485.8014557617207,-563.1815434941569,861.2934917597107,-2606.9726949843375,-883.7872897037073,-9780.50338491786
-208.396316181987,2443.9938492579686,-963.7046355427987,-209.8346115721499,2389.1219924357542,-977.8127826514128,-215.024617762843,2339.9787947600253,-963.206267027268,-216.2971758184049,2296.704110277019,-956.7684404242096,0.012861932837383665,0.01480740102946052,0.016797460743101324,-339.16104327882795,-30.250682235152155,-1014.9516078035954,-176.58556142412283,-3296.349809532629,1021.4751723279122,0.705533205390055,1.0,2.0,1.0,1.0,-206.7218722107366,2442.011674914322,-973.7580562185277,-176.58556142412283,-3296.349809532629,514.3365009288001,-9461.739009559482
282.30698611083903,2564.615795820663,-643.686553961506,266.5150522897468,2521.0141761145783,-671.6771273195938,262.57331603416503,2486.218899772017,-688.1811524288786,244.25301328292593,2447.622857966611,-722.7575073284247,0.016987232797714087,0.016464640698347875,0.019189300231141737,-528.8167140481972,181.07994862477076,-897.9921858389342,-821.0047185863777,-2406.8132337041484,2640.25101271938,0.9373588262727971,1.0,2.0,1.0,1.0,283.97795735231784,2563.825049991879,-640.7437564695853,-821.0047185863777,-2406.8132337041484,-1359.3143833929985,-9959.83665228167
750.5590399196373,2576.911495607313,-579.4208837664881,739.7556067255575,2537.007505341307,-593.00199661369,728.8538901061575,2495.6772441563426,-611.3721763476191,705.4868162161563,2458.287810999012,-624.7516383233262,0.01611416567806247,0.018707172585832314,0.01253030320200392,-317.07945824806137,16.279154688646614,-999.3937140808108,-1037.7760289999076,-2491.07528465066,2957.0234384718415,0.9826483585341014,1.0,2.0,1.0,1.0,751.8298516218424,2582.0866978788195,-576.3706795229418,-1037.7760289999076,-2491.07528465066,-755.369688533609,-9661.592603136756
-178.32974884197313,2633.26407494311,-521.3122142848536,-167.6773499987844,2607.014167108809,-539.964670750631,-164.02278392861479,2569.9546276993633,-567.8626821303977,-158.15279098095144,2526.976481653462,-589.6985890356003,0.016121360641605756,0.013980778318825389,0.019047541191551904,258.14453572753735,238.00397254132986,-800.5429736604284,384.8972395246549,-2121.0854012353607,2535.894215373901,1.0808503198480148,1.0,2.0,1.0,1.0,-176.7893449353237,2634.830475937286,-521.68819252544,384.8972395246549,-2121.0854012353607,-987.8833702902893,-9782.68092671054
451.75206065816815,2700.9113611054863,-759.1834713717042,442.979453007099,2670.258582304242,-767.9262309974029,440.3718975238694,2647.5939804011123,-779.3718082335607,425.1189855968429,2615.5417732895226,-791.4540467242964,0.016364206124468633,0.01577021820767853,0.013233563042111637,-236.75553804465628,331.4253995464074,-1014.5932905005127,-514.3258812698713,-1761.2007848179803,-2291.604612946791,1.2996320126257346,1.0,2.0,1.0,1.0,455.01277226332127,2700.2404551266,-757.1053166940246,-514.3258812698713,-1761.2007848179803,-525.6570732960661,-9662.845908730931
650.1251420228286,2665.9404613684724,-705.0236138468969,646.2917324844276,2637.834264178297,-723.0118888451454,638.8337007465474,2613.5130887773576,-739.6719558322388,627.8249286094452,2582.674233311011,-770.9683684997418,0.017550386878990586,0.015292419683583965,0.015960866776388936,-57.43249753336521,338.7219876226117,-1007.3508856535457,-479.01181278386474,-1571.6459900167968,-2723.038826422275,1.431196326661027,1.0,2.0,1.0,1.0,651.5049853867583,2664.7580528474814,-700.1204190557235,-479.01181278386474,-1571.6459900167968,-1222.4360415174458,-9636.667980116566
8.076581542311356,2550.7306998643103,-714.9041715298746,7.399038193698466,2510.5727187719726,-718.738685932471,13.376573115852878,2487.4527440222573,-725.6071241062945,18.076466624383475,2442.004277357091,-728.5039343385018,0.017018324547329117,0.012639290858323295,0.0159811449464403,99.34559076626898,56.261292935746106,-803.9189079186247,88.72536444503046,-2382.622505718574,1327.1814502697644,0.999361239647907,1.0,2.0,1.0,1.0,6.627584921211678,2546.101811411657,-715.9357047411298,88.72536444503046,-2382.622505718574,-10.865585519888672,-10015.651834442458
141.16789334192282,2559.6596285951005,-483.1362068557205,133.69203075022884,2509.7678475662924,-503.5189291521355,133.7688029590736,2470.4680384890985,-526.9011107804339,133.01682337965457,2429.359645204457,-561.7855257166366,0.015011242100750447,0.01455034290746689,0.016318988755537285,66.49354122371243,-155.70950633733113,-803.0554170383767,-72.33170753811976,-2876.6246208643724,-2918.2568230895436,0.8991194262362461,1.0,1.0,1.0,1.0,134.84700484723612,2562.7007603794973,-477.5568543165657,-72.33170753811976,-2876.6246208643724,-1450.902433777845,-9848.570411498351
697.8652613703871,2608.0440051897813,-931.3401639428381,689.9891608933871,2569.97190370447,-950.2646985446761,697.9545229717271,2533.287772919203,-955.2906512611005,689.7449383265615,2492.1668443922636,-993.9830178794991,0.012483763073307567,0.016592311860359102,0.017531696677604715,648.8664162015164,9.741847130419556,-951.794484143471,-49.46903042483001,-2641.6288682201075,-1280.355451619865,0.9383922283887294,1.0,2.0,1.0,1.0,697.5934111699692,2611.7462823272294,-928.4329165957619,-49.46903042483001,-2641.6288682201075,-1088.8933154314511,-9726.414987661132
-39.595030285964654,2569.9154368849277,-813.5019229467335,-41.73913568168727,2529.058328509681,-802.4528806241376,-23.831763550297985,2478.837801209235,-804.0036353009253,-25.78707174512898,2444.684017870382,-797.9223851445887,0.01862627268639217,0.016393774682136937,0.013436249497058073,110.3447915578793,-129.61022829325606,-1010.0094906618157,157.97414720205674,-2961.6911382158896,2028.2359443112553,0.8665437031344135,1.0,2.0,1.0,1.0,-34.2015531320028,2580.337163174279,-809.8834216688433,157.97414720205674,-2961.6911382158896,465.7608952591248,-9737.81457850731
-240.11724147250456,2598.5460108395137,-930.0947800999847,-220.9907080076462,2572.487461735262,-965.253126041792,-212.59618283724177,2535.104304762966,-983.754188059607,-204.31299560897057,2495.5301821484645,-1018.40766300518,0.0178881771091589,0.015344035244822092,0.016045760275936044,470.6669229315773,157.45700409468967,-923.1323069422122,644.614814090624,-2232.609102070336,-1622.4138547644748,1.0457220273700816,1.0,2.0,1.0,1.0,-235.1862984976546,2602.1639708617085,-931.2700389551637,644.614814090624,-2232.609102070336,-1670.3361251041779,-9633.293003083683
-389.9838574642221,2479.6702573111056,-676.6838351687,-383.9435271891041,2454.094083638132,-684.4633528191059,-387.22966866972547,2412.434685091786,-692.0634460575753,-386.5715562877238,2370.9278853887063,-708.5847200626959,0.012290397615395311,0.016396256961831487,0.014034683370212967,-444.5655308645186,-79.52118769605411,-986.7613171824235,-64.21669374021099,-2674.8943251055584,2507.1321806746387,0.9172786620525609,1.0,2.0,1.0,1.0,-382.9175048739202,2488.377364405284,-674.8914958510231,-64.21669374021099,-2674.8943251055584,-364.56430358446204,-9865.687745887955
477.6246312890564,2532.34726555509,-673.3655187227665,470.3651002886196,2502.086581962746,-703.2845327263932,469.74863003293177,2459.7990056648127,-730.7395422013893,461.1859497356118,2418.7608345706044,-779.7551148095732,0.014026556858944269,0.016495549800024406,0.019061385402724857,73.27497190397958,-19.360001285247584,-917.5076527038516,-389.68916689650956,-2480.128965222515,3101.7189628044466,0.9804165079383065,1.0,2.0,1.0,1.0,474.6548138073824,2535.172832893937,-663.8172814229689,-389.68916689650956,-2480.128965222515,-2205.6803543845244,-9374.723860292972
-251.6654157101401,2550.4629351015324,-687.0764754383762,-240.74758139279146,2520.777275953648,-686.6713383743219,-236.4091746355482,2485.6463259504876,-690.4103251585991,-230.51694809945192,2466.2027107230174,-683.2256748869805,0.011816927575560889,0.015202867053416995,0.014453902640949548,193.99313355306,254.50741109341845,-800.8249155863543,392.3968425570696,-2045.644758673746,1530.9630778147568,1.0785263027300707,1.0,2.0,1.0,1.0,-245.4913301108587,2545.6295408080077,-688.9434961483021,392.3968425570696,-2045.644758673746,384.693868951717,-9818.14289242554
694.8648307197416,2547.8203558593327,-686.8346926777286,696.8907626623754,2504.9605252546867,-710.8350139860285,672.0780672246723,2471.6831271714022,-746.0659907972488,672.0119010828054,2441.157212944239,-781.7532135480495,0.01574846930831905,0.014921291385361458,0.015540610379217744,-55.91581049897002,171.4055111833835,-802.3688363780345,-731.0167248537321,-2285.189409892909,2449.043590390461,0.9937896289271015,1.0,2.0,1.0,1.0,704.3415833489112,2548.002497472011,-681.4056791978162,-731.0167248537321,-2285.189409892909,-1928.4205963000352,-9423.904118899392
733.6321908854683,2669.76714958642,-839.4509744590249,717.984019556668,2628.606339698137,-842.0075201627768,688.749943178366,2580.763974183223,-851.4566836466668,679.7900446630489,2568.1691999269538,-855.457976789905,0.01718161735623029,0.014750072091816422,0.014839380580713595,-600.6614376299877,255.5127020239121,-898.3430734993103,-1182.2603082664918,-2133.6101235679234,-1075.2042901267241,1.0832289299712377,1.0,2.0,1.0,1.0,735.2927107111502,2666.4921416556535,-838.1895230681527,-1182.2603082664918,-2133.6101235679234,-15.665638197172598,-9615.897747655617
-337.81288514722144,2621.2029118484784,-862.2776576704246,-330.73970599881153,2566.694280083064,-882.9496259308273,-340.77755145074633,2533.811258814129,-911.5877794422304,-335.2467020424459,2484.1011934624066,-934.8541140118577,0.015503078686415619,0.018663969203656573,0.01586327915481109,-426.712020785765,14.806439805633715,-801.4297425607929,-96.06608598207792,-2729.44873597541,-48.007451345175696,0.9049696729551174,1.0,2.0,1.0,1.0,-334.9689086728795,2621.429982662151,-864.6922736851515,-96.06608598207792,-2729.44873597541,-1119.9607293234626,-9888.169799769752
249.18298633299398,2430.8669591994762,-565.94540178378,256.27028397775484,2399.9099410208687,-596.4042780473004,262.24552558714544,2358.9282518402265,-630.6248396639759,267.98869798070973,2334.6862328643424,-662.481768240796,0.018034207874009327,0.013249846372797858,0.014483576077009688,609.6406055521279,196.44551212149747,-831.60451375503,338.31672229419456,-2112.7719600318933,2796.56605126801,1.0142323696761826,1.0,2.0,1.0,1.0,251.02487992028705,2435.9837897553075,-569.2914250199319,338.31672229419456,-2112.7719600318933,-1583.1456171394395,-10132.256308275571
249.40577681208552,2489.414163217213,-707.8164238151696,251.8737946938033,2445.167745917604,-721.8377637376631,246.06213238881523,2397.3479284554487,-746.3100554711372,248.42474405522458,2365.863888974588,-763.1096868670284,0.01766571883128414,0.013114331015576956,0.01632444274261404,125.60553113637948,-59.13599103269447,-968.4898475758647,-139.8396123829818,-2763.554748487038,2522.33116863828,0.8728955074105256,1.0,2.0,1.0,1.0,254.25797452872098,2483.3343775753906,-707.9363041998204,-139.8396123829818,-2763.554748487038,-1146.5475101461566,-9687.682344702062
159.00458245125432,2582.912738802467,-891.8784335277659,166.29526828486496,2539.0594654839847,-933.6678925300386,168.2011068742795,2496.2921293392924,-959.5648966939527,173.9133716381568,2456.455424972286,-996.422118190971,0.017754396571541358,0.015392873432889063,0.014604372941194342,285.1962738681585,176.85239032976898,-805.5852162432701,138.28352337602922,-2784.2872977978586,1401.450172745877,0.8172483570543759,1.0,2.0,1.0,1.0,165.5810261478922,2585.2609029249193,-893.8575185048946,138.28352337602922,-2784.2872977978586,-1924.0111244542445,-9839.539447788102
56.87102329471924,2583.7021165236815,-746.6930989361409,71.22630659179977,2542.6527432049493,-766.9179367791079,65.47879602928423,2487.0726243152226,-787.7501531744574,87.61873697609089,2440.9257978899664,-810.3607838790268,0.015472683723148,0.01948041583579381,0.015228861572842901,578.8967502282351,105.74975586617583,-925.7037866655115,577.3185642179022,-2742.5949249244395,2083.7862431990197,0.854818038868216,1.0,2.0,1.0,1.0,56.42344961103504,2587.7981629227947,-749.2199921180555,577.3185642179022,-2742.5949249244395,-965.9935368775836,-9659.046659988118
762.9278316570201,2481.2589334569816,-460.9101769203198,743.7230742451535,2434.975594685736,-475.0214304542541,726.4041653975953,2406.012862674171,-496.5933683953297,708.4126396231835,2360.327820797865,-515.4404385983001,0.013847138453759754,0.013281185194433453,0.01904504265888826,-471.6668411498728,-14.085276973506097,-810.1852674142536,-1294.9214689639105,-2612.9227482728993,-2831.179859907866,0.9088266336929193,1.0,1.0,1.0,1.0,764.9831617106627,2481.2559476271254,-462.96520365785454,-1294.9214689639105,-2612.9227482728993,-1073.7058403081878,-9882.446387014055
272.2295470776884,2520.1451475446474,-862.2540351355519,284.0470874275062,2472.881144583516,-875.0806556290754,284.0559790425415,2437.9022209288028,-891.6346320636038,302.9983874953892,2382.693767062542,-923.1446696386992,0.011391817015155622,0.017262517749375473,0.01843249971728911,673.997622269221,131.0396243545195,-845.5367233727509,455.51466496632804,-2721.2636289461275,1154.5115498847827,0.8279131655181805,1.0,2.0,1.0,1.0,275.4222904236832,2512.1452996823896,-855.6417037456865,455.51466496632804,-2721.2636289461275,-1234.6921503133135,-9453.20837458987
-264.23722919416406,2494.3444508894604,-482.91636454672107,-266.22473147794943,2459.770132147127,-494.3853631146957,-260.36592205113476,2408.528429470544,-502.23135286418915,-262.2355790600695,2360.5857092938004,-525.419955400605,0.01660413508340305,0.015268462238485353,0.012725834259505832,-238.33279506442418,-124.96805810411912,-801.191615332531,22.969556173053235,-2759.805679447525,-2544.1795387800667,0.9054015684186065,1.0,1.0,1.0,1.0,-260.1538734288239,2496.8473373710312,-485.686541102118,22.969556173053235,-2759.805679447525,-549.3601697479792,-9780.525165636065
446.4653511162395,2509.211292795978,-751.5741378802636,441.7872245769182,2486.2876754630856,-781.5614964057822,445.3546549438673,2452.926729248582,-810.0158065576583,438.0449425879959,2426.5080263807176,-837.6047713827996,0.01270021612558496,0.019535171046770466,0.013164320319581979,342.18756523437366,-92.94445832368304,-823.4605041553826,-73.80327422417282,-1874.7285098195962,-2108.783635848436,1.344600292508055,1.0,2.0,1.0,1.0,444.77411640598166,2512.928170325544,-747.2276741785486,-73.80327422417282,-1874.7285098195962,-1720.8922174690429,-9748.434406808401
58.709085891603756,2655.5235461011066,-650.7566393083724,56.11634745393171,2652.359453486567,-642.9774171433627,59.330058731030604,2618.268858297747,-651.6546067765312,63.91589624785651,2602.8471747482085,-663.9003271741178,0.01239766734412544,0.01658483421013246,0.014310556854986323,112.34389826246908,462.18534462363033,-884.765767595823,36.417333750230746,-1467.5147298895276,-2161.777493651214,1.4567069415907559,1.0,2.0,1.0,1.0,57.71789763712252,2663.4574394579477,-645.3708178026711,36.417333750230746,-1467.5147298895276,-116.73728211749416,-9732.958239270492
362.2398575218293,2574.970746103093,-462.40141062976954,355.1520925081962,2539.910373330114,-472.6674658158864,353.7508072030798,2505.446882082694,-481.74790485116677,347.0096030168282,2476.802686420054,-492.85641701530733,0.016603574194908592,0.017093378297633893,0.015375446182932656,155.03925587336528,289.10178872560346,-809.2073278590574,-171.68155901533538,-1886.1116116116743,2599.8972407156534,1.160927601324521,1.0,2.0,1.0,1.0,362.7739422819235,2571.296838775731,-465.15224927275483,-171.68155901533538,-1886.1116116116743,-312.6118898634687,-9681.942811481787
-404.9645353166475,2565.9218947815316,-978.6620153580802,-390.11950450091393,2504.3397702420557,-992.4500773581814,-390.1740867693261,2453.5450449086316,-1015.6896985050972,-372.4474086214158,2402.7808172810287,-1044.039421461257,0.016062700287671493,0.01467355604899068,0.01792780666322257,145.65693355762087,24.452216255816,-897.5814529868605,718.1329867013053,-3315.4025075550426,129.75187206133114,0.7163359370001158,1.0,2.0,1.0,1.0,-403.71480126887707,2560.7351345354327,-975.0448908350345,718.1329867013053,-3315.4025075550426,-1249.184880516568,-9958.388104292831
702.5601672003086,2495.3648818915917,-852.5797804301188,683.3276870420752,2452.23662369906,-878.5344930335203,678.0170669628759,2423.7914899421808,-908.4521397284029,668.7645039830079,2393.5503577466334,-945.5481190760839,0.015517985831955858,0.015634017659583527,0.014380537723668346,-177.2586466417239,231.25429328001664,-1019.8794988993288,-692.3399986298523,-1780.371436725006,-2422.794626071917,1.2244674587847872,1.0,2.0,1.0,1.0,702.0131516181891,2492.326017920768,-850.570991197117,-692.3399986298523,-1780.371436725006,-1598.0324859145617,-9796.335358583925
8.005026453658107,2659.694562080639,-776.5254876114279,12.724876716468023,2625.774204468763,-805.2424734120865,18.04440438122283,2574.5110174203996,-823.2408927373222,14.43165135214711,2538.750042315295,-850.1288647782627,0.015769780797513153,0.018128180696711342,0.017473560728413093,311.8572336453851,214.17815254343407,-802.5861692841216,319.3114649579412,-2561.8923222622648,1510.1600261984654,0.9036284777773631,1.0,2.0,1.0,1.0,6.914784610551237,2660.785320303887,-775.1992764910035,319.3114649579412,-2561.8923222622648,-1325.985170576781,-9544.048480116515
-416.9630322960261,2651.7404553494994,-692.4036957657978,-418.8348083611772,2614.826751286503,-715.7252335973407,-402.59494032119386,2604.445330663937,-724.526396895971,-396.7228048372847,2570.71849050293,-739.3061395799843,0.01691761193171907,0.012856034867499307,0.01742959759695535,115.75712315582362,99.42166582817612,-961.6542894121851,368.2577414167432,-1768.5857558810355,-2449.0848516394403,1.3977967556038176,1.0,2.0,1.0,1.0,-416.3753131913711,2655.0280830762667,-690.5111347505574,368.2577414167432,-1768.5857558810355,-856.3045824877065,-9710.589497583152
519.9104531742124,2632.638898669251,-519.9741302470934,534.9093191929569,2601.521362530152,-543.6423349869117,530.5761444878522,2565.8295139963016,-574.8779358248493,532.3362823640324,2534.9782186882076,-593.4868521480324,0.018959362316761874,0.018027701144410564,0.013175080392112078,528.3947519876706,130.14952920004515,-811.251613679948,0.29826527634139666,-2211.849199165514,2719.333915408575,1.0848378561467134,1.0,2.0,1.0,1.0,528.0562208990223,2640.5983702528943,-519.9940010026293,0.29826527634139666,-2211.849199165514,-1357.6961970760156,-9531.27945959287
-468.3107634795265,2456.1928791343335,-530.9771856292984,-469.24548981410584,2409.384354523951,-552.2388881892016,-462.03494590057574,2365.805777310099,-552.3281200282788,-463.86490394147734,2325.175942056557,-552.3886024081928,0.01584713711083803,0.016758192469717607,0.013541594516503754,-381.279442864663,-236.20864398794615,-801.1197239310308,96.03550059507866,-2909.6186974657276,-2262.870108842796,0.8788530759029414,1.0,1.0,1.0,1.0,-470.1122809151083,2455.1886511678554,-537.5572956722586,96.03550059507866,-2909.6186974657276,-408.33885387290366,-9398.149068716762
527.9640659080251,2445.69219732747,-534.6304193670389,535.9037118474517,2400.2578351029415,-540.5212653432127,523.4949971215434,2342.47427609405,-553.3513410942084,518.3456539504386,2299.5433804267213,-571.7022844507004,0.015603023299052263,0.016985013067569128,0.013896953772709608,409.4108599551314,-207.91560099125462,-805.1291441754453,-132.34732294398603,-2946.3389651359344,-2492.95140819529,0.8535150098606696,1.0,1.0,1.0,1.0,528.5234506047198,2443.789467631086,-523.7689946262618,-132.34732294398603,-2946.3389651359344,-795.2115792536133,-9920.999207904952
222.51653906328738,2529.322510087299,-944.9511699300539,231.13129065865652,2492.459964438143,-945.9771176863726,231.4417365254656,2456.1532787664346,-940.9292633916053,228.13101943028332,2417.441369010092,-942.252881919246,0.01691863758545772,0.012072901641252545,0.019778875807210196,346.3893048357502,37.32433088127755,-971.2233221588825,127.04224305784584,-2642.1810432677034,-760.3892768535771,0.8962295849660803,1.0,2.0,1.0,1.0,226.33438514608406,2534.185416769257,-950.9909685060595,127.04224305784584,-2642.1810432677034,425.4130310685995,-9835.904598311843
484.641744388088,2532.826086113455,-887.0392885989124,489.53734666147403,2500.3035736005463,-922.9932645464485,485.58986796285916,2468.9873959244524,-950.8399791102818,490.7637519292419,2431.4790814552894,-996.9222288886348,0.015845679768658166,0.0139713314629774,0.02031784575359802,411.66284466743974,28.77214633575764,-937.5416298149594,-64.60264729472345,-2059.83076693519,-2091.915196940479,1.1648651430147625,1.0,2.0,1.0,1.0,490.1550611305313,2531.4665281620164,-893.3065899864882,-64.60264729472345,-2059.83076693519,-1873.259168725623,-9812.18624074752
605.0080377714921,2502.220978574518,-888.0814739058908,600.8622643426659,2445.2449023201048,-924.0880286025382,586.6294193168577,2391.9815129724952,-966.1377477032856,576.4145356643108,2333.35720855888,-1004.1442640256464,0.01824396710837201,0.015659048605690517,0.017331065094401847,109.93651145717027,-110.03663615678582,-1011.8051499590066,-648.0147061884722,-3418.6688098128807,2688.5874439671998,0.7137659191915362,1.0,2.0,1.0,1.0,605.6677616913526,2505.2450033500672,-886.7458131369076,-648.0147061884722,-3418.6688098128807,-2159.213018850204,-10264.684322219138
278.54866249776734,2478.711650011672,-971.3751240052567,261.8150500021503,2427.522189944308,-973.5180542490815,248.0816052745769,2377.3812575222,-977.053509476028,235.22304833594842,2319.6802547205293,-976.7875444517655,0.016138873705216387,0.015056574577309214,0.01576759564204177,-210.2645235081178,36.958630794259534,-978.1500312233587,-665.0885416413017,-3338.8263816445706,388.87856642234726,0.6830369560754331,1.0,2.0,1.0,1.0,275.2501118900324,2474.301889394793,-970.3657746387868,-665.0885416413017,-3338.8263816445706,13.22988675550619,-9773.05332361281
-187.65024388572468,2496.214443626452,-658.1558332000552,-169.7344267717627,2456.6524052917716,-674.7278971872316,-162.3223506842127,2426.682542974166,-693.6244763166334,-148.81833780540123,2378.90460002718,-710.6314695500464,0.015820053214556085,0.015670071186052355,0.01284571751456972,544.2094093232504,51.889045701220624,-1006.7136581011307,777.7821337213776,-2601.9511406128545,2825.4065744328814,0.8956641580848226,1.0,2.0,1.0,1.0,-186.90579637484547,2497.7231178773054,-656.5621317418445,777.7821337213776,-2601.9511406128545,-1016.8853228264361,-9923.91868878425
679.075431758873,2453.068303481956,-757.4250337195602,672.1099539365052,2381.9552605219405,-760.3848066461778,661.966991410637,2323.1849871835343,-773.8579177966841,658.1249306713457,2271.5498188366787,-766.4839215515963,0.017241090672616113,0.014154292449032099,0.012923735965956317,316.2717497398015,-151.02729864066075,-802.6279833058414,-561.8643428444384,-4030.7228709939855,-924.7793426874101,0.6006808809123959,1.0,1.0,1.0,1.0,678.6742508744608,2448.788953150456,-760.329841124025,-561.8643428444384,-4030.7228709939855,-25.28533132637269,-10104.489808934797
692.9509808963147,2520.1902123914642,-704.275596643723,673.1253966665353,2494.7095268200837,-702.1102932087643,657.7790201666229,2462.421725689578,-706.4242524494322,647.9390740922282,2420.8690927680486,-713.7174847178485,0.015012439413929763,0.015741443748090812,0.01546976163082045,-353.6746776286948,171.97727140187902,-876.9266483923196,-1004.5203623202667,-2261.813188146735,1806.0416494841365,0.9937763552071588,1.0,2.0,1.0,1.0,691.0264991843856,2524.262987074481,-706.5625691862027,-1004.5203623202667,-2261.813188146735,84.56855474343388,-9554.227739600332
-469.3429286216788,2539.1887478457575,-801.2350002378626,-458.3892474537028,2480.922720902622,-813.1370470276752,-445.4496941232207,2421.335896947537,-833.9131527770204,-424.1140071632371,2375.4160407301933,-846.9987230119992,0.013789811925561172,0.016203408275293145,0.013575691062877378,266.0036663198241,116.3496766506401,-965.3860063692075,1088.2966182521834,-3558.1896796354267,-1951.8869956252884,0.6364310887362687,1.0,1.0,1.0,1.0,-474.038034091661,2535.918658802724,-802.0198518140719,1088.2966182521834,-3558.1896796354267,-801.9774038211496,-9693.754486689952
270.3241498782491,2571.794282876333,-432.04201849396486,261.2800015013434,2540.021206343071,-428.3071895290534,258.76013144550404,2504.1434731816876,-425.3872636069105,250.01171857778277,2469.038816179507,-427.98270270982385,0.014896248921560256,0.013250496199685425,0.01596990428097092,-267.4176017422157,121.42457983157031,-932.435803104138,-490.0922087242302,-2227.796329756952,-3148.897590261951,1.055883350597782,1.0,1.0,1.0,1.0,271.6838278544368,2572.0005425642207,-430.7371971436289,-490.0922087242302,-2227.796329756952,154.01389178991622,-9858.913911794845
-54.7330540708063,2480.546089012089,-713.4678995522997,-58.03372318599512,2440.4244118336583,-735.8997607388671,-57.981366304398286,2390.1114553410043,-786.9200572117829,-59.943350845131626,2341.0364042584365,-808.4453594139057,0.01474741524205147,0.014982949779989999,0.01520726969571699,-76.35554857603242,-52.60640026820771,-843.2004207711034,-26.669323809156296,-3215.873060013188,-2616.048222818605,0.7450623652822421,1.0,1.0,1.0,1.0,-55.28678276679898,2487.933317142215,-711.7957144988914,-26.669323809156296,-3215.873060013188,-2067.886690126713,-9770.139942051746
687.8993855317739,2531.7560955885415,-461.9533469776981,681.0352864021289,2500.7612640022003,-480.1439120334974,677.3881287998952,2464.8126030369835,-507.75622529926176,670.9151632960012,2433.802722496056,-520.7714711468883,0.01862928425820326,0.016307289790639636,0.014462825931216686,218.37178318283725,107.6363790645436,-803.2605026274595,-399.9343564955446,-2061.9646972389246,2915.3151661487295,1.1256006000199374,1.0,2.0,1.0,1.0,688.2946520651062,2530.44489832027,-454.0241346361613,-399.9343564955446,-2061.9646972389246,-1318.4681372503494,-9680.852842571667
-257.6518686514305,2539.677307518076,-632.3759509927135,-255.30694156048207,2517.661985592048,-643.3336897725151,-256.02258161749404,2478.412182747787,-659.6873786789358,-257.7047902205799,2448.446693259799,-674.1620996221033,0.014450720781129972,0.015309876533494863,0.01616632371103122,-164.6134245462642,-371.19256919818076,-800.1723664789916,64.25852038910767,-1995.7854207198716,-1992.6696363806036,1.4140730789743348,1.0,2.0,1.0,1.0,-258.4308643143628,2542.654145052823,-629.5394867809794,64.25852038910767,-1995.7854207198716,-774.8337331177902,-9878.031096106646
-324.95896183094607,2560.768393463287,-1014.2708136149748,-316.5428761195898,2515.1632472396373,-1006.4087646096806,-306.7398273666216,2472.985446605099,-999.3844360974533,-301.6994989123482,2420.6824714073955,-990.9347587659521,0.016537578506833014,0.011030924103192091,0.018434089152863063,166.86668381764528,40.67479025965058,-984.9247713092136,593.6793645698436,-3036.7607589096356,-140.13632562462772,0.7839974082371125,1.0,2.0,1.0,1.0,-325.88718877532557,2561.186220154643,-1013.2993752333713,593.6793645698436,-3036.7607589096356,759.3490374378044,-9796.877357849193
-295.0232830079262,2555.910843316575,-734.1804070726242,-293.3039606028874,2504.422565949287,-744.198437502433,-292.7388347978067,2470.9523484369033,-764.731371676603,-296.27899713679744,2417.4818842199,-786.4922250922704,0.016420267381056345,0.015402187211129386,0.019031168166173423,-356.5479638414844,-99.40086843442943,-1011.1643746598647,-72.61255673116473,-3021.6848709665105,2614.5605941597614,0.8291463772416415,1.0,2.0,1.0,1.0,-292.6489139180576,2559.6818180160994,-722.8631990911224,-72.61255673116473,-3021.6848709665105,-1059.3095159320153,-9910.730179479351
78.8413015028344,2543.7956598720125,-524.7580364293445,80.62956036391485,2507.060150226049,-545.9292985652917,72.64911396233644,2472.3738142862267,-574.8120486529687,74.10447011367214,2419.625524823375,-610.6998681710348,0.01829989188247878,0.015332271498835402,0.016315318180379214,-55.87566224561334,-16.34991252140521,-891.4019350064845,-146.0093040840823,-2715.170777577016,-3133.2030264264067,0.8950525184383074,1.0,1.0,1.0,1.0,82.10313011384437,2549.4864722888747,-524.0494422363677,-146.0093040840823,-2715.170777577016,-1627.7112794168395,-9756.317717247972
572.54345071411,2518.3368392259727,-615.1910693375416,570.6168829573218,2489.7372048407856,-638.9441879085986,557.1125078266324,2454.4917664035233,-671.3903207530961,548.265321412132,2423.693809471585,-697.4222391001563,0.017492263749779042,0.01576491355359474,0.012501479072252145,-192.14507758438126,320.76628767148776,-811.5638064126086,-728.2886698969925,-2072.706106855017,2360.2895975920283,1.0142413436243736,1.0,2.0,1.0,1.0,579.8409125064311,2517.8347609377975,-619.5946883527308,-728.2886698969925,-2072.706106855017,-1374.6529068872724,-9590.310724660701
-31.73320638147849,2561.0750430865037,-679.0036067199622,-17.67907073239503,2508.4763710980683,-694.3340654082332,-29.07516521850334,2461.31073941106,-714.7539926078887,-39.36214310527944,2414.411561426453,-736.0652240609741,0.017433159813608497,0.017337279723279295,0.01482701689904032,-214.40914775626777,-70.93724151306927,-991.8430927983594,-206.6892051293219,-2831.280188094898,2639.7706402463173,0.8804025435640725,1.0,2.0,1.0,1.0,-22.188186985998072,2562.1533334151873,-678.1913643296109,-206.6892051293219,-2831.280188094898,-867.6217487392282,-9909.607937642611
449.2104665445941,2524.367581425731,-670.9734558871012,443.092591829025,2490.7093926221014,-690.8478156967644,430.58318445927017,2457.0584478595806,-700.562717829946,418.4837892309715,2419.2415426731227,-714.866778259859,0.015988225253448878,0.01475302016561619,0.015601164350275563,-278.05813382467375,214.63832389222358,-803.9248619629108,-700.570304581992,-2208.490374046398,1705.7035487253866,0.998657590230659,1.0,2.0,1.0,1.0,454.0378344635085,2522.5107647707196,-677.5605757329888,-700.570304581992,-2208.490374046398,-721.0722896597024,-9456.0155797929
219.25104815336977,2473.830718049328,-968.0430487909921,212.30852417483044,2417.8426729309435,-967.0663542826106,214.8846718616763,2353.848786733618,-977.8371008830443,219.63645599641725,2311.9382160431355,-981.0910278100274,0.01502929576649125,0.013991920108378538,0.018744587545044943,109.52086030141774,-21.050907906855215,-970.9357061993489,-153.56710202937757,-3500.5425419117696,490.68813631425957,0.6622341965800858,1.0,2.0,1.0,1.0,218.55350274227487,2464.334296850498,-962.2036295023511,-153.56710202937757,-3500.5425419117696,-260.0471821245486,-9955.420399031966
712.8064240350808,2437.066155929905,-883.6864026943231,690.5581805564594,2385.3061357356837,-913.9629974344826,671.3448094753107,2336.228587855147,-953.320670847504,653.5429802961775,2283.9313391552114,-982.6956268800229,0.01799427708034831,0.016823651448405905,0.01668823043276526,-193.55753525887795,78.35265400162953,-906.6466131898175,-1119.0567257073908,-2929.9780035650233,1871.234213048051,0.7534938410384812,1.0,2.0,1.0,1.0,707.2831289355727,2436.9849468714765,-887.9629524892438,-1119.0567257073908,-2929.9780035650233,-1771.401796382341,-9762.53805175187
-252.44790103386774,2648.6079125125916,-494.7106027458917,-228.6963216909514,2610.2347526245476,-517.0761214826083,-228.61890439961536,2571.677880416165,-530.438782228618,-219.57750921297819,2541.4897373203257,-549.5224654756457,0.01716966109522311,0.016604539950555847,0.015146238104696147,265.89920666450627,180.24891225887905,-801.9750095869302,437.4307332836525,-2122.8543190299006,2582.9986043342756,1.111079560849522,1.0,2.0,1.0,1.0,-241.52044394453014,2642.759922333578,-496.2717617292943,437.4307332836525,-2122.8543190299006,-888.6844609126268,-9622.431560080506
89.48402064438541,2590.1163599133856,-443.7796815364406,81.62958312906578,2558.58515212496,-448.6517891132036,74.85280587142832,2518.3616164831983,-466.7065050794454,64.52655584638977,2473.2016652566663,-474.3796117930248,0.014995265776739305,0.01554585951167482,0.01632522873074432,-411.0949834747107,136.94416274453596,-931.6608106306142,-486.2539185153606,-2384.2802786014727,-3149.4029674605545,0.9831336459808416,1.0,1.0,1.0,1.0,89.74655259611166,2592.7528497040425,-443.5712252664588,-486.2539185153606,-2384.2802786014727,-575.0286628137778,-9822.235701425947
441.86503597024074,2512.613833872161,-599.3987685308402,424.66469041461545,2463.094773095148,-623.3318592995299,416.9058625270926,2426.6965970143056,-654.2239672875537,398.26457947666427,2363.536601634704,-681.0588681578478,0.014834590314199652,0.015837669479497413,0.016303152041129105,-364.192639012584,-68.41599895753444,-804.6812838339262,-960.5946550773195,-3070.298194773487,-2518.360694941502,0.7930245881651745,1.0,1.0,1.0,1.0,442.7068712523636,2510.6344846521883,-597.1855826977177,-960.5946550773195,-3070.298194773487,-1502.1536926648666,-9846.012442508174
-153.99174818367973,2462.5801393969386,-485.00556794495213,-157.21239432508506,2440.39713053176,-514.798671993035,-147.20961413899784,2402.107214605933,-547.480819302575,-136.04399551387445,2363.875437258685,-580.1988288418326,0.01435941040334734,0.013757395235598439,0.017886001743151084,304.61903202868666,-9.681918413157149,-948.3454660670905,417.1817840208172,-2204.4268434231108,3553.6453547706265,1.0739971926179013,1.0,2.0,1.0,1.0,-162.62456607462912,2459.276146220732,-479.98499331918526,417.1817840208172,-2204.4268434231108,-1891.3462733888198,-9663.303738264642
179.95171155929802,2636.890254238951,-543.5174188100441,171.94589461062867,2600.4300659040414,-552.8062766623708,152.65480263908796,2555.782829400714,-559.1063778873742,158.75587154844948,2518.4561378550534,-569.4542791032237,0.01292284137332202,0.015684296742306328,0.012637912133948062,-285.4325893067298,-67.81862344013709,-985.1302978378122,-426.5044915455346,-2512.9383457957415,2996.09505421499,1.0337549497504226,1.0,2.0,1.0,1.0,173.0597391047197,2633.5900982902813,-538.2765539181588,-426.5044915455346,-2512.9383457957415,-377.5717736637151,-9885.522326467855
-330.0553026282731,2473.1286186534367,-606.1395388588701,-307.9308059040361,2433.2218819809455,-643.0157721448439,-292.51844899625314,2388.1321696408877,-669.4328203404626,-277.0715683423644,2354.003764959006,-707.7943664397003,0.01791085390205561,0.018173145280462856,0.011665810904771437,572.3851738849663,15.684807245278149,-813.3006956726834,1019.250436004436,-2807.7793961624966,-2913.9370594602547,0.8272501899127107,1.0,1.0,1.0,1.0,-319.45895761891563,2472.4917788874614,-604.7675380525206,1019.250436004436,-2807.7793961624966,-2096.471362052381,-9822.03422893891
-276.44502335388023,2703.0403634565423,-646.5193355903208,-274.03466738139525,2677.4841878491316,-646.3635900644056,-277.8375521117035,2645.13722289573,-651.7867345894059,-279.3863354100612,2616.9883534160776,-652.0165258081436,0.018008679501967526,0.013470416622021919,0.016716605374679235,-533.3748626873006,-145.80372138336506,-802.5739907472846,-179.58285496380637,-1937.8466493549186,-1716.3225270062017,1.421804298501322,1.0,2.0,1.0,1.0,-269.3880658905087,2702.830853168372,-651.3485582320372,-179.58285496380637,-1937.8466493549186,96.52224889677998,-9711.810036770301
-85.11280427311999,2485.798092214622,-938.7898427348641,-77.95145346646422,2438.84787822704,-964.5919844604622,-65.68277882388783,2397.7076746303405,-989.9542807800494,-60.95396839583613,2367.312302264116,-1023.9548503543818,0.015243415299340621,0.014988769588793385,0.014038254105293343,454.87114043204053,87.3007284312755,-802.0837587964844,574.4888630142618,-2564.732532413099,-382.13268912173595,0.8907295610065734,1.0,2.0,1.0,1.0,-82.27594648629565,2485.3256462375302,-938.3058816526894,574.4888630142618,-2564.732532413099,-1696.1727229037945,-10021.119091483628
652.945296728285,2699.768793451438,-718.1138880130837,645.450673057435,2673.8177729661315,-757.4668570580444,653.3598976414,2644.799952882572,-794.5794393098341,651.9234519456628,2613.314296334385,-835.0982051796216,0.014293051141643151,0.014871371019304374,0.016837593135280927,564.5410102715382,-26.61407064089944,-859.1464537767315,-57.870480844835726,-1818.0608817476705,-2645.2646897918644,1.4539979847037716,1.0,2.0,1.0,1.0,651.3467315387786,2700.4772519806393,-726.5814626866713,-57.870480844835726,-1818.0608817476705,-2091.317420076206,-9898.897117509976
-42.22172044471801,2648.4735898238137,-661.4665931958963,-16.818579281114765,2622.0339605554536,-690.225145684494,-35.57409598860002,2569.2504119185014,-683.2836226265907,-28.658711736124353,2531.1246924456445,-712.4327367699699,0.017966098016740765,0.012040671726668256,0.01854944095216609,372.59207066825724,188.6532936950975,-800.8408623803575,397.9322561950098,-2351.8888730017957,1759.8563094628335,0.9964437893044246,1.0,2.0,1.0,1.0,-43.24713705552699,2646.3771659819763,-664.3050247211356,397.9322561950098,-2351.8888730017957,-664.8825389053493,-9725.33808489287
316.1385172012797,2497.425212346207,-867.2529461703433,303.43928858254634,2468.0435209251036,-883.4794317251375,314.6917150875167,2439.158607215505,-905.8347017705564,300.7728305861615,2399.929490687013,-924.8848202154778,0.01679566610585567,0.01562093459082595,0.01667297412169013,-35.32523762976027,81.46633088833366,-991.4630654048133,-314.29659400557716,-2163.7405318918973,-1830.3899075004379,1.0709104251816264,1.0,2.0,1.0,1.0,316.6869476564864,2504.855726607258,-866.9675430065381,-314.29659400557716,-2163.7405318918973,-941.1591142286338,-9903.051251347199
572.8276572777082,2501.2475635371597,-688.8683731537651,564.643073280416,2459.469159877289,-728.0690075216472,544.6512380531526,2411.990011547571,-763.0311664084687,543.010052262226,2367.586982742126,-799.1199909716436,0.012613572111321835,0.019715494433171443,0.018496335074885836,66.65072807454067,-51.1313315390382,-945.8865348896525,-514.7706786762769,-2643.053727842707,2992.8409536398326,0.9141745983806217,1.0,2.0,1.0,1.0,563.4044329971491,2499.4155158291755,-686.905545434444,-514.7706786762769,-2643.053727842707,-1973.1765927588806,-9778.215548696046
-93.42504702598917,2524.440989885028,-1023.7863306668827,-91.43172830024585,2489.351609606315,-1064.900482489953,-73.58821970816051,2446.559067673036,-1094.9513741459064,-66.6426694307096,2409.6979998275656,-1121.5045719928337,0.017355784052522475,0.012725487966070165,0.014242427245687382,428.81109214278376,122.88520619232185,-955.3938667681565,560.4838152560511,-2585.7537664836286,-1297.6321800694375,0.8856763007357207,1.0,2.0,1.0,1.0,-92.43885604534455,2527.6362090220973,-1036.2740324446102,560.4838152560511,-2585.7537664836286,-1791.9379049462225,-9436.182558426224
121.49951241133985,2599.670987266539,-450.8805251358451,129.06112057709748,2551.027513846061,-477.16173582161383,137.01461292408004,2513.3078547495443,-496.19165339296217,146.86093378970307,2484.8292074967258,-515.6297036075645,0.019693836258793493,0.012956925668084648,0.01717337064982046,541.2236650770346,91.34396395898479,-906.1378437204113,407.26205456681464,-2482.738782652878,-3235.5567558722246,0.9601758674233019,1.0,1.0,1.0,1.0,129.88898996454895,2598.910134438391,-447.0592041331014,407.26205456681464,-2482.738782652878,-1257.8630449081754,-9679.365223240602
69.88279306453087,2486.926994043692,-675.2412895411198,69.82749398168797,2453.2338811702753,-710.5335724743379,54.39294864256259,2435.330252895365,-755.3966058773597,51.51777754951939,2391.704882829748,-794.3282779613585,0.01852307013810043,0.015475390848059871,0.015164857918950739,-255.65090360534492,400.02134999500686,-807.9367475178873,-313.7478063954907,-1986.714731988925,2725.277775710702,1.0008366810948885,1.0,2.0,1.0,1.0,73.78429310992078,2486.0718185833757,-673.3674234746424,-313.7478063954907,-1986.714731988925,-2204.3266022479106,-9544.274901015822
78.17073564071214,2487.771673160518,-678.7414552778089,87.10438166145589,2446.7710040863844,-689.560463860588,96.43993098311552,2394.8069822733924,-704.8760800406966,86.95577254493607,2347.591987908516,-716.1868235192334,0.015329993739411962,0.012998738749781382,0.016969935171232423,311.5466070609102,84.80552390183091,-965.4142437220163,285.0544778231563,-2922.1808084732766,-2489.8421681945765,0.7747013323395748,1.0,1.0,1.0,1.0,77.801935245923,2480.993786849917,-673.309041188718,285.0544778231563,-2922.1808084732766,-626.9258568075065,-9939.646511349618
516.7556631108783,2547.2134130703234,-828.0743581568746,499.3363052847844,2498.253545198906,-848.6968768768447,485.1451388113246,2444.6915445136765,-874.2399953573331,475.1586457296743,2389.204080622666,-916.3486973054077,0.015138452325541186,0.017476440047526815,0.014210301704771035,29.106141916387408,-61.52761167716927,-979.217465950251,-570.6006907811441,-3122.471541349718,2440.163736262912,0.7881748059221616,1.0,2.0,1.0,1.0,505.5577187186436,2545.736125349847,-820.8697502630664,-570.6006907811441,-3122.471541349718,-1707.248982609525,-9601.221056235236
-107.77083008134618,2533.5339123765475,-569.4487133947852,-101.95760279289381,2505.820379595363,-595.8618732386952,-106.23866614430172,2463.842112859361,-621.2166057226747,-110.3627726915535,2436.6795944539053,-652.0740366603114,0.01333503352367495,0.01738247967596203,0.014270240461225835,-519.3284107815099,205.47427462689907,-814.1687501552705,-393.2720106494687,-2177.1391251900855,2766.5227220205516,1.0250122463391365,1.0,2.0,1.0,1.0,-98.52735938657844,2535.01313858029,-568.2791743211093,-393.2720106494687,-2177.1391251900855,-1641.0793412053042,-10088.940680052652
181.69715730259625,2473.854072693471,-876.9606203609954,182.3573241670564,2430.855343584303,-905.7959125468495,188.3405376912012,2364.279320599779,-933.1937242755032,190.75470001882528,2292.6840863069087,-974.6982975687864,0.018106516009473043,0.016589592909111456,0.016417192254371132,344.5026900945317,179.14845599332943,-1014.3332146684736,255.7438604957296,-3556.535561096668,-2328.175184949826,0.5938866988270448,1.0,1.0,1.0,1.0,179.54790007478778,2473.113892900683,-881.9207159777748,255.7438604957296,-3556.535561096668,-1678.219551906547,-9834.485574291619
-466.1189441479903,2438.716710731313,-555.2237769707125,-453.77458129974343,2393.667531472661,-573.1442165643218,-442.77885300703724,2346.242579386551,-573.9008002651891,-438.25431890282954,2301.55185946375,-593.1132852492626,0.0164023634071929,0.01563030001198404,0.01446768383842819,104.64438020996026,-124.32914016640694,-807.3205195413244,650.3065441875536,-2912.8284450979536,-2306.4407468127984,0.8334996527423956,1.0,1.0,1.0,1.0,-467.625378675086,2438.9598915197967,-555.5149270321746,650.3065441875536,-2912.8284450979536,-612.855358055918,-9818.185923894871
410.08867391480265,2501.754610793139,-722.1727470325363,409.5861739476014,2465.9428270922076,-740.0802582663232,399.3920975482745,2421.2216000915564,-750.5355740834378,389.6797692307196,2377.150698127644,-769.2211596399094,0.012990169144188601,0.01732817625663853,0.017100205047913927,-64.83864250502008,122.56603243118593,-801.2589134775478,-479.57988950615083,-2386.149450913377,1484.3530621093146,0.9475814495512597,1.0,2.0,1.0,1.0,412.34334755359885,2496.784736090009,-724.3524519126795,-479.57988950615083,-2386.149450913377,-842.0266764020387,-9720.904583546406
405.0337707130511,2558.411103723148,-513.1765772311237,394.9539797526227,2511.0476929332463,-528.4905016116167,368.94396268481324,2469.180909905073,-545.3800494631106,350.0066661502215,2413.759934793299,-576.7388388267282,0.016285767508158765,0.014663152786573893,0.018645591655797412,-612.2450592153224,-181.8133038030725,-810.3531100777091,-1128.2828235588647,-3030.521132260541,-2656.7700959523436,0.8554054880494706,1.0,1.0,1.0,1.0,408.8508961054504,2560.808320892722,-512.6794767305018,-1128.2828235588647,-3030.521132260541,-1049.6778085858452,-10006.303426142653
522.9188922898644,2528.9416724667053,-933.9896818609226,511.34773887602995,2493.011061183199,-952.2945340091619,506.55428118404615,2460.037967964934,-965.7493055135802,492.2871342321355,2412.7205223181777,-992.2417921876736,0.014213746482951905,0.016621934086189755,0.015253209326600674,-45.079185656357815,120.5417502072206,-1014.9315710635042,-587.3809302740001,-2488.4816816840867,-1534.1460256673859,0.9239111101042584,1.0,2.0,1.0,1.0,524.680316709424,2534.3689814407867,-938.1722787535216,-587.3809302740001,-2488.4816816840867,-913.5017792356515,-9900.271823891617
173.0629305672395,2611.743136940613,-560.2616795870713,170.77588057863807,2570.684865669707,-569.603941381238,167.1131993799679,2530.3377148390714,-584.8598639222195,183.30500704459095,2487.8484170594415,-607.7536082785199,0.015427712433336481,0.014680058605648107,0.016702987933226044,374.9306839347482,-11.554231175962956,-943.8156175014451,193.60351072241878,-2496.928435819673,2986.547225894946,1.003189241027789,1.0,2.0,1.0,1.0,171.64699767621062,2610.2206264346937,-555.7446482610538,193.60351072241878,-2496.928435819673,-1156.1967480760402,-9770.555889938021
-385.13358899222544,2430.0,-663.7144996594732,-376.42007331269633,2391.4101966071726,-656.4770450251733,-352.72165868261163,2350.4732838450427,-659.9436988077321,-336.70717823581936,2303.365122491431,-651.7699484988289,0.013315004198484828,0.015286080029109755,0.017510886462625525,469.3691155353319,-21.342895213506992,-805.8817540584483,1002.6091681182787,-2868.682558384661,-1707.4589175880928,0.8088880293097805,1.0,1.0,1.0,1.0,-387.86172320579766,2431.3806922053786,-658.8781405140419,1002.6091681182787,-2868.682558384661,313.2871497721767,-9582.668733506247
-239.90841331152765,2436.5300826580983,-708.2341840502696,-227.74403057497472,2377.460814771341,-720.1594570707149,-217.59360726675794,2322.269586068631,-729.8902685514934,-209.01227522714188,2272.557743704089,-747.534862629361,0.01475205466476602,0.015934072836248668,0.015674409143416515,280.54736304003137,-43.542109798222725,-801.9159971761637,732.3896782627902,-3466.8058036423076,-1490.3518561979192,0.6686394633555693,1.0,1.0,1.0,1.0,-243.11125691786413,2435.2240398060285,-706.5692699071705,732.3896782627902,-3466.8058036423076,-637.0315254471399,-9521.242330805742
-138.54104107574202,2602.7767335625936,-1041.0120543941985,-141.47511677335874,2576.742474358049,-1068.0008104492053,-141.16449439465717,2538.141562915593,-1106.7104306165768,-147.24181274112675,2502.8201239214086,-1142.0734868814322,0.01499864136217865,0.016780063957820036,0.016266122380927568,-374.4520339653941,366.23965936847105,-1019.6008299126739,-237.24729655339175,-2253.658145395252,-1863.775285624954,0.9469551722990746,1.0,2.0,1.0,1.0,-138.39097389476944,2608.629514036763,-1037.921780326746,-237.24729655339175,-2253.658145395252,-1957.845898403916,-9785.861614729361
701.4140563219505,2518.1308906888266,-517.542202945249,700.410127718455,2486.840905661226,-521.6160522572718,691.1668155130894,2448.297360923705,-522.1630280781965,701.2219746707575,2403.504111245767,-524.2676716052276,0.01430759050623721,0.015532239364691197,0.015067742138713557,629.5881326402823,-71.85259013015583,-850.2897779885408,-75.16116529194477,-2622.8485911429702,-2540.4214694470083,0.9450924279903588,1.0,1.0,1.0,1.0,703.9976862792967,2524.767515101388,-522.7719457619781,-75.16116529194477,-2622.8485911429702,150.52749745768745,-9818.738144532037
366.09031360509096,2637.016003569226,-530.5846543532407,357.7365947533285,2606.2346955575704,-534.8752602686932,361.0259055693677,2576.725401810122,-541.6704701548064,356.08666914071625,2541.418801198216,-553.0857458027775,0.015318643935190404,0.01574392942139864,0.01764082439633657,29.86419744264729,403.84147574911367,-806.2818773037809,-298.7413518685845,-1979.435904712685,2438.0351868846083,1.0812966022470722,1.0,2.0,1.0,1.0,367.44192505414674,2640.604048074444,-524.388580170284,-298.7413518685845,-1979.435904712685,-429.97173847536743,-10216.31264650765
643.1172339017193,2470.3790796059084,-813.822707645791,636.5131081504903,2398.887730893089,-821.1145955190813,640.2699364679727,2353.425056208533,-828.7845379818236,632.602990528771,2290.6875686178428,-844.5198750874249,0.017224319705650457,0.011770665074172067,0.017324456368231732,484.3106865478044,-30.633736673632782,-906.5551969488587,-254.28682588315473,-3902.8451513798523,-1450.2986169633082,0.5936805588519463,1.0,1.0,1.0,1.0,647.0542551130206,2467.1871602094734,-809.9291665500355,-254.28682588315473,-3902.8451513798523,-482.6014400629407,-9679.229472624394
348.747940774542,2459.7295771402555,-760.4510476281298,358.08522894481223,2401.689858113713,-758.2018500239259,359.89991745885555,2333.127195969399,-774.1707388217295,361.74887391386517,2274.3996136841643,-787.7732119893031,0.016199395677647242,0.016116031896022932,0.01549219227540384,572.6292297388999,-55.46155162608749,-801.4788286974839,356.61352029624555,-3961.062777723977,-965.8147787178705,0.5871923801509265,1.0,1.0,1.0,1.0,346.1796443507866,2459.8133122286345,-759.7514456019915,356.61352029624555,-3961.062777723977,-347.5102148487737,-9730.317046379605
-181.52829497586356,2547.073615089162,-744.2865075869175,-168.2788268845911,2525.641056195434,-743.6069584997036,-164.6699962322287,2490.835978124025,-738.9508328924691,-158.49251954662438,2471.4783765012694,-741.6444299721252,0.011882765663610871,0.014986355735420346,0.017222877986730903,603.9564903833995,207.60533081358614,-908.0530842279239,559.3975683332369,-1670.9769831833505,-1835.5687972916164,1.3559080006142301,1.0,2.0,1.0,1.0,-179.2001052831331,2546.9731072702834,-751.2675782890025,559.3975683332369,-1670.9769831833505,531.5111081734173,-9846.884468799492
-380.8227757273869,2585.037834372586,-708.7759162275681,-376.09379859281717,2546.66817826957,-714.4260561683121,-382.76701916969137,2522.5550958016206,-711.4150154758652,-370.3528123681316,2487.993970645122,-726.5228105261809,0.014018091874044934,0.012678323054358428,0.016426446215941623,-259.7690206667333,-20.788219355971364,-881.530079793535,86.83528143847623,-1918.5864739018741,-1865.2924933529282,1.311877138855648,1.0,2.0,1.0,1.0,-377.43082701586115,2578.896452781071,-709.9784932926118,86.83528143847623,-1918.5864739018741,-212.96055166374762,-10011.221555506521
290.52234750518414,2534.3876084899234,-692.7198917631961,295.7745486668464,2486.675365213792,-709.7468519820014,289.7548206344461,2441.4522035612345,-728.2653721618001,296.2484955625105,2398.802363695872,-736.2224475466934,0.018336446535824762,0.01228123816034284,0.016010510571054456,228.56408361410092,-101.48035116525824,-1006.6577382393413,-71.67739802502948,-2855.8829322801384,2626.1666025822383,0.8733718047327786,1.0,2.0,1.0,1.0,294.5072897971294,2525.9319465324693,-694.9847122616146,-71.67739802502948,-2855.8829322801384,-938.5871199132113,-9651.056089410946
-420.35330784403214,2705.35718376737,-803.185971303486,-418.1410236597304,2672.7015284781032,-830.7937359233661,-420.9481185842553,2643.20093136362,-869.260744270835,-409.66743054632445,2612.586167770267,-909.1949382847871,0.016348724171997307,0.014024111716759824,0.01546264859678003,-180.95979378230356,-6.10290316277829,-910.1778102433996,171.3673667022486,-1958.2557132429115,-2560.0360846518697,1.3391645155144554,1.0,2.0,1.0,1.0,-418.3035966649166,2706.081259678659,-796.3554784427513,171.3673667022486,-1958.2557132429115,-2061.6632649666617,-10121.2559448597
569.5863820588816,2592.0967454545357,-655.7911505079361,557.3976613110075,2574.471182110909,-664.5742491039686,548.5497119001255,2535.9279022189216,-667.3202805534363,536.6983783759205,2513.4227271404725,-684.4002382465759,0.018223572310756924,0.017012979152685646,0.01135322780637188,42.810660865219624,128.25986426725166,-992.9909971671553,-344.89362849529726,-1655.5765876041114,-2575.408924973664,1.4434102207301758,1.0,2.0,1.0,1.0,556.7021673232134,2595.068979797377,-662.8784334438901,-344.89362849529726,-1655.5765876041114,-254.75763348144525,-9949.51776680164
28.023162361211718,2508.0029749596233,-775.7149737752868,22.877131531515715,2477.484310773096,-784.8343675982395,24.480512085403017,2447.2802267555194,-813.9014415745755,23.17969081203624,2414.0689587189013,-842.7437456757556,0.019778619637078436,0.015326801652924063,0.018314751617260733,-134.5645188744071,63.13287132514517,-947.9611185640127,-121.62571991930943,-1882.2274713806237,-2177.8279982679487,1.246579827092731,1.0,2.0,1.0,1.0,23.548917020694375,2510.0285841199484,-771.1527327425351,-121.62571991930943,-1882.2274713806237,-1109.4087607620995,-9935.246923030458
37.74494970385411,2445.5603486780055,-868.0399577746429,38.68483196612881,2375.3709461036015,-875.9519392344215,46.40669704181755,2318.2569144533268,-885.0537463860835,64.62324294669975,2241.7895149787537,-893.7103857141101,0.015827057332819108,0.014667172927710095,0.017981707504503272,284.709336154813,35.14630003328375,-954.2792678256803,433.28707908246747,-4154.015168443835,-1289.8325680253267,0.531524062234968,1.0,1.0,1.0,1.0,33.40283028698104,2444.4750977307153,-873.9464620055046,433.28707908246747,-4154.015168443835,-292.43292112415736,-9824.00579432323
-120.62730225345358,2546.6844862991256,-911.032083305658,-125.37936626131565,2505.106607658915,-944.5425510473005,-124.68001871698866,2476.481383999253,-974.2539969059114,-128.75053263826334,2435.5349797438535,-1011.4682941411505,0.015895106186350004,0.014890501348876997,0.015753245438900956,-63.58810202688797,-13.775684606218755,-890.1147698209711,57.54595249716306,-2307.447504402165,-1632.0874145994305,1.0634611470258704,1.0,2.0,1.0,1.0,-127.46410929873787,2547.491045280189,-912.9246525755341,57.54595249716306,-2307.447504402165,-1766.380557569585,-9988.70267010222
-41.73029595323544,2440.2635710999743,-895.3370539532689,-36.956727821207366,2407.5407196658825,-904.7782920051477,-35.154319765956416,2374.8184346194907,-928.3734869462072,-24.79664504369361,2342.4523870183825,-952.8082363100674,0.01590014428416949,0.016161613506562877,0.015050980733393289,300.4842136202658,157.93554036821655,-1018.7393549784993,326.0593635398157,-2146.9420579992907,-1815.9816366185019,1.0178872614758736,1.0,2.0,1.0,1.0,-46.76900854963833,2444.428832137464,-893.0897619690309,326.0593635398157,-2146.9420579992907,-880.759538202368,-10038.243615072119
414.9961698743569,2708.5860777725225,-681.2680517053611,410.8569134243363,2682.224184372245,-696.4484361132121,394.5659720616014,2654.302250225574,-713.1996368879859,381.5051124073409,2618.275142524881,-743.4905503173713,0.017844317735983117,0.014605439545841668,0.01580675429123804,-428.79785260836763,169.29644334062084,-911.7942161736356,-590.6029251833205,-1776.3174398380283,-2368.950060432073,1.3817434884269286,1.0,2.0,1.0,1.0,415.764330403779,2709.4303823089936,-684.452877585458,-590.6029251833205,-1776.3174398380283,-1049.1651715514265,-9924.022926453961
-368.1306102762528,2448.378697073933,-866.5833178042362,-374.7336920991632,2386.331107364322,-908.0292589263977,-360.27758817140176,2328.267760488756,-930.6142806552151,-353.03705670945027,2267.7696034378528,-967.0610274901293,0.01592855733489628,0.014605843245547263,0.017882275008573693,-128.43260681700087,118.42677292227609,-1013.8283931231354,370.6611014572999,-3544.20557998571,-2424.633241644723,0.6065833244109833,1.0,1.0,1.0,1.0,-371.21562827153326,2439.881427812915,-872.2799242675843,370.6611014572999,-3544.20557998571,-1745.991048016803,-9999.313434056898
-93.23762349001888,2506.7010789812202,-743.8549670851309,-87.3064103047765,2476.1509961314723,-755.1273364134204,-77.5354141657428,2448.732469995703,-777.5894514934567,-78.59243777173192,2433.7482470725186,-792.0301676214663,0.019281236589652532,0.012736339722426791,0.014603384637194839,441.46378273271455,356.0604133337249,-1014.9890225467226,388.58314083740527,-1557.6421601899767,-2460.0219002915264,1.3333790390507183,1.0,2.0,1.0,1.0,-94.780951622906,2505.606594395885,-741.3175501576868,388.58314083740527,-1557.6421601899767,-861.8342836895281,-9700.588987951893
-435.56111625865304,2549.605465146901,-540.6581651900078,-430.9139222579317,2514.335100059071,-545.9982835988653,-410.6223984925189,2470.1077524210923,-554.7734855460309,-403.6469806071416,2442.311155257515,-568.7554974375024,0.017435631613480603,0.014171991304104722,0.018594902615347426,420.5084974308455,80.7225846604722,-950.7605180499205,789.181159411899,-2264.6747243541763,2860.2090147820913,1.039797474467066,1.0,2.0,1.0,1.0,-439.69896632812237,2549.21803420651,-542.3188002080726,789.181159411899,-2264.6747243541763,-255.70163017729362,-9935.42549085358
547.7424903774426,2673.3944436266556,-829.9475576911423,547.1689314612146,2650.2501426874674,-835.8905516917955,538.1316106513457,2619.1928007197707,-848.1897387543117,531.2384565231325,2589.575664256958,-866.331780825341,0.016068716178416913,0.01946740151806004,0.013325505677995265,232.0839021273208,400.3604802717158,-1013.8215133302313,-265.95273860979955,-1941.8601981410377,-2009.1455249915791,1.1261383766255246,1.0,2.0,1.0,1.0,544.5783699938393,2682.0462130874507,-828.3108257441844,-265.95273860979955,-1941.8601981410377,-517.8742932328936,-10158.41941771813
31.28031296881725,2492.295805758758,-774.2371687546553,23.96089496526295,2430.959025695923,-778.0849564841645,30.40974034011095,2384.4005651631405,-782.4240184599059,22.421756417841408,2330.2640500686553,-788.2365798052508,0.013586976727119152,0.015039125174366959,0.01878403574419309,-96.41163333202604,0.8339009188232183,-873.7983208212486,-174.6413401031794,-3556.2017329910855,-1425.3702828523733,0.6525898623543213,1.0,1.0,1.0,1.0,25.83730474019933,2490.1751140125834,-768.4825340097369,-174.6413401031794,-3556.2017329910855,-183.78230987760543,-9485.674320969509
11.278914968675767,2600.7602061809325,-905.9222608457256,9.763095015508796,2565.639060884899,-930.5561248445119,-2.644569450377359,2522.12312738874,-951.9092793558076,-10.318106763345632,2480.5595200273424,-971.9795154795988,0.01599614398285046,0.016539974873316154,0.013222964904429917,-323.7585757972502,37.12033190317237,-872.3075548339414,-336.6620914631307,-2573.1585623156575,-853.2965883859963,0.9492409162394042,1.0,2.0,1.0,1.0,11.220205208565233,2597.4131014072486,-910.6341752813422,-336.6620914631307,-2573.1585623156575,-1207.5499233081466,-9511.807780059107
140.1699911073634,2614.156640228455,-651.682311364227,138.93938897606574,2566.2698510440136,-686.2472351959797,143.26257933179025,2534.48855482026,-715.1682062993407,128.85142689101949,2494.816297854256,-729.4809022902083,0.015576456736448988,0.017459090593699995,0.016494564233456556,-256.23902059296734,104.94772002402604,-843.231851150184,-390.47031389271143,-2459.8792565836306,2389.728352155728,0.9704698884363947,1.0,2.0,1.0,1.0,142.04069957759862,2614.024561739337,-658.5161382576291,-390.47031389271143,-2459.8792565836306,-1476.3316479692257,-9561.068573837952
562.2003724315213,2562.0247453064876,-966.4551470377197,563.9563357261452,2511.4445711988387,-992.2938416463656,576.0143880124084,2467.0066536699696,-1005.4086346826891,573.1387806627558,2413.8382787245237,-1039.228043730311,0.015436965979892426,0.013763025735509958,0.017575256693536257,670.6781395558588,30.384362177636092,-911.7834166560314,121.48084682282665,-2993.040394048586,-532.6600874503614,0.798224751591062,1.0,2.0,1.0,1.0,568.0268239905688,2559.503495148699,-968.9690309084464,121.48084682282665,-2993.040394048586,-1183.6675235513976,-9759.62323134681
476.7639671091766,2602.70244036012,-742.7924539417351,470.8272038930673,2551.845055225794,-755.7151398810156,467.9369351857463,2510.9214084042605,-775.0898345216495,448.5582996476475,2469.802888253288,-802.953123633315,0.016529724314480083,0.015219100373961025,0.015938541477582897,94.61575027054221,-0.16388615551153052,-876.881517412556,-419.7279912219835,-2824.022552500659,1965.5735100814709,0.8723126338339767,1.0,2.0,1.0,1.0,480.76550219476826,2597.9368621450926,-737.3737878993977,-419.7279912219835,-2824.022552500659,-1029.2195489002952,-10053.986444220915
192.29338246759195,2516.2416285421054,-939.2472611574677,178.75110041022168,2478.0848437849777,-963.3811241362075,172.86816230351747,2437.5377334567715,-987.5458049655183,169.99924061587149,2414.3320576018555,-1014.6947706862318,0.018594266491120136,0.01602166096652833,0.011839533520453957,-221.5509055810792,94.54527574048336,-978.4612616697756,-397.03706839640313,-2318.9225019855326,-1781.4551567920853,0.9985445390218973,1.0,2.0,1.0,1.0,193.35283089316124,2517.8192903153595,-938.26930041129,-397.03706839640313,-2318.9225019855326,-1536.8697877610625,-10110.443824313435
764.6136571403426,2541.4670877637113,-666.8489120794894,744.0815820199514,2495.0162783715855,-668.8594141970437,727.7971111890881,2441.820255557505,-671.1933492395538,710.0053049730819,2403.2326076116547,-679.9139696365426,0.016499549573723387,0.015576881121294652,0.013617732600650488,-284.23719325651507,109.76091556275708,-891.4850001578203,-1254.1498112238069,-2914.8324246399848,-2094.1374790507602,0.7893058367043321,1.0,1.0,1.0,1.0,762.977899115363,2543.645990137141,-673.8237219798539,-1254.1498112238069,-2914.8324246399848,102.64542391445562,-10050.983020100479
200.93968758685708,2555.3157041147165,-783.2106399824603,193.20908345033556,2517.110763371652,-797.3845894946255,193.67784566739456,2475.8646322700397,-842.757593194533,196.98663455751924,2411.212735020872,-865.5666816951913,0.013856676418026513,0.020321113668616927,0.015339784287724902,116.25371562095124,35.69510692906334,-852.1494484172468,-89.56623466224444,-2768.3517864125056,2084.8208623988653,0.8604824256256324,1.0,2.0,1.0,1.0,197.7589891635928,2554.895232564436,-777.0025851014378,-89.56623466224444,-2768.3517864125056,-1688.6685240524391,-9954.525814540428
45.70387759581143,2488.7181590284663,-692.6503292436906,35.01209434242742,2457.0323310114863,-717.9472747067873,26.384839580801046,2428.396578163267,-730.2321703467691,21.649194022066887,2387.23735611401,-772.9799461706058,0.015759655313706333,0.0140984605118546,0.013773615983101915,-325.95873455536383,55.96901658397408,-901.3498465999396,-377.5077366241696,-2507.2881999683977,2576.174975492235,0.9313682681913379,1.0,2.0,1.0,1.0,42.11130865320206,2500.575011553155,-688.5520231244041,-377.5077366241696,-2507.2881999683977,-1600.5757564097437,-9576.039513533859
743.5686374296655,2550.1525724332364,-989.2316311756668,737.2429933086131,2504.517010396028,-1001.7027039354323,725.5140389584833,2453.19957617155,-1025.8266710654973,724.0084406899244,2410.9006097955166,-1029.4447555716415,0.014709900016926401,0.012963610238926292,0.01572600276077203,550.4270961006226,-27.650628623269142,-960.9847575868548,-231.5408212364489,-3291.9389754802924,-521.7157717676176,0.7416004869833759,1.0,2.0,1.0,1.0,732.1866407712316,2556.521467128764,-987.6639308886356,-231.5408212364489,-3291.9389754802924,-886.9988418185521,-9634.304311253578
248.58338194979186,2554.3344957988556,-761.0760636514809,253.02187034547399,2519.2784765466376,-794.0778473311091,258.8903093499087,2481.7652425809033,-808.2247967253511,258.604117561683,2437.9599880536166,-832.428470578659,0.01517331186978365,0.01306947886119147,0.01531589898227299,460.6376587165329,40.50801765180171,-892.4517364308189,229.90999443853423,-2801.2263652458446,2098.9215914065235,0.8564413102867525,1.0,2.0,1.0,1.0,253.71866372184923,2561.6117463730584,-765.3017095792842,229.90999443853423,-2801.2263652458446,-1382.387460175879,-9811.906191004788
-402.4068701601275,2475.48582956849,-646.2863118622531,-389.2574770722928,2437.8308993026135,-652.7253821425691,-389.9872515451214,2398.9538817358175,-652.0716336882471,-379.3300467694341,2358.251427732603,-650.3651606598036,0.014726228590216764,0.016694298632728664,0.01401137077035941,140.19471711470496,119.83250180537621,-998.7029003562617,586.223355962512,-2532.5726463685724,-2596.5795513612643,0.8845681020066959,1.0,1.0,1.0,1.0,-404.9930039304306,2475.1250629281567,-649.8734590528877,586.223355962512,-2532.5726463685724,144.11426453891812,-9635.126551540112
694.3089394897761,2464.6872942916343,-860.5702232566639,674.9172525316898,2416.882951127013,-900.2404916970476,664.0698810374654,2370.5867295862117,-937.0388938847304,644.732957129539,2332.0260314652533,-971.3371445823033,0.014225369531048209,0.015327366707796754,0.016733109758755416,-166.0803216715262,10.906651208182552,-956.9856110445887,-1021.3800331422682,-2917.7981261937575,2605.7532719442725,0.7937141540024003,1.0,2.0,1.0,1.0,691.8789061679784,2461.8570772109383,-863.3021521047692,-1021.3800331422682,-2917.7981261937575,-2229.41545701447,-9714.167370953719
231.8150629675633,2479.7445174382956,-841.4824387245015,228.19254236181843,2437.075950189263,-829.7124848615214,242.11988206273253,2409.8137584399587,-822.9116805143686,241.32056562800406,2379.8679819415806,-821.8067504880481,0.016726966615711505,0.014635908531308707,0.016184765833392466,439.209405163562,25.613505545815173,-837.4070096771314,178.10563454542478,-2158.351424175491,-514.186460313496,1.087452359019585,1.0,2.0,1.0,1.0,237.05950995450917,2475.3423719849948,-834.8457485837783,178.10563454542478,-2158.351424175491,463.9662311187401,-9767.38203282111
12.291517879402196,2512.942127830039,-659.5222381203189,-7.6016249019036835,2489.081110637671,-674.4637627525997,-5.762909997440013,2447.8631561332095,-692.3707050318533,-8.718667679178703,2419.4406852398884,-709.6808710803008,0.01735093409286582,0.013896896855116709,0.016323279405129575,-378.96548875518215,379.6512147964566,-802.5587210352974,-374.707477369719,-2084.0220181752225,1851.6820830799052,0.977428889646888,1.0,2.0,1.0,1.0,5.1096755487782275,2515.7737834260633,-660.8592435953144,-374.707477369719,-2084.0220181752225,-761.9322879700272,-10052.992205109123
-399.84086745131737,2527.2968169899796,-554.5640234454272,-394.7801908984127,2474.089254652505,-588.637395556921,-393.77471154898575,2427.478080045789,-626.3029823906596,-389.4047703216747,2373.0750681571585,-674.7745196520787,0.01845021481006955,0.017135745780960544,0.014567124728272957,-198.82157910616505,-366.7243077376529,-805.6062254862483,211.29579126990615,-3083.07639522945,-3122.145965175437,0.8898469146806977,1.0,1.0,1.0,1.0,-397.4396228998742,2531.3675037780336,-549.7625750679675,211.29579126990615,-3083.07639522945,-2200.5425300766788,-9587.851847345652
306.8733911511802,2516.2141352337476,-498.47243525871914,315.43930827893485,2488.1053813727935,-529.2042608866606,317.7479507305311,2428.620979858535,-568.9029003197986,320.96140210251684,2386.645756878983,-615.1094695219216,0.014806664127394276,0.014991902883122125,0.019021390105575534,543.5673475369144,-149.69894276703917,-814.9299034106165,245.25439183978358,-2795.131570986939,-3324.4089620947707,0.9061800428839089,1.0,1.0,1.0,1.0,309.3494033299197,2519.6517075254883,-501.3594156943941,245.25439183978358,-2795.131570986939,-2182.502552817626,-10028.029147225225
358.302961604145,2538.105966617606,-722.9421150742239,338.6515155972099,2504.26958412504,-711.3718232511728,333.127099557119,2466.7781850781703,-716.7451057531517,304.5738033867688,2426.9670624582814,-707.0515648862624,0.014117524351711588,0.01661450805994409,0.015351343229358428,-664.8860724727498,94.32512972381608,-1012.3631944692509,-1024.1437087983365,-2441.638341745442,2477.5670961812657,0.9539166243589866,1.0,2.0,1.0,1.0,359.2576363255863,2535.9634714692447,-719.0840960070121,-1024.1437087983365,-2441.638341745442,530.115130097352,-9987.39199114848
-173.70877725534052,2544.760684185785,-942.2269281952923,-161.96897237200352,2496.721562296496,-954.1986834919857,-165.19831496872922,2457.04452125912,-970.6023726353901,-150.401265554896,2408.3375194390583,-978.0490091505048,0.016346197919522226,0.013313869266629984,0.015483951644096432,181.18141265379973,39.32512053303914,-957.9129138868033,400.7684223675128,-2795.368986355412,-855.7151865204343,0.849855981169752,1.0,2.0,1.0,1.0,-177.506325365125,2541.180363321138,-940.4458421120298,400.7684223675128,-2795.368986355412,-627.5757414388618,-9712.614225160116
657.4343287130188,2586.0018136642334,-573.6627996636443,642.614269045598,2555.8361633213726,-602.3374007322724,630.0875860991923,2520.256077502198,-627.3851666452905,620.034510498822,2494.2929993739776,-655.6573628847037,0.013970329243546456,0.014625251738494596,0.014575342083873614,-176.641524076291,221.82684663473196,-810.5997936429558,-766.9281623222961,-2190.137572122551,2639.0956051069475,1.0368290769340842,1.0,2.0,1.0,1.0,651.6408912317913,2587.175424527082,-572.5844475698121,-766.9281623222961,-2190.137572122551,-1508.7701352022068,-9851.539620068097
226.30291429074384,2584.855648122793,-468.528454471662,214.7278133145269,2551.4053714357774,-469.1660621402401,201.8244726024599,2515.5633860247426,-461.3366090743867,195.33401664644467,2486.0975449129214,-471.949909850832,0.01536588673677098,0.0162092786422577,0.018063622274777584,-529.2651640255975,253.01624699208315,-962.8917392833763,-686.3354723724071,-2142.5590803373466,-3114.0138803338614,1.0403612123461925,1.0,1.0,1.0,1.0,218.84050086032732,2588.405644559794,-470.50190772757264,-686.3354723724071,-2142.5590803373466,241.15152359721577,-9788.456572590923
21.318101402556472,2608.567724044799,-550.1741375123895,41.390691133759205,2571.988259219167,-590.5332079310895,39.03966517763771,2540.667840693526,-624.3795990553263,43.836613650951335,2503.7072072427695,-658.00501646124,0.016114754632739724,0.01851758172216141,0.015397237986572353,418.876973579125,252.28602067051455,-811.1737109562941,354.2514848588704,-2115.0157944220687,3047.96970619497,1.0649704256585246,1.0,2.0,1.0,1.0,23.886567961485525,2610.528631451126,-548.0443340019561,354.2514848588704,-2115.0157944220687,-2040.0836047335836,-9745.599953314755
-473.9577547166337,2490.1676359359503,-595.5536537549401,-453.80537475354794,2466.367432243052,-621.0405837584111,-443.078156530793,2424.1231669673793,-648.3208643702108,-443.4810001734921,2397.295142142567,-679.2316989614648,0.011955455651585453,0.015006198501089536,0.01261720622526286,202.13165331447044,90.88524407735949,-876.0822671505957,634.9638963597378,-2279.339813739278,2794.157816278847,1.0154211396220616,1.0,2.0,1.0,1.0,-467.7552573450535,2495.588747572288,-598.8704308608628,634.9638963597378,-2279.339813739278,-1586.281757286919,-9544.832389670939
-410.2977096930183,2568.0576751883464,-871.0491360177579,-413.0764139726624,2544.628586732941,-884.043906797836,-400.96280960612967,2508.086748987056,-901.6033848698702,-397.13909623251936,2485.2240343279186,-915.0152894331768,0.013705394326007198,0.015521895594594146,0.014938705237934901,-65.53416373339589,408.4446381618491,-1013.3705749851002,311.80874231811583,-1941.5051957050841,-1828.7214377051905,1.070834004841462,1.0,2.0,1.0,1.0,-413.200911418094,2573.222931373022,-869.8473371847247,311.80874231811583,-1941.5051957050841,-729.4562938086754,-9800.399768157273
124.79515790702119,2481.678552966019,-672.9647825862729,116.57022398828254,2448.7347029412877,-694.1140518532438,122.0282218324712,2400.238485903973,-718.6088480042725,114.328176882643,2351.235201525067,-757.6957585012725,0.016061969300023564,0.011898300219566841,0.01846226169338183,30.73989817742955,99.60467423506896,-988.6601590422871,-108.7292147623298,-2803.550620019628,-2934.8185192745555,0.8035774687870284,1.0,1.0,1.0,1.0,123.15973072540942,2482.622701251756,-668.7239103761251,-108.7292147623298,-2803.550620019628,-1552.8220709473148,-9693.17129917696
410.43594806561174,2598.8623820071275,-1081.066898827353,403.43485823565146,2567.946130286259,-1114.2507024741506,407.1824058697393,2528.5098156084914,-1144.4524674829456,388.20324036158104,2486.208790758954,-1122.4599012513015,0.014800282523879568,0.01530930518300031,0.01565620561042298,265.2937343234042,432.1757267309455,-1012.2878489943296,-160.3733003374869,-2464.679384228364,-1519.5805311159706,0.8342342066826978,1.0,2.0,1.0,1.0,406.42223862038907,2601.0935848519175,-1085.7133114110547,-160.3733003374869,-2464.679384228364,-1932.0119602295088,-9686.89620925049
-469.85515062787744,2500.6449224215453,-1035.5095581488001,-461.7622820766329,2472.02899178256,-1054.96188827491,-458.06109323954996,2438.5452320971167,-1087.6716110314044,-450.8253753435493,2395.6876372931774,-1103.8645331463977,0.01009433352440084,0.01731210214133163,0.014028636309807913,-284.27870610381933,288.351209084661,-1018.6336984117119,200.22429790295323,-2457.828958999162,-1627.8770377327187,0.8585649280244603,1.0,2.0,1.0,1.0,-464.48057421648105,2500.3972721839077,-1031.821024905205,200.22429790295323,-2457.828958999162,-1708.6455072643937,-10180.868170883039
332.8081437797567,2431.5298263235904,-929.2899856488365,322.45592995016733,2384.5911675921925,-944.0879409268567,309.27252787391126,2350.6959364965583,-959.5557139026038,301.3789923239476,2291.6626617445563,-991.3071882334306,0.015487651689795687,0.014117233432994258,0.01581075243482556,-233.7585816828585,58.84335181215426,-902.021878819683,-723.5617435491197,-3027.602568838436,645.0887463467352,0.7395843624423851,1.0,2.0,1.0,1.0,334.2373870032004,2435.5113683503223,-924.9968688888538,-723.5617435491197,-3027.602568838436,-926.5074107476473,-9618.302221597613
-277.16476459315135,2607.0604063645724,-655.854005277454,-267.52707265080977,2568.7994222248503,-679.925589792704,-257.8136347013581,2527.791188929274,-706.6651186704579,-255.9680575682839,2499.3294893090433,-724.8850242580413,0.015226820926059073,0.021096295097150115,0.011671676257857568,323.8559541031874,394.8954615689588,-804.0181477916183,591.5465777621258,-2167.6681198277547,2168.812103775822,0.9720052077189335,1.0,2.0,1.0,1.0,-279.5215552141812,2605.9169437932746,-652.4595546867538,591.5465777621258,-2167.6681198277547,-1297.481516752896,-9966.90199253464
-235.6588502497184,2447.834745829668,-656.583738924097,-225.47389438044826,2405.3144480586343,-673.225783230388,-216.65414142162186,2351.0742309394523,-681.0273144417562,-210.3942346517875,2301.7307503478255,-709.3318642293171,0.010282470703732477,0.015457862121130577,0.01730959250260102,211.40384547410136,21.77479429044716,-863.0422005624442,559.5841580275503,-3045.4387730837852,-2170.198480208821,0.7519500746725365,1.0,1.0,1.0,1.0,-233.46556015780027,2442.8986188920585,-658.8306749987587,559.5841580275503,-3045.4387730837852,-859.3164030045705,-9724.899480501286
-110.36890951932222,2498.4734917774126,-774.8168257977409,-100.7735151215332,2474.7886347172857,-782.7656240365593,-99.27008166008723,2447.3622218875626,-815.1303206062008,-89.92546846465211,2426.2574850244114,-841.0760255843678,0.014638318180008669,0.01696886690246616,0.01429871709013765,123.03999236393547,411.28668656937566,-1013.9764369952183,165.0073930149381,-1501.0627909297673,-2545.060498310716,1.33909409782738,1.0,2.0,1.0,1.0,-105.49524696175325,2490.258652007096,-768.3608036159455,165.0073930149381,-1501.0627909297673,-1329.1274396517151,-9590.482060520635
633.9918828771995,2665.6009672172595,-925.6561530857119,632.4849003775461,2641.577166925647,-946.4136863150372,619.8378603672375,2615.136470360716,-989.1745766476296,601.5347262955087,2581.3002532943233,-1028.9288682532967,0.012633921503394758,0.01464139746226486,0.021193084955558064,-148.61421033854518,414.33398625565997,-1019.1222084468696,-641.7687451965211,-1835.1507442182954,-2405.4786698458233,1.176531596078778,1.0,2.0,1.0,1.0,637.552502527195,2662.3936479230765,-926.9962702098544,-641.7687451965211,-1835.1507442182954,-1996.5896768603902,-9774.805223825739
127.73669205498442,2529.4869889853144,-692.1833939316649,124.65110179366019,2507.5790148176748,-704.884773334006,115.66625829064773,2473.4487715939085,-715.6852136084291,111.19756089875442,2448.4461399249494,-736.1126234653951,0.017842508530931167,0.013875480924035712,0.016658670521279235,-500.24641354241186,91.84865986004918,-864.8615638504347,-459.57684048601806,-1762.461652628176,-1885.7044218297426,1.3366233400237464,1.0,2.0,1.0,1.0,136.26751053072462,2532.8580487500826,-698.0575189779108,-459.57684048601806,-1762.461652628176,-585.6686793919946,-9633.83728205761
226.7884922508469,2452.0530602918834,-972.197585350908,235.03509122620218,2407.931428789093,-1016.937536027601,240.65370518383787,2356.240809170684,-1051.6852344802908,241.72982097906842,2310.9588321546285,-1086.7667692578982,0.010994433909495012,0.016484151039122506,0.014788204601805657,500.929846182136,74.4744664413468,-862.9319963012973,358.4431210657174,-3153.4152280239,1227.6955572463935,0.7127332104495774,1.0,2.0,1.0,1.0,230.30528977752056,2455.3029635993967,-984.4093373594342,358.4431210657174,-3153.4152280239,-1987.2598990914871,-10047.283034522681
686.1206920601121,2529.2024302560726,-571.3910912345975,671.4562285686435,2491.012885043569,-606.8031480243923,651.1073149871381,2449.6784895818955,-636.8919177834568,635.1730511728754,2406.2681329610923,-659.0353756589732,0.0165436531997942,0.013945749766269661,0.01597408850293403,-328.5339742864162,140.685003737638,-896.079934860211,-1149.0886626131655,-2704.7844614972537,-3007.0075173349937,0.8385365085310028,1.0,1.0,1.0,1.0,688.4094921262363,2534.4192521627183,-581.4410586099174,-1149.0886626131655,-2704.7844614972537,-1651.9509096178151,-10032.610224969994
-269.4425789505888,2508.234824666602,-993.4380692121982,-270.61638282744974,2454.978343636617,-1028.2113186178256,-274.4826403057604,2415.6268981742955,-1055.141919093229,-272.21752361866794,2378.65419501534,-1089.19622610403,0.017816239663763007,0.01344358031602054,0.013218676673700976,-369.70279701603494,3.1013121306451055,-846.0911636134462,-118.15140042353062,-2898.1175580999056,-296.22040825623446,0.8205215033465161,1.0,2.0,1.0,1.0,-267.50183564968296,2509.9729998870635,-997.1132924184811,-118.15140042353062,-2898.1175580999056,-1730.5637957686265,-9622.342163931802
439.74067669586026,2524.041074269313,-1082.9402370911878,448.57890252351035,2483.116291900301,-1123.9584836358183,441.8339863877868,2438.3297390607054,-1138.5175229638546,446.72522381459214,2395.4820006445875,-1115.4727179220918,0.01522839924900827,0.015076485590438718,0.014997927752721154,657.678075309522,48.547814201996815,-865.8854806240762,250.4839743223744,-2831.1751393937657,-807.0636063044896,0.8296971874078325,1.0,2.0,1.0,1.0,438.50459777744095,2525.826061171549,-1085.066008963215,250.4839743223744,-2831.1751393937657,-2223.6362912748273,-9791.062291461585
768.8043197032852,2527.51870768677,-794.0874139376574,752.355465570145,2474.4531522587204,-796.5760393160592,755.1885623824068,2432.2671106041216,-805.390818524715,746.8972596930704,2387.5993096834063,-828.0358787282572,0.014417320281655151,0.015371666937027295,0.017705108512984194,453.9577816151121,-29.930858029636674,-851.1836186929976,-332.2022604487409,-2726.274858831871,1173.4884064340426,0.8875059042683341,1.0,2.0,1.0,1.0,764.5668951346768,2519.136134978157,-792.3055989735564,-332.2022604487409,-2726.274858831871,-486.50865055741093,-9689.971033280002
528.7508926227605,2647.491044465998,-876.7168017652895,522.8140944072154,2607.610293069056,-895.1638743198312,511.4215014960106,2563.52121121486,-914.4651574804825,501.82955513258077,2533.9216647637227,-941.2022194269205,0.016133349200405794,0.015887900425971116,0.01643512959440125,6.174847268635904,184.63745794497152,-1011.943481884563,-482.26990655009627,-2268.077487260074,-1849.642852425066,1.0365436207792207,1.0,2.0,1.0,1.0,529.4376958754897,2645.5015316221375,-880.0539827387644,-482.26990655009627,-2268.077487260074,-870.1513404566092,-10101.03206415622
-319.0032158426346,2439.7123471294835,-781.0851061648834,-304.5806141205848,2386.446606792394,-810.8537428099742,-286.15652308765345,2334.99929667671,-846.0053780097646,-261.69919252798724,2273.877848835979,-881.2406272499212,0.018673244091704372,0.01830555672135037,0.01312884878173498,384.10492731186315,88.00995355427824,-848.7038391384194,1008.7311380508708,-3341.5502420170696,-2231.1659723445664,0.6548923504052108,1.0,1.0,1.0,1.0,-327.05052501400075,2443.802874176322,-778.3873153638496,1008.7311380508708,-3341.5502420170696,-1895.4169299700627,-9855.875916125742
575.3675523028442,2536.269006268059,-688.0124915719066,561.6802447940166,2505.3970644374494,-709.737567108881,560.2173837485013,2466.5676590011085,-729.784284766507,555.2384343929674,2427.786716894195,-755.6103021738486,0.012795101437716784,0.01773241418035068,0.01560359002244574,262.8172573623999,211.7734172787351,-807.2600287846283,-308.5063481342519,-2329.222902131628,1949.6358086439714,0.9538688943594875,1.0,2.0,1.0,1.0,571.3236054966558,2540.9963194103702,-687.2150169163956,-308.5063481342519,-2329.222902131628,-1197.872959014598,-9860.100496753274
41.590501368743844,2528.1646011882294,-643.0725061816075,46.39589928450007,2499.143319653462,-671.6286006855873,45.1662651478568,2477.2483602598327,-699.9133515831843,59.799612482631915,2444.2922811252265,-721.0503222171455,0.018561869251441133,0.013621798424406868,0.010226242493039252,209.80152128534107,338.31358269688354,-807.0955996379076,153.588783934819,-2089.3211100935396,2350.9342024151724,1.0075900898311123,1.0,2.0,1.0,1.0,48.533298153782425,2532.100748295095,-647.1610483787409,153.588783934819,-2089.3211100935396,-1580.3022643038166,-9473.53823003523
-419.34287921638355,2485.0400066909256,-662.919200573581,-395.0393618806766,2449.918600410225,-668.738850165602,-396.8032016091535,2400.8355883997647,-674.8580012133008,-378.86119033931527,2355.655585609221,-689.1265531465494,0.019024033484659586,0.014352665242263987,0.015774691895612487,322.37817812525,46.41000379358594,-953.3306180990915,741.48182578277,-2439.267459741594,2383.3869842983727,0.9508486093774646,1.0,2.0,1.0,1.0,-419.10364765752024,2485.677463535174,-663.6658506018466,741.48182578277,-2439.267459741594,-258.03209764294184,-9692.28796191683
253.31311196245665,2560.0284870344053,-764.748200994306,264.74959762416205,2532.223263368926,-782.7811684414131,260.92713782426375,2500.684441933142,-807.7774928078416,271.68027654441664,2468.558641204293,-826.6492087484523,0.01758437459867268,0.015006104842303285,0.014169377522161845,700.0476621282226,109.5924374946558,-897.7250523217275,361.90653231575357,-2004.3975303215032,-1757.827655709381,1.178240143036858,1.0,2.0,1.0,1.0,256.71216004142934,2564.9794121385057,-775.3880098215998,361.90653231575357,-2004.3975303215032,-775.2197532833176,-10174.527401884092
650.5928405604545,2526.470033866516,-536.0970647408568,625.1401781867487,2478.927343212864,-550.6285599447652,619.803228501099,2442.928618733591,-573.8384566200397,610.6528720056656,2394.398523000454,-585.7980109925264,0.01969055215869333,0.013149938122900308,0.017047248790357655,21.66283231229417,87.8174107056276,-965.7605160689037,-650.304605058365,-2537.8945045293485,-2977.264903839789,0.9101122609280494,1.0,1.0,1.0,1.0,645.9552531683235,2524.196135053804,-538.1143107741325,-650.304605058365,-2537.8945045293485,-808.8932630830623,-9599.484206803576
84.66467175228325,2533.6433579568447,-439.687977650033,94.4261262478093,2492.9522459980794,-460.48740547431646,109.90888525345295,2467.0461076321426,-491.9244000205161,106.12698039496676,2431.928752566345,-523.2176202930929,0.014585094659704707,0.013982929830867321,0.017806653103220844,608.6926161980583,31.834256286421578,-962.3363668732891,461.87408678345696,-2221.499796500097,3563.6445889720085,1.0786253224062052,1.0,2.0,1.0,1.0,89.08426856666824,2531.0215273490257,-440.1001743889558,461.87408678345696,-2221.499796500097,-1549.6086208101915,-9860.443256348246
-113.71003239769564,2468.5380790029276,-651.2334412638172,-116.29712194687839,2425.645560507416,-672.4381343126645,-117.35142930574955,2396.423622994339,-670.5625061290905,-115.13014238501437,2344.7430828705506,-691.0325522222704,0.01629538843417158,0.012563112913961616,0.01652725630295415,-265.7277832180407,-38.004070515489765,-964.6295512758147,-159.71882014792368,-2567.648554847965,2522.2710300199856,0.9296142423489134,1.0,2.0,1.0,1.0,-110.00193357381505,2465.453270461285,-655.8952421410047,-159.71882014792368,-2567.648554847965,-473.20027351754857,-9941.58265413342
33.32321116611814,2549.857234393363,-543.7000276938666,37.7639437608267,2525.770446610198,-544.4340835863818,48.87386884017235,2493.371810361341,-573.7077718252324,64.76873903036555,2451.8928747002815,-575.818189912654,0.011697766035406678,0.01762087643026697,0.015019545963428138,649.3159828516041,189.77760036305966,-893.3035758031791,564.2914200898477,-2139.3986878748833,2678.578171155673,1.0606618115708966,1.0,2.0,1.0,1.0,25.7739636523188,2553.813150464815,-539.9871376245866,564.2914200898477,-2139.3986878748833,-596.8753231227099,-9650.41045056991
449.8987723505833,2527.896311554505,-853.2531713705604,440.7939728992584,2495.5520460891676,-864.490133898779,436.74891150497393,2468.2677679817834,-875.8169616666996,417.9710556801914,2430.779203808746,-889.3542421115842,0.013932298851537702,0.017000804100606857,0.014751656691566625,-548.6075544097217,296.77481768037387,-964.8022641657622,-906.7937692333167,-2004.4623462298698,-1553.4414394522103,1.0693152403562871,1.0,2.0,1.0,1.0,462.4674982854275,2531.7503337266744,-856.5152396425342,-906.7937692333167,-2004.4623462298698,-561.5695162149132,-9689.102556043976
-427.02811769240304,2597.231376183475,-484.8421053081234,-411.6826949523154,2563.0046056962597,-492.1588691816415,-400.6074118875528,2525.8989170581253,-488.0851472675356,-390.7195112763682,2499.547172722047,-498.1890556381932,0.015325094849092466,0.015422564854564943,0.016917753594129156,406.4888565903715,246.88013933802017,-973.1945767256458,779.9067559955532,-2220.7464528394185,-3051.404262363781,1.0123345867022129,1.0,1.0,1.0,1.0,-420.2123047649164,2600.8713793477955,-477.1821225630997,779.9067559955532,-2220.7464528394185,-302.22257601363447,-9294.015773686475
344.5630209930635,2454.370975787283,-643.220161179986,361.9409465214097,2408.251466259367,-647.7138080404516,343.076542159616,2363.031453661998,-646.8764349935473,346.97745493887265,2318.5427182708013,-657.0358205970925,0.01206008889092151,0.01824364700728412,0.014870447449325648,335.2599185758669,-19.011414562950065,-885.106972064678,-20.403254256871435,-2819.6856158863256,-2129.612868639633,0.8298258166524694,1.0,1.0,1.0,1.0,353.11276605062915,2448.2134993375807,-647.0297214012849,-20.403254256871435,-2819.6856158863256,9.723773389013289,-9525.429107794595
211.93846369312874,2442.8908854239985,-815.3851564131413,213.28380308671214,2396.868340788258,-853.0343201518583,195.11733799108643,2343.1809252466346,-879.9094285838628,193.6248720682336,2290.7104453206434,-914.1359749786557,0.013047655515433545,0.018887831420251404,0.012848426459484232,-217.80793241789922,60.46529740110942,-937.5672489427984,-609.9854298760221,-3334.3090600662536,-2580.4124647275025,0.6702160866048313,1.0,1.0,1.0,1.0,218.33164994345577,2444.496275348475,-812.9035145240032,-609.9854298760221,-3334.3090600662536,-2041.1249323984516,-9998.246389255824
457.03365913888695,2525.407794819408,-769.6883266177975,442.4917272793554,2503.6441338524583,-797.2113679413501,428.36369935830504,2475.6597363757164,-825.1272645965787,413.8747561619169,2446.685532036054,-848.208330648694,0.01778559945847811,0.015725611928149034,0.013181055535759205,-547.3239930325994,176.14400795231424,-844.2629461758313,-792.2184988660141,-1866.3767480007705,-1719.3489668978184,1.2183077330776086,1.0,2.0,1.0,1.0,454.83240803290573,2537.110594173284,-772.7136654594738,-792.2184988660141,-1866.3767480007705,-1243.2795949181832,-9863.813629320593
45.408341833284645,2490.815703997215,-857.5925855399903,48.627099669246675,2439.8117390689486,-872.0542017343175,42.590846645236496,2403.478847370801,-896.9706952609156,34.2124400087422,2362.844147904138,-930.4868458316738,0.01241692317825814,0.019440568165435622,0.01399555402986851,-155.57206093899646,-5.0113008694433745,-800.3672578255375,-197.22452745536108,-2431.1215350084444,-466.31487190964316,0.9791469546264379,1.0,2.0,1.0,1.0,46.58307970274859,2486.8882725142007,-854.0641458482008,-197.22452745536108,-2431.1215350084444,-1122.1905620526813,-9691.709611344584
209.50858887177492,2685.879155200549,-737.4854526097545,229.132986766187,2654.2865348481646,-752.6550221770067,215.305696508349,2627.105954881898,-761.3531614913014,219.41440698779942,2590.706239775565,-786.5553849123353,0.016302339133758097,0.01273510439860916,0.014145398756998034,569.6752137795363,74.34599528503574,-898.0161597196412,271.8399447673771,-1984.5812161994807,-1865.5580500064852,1.2718171577106288,1.0,2.0,1.0,1.0,212.20568641043712,2684.070294587358,-743.4069227913499,271.8399447673771,-1984.5812161994807,-694.8627025474675,-9696.674754020343
-26.18136246134939,2638.684253979634,-546.6591747928063,-34.09269615702918,2592.249303741024,-572.0866842950852,-27.828556094936094,2557.125450568496,-579.7897316761049,-28.599028020067976,2529.579307611434,-605.5870002301017,0.013695817044213625,0.016332580886040202,0.014324874929198116,56.92544044101499,88.32356939430241,-832.1455131237509,81.40826553914982,-2331.1463151094467,2597.3362003964394,1.0456467271405467,1.0,2.0,1.0,1.0,-31.8095689966583,2629.27305286359,-545.2861170970024,81.40826553914982,-2331.1463151094467,-1014.1974637185434,-9967.716663839825
492.2305389316433,2436.288471065046,-807.0879472506988,480.94734616806784,2373.276683128651,-823.1332440404824,475.93751503016495,2331.5578639686946,-815.2297870506034,465.06483919144597,2262.658091706274,-828.9039822601561,0.015010399715840683,0.011997296991213092,0.018999779044279196,26.190347467006887,5.357152865811976,-927.1483369494036,-689.2444395582572,-3592.3404931119226,-1521.9983030122453,0.6289925242486675,1.0,1.0,1.0,1.0,491.4303441688287,2430.186985716362,-808.2352219796126,-689.2444395582572,-3592.3404931119226,-183.51746928566462,-9600.492130431412
383.3554034217984,2537.031465507116,-957.742216961827,378.9316933296817,2503.624781022986,-970.6110289991744,357.3371675626996,2460.201265114087,-1013.914393318378,345.34218958620846,2425.0445875417054,-1043.4756286992977,0.013117843779699953,0.01646566753100653,0.01782269714937101,-522.4034374575915,179.91821263991778,-829.0470000259386,-943.1767805283471,-2442.5478285701497,-665.013175748404,0.9175937915399233,1.0,2.0,1.0,1.0,387.7621557522634,2536.9768672101127,-952.353026729806,-943.1767805283471,-2442.5478285701497,-1678.6393244545984,-9628.682375790164
691.3395713300272,2575.288802048805,-497.0802064191471,675.3310761332916,2538.012018274283,-495.39580007698265,670.7406854745491,2496.341919134808,-507.02958283587867,649.9299981838728,2456.4725417041304,-510.30896475154765,0.0169127031726654,0.01623677882542442,0.012961354223576256,-293.45942095121876,-308.10817860827495,-803.392530799778,-999.8900524700617,-2919.029996435903,-2457.911772074531,0.9438891637783346,1.0,1.0,1.0,1.0,696.4317309941443,2581.731517863262,-495.45273154344216,-999.8900524700617,-2919.029996435903,75.55606755717136,-9800.833005684182
232.65776491932854,2439.515906816178,-521.4027646943398,203.657150232077,2390.1641092911495,-517.3296668200873,204.47681453853778,2342.2255181503106,-522.2371122707698,193.66838340041033,2304.5197113788918,-538.2591804108508,0.012991870054280886,0.01700185789042804,0.017384002616524737,-411.096230938566,10.471347367298641,-807.995645946951,-675.1215328703004,-2563.7445762601387,-2419.7184195626537,0.8976222694387671,1.0,1.0,1.0,1.0,226.89361762386682,2433.209971933141,-521.881944042815,-675.1215328703004,-2563.7445762601387,69.38221819450456,-10224.739760250352
-175.28587444823688,2596.009496270187,-713.4694673782848,-172.83960917672314,2553.6798661978864,-726.3874274052037,-164.4341847486593,2523.7074459430523,-736.9100619988345,-152.96207610994915,2478.064133271351,-737.6808000172466,0.01584463659983603,0.014850612586946066,0.01611908215161775,140.6934257324426,60.939587166634595,-818.54534081756,310.39133063084984,-2469.8558422950473,1383.3402645063238,0.9781856686616003,1.0,2.0,1.0,1.0,-177.45768816417797,2592.541825519065,-722.6153821009361,310.39133063084984,-2469.8558422950473,-201.27272250646428,-9765.61706045029
69.22901125711873,2442.3527312940028,-670.4421755216837,66.18457567917574,2402.0417935341643,-674.3370493411984,57.31093214593419,2374.056799038595,-698.4210737481503,55.18854880184743,2334.2718027445226,-710.4519299751055,0.015316996427652671,0.015171609955019977,0.016948623053258373,-311.3542901755617,57.30185637850755,-894.6134347559566,-379.4436307411746,-2391.5805091390303,2126.515125044556,0.9525627705640697,1.0,2.0,1.0,1.0,68.08934056561225,2448.882365517531,-674.5113715787301,-379.4436307411746,-2391.5805091390303,-513.8382863675611,-9674.146547512626
-225.3910129336252,2446.8537685963915,-1038.9624372594083,-220.2987294858066,2401.6608451194084,-1069.798921952477,-214.84686205008924,2361.691427076901,-1093.4668705382737,-209.1774049981185,2326.461869433411,-1125.627303501032,0.01623092060656946,0.014876381478681776,0.01731818915980968,27.460340961212147,278.6973074875967,-1017.9531978345341,292.3104733571756,-2516.914286919026,-1389.6380311032972,0.8115745087549397,1.0,2.0,1.0,1.0,-223.92666612595832,2443.2435942379534,-1041.8867612245358,292.3104733571756,-2516.914286919026,-1547.7900907042501,-9687.128535978276
715.8108034122711,2451.6696295934557,-942.0764261134965,710.0344090861443,2411.909884814367,-963.9762676825627,695.7030516419629,2363.186882047711,-977.1557492297636,688.9169388677433,2322.580398399553,-995.155243506063,0.015430869608031705,0.014950943470506278,0.0160297802193469,212.6244895355223,-38.85792303791179,-911.1448226842285,-604.476835847961,-3002.8100005026554,-244.62694642524016,0.7835884067021157,1.0,2.0,1.0,1.0,714.340263289328,2453.474377379296,-946.0566984376712,-604.476835847961,-3002.8100005026554,-860.2158723218009,-9732.945373289653
-84.74856130339262,2620.0915106912375,-726.259162658902,-72.60504362611672,2605.5120607819963,-741.1100092847583,-74.36510277531902,2572.414609848721,-759.9850694275923,-67.05103059465316,2535.685270536121,-777.8881108775765,0.015442486684777051,0.012117165865231184,0.018153572797581112,233.52898473433723,91.08660840999067,-957.1395493665821,225.79348957053895,-1856.165425603704,-2190.869565155514,1.3192867746524035,1.0,2.0,1.0,1.0,-74.67912852944733,2624.7524143590504,-736.5959649748993,225.79348957053895,-1856.165425603704,-749.5697062863844,-9610.061750715162
-49.26592973518716,2546.003672388617,-796.7988172266726,-44.472314066036034,2525.9680905402793,-811.3892635542726,-53.62672012756131,2484.1501621429607,-812.5853374789731,-43.789832283219894,2461.09956073736,-827.7691086222538,0.017516489001842054,0.01303387280540888,0.01750885326293139,109.19930237363029,246.66437989054367,-1019.0601838970351,127.42273122552942,-1840.1389810266946,-2129.8633882100635,1.201940784929813,1.0,2.0,1.0,1.0,-50.07911165828176,2546.838106173912,-798.6186331263134,127.42273122552942,-1840.1389810266946,-380.8802259818178,-9961.919676027093
226.31027938976848,2533.4884102247515,-741.5961407351857,227.99151424787541,2504.9545269221053,-745.3760916584502,209.48181906527788,2461.1648144581523,-767.424923233009,194.8952868549978,2426.864077349393,-789.7742367112065,0.011865592362088626,0.017614345455218946,0.017206569762108163,-500.1236973649191,202.49296465447745,-808.6186996459504,-748.5021548608593,-2397.577237140395,1326.798117346451,0.928313492420585,1.0,2.0,1.0,1.0,229.6659036244199,2540.130770866352,-742.1911506162037,-748.5021548608593,-2397.577237140395,-658.4097964926467,-9994.32247725425
-184.14171391023802,2587.834974391569,-754.6131977434658,-168.80610947276043,2557.878260650811,-763.2656933652372,-163.79064268159647,2517.948446047618,-773.9535762422121,-145.7624214758835,2457.8000560021187,-790.0406149365925,0.015089021114085211,0.015206959822813896,0.01622477283499041,458.97037518857087,124.5624883579676,-896.7317421982253,686.2957431082918,-2657.083306851359,1705.0591628738246,0.8834792462281112,1.0,2.0,1.0,1.0,-179.28466590214055,2595.649963729728,-755.8691069701251,686.2957431082918,-2657.083306851359,-310.2896685820078,-9981.86705273132
327.8490657253608,2501.5326105245276,-518.989861578846,325.23436870308865,2460.764179920244,-543.4955988056608,328.1325303225553,2433.740862456731,-575.9666499318611,313.72949930122735,2400.4478808165645,-614.8640285161017,0.011453750709175453,0.01706094913115195,0.01518500038246879,102.52167417870714,-33.37399392700147,-927.0684595158878,-204.34380599025383,-2303.4673869588823,3498.3053709727037,1.0563002997772024,1.0,2.0,1.0,1.0,327.29986076798673,2500.4401317277766,-513.7491187874961,-204.34380599025383,-2303.4673869588823,-2035.4973247609616,-9793.609209690461
321.4027111117877,2566.062840001212,-677.9456097796734,325.77361717892927,2527.9869683245824,-712.2796091722381,329.018637735322,2471.348046693415,-736.1253320022693,342.61910397529965,2438.186506774352,-753.2375402398919,0.016243031638293035,0.015591438274435213,0.012896518076206329,605.7514972180747,32.145492196101344,-931.2443150123456,294.9925943171165,-2663.9390192547617,2559.59579921699,0.9052690120110661,1.0,2.0,1.0,1.0,325.50853261681664,2562.887560488122,-681.6644910529774,294.9925943171165,-2663.9390192547617,-1280.386599019837,-9840.919837965746
-89.03278397342987,2540.8588867187564,-603.6052556778279,-91.06305581466684,2505.6535080080594,-626.880375688421,-84.68558282882785,2467.1361846734394,-658.8514456153317,-88.56033742129969,2438.164694811458,-711.8465387419822,0.012851332559678746,0.017661627663976925,0.01564568042938778,-19.9750525093377,-2.8238784758421964,-889.8391697997603,64.75585685253016,-2371.2931241960932,3039.280739226591,1.0288413593469556,1.0,2.0,1.0,1.0,-89.5875986258078,2546.316230034967,-598.2076388384571,64.75585685253016,-2371.2931241960932,-1947.0936513637641,-9338.778192867238
450.8723606110818,2602.883039588946,-618.226024616117,446.74906150952665,2554.1147803223394,-623.5021114991428,456.67853713857727,2514.1364266639903,-628.5310128485095,449.99358940298254,2489.9970227441586,-629.3459590770133,0.016815105426782898,0.018679022258931387,0.014211733859017799,438.1516350825593,95.97804051760943,-1002.4028806781901,-14.156682977267348,-2743.9263704539417,-2797.558588828798,0.8652941384552686,1.0,1.0,1.0,1.0,451.10500000676393,2606.6706694829622,-619.9617556882174,-14.156682977267348,-2743.9263704539417,-27.22139768910054,-10231.440007887537
454.12445069408164,2536.1588573541676,-838.1404256093379,439.31327216184945,2485.2666357008748,-872.8290319644844,427.61457385781995,2431.626514045435,-906.7867495698628,418.8434455319701,2394.4226927735576,-947.2469139255485,0.018547248211902585,0.015528717125157136,0.013888437397779362,-31.819804571786754,-13.590802306023662,-914.9667175830499,-568.7573794680762,-3015.5756479812744,2406.9552990680286,0.7970355972651616,1.0,2.0,1.0,1.0,448.78018107873925,2534.5706202381566,-836.867229283622,-568.7573794680762,-3015.5756479812744,-2053.4296817338886,-10102.38006225447
715.1985007696861,2549.4757277797667,-816.8195760322153,700.210418904398,2519.8458669762317,-834.6399866570512,692.4967541308536,2499.1541308238866,-848.5488268665439,687.7573985694005,2461.969248207033,-876.2340686468211,0.016995743167513008,0.014971208251298981,0.017089178278535892,-90.82174592876636,403.6125123326253,-1011.3706584385195,-665.7931749768047,-1772.9279344545453,-2225.655390847211,1.1609438703026482,1.0,2.0,1.0,1.0,714.7879957931691,2548.8553130226287,-816.10711274177,-665.7931749768047,-1772.9279344545453,-969.0153555752353,-10282.987501033109
562.8862917066538,2460.7391652071697,-740.9906630344097,557.8756309741472,2429.5064354298256,-765.4934207429889,554.3754009135863,2385.45287606808,-797.459128793522,534.1062150282381,2346.8140221424287,-831.1043193612314,0.015194211917173897,0.01738991515636363,0.017579626952133436,65.05491969417466,292.36128163172816,-808.5632418029636,-526.4125512305469,-2280.611097323386,1987.7742100544742,0.8998362459743298,1.0,2.0,1.0,1.0,565.146843363193,2458.9418240889404,-742.2866575879829,-526.4125512305469,-2280.611097323386,-1617.8079831620455,-10068.630177394261
362.4479254836041,2457.26058820606,-824.4679178748502,354.0035564298992,2406.2444751516264,-825.0990753641456,359.15925893392716,2346.746429327284,-832.4570055827209,359.10876544094594,2281.767284279405,-834.4574292081824,0.016203566081603445,0.016479948157642973,0.01782224281241282,369.27126772314546,28.181257353053454,-965.5314104276549,17.771968214522502,-3693.6043685518725,-1702.3937474335082,0.6094942429483412,1.0,1.0,1.0,1.0,357.5417687015579,2465.9601405972858,-825.3566187219562,17.771968214522502,-3693.6043685518725,-77.04817713291877,-10318.193668390955
196.28138592791038,2544.793903254983,-536.4719615855711,196.82637424168502,2522.390301200178,-546.9671450480483,204.90552668594873,2492.51721585348,-562.1497554322963,210.98619669892645,2464.7300523734452,-581.2418144228558,0.017033570043971154,0.012695571641117995,0.01661853255373822,322.28550609204564,394.4966297546264,-806.4466288816388,112.96402540310956,-1987.4166761075537,2517.8207057132418,1.0386523257611715,1.0,2.0,1.0,1.0,199.71953852967408,2550.8437233313316,-536.4253588435729,112.96402540310956,-1987.4166761075537,-813.3691476634574,-10515.74249958522
-32.26885025622035,2530.8599431150183,-796.3791475312145,-31.26260187577493,2504.202200530126,-824.475824407209,-15.898563219788446,2470.3272184107886,-863.7306580225099,-15.996533386783609,2449.285358065345,-893.82630566267,0.018590260414144966,0.013020110930449965,0.02086167274614896,479.9596598304474,92.6503930888048,-898.9075090821727,360.1769500812177,-1731.6523469455503,-2345.556613147695,1.3525279559092482,1.0,2.0,1.0,1.0,-26.088955033665968,2525.621940547303,-794.2461862979449,360.1769500812177,-1731.6523469455503,-1877.04565503728,-9454.32230513332
196.33409839157542,2450.790839631723,-768.5202702596849,207.67146167527767,2377.194821660428,-795.6224548887208,203.70394791906793,2316.4450987883883,-823.94740936727,202.92754867423926,2254.1720147291276,-855.5391257482978,0.016682055822370773,0.014700316995748232,0.014287473825031573,214.66190874765417,-382.37670501870315,-801.510833826593,20.765425239393466,-4153.770546460861,-1877.0490375443594,0.63433015335685,1.0,1.0,1.0,1.0,200.5414195848674,2442.1872665746855,-768.3496404071645,20.765425239393466,-4153.770546460861,-1697.0576718668126,-9704.763765453388
-273.2242923015962,2734.989237868816,-777.1657683904583,-262.0144650017384,2702.874420768526,-799.8330557851539,-250.21291518748407,2667.8764108144824,-837.2934705683829,-233.98434679784992,2647.297445595731,-865.1421369344814,0.01492432923745526,0.016710907030083932,0.015490039412339451,602.416655355863,253.68328259174953,-947.680201404903,609.5556456112296,-1736.0371752704798,-2571.948622919898,1.377874724320113,1.0,2.0,1.0,1.0,-266.2001396401381,2727.5362573521907,-773.2654725663274,609.5556456112296,-1736.0371752704798,-1802.5712617829997,-9650.62764563798
-58.99951775538407,2595.5839750472383,-818.8569211292246,-51.97087478257771,2556.251579789823,-823.9637497835417,-52.028936337879564,2508.347609484741,-819.8413040231761,-52.258023313671536,2453.5376176920927,-823.2010011815689,0.01568969145883064,0.02013245179610139,0.012389469589301726,137.6289647470106,-18.26945206196222,-944.1376458834304,218.5087649800347,-2896.661244978814,1593.3694440348377,0.8567883871557669,1.0,2.0,1.0,1.0,-60.121467559920916,2603.208974643858,-816.1897951851307,218.5087649800347,-2896.661244978814,187.5347263896512,-9786.77732318846
-443.25423660800584,2489.7665622923732,-933.5685956472297,-429.47623032025433,2439.024168974443,-915.8274509071942,-398.23824516537195,2396.461263055357,-922.0060136307079,-385.67896047500545,2352.526588784247,-912.6381904011943,0.015147071513942513,0.016429231823845484,0.018784927081350253,494.3328740212432,155.78271924627757,-984.5100884971347,1147.625044736794,-2857.0005183170433,1184.9455710546322,0.7646387695808624,1.0,2.0,1.0,1.0,-440.9815374392454,2484.2381416746625,-925.6627434369648,1147.625044736794,-2857.0005183170433,507.7102737469462,-9746.148676217943
44.26233083462975,2622.9975274886356,-883.0369393805939,47.134846309350166,2589.362594900343,-895.20777335977,51.86368523634958,2551.637482053164,-894.3368526227873,64.86901666450295,2533.093838080556,-902.5735902597148,0.013329621173853333,0.013547011702673622,0.01588455150830196,492.13855112343555,332.7495570077431,-1012.1970272939429,410.30003838482287,-2111.651548783352,-1588.3819677079077,1.0422388156151698,1.0,2.0,1.0,1.0,46.96300947590407,2623.891487437685,-883.9584053810187,410.30003838482287,-2111.651548783352,-163.21516010668893,-9737.630725657898
402.6156434165264,2440.0149537208763,-871.5385371640111,395.54888594925706,2400.840867673539,-870.3500857939428,394.2223380491073,2353.323143141402,-858.9067632923276,387.5511326388675,2309.1290693160395,-856.6226583769916,0.018109615705899695,0.015089494079145033,0.016787090917426795,123.66644210530228,-9.074549530245648,-879.3485968812242,-285.39937149417926,-2518.819817329653,646.5488722834236,0.9200137992975292,1.0,2.0,1.0,1.0,400.5038324546563,2434.180673279513,-876.0982680826173,-285.39937149417926,-2518.819817329653,595.7132370999973,-9847.290523198142
375.42753294413495,2463.7566168569806,-803.4295033996838,368.8646604868661,2430.2832095752306,-818.6465519026773,358.5049226485161,2394.9702989498364,-821.8025770420621,353.8062674636983,2352.4311062439783,-834.8468105930474,0.01809678286378634,0.018235688497129157,0.012379461578234927,64.84491427327502,-15.404599934388319,-894.8193931342555,-261.59998502878034,-2119.82338891493,-1351.7222499523878,1.1212880670608467,1.0,2.0,1.0,1.0,370.9168967569483,2464.7887650960865,-807.7437590686607,-261.59998502878034,-2119.82338891493,-347.1949507860603,-9803.0431001022
223.52139086859427,2601.358035742361,-485.8192542734482,221.8791240735628,2572.8288702124137,-508.8488632536686,212.6206162962117,2548.1333674657867,-532.9806145438018,208.43448652198285,2507.115842883534,-552.5739242454241,0.014028017208134453,0.016838142071760175,0.015874168580544447,-171.3110777731825,180.9092070100919,-803.3889236204568,-339.8916901265826,-2073.998235907018,2634.83144704374,1.123259672139558,1.0,2.0,1.0,1.0,226.36219967491866,2607.487143021317,-493.28684485923577,-339.8916901265826,-2073.998235907018,-1058.4294898441735,-9388.303907548907
267.4991236273621,2540.604944658219,-638.0456039083953,284.49569634427263,2492.3021177015016,-632.6124680597225,288.3465602467307,2443.153088706614,-653.3247932891614,287.37354056194255,2407.8913454461967,-656.6419697474319,0.015130295034514326,0.016710243431176698,0.016540925650784154,499.7585655699518,133.75941483886913,-982.9603256995047,258.2093770871707,-2712.500864343712,-2656.293449691405,0.8366185358835255,1.0,1.0,1.0,1.0,271.2432668478094,2534.3226797830544,-633.1123559661305,258.2093770871707,-2712.500864343712,-283.66717109503475,-9969.261519214579
772.4229017559429,2500.893385073317,-572.5712156041456,762.2706228686102,2456.7349938878983,-574.8629693424675,765.3483212877524,2413.5793414384566,-584.4741857215786,748.7762199255955,2366.606657053907,-604.5843082595845,0.014180743984766181,0.014540451318740126,0.017505809872305336,387.0196872735412,-99.85943673089213,-857.6181607117428,-426.9869774712985,-2890.9497649479836,-2412.634420755244,0.853772994824189,1.0,1.0,1.0,1.0,771.3079669977126,2501.9953517222916,-569.4328133347268,-426.9869774712985,-2890.9497649479836,-528.1534434704371,-9616.070386745725
360.73402818956026,2430.0,-681.8465593769544,345.8028947235166,2371.852153184798,-719.8854275092356,333.97733565181875,2299.90554408027,-748.7170588959867,337.1809010580021,2251.8765095162385,-781.426735041224,0.016195639802048783,0.017863057068221392,0.013199637059328709,17.0799062875849,-469.64016178004323,-804.8647756802773,-448.90195581989093,-3793.753267468072,-2277.8655153452605,0.7177416660704017,1.0,1.0,1.0,1.0,360.4899024898019,2432.581087833032,-685.9676629635393,-448.90195581989093,-3793.753267468072,-1689.4180185836533,-9818.327184542808
-217.72729287907,2576.836201926825,-492.3174476244667,-207.48924113834596,2535.8259875443314,-528.8407526591002,-189.40466238436255,2489.7954850289493,-570.24900091979,-182.71894473797465,2447.4946601877555,-594.3116358591342,0.014242555522907013,0.017876977523746992,0.014729572692883268,502.9058177919954,66.2558866519365,-843.6241849240147,752.9805838576136,-2625.1039866598635,-3201.26331000913,0.9081508942604635,1.0,1.0,1.0,1.0,-216.1906397920265,2573.2301939121126,-500.11070973187634,752.9805838576136,-2625.1039866598635,-1864.879057661051,-9854.804100514957
-265.4893889277166,2520.4575850090937,-631.655641282326,-251.75535422552886,2458.1437894580667,-644.3846310533164,-237.1171870834927,2406.833162994298,-659.5554865277395,-226.90452160796184,2351.265825091354,-689.2938109497056,0.014532654572609022,0.01435494955706259,0.020580095377084162,310.91094114281736,-270.2625941301497,-803.3012057729356,719.0392991779848,-3483.1298028584715,-2118.277228844933,0.7505323004932448,1.0,1.0,1.0,1.0,-264.3204981995703,2516.2412481566225,-625.4682565177561,719.0392991779848,-3483.1298028584715,-1001.1658433393528,-9798.791903975814
172.33650029816528,2536.6790461509877,-761.1132282731395,171.8077607108901,2496.395093851112,-781.7772367340796,164.6014324351192,2470.949326182605,-806.9613431474712,158.8781518616204,2449.617223158375,-840.9871143776221,0.018131038385453335,0.013400974669098377,0.017434986246212224,-187.23114602227304,66.39753767383252,-924.8750570576515,-256.5491970759357,-1765.2226873718284,-2352.0357601464625,1.3460330006992283,1.0,2.0,1.0,1.0,170.65498389865684,2528.883186557515,-753.4198422047948,-256.5491970759357,-1765.2226873718284,-1493.6117256444672,-9629.161760931185
735.5873544131509,2592.9084875517474,-686.630846065518,729.1461151040362,2562.6702180004486,-691.7917961199757,716.077292468411,2539.3406041767576,-699.2792465714231,715.6800578911179,2519.7255974241366,-704.6859335910592,0.014838799364806502,0.017729416103801104,0.014121547197216124,48.342109011656774,297.245097817814,-1017.1381009793184,-467.28362823841155,-1550.0157948954445,-2550.6631137164236,1.4333102373341666,1.0,2.0,1.0,1.0,739.9218788045084,2591.268474263071,-685.9324600849732,-467.28362823841155,-1550.0157948954445,-137.092282562768,-9794.179729495336
427.83770955840185,2435.968120431908,-922.5939711708346,411.1756721582633,2393.091380731727,-943.6759856111208,400.4586459759787,2352.0949517786676,-972.858455324691,384.9033364967368,2311.528406137425,-994.7574596344521,0.017572741116313736,0.015367305100487106,0.01793354682844959,-289.1437525569238,93.3697692004896,-911.0198700691845,-711.0658871461233,-2315.3811567128732,-1201.962926324805,0.95912640695475,1.0,2.0,1.0,1.0,429.03279346066165,2431.904737480485,-923.4506134311519,-711.0658871461233,-2315.3811567128732,-1298.362929621039,-9671.30778867478
623.7071111418,2611.381094460271,-869.9099881978277,614.8773305695331,2584.579660414608,-887.5811939526504,592.6325989616405,2539.55155716786,-916.3802986598573,580.124227537269,2514.4331907014503,-945.1839924998408,0.013274477446027404,0.01862760011276336,0.015045323223769176,-342.17311705744567,207.42035175407423,-978.5828019677537,-830.3169433766553,-2077.5995679628927,-1945.5601132495333,1.1130525992174374,1.0,2.0,1.0,1.0,620.9945372594739,2617.4358505910354,-871.2308397426823,-830.3169433766553,-2077.5995679628927,-1298.5538893087578,-9780.184556731965
677.7535827820122,2584.620261322515,-933.4621552222679,657.0398936793296,2545.0256372503763,-945.6641830704361,645.8492567958513,2497.544318006739,-968.3138275414416,634.5906157493029,2467.7120001599387,-974.5300056497318,0.010254226701868012,0.014271375447901663,0.016594757547039533,-174.210530633263,64.46027151538149,-921.7242334143943,-887.7006933461978,-2665.1483147734484,-1047.006732755077,0.9038796403031916,1.0,2.0,1.0,1.0,664.6666245788927,2583.025428976282,-924.6128730347089,-887.7006933461978,-2665.1483147734484,-1074.7300061428832,-10093.711136696145
495.76019326629887,2560.555633111737,-708.1213630624319,481.87388784009755,2523.966565604289,-715.4917253693679,486.84617702455955,2474.1078523015212,-726.4296877866877,470.5663502114867,2418.4595361603856,-743.2323796252451,0.014148224905726295,0.01757984439313305,0.015540833462280183,109.81673605967279,136.18012243260247,-1010.4388574167074,-465.87153704933985,-2973.1316638524777,-2468.5206963437126,0.7677310972388611,1.0,1.0,1.0,1.0,489.50203875488364,2559.2824284723683,-708.9273549460577,-465.87153704933985,-2973.1316638524777,-395.4545410495312,-9846.719479215717
-166.730691473178,2619.627932233744,-648.9102360511342,-174.18028890021998,2585.6611914080754,-651.4359319353399,-176.59174412863078,2559.556199661735,-663.4806419375177,-178.20348368381448,2522.5072573519356,-681.9865520906949,0.015073636800956585,0.015252253287852055,0.015529437822193473,-362.4179396696145,404.2161403971513,-808.7002389804217,-177.08748724516843,-2041.1411144846638,1822.3314122900997,1.0391446720889967,1.0,2.0,1.0,1.0,-170.2780160086063,2618.8542496130226,-642.5537755620601,-177.08748724516843,-2041.1411144846638,-409.05341493566755,-9493.541680804794
414.4652445960075,2521.275908116078,-456.54952960682897,414.61103372399964,2479.8643740638963,-461.9710150700414,410.8016045403444,2455.2105440194246,-460.3977758055807,408.07990087172544,2405.4591869493634,-475.1522970906965,0.012454028996049674,0.01252219291211868,0.018699336736130633,186.21162541584488,-11.64701240089203,-905.5836517720968,-227.85588252757606,-2444.526123868583,-2998.4662504579283,0.991324441355701,1.0,1.0,1.0,1.0,422.04246383188934,2518.43752580309,-456.35771881483856,-227.85588252757606,-2444.526123868583,-108.23053836757626,-9994.628755205635
-85.73912630750894,2701.533316541899,-671.7868616068145,-75.5763035446676,2665.9222535092604,-666.4061187477299,-72.98304884280793,2640.7577295754472,-675.713679982085,-61.749799473611674,2617.005011298152,-683.0676670719678,0.013062111391549142,0.01629955434885136,0.014183634617065885,292.9321497377464,133.29211543088877,-958.98725919437,247.50194786066436,-1713.1198415542265,-2390.304062257619,1.4514546996425237,1.0,2.0,1.0,1.0,-77.08326231394824,2694.406278554473,-666.8875126935546,247.50194786066436,-1713.1198415542265,-91.90610099786068,-9766.309643152355
461.8218454206089,2649.5029074198387,-528.472880962964,465.2816894052375,2614.6065724751393,-541.5920846564442,469.05964441536753,2576.2222082580056,-561.4163538695315,469.0863719620399,2535.247126477833,-571.3735490009464,0.015536740857195511,0.016904220807964256,0.014921634165099076,678.4374670450715,2.4435521783179546,-950.6679271911913,198.61377805848724,-2435.1850206434583,2959.266107312631,1.03763740416974,1.0,2.0,1.0,1.0,462.94151785161625,2644.6192995764586,-527.5079217163334,198.61377805848724,-2435.1850206434583,-748.3196022411886,-9686.513120128315
51.646883512220256,2666.0063691536197,-476.31697471953015,57.390532897349374,2636.1135417201835,-461.4428613296971,63.51861077572824,2605.334088948655,-462.07147668171115,67.52662754039754,2567.5408603868623,-455.72326703047463,0.01500013368089777,0.017220415942668935,0.016099737834276748,263.84940961777477,156.4254667009985,-813.1848118212328,158.90417981156858,-1953.8579242804813,2666.6578616754937,1.2366797125421511,1.0,2.0,1.0,1.0,59.65753855991136,2667.132899401418,-472.4945623401255,158.90417981156858,-1953.8579242804813,576.88607223266,-9949.121953900745
-448.9509293062614,2460.310165456188,-633.2306771827475,-436.06187414017995,2433.138283580082,-654.8686008397922,-426.65291984944037,2409.1419271905984,-673.8691428608261,-419.6671702045973,2382.2351193075624,-700.3784837456776,0.015817607730543547,0.013778715793416284,0.017444445510311983,145.16223399363142,-179.85151970222915,-807.8207314832964,401.83798787387985,-1800.4191677540448,-2167.9429946564746,1.4229592309657189,1.0,2.0,1.0,1.0,-445.53960818097096,2466.7646568962164,-635.6351386287217,401.83798787387985,-1800.4191677540448,-1130.2780509008473,-9940.693220255733
127.82032928702819,2596.9374192819246,-719.0817510532299,115.0309601599339,2556.603000835122,-752.7106151349043,104.55741381134362,2511.792725261114,-778.2625705452713,98.3339057390562,2475.190314136936,-804.8186690474607,0.01671748522094034,0.012839823636992521,0.016701381441857243,-473.99925502151893,167.58749037391567,-848.3755537130161,-624.0697279705299,-2538.63943387048,2478.0887484795476,0.9087413097002106,1.0,2.0,1.0,1.0,121.98733519033578,2591.98814972022,-718.4980022023876,-624.0697279705299,-2538.63943387048,-1875.6727837534108,-10100.192426378913
57.627328130389714,2439.8203668014767,-566.4459170438518,48.135054864695775,2399.847108323344,-571.8832039448429,39.579935899079075,2360.3586408272176,-577.2098513494869,34.39781901433161,2330.9189323641713,-592.8258564093642,0.017030955808474545,0.013614298227726342,0.01527462159658453,-453.09287550838224,186.5251930159344,-979.7320305427822,-532.0721904970701,-2366.1403615501295,-2838.3946790662017,0.9040801243672153,1.0,1.0,1.0,1.0,52.37570546383404,2434.35853648857,-571.5079842530713,-532.0721904970701,-2366.1403615501295,-363.2990394624134,-9706.103596417026
454.3756892322065,2518.6800010709703,-573.7352268694891,451.13382649138566,2469.366924777685,-569.5487030767453,441.83527333646725,2411.9610449504235,-590.4879348160085,444.906060166804,2374.4603986093675,-586.1858529497767,0.017787254368433682,0.014890985181743178,0.014420351388710353,293.8254681838083,-256.9524782938363,-803.4646480943481,-168.77477282296144,-3013.9132226090987,-2082.2000307801027,0.8729014090611135,1.0,1.0,1.0,1.0,449.0982591809337,2515.847686506533,-577.1955541965476,-168.77477282296144,-3013.9132226090987,89.62394174512421,-9563.478287710932
219.901375719627,2603.9756702576824,-780.7246544165439,223.50530275405765,2568.7639633461163,-798.3549890611181,236.48813167060413,2517.8590857182116,-834.9408185716751,230.48411877084993,2485.668512025504,-859.5952550482597,0.018431565309313717,0.015682741632069504,0.014295138384472779,515.735936288948,170.48303135660717,-807.5362193478614,311.64047037077995,-2609.825365348796,1562.7555486262422,0.8865905546741447,1.0,2.0,1.0,1.0,224.35209649227204,2610.669747957723,-780.9704685123679,311.64047037077995,-2609.825365348796,-1386.480475909877,-9799.94805872514
758.6797571129838,2495.3125398258953,-504.02109288153827,737.2124427214312,2434.7553359928825,-510.30519372825654,716.0695306648179,2396.4592738866145,-531.4265515944791,694.5056166727378,2342.7090670326534,-548.6981588096999,0.01671067467584486,0.013385475338660892,0.01733704946432428,-387.2669628867484,-331.1690065265735,-805.2868494548619,-1236.5003725673619,-3050.0406889251035,-2600.8311592891255,0.8775668005211706,1.0,1.0,1.0,1.0,756.4958817380632,2490.118630729144,-498.2549055269218,-1236.5003725673619,-3050.0406889251035,-835.8884331422561,-9878.638182502003
440.0439995582538,2663.6143884918874,-740.306837881342,434.2331438621384,2637.260815910952,-753.3938060163678,413.56035420965435,2604.1204450292066,-769.425750256038,402.162930117547,2590.377107066383,-781.2925972802385,0.01893513093384496,0.012848523442637871,0.016778401317105347,-556.8516280451132,288.45028004543883,-936.5749010754918,-743.5277135918805,-1781.862045041999,-2172.3400489772735,1.2864379443064053,1.0,2.0,1.0,1.0,435.7578696000462,2667.236110176507,-733.3703784865597,-743.5277135918805,-1781.862045041999,-805.3235084877965,-10017.880090544428
483.66047638377063,2488.4227320204304,-586.0020027071541,464.04483550316576,2451.8652894553297,-607.8354407706166,466.3524931093191,2423.4252352173667,-660.1116925333477,450.0346761523051,2380.3213150668707,-690.8151505491869,0.018731361134453246,0.015412176917878738,0.015111341930978565,-369.94732639653824,111.56316043977941,-916.275607491174,-821.4833912566513,-2291.7024140566946,3217.9373382985277,0.9907451200166892,1.0,2.0,1.0,1.0,484.39540051037966,2494.9336710587436,-577.1154343720033,-821.4833912566513,-2291.7024140566946,-1888.1908231480063,-10011.061405647835
44.424665350998545,2596.2143284092003,-637.4835618752124,47.41198454913378,2568.7361141892584,-643.9989578825664,41.286222817258185,2544.871293834199,-662.1368282049151,38.749574517256654,2519.8283146114486,-663.4296021875626,0.017728586977546583,0.017536828739939597,0.009931050832857162,-52.069834431664304,148.11103497659985,-867.8807929731563,-65.41215375331689,-1633.2603999267264,-2111.490983859264,1.4548035334496567,1.0,2.0,1.0,1.0,46.048396198311934,2598.001634866694,-639.7135360644818,-65.41215375331689,-1633.2603999267264,-152.13433286870955,-9721.338278304533
-176.2687448374305,2619.9179076464748,-524.6230500164904,-163.18165806486846,2595.3114143530447,-550.427012599517,-173.6264548294739,2563.2567362745153,-583.0144707431384,-174.852860325044,2535.1438354545744,-613.223763886832,0.014377965150290212,0.013198403137058197,0.019598316753890115,-221.24490132001335,342.24752377251343,-803.2904816518105,-42.20140173189553,-2026.7801391168189,2855.0681197407785,1.0828253149587594,1.0,2.0,1.0,1.0,-173.5573173629743,2632.5090809745175,-527.4090450946461,-42.20140173189553,-2026.7801391168189,-1687.6872965941177,-9612.138988244491
181.18201399301702,2510.4477147063703,-911.6646023609031,176.41544407504617,2455.0876203812627,-936.5447980361723,187.91480244743823,2407.0030190795924,-959.302835324059,190.7301622688545,2370.3729723352253,-988.1449946864117,0.019175986070097868,0.0112310514861367,0.016084695581795615,433.7522955501796,54.32666714692422,-843.3946634265079,305.9899843744393,-2885.5006764371374,345.2158612302803,0.8035082668619704,1.0,2.0,1.0,1.0,173.66080883190853,2507.0022421184867,-915.0957330821815,305.9899843744393,-2885.5006764371374,-1235.74333927672,-9809.682093569838
658.5442779429687,2453.731539966077,-928.3680549014252,665.7920475305954,2410.985023194747,-950.9160532479428,668.6066504808056,2352.5044165081217,-978.8274250701378,660.4560252401649,2301.850379914592,-1002.2995054008068,0.015086079894388446,0.017243285302431702,0.01551869829774094,652.7716795669819,9.087471226054872,-876.360251763009,-7.895313773000737,-3172.5701053370603,1120.485221473858,0.7221519365054395,1.0,2.0,1.0,1.0,658.8510711721897,2451.966452335595,-929.592253398314,-7.895313773000737,-3172.5701053370603,-1527.5280513970924,-10112.557780001856
-498.66981368937905,2494.7515203974503,-925.00374926052,-480.7855298559377,2453.1510805274543,-944.527985559756,-454.9522429178556,2406.0783138784686,-977.4747975567343,-441.55715826834097,2352.7950574480574,-1001.5094391683211,0.01785560388350438,0.013569686281483067,0.01578755755266617,353.5182024337618,139.06063647506846,-860.9292869940738,1054.595081439903,-2949.5030904696832,905.4625367073595,0.7527871522823469,1.0,2.0,1.0,1.0,-490.15786271816,2498.6631088508166,-921.1821533797074,1054.595081439903,-2949.5030904696832,-1418.9477202010964,-9898.13514565135
-13.202210918287788,2442.50307842738,-643.2101177913572,-1.6647499708005178,2400.723105523636,-667.328613246605,-8.280280933699657,2361.8166682775245,-695.7166775989235,5.065136357102849,2330.601420642732,-726.8918443910281,0.01456155011363061,0.016577431083176723,0.016281323837230827,224.67739412445647,36.17960884002321,-892.4268898360459,237.89921774088046,-2381.551848536046,2620.9118125098803,0.9625796949659623,1.0,2.0,1.0,1.0,-15.600815793832794,2441.546975861423,-643.4967481081494,237.89921774088046,-2381.551848536046,-1447.5844783495681,-9589.76816807133
186.92849878433367,2673.1475797283565,-651.9364315043667,181.74564879000917,2641.0857647126636,-645.0345542917295,174.35356437026374,2611.57080924036,-668.3690594384119,167.56322911060607,2562.992766222482,-673.8219224087933,0.01628310254494724,0.014523061003994378,0.014876893973769165,-92.43016500273592,361.04834272082485,-801.8586746910125,-258.5198728094222,-2196.0127177998534,1819.303133928256,1.0043169424772889,1.0,2.0,1.0,1.0,179.01570144715697,2666.861696410663,-646.4656560033916,-258.5198728094222,-2196.0127177998534,-348.7710374280753,-10262.25834859589
553.7106657101326,2641.6314587892057,-438.1278145696008,556.1646891381425,2606.9979242602535,-467.40779483655126,546.1117960423228,2558.598904753843,-503.11856808928945,542.2736026985843,2520.582485175716,-541.5343000895774,0.012506566170746506,0.017408921581716967,0.015125846896865552,189.24098275527192,-85.36002556373514,-929.3217015364692,-319.90203062939844,-2363.3950968280647,3699.6926950238426,1.1049586653506684,1.0,2.0,1.0,1.0,557.1283179790773,2632.544335788534,-435.3614144529548,-319.90203062939844,-2363.3950968280647,-1997.338032296343,-9817.60397576077
-98.28143891475148,2476.3637324674983,-776.3663545166654,-100.80007135730835,2419.6998149985125,-795.2399584749483,-99.34260735928297,2370.3225017874597,-822.8840707755455,-107.51107542881722,2323.038743699323,-844.344348450855,0.016138861565133434,0.016487045082648016,0.01941886887528755,-161.91548286945178,-32.317933046085905,-952.2881093492884,-72.59223954630747,-2946.374711246796,2217.582720207649,0.7979552244769317,1.0,2.0,1.0,1.0,-100.2120792550893,2472.100571513687,-773.7288729810928,-72.59223954630747,-2946.374711246796,-1144.2744690246,-10107.078117551646
591.3462069575619,2507.8552913948647,-652.6223752499967,570.9089486676279,2465.755466091877,-661.8508263741346,565.5745989109765,2425.8741187345727,-673.9604505206943,551.0528824939114,2390.558982146747,-684.295022811504,0.018056887069630132,0.014069463199779354,0.01584259218636776,-351.6613272823436,44.955537309535785,-996.522687417726,-947.1427106685733,-2466.2659219096013,2634.983817849331,0.9470310575442236,1.0,2.0,1.0,1.0,590.745669832886,2498.8901296095864,-645.2428179613279,-947.1427106685733,-2466.2659219096013,-639.4852674314125,-9301.94830743435
-427.61315153342116,2652.1181430797646,-565.3717739130759,-406.86690145547783,2613.3941412388385,-558.9549180484992,-399.8855503106375,2585.6762541615376,-573.377159768894,-390.0895154293533,2553.8147432237542,-588.6284770845728,0.01230589985112897,0.014030195594509815,0.015980719570216455,406.2750866306,214.48432392439798,-834.3224748898893,750.3397276915938,-2216.897158809328,2621.63753373667,1.0576831849841433,1.0,2.0,1.0,1.0,-419.0986138301548,2653.0711986146557,-539.4578930870977,750.3397276915938,-2216.897158809328,-1036.701060962928,-9833.881964040213
48.53207810267265,2556.224630970556,-630.8293231102393,52.07275133346484,2503.1568596679417,-661.1097029307424,56.27741465180475,2472.2925055176224,-682.1514039955186,66.30374479178523,2425.4207607484127,-710.4832038153955,0.014944592650613694,0.018106662702671687,0.01699576785915994,504.59288880177684,212.70724728295755,-1008.2006772530691,522.9441181570252,-2662.4972023488804,-3020.849177586965,0.8299529767875553,1.0,1.0,1.0,1.0,44.402064823596675,2555.7047853499757,-632.6253377749431,522.9441181570252,-2662.4972023488804,-1342.954002018896,-9748.28596119853
87.55385448237254,2594.663884775099,-896.9457612322695,101.27388964003202,2561.0323500801833,-916.6101555217043,100.43210581496248,2525.0647433072395,-937.2149570321512,103.22371252865318,2486.9393737783457,-955.5634915118285,0.017055731262569443,0.018302758173324028,0.012709287318143178,406.04998249378656,109.39258423634871,-977.2940707125858,297.1378081873563,-2361.0502970230555,-1601.7962237486383,1.0069322232459628,1.0,2.0,1.0,1.0,92.56959485612413,2600.300647595674,-896.141845285703,297.1378081873563,-2361.0502970230555,-982.5335114310342,-9864.728690268092
-329.8512966616928,2585.9725576609976,-880.7400562946199,-328.965937006247,2547.681596826384,-873.1724540458636,-326.57682721482144,2514.453961176441,-857.8792071317357,-320.9195526327709,2470.0638336197967,-865.9360226987274,0.013177365217804316,0.016531676553317637,0.016992386410308244,40.31696841817665,0.573475918305764,-874.48188810737,355.89730197613096,-2461.088657744302,-417.3187025138652,1.0032985718185694,1.0,2.0,1.0,1.0,-333.375198656761,2584.7165665498314,-880.5551930641498,355.89730197613096,-2461.088657744302,544.5557324838479,-10019.072742294491
535.6591005634884,2669.2710122781587,-649.6000064527796,528.4018377654288,2639.4946275218626,-656.2435523806504,526.1853436878167,2612.2166503951603,-676.1221970326193,525.2831276094089,2586.5750594091296,-687.1839188412695,0.014042032999597824,0.017717598125300233,0.012133410267062161,170.45506688656602,-292.10225819210035,-801.8312713607326,-257.9253627329472,-2089.9435957801943,-1816.5193690348058,1.3761069586080314,1.0,2.0,1.0,1.0,536.709081967347,2675.6176478157686,-652.7750743678561,-257.9253627329472,-2089.9435957801943,-608.8192362596908,-9828.643339019509
-269.8350900623887,2431.4319620670276,-902.611208104799,-248.9645426199974,2388.802026670531,-932.2387846560027,-235.21245590529642,2341.867406775748,-956.719587395321,-223.9722386809015,2299.5081258979317,-999.1704340087939,0.0157439517614833,0.018700464300016633,0.012367233310186763,417.2032702358397,158.23731895245646,-840.1716020639802,830.2013793399942,-2758.7991858076725,1357.7515591065994,0.7781883506283139,1.0,2.0,1.0,1.0,-267.7128677196565,2434.246647243788,-900.1872905392798,830.2013793399942,-2758.7991858076725,-1744.9026827809175,-9999.969072361542
486.7758230334728,2694.6863729254337,-703.9478742140819,491.3760187550483,2673.8628380530376,-714.7073041562269,484.7802010830202,2645.1068152992257,-747.4094387831652,484.1559627128409,2623.6441883440352,-784.4974997426558,0.015798114870684825,0.015715142057090264,0.016925560844187903,350.52225216052256,308.39036708371947,-986.7622206637747,-90.39146307415416,-1589.1670144655977,-2826.929831293583,1.451561182228037,1.0,2.0,1.0,1.0,486.109446771748,2692.140888782138,-695.2886284357176,-90.39146307415416,-1589.1670144655977,-1508.5427818542948,-9806.347102643835
747.8514146674394,2507.381064716088,-693.7991637032395,725.16733751139,2465.194319753141,-699.9691464652241,709.717096839593,2423.5091085614044,-723.0685037197472,691.3492605248367,2382.113727819913,-734.3458065696816,0.01891642468018647,0.014857097892302485,0.01634144197657761,-258.09101712517275,65.97668876927338,-935.5448833951683,-1049.1966171969225,-2560.887463142046,2237.347366818248,0.9048850354509341,1.0,2.0,1.0,1.0,743.8917522978868,2511.624216069927,-694.4382540551151,-1049.1966171969225,-2560.887463142046,-475.11291979779736,-9914.331848655662
215.51627520087771,2541.868026011118,-849.0885882794579,218.79350841524436,2504.233352588293,-837.9473432011644,213.49562469703676,2462.762865498861,-845.0523005646919,215.57284135980137,2425.182259715322,-835.0024603794027,0.01702907613571261,0.013310268785264114,0.016145479799676496,225.2385947709428,-3.635175273693747,-837.6024808131555,13.277381211816188,-2401.117663120901,-30.51154620271889,1.013515175279346,1.0,2.0,1.0,1.0,211.16457068641785,2541.549547634462,-849.2734688095825,13.277381211816188,-2401.117663120901,481.1487457324703,-9861.276225988542
74.30282377756609,2451.4927428974293,-696.2775118618558,73.07391223910922,2401.8537194101327,-697.2461768666059,77.2313738116937,2364.6552437751907,-702.8682249410668,73.73347850972829,2317.5659808078176,-703.3426622931554,0.014621308288107999,0.018751514043998607,0.012999957453997249,113.22282961942524,99.95627754550719,-1001.4575705984297,50.15362175236425,-2713.4064938798656,-2445.5185674563986,0.8186272202138968,1.0,1.0,1.0,1.0,69.83994680363071,2447.0528947515827,-698.6050116832221,50.15362175236425,-2713.4064938798656,105.60111935803519,-9856.039605116728
637.7224852253349,2483.7426325448323,-867.9340449203881,625.4436095572572,2442.745143397234,-866.9848071212006,610.0891356101951,2404.0776185265136,-877.5299323046605,605.4236038767745,2377.6405473555756,-883.9898814540276,0.017299081222322026,0.01640525096087482,0.015574896924308593,-140.60278808323324,35.92720986303095,-860.6016492092072,-803.3424389407069,-2508.662327271795,-302.4792120480593,0.9257207708924953,1.0,2.0,1.0,1.0,642.6560898839571,2481.8729789530303,-861.5124532479286,-803.3424389407069,-2508.662327271795,-331.48789086782443,-9863.25056394473
477.1292740630727,2451.340992178338,-825.791458384625,478.05674188249424,2413.741557888541,-852.197170688282,477.1019974065511,2378.0187800990007,-877.1168181747287,477.7219580038314,2338.1556812079575,-912.2335718478192,0.014667625059163325,0.013320117225708592,0.017865211241459688,382.33275888168237,146.46285399393483,-800.8930494338928,-109.37698762226293,-2567.999701086657,1453.0600857249397,0.8541470464736691,1.0,2.0,1.0,1.0,480.7720477417172,2457.662584971923,-821.9812316843062,-109.37698762226293,-2567.999701086657,-1592.732812950772,-10060.347183454394
560.1138676598395,2458.522279069804,-705.3205693261098,551.0566773274496,2399.1908510957064,-735.0972523514962,539.9021738732595,2335.362943365116,-758.5646295102846,526.2578405297456,2269.392112282778,-802.0419088439863,0.01730033774276828,0.015707120522298675,0.01697386991665465,137.64636429257394,-381.8395868588257,-805.2462018767172,-561.9397426996,-3863.4642941336515,-2118.8157543537873,0.6850186718182789,1.0,1.0,1.0,1.0,550.6720751767798,2457.8066693294054,-708.7716327114159,-561.9397426996,-3863.4642941336515,-1610.2297987537238,-9832.287301465289
281.0866272817276,2488.439716802637,-510.61484554633165,275.85365537769593,2444.288950012513,-516.5677484595324,255.99155495432868,2398.1130552148215,-528.8046358398849,249.22019852521956,2349.962331610721,-533.3214627063213,0.01430728771946758,0.011795092134340752,0.017139305886101103,-385.661636924709,-387.17286851778516,-801.402636145777,-719.5833261062311,-3111.828455650244,-2426.087900179617,0.8817583142600913,1.0,1.0,1.0,1.0,279.9529397235541,2491.2684529587004,-513.1841226046041,-719.5833261062311,-3111.828455650244,-383.3481761833855,-9956.768930696915
-352.26548300382643,2478.080786423061,-718.0886181499159,-348.6901252298675,2436.6658166044544,-735.4658538199249,-344.44743048600424,2378.9957005988126,-753.3892081511856,-336.5938832961334,2335.7471652849626,-764.2453657879499,0.01127813569579415,0.019444804845059543,0.013584990213163232,-99.97808547859846,39.02436589033991,-981.4074320413579,329.79613191947914,-3163.57492422089,-2428.354400999145,0.7256920692459836,1.0,1.0,1.0,1.0,-353.92110705659593,2474.9770575404214,-721.6004566072736,329.79613191947914,-3163.57492422089,-850.4407030847225,-9957.042757013029
776.1683383237358,2511.6509004780423,-678.7182981884694,764.3498440256196,2469.950719864217,-680.3337212042907,746.4731737539876,2427.912289690807,-686.7400913231187,745.1460323495467,2385.2619493370257,-685.1552371826556,0.015275162471675362,0.017256505663554023,0.015271394038791436,163.84217035204625,-100.24822788150577,-965.9580532445698,-607.5403326447392,-2609.2920109639617,2369.6430206643677,0.9521969378259798,1.0,2.0,1.0,1.0,771.3825029967882,2509.0437830824576,-675.7015412080802,-607.5403326447392,-2609.2920109639617,-94.04327109049086,-9659.09283637648
130.77813444418402,2513.075516262531,-632.5715449513743,116.07817238213465,2473.78275040511,-663.2827900999162,131.24935366293874,2415.7410984173625,-689.8119570071519,125.98549304945318,2364.7066810534934,-731.3259275154311,0.01583429148721614,0.014726182219659302,0.014120800043611732,27.945409825659226,-101.41086531905093,-810.0569796428169,-125.41074396807488,-3234.6774971139525,-2455.1103333127044,0.7653187262495135,1.0,1.0,1.0,1.0,129.5281124398001,2518.677907343252,-634.0256408031323,-125.41074396807488,-3234.6774971139525,-1596.6780933585023,-9879.532355584086
-347.63587178801674,2578.1753100305023,-670.9957684924246,-343.6876196923809,2537.9074201356107,-685.5644121018404,-342.89841508965003,2500.8721777501823,-686.4932145948102,-338.13051416724437,2469.4017477793395,-697.4837223613614,0.016059633479089085,0.016969232952256157,0.012973816941651894,-131.45042766084407,-81.13637316632318,-990.0626941684349,222.03062304878472,-2708.6718730807197,2478.3431265878507,0.9389973166270036,1.0,2.0,1.0,1.0,-350.15059136389596,2586.9054218181777,-671.2475497044478,222.03062304878472,-2708.6718730807197,-295.8238349098552,-9497.202929827406
-34.21605559225173,2459.070225289875,-506.71126283441447,-42.06145980807192,2420.3827102166824,-527.8456050551024,-42.230317398462276,2390.5854569345192,-562.5081065227344,-35.18045498332605,2365.2320955651485,-602.5960684348646,0.01539516035564919,0.01660409665415773,0.015939956693079314,13.718737018284243,187.00716844065016,-811.0299453930965,44.58438915717733,-2019.91305059971,2876.1669130958794,1.0770607862971118,1.0,2.0,1.0,1.0,-36.4387007835403,2459.409350365319,-512.3071060671622,44.58438915717733,-2019.91305059971,-1554.969750693784,-9800.036617566642
-12.148964808624303,2457.5776679042597,-446.38778714656695,-25.581373691705192,2420.4711192740215,-478.8666797932645,-24.449653130530518,2379.8847865350535,-507.2593896595427,-30.09564435054433,2338.1186024747253,-546.2747140842291,0.013863734420126932,0.015802483598674026,0.01626942314107017,-368.40607268149046,-36.9381774634077,-827.4187731694614,-349.7154958205269,-2508.9797947443417,-3356.865702820457,0.9490643588401296,1.0,1.0,1.0,1.0,-20.439154340067773,2459.4967183072085,-444.7567449771168,-349.7154958205269,-2508.9797947443417,-1923.9149684792508,-9887.711787547858
-490.75782311574176,2574.0480660309354,-783.1028085767362,-462.2687777430935,2515.24504993332,-792.0325052717454,-439.25487026870667,2464.614820645563,-786.2458094306336,-419.2710376639782,2416.243264272575,-797.7985495964601,0.01931619749259573,0.01771349361568926,0.011849340628200478,519.2407739589706,274.19568690866066,-967.908017883459,1387.0845615758162,-3172.888168920066,-1910.3788016670537,0.6761209682635151,1.0,1.0,1.0,1.0,-486.39553318349715,2574.539609375704,-786.1192378060373,1387.0845615758162,-3172.888168920066,-47.6398343139709,-10031.75928037208
-175.0110606406457,2535.5246521519784,-960.3325164622705,-191.10603253355782,2501.5106704133477,-969.3923561719027,-189.40553840641138,2453.5507239092576,-984.253715635658,-196.7546438066008,2397.712751734096,-1004.5162137577215,0.011527586473335008,0.015741892251800425,0.019361876095627048,-412.89199322974133,50.35223835192006,-949.1183317176343,-276.4209158720274,-2983.9687219661005,-665.9993720304817,0.7883686451792381,1.0,2.0,1.0,1.0,-182.080528476597,2541.966121193607,-958.3738922323924,-276.4209158720274,-2983.9687219661005,-793.1999598635165,-9968.32210907306
-306.61931373255703,2523.9530276561395,-802.045189071867,-309.13397091370035,2472.060149852843,-810.1260540827169,-309.8203858508317,2412.427566702378,-810.3470132835946,-320.59870361410395,2362.8381458020654,-827.1095805870902,0.01923222540127959,0.015425166937344189,0.014748731909920772,-473.4705300408924,163.09500409946708,-1012.4825098840606,-229.44818037678598,-3212.6572312163908,-2001.2505054867318,0.685593875751456,1.0,1.0,1.0,1.0,-304.8261174639522,2524.398069043513,-802.4615406335943,-229.44818037678598,-3212.6572312163908,-218.65957163235578,-9421.254852348979
-430.6484634927393,2570.2255921264773,-476.7924928607167,-420.98884939692516,2518.9169876193523,-492.18787061274645,-423.20732411910626,2481.8909061831937,-507.2364789850148,-412.5909364087657,2428.991810618576,-527.5428572777031,0.015886534352982144,0.014475471713057634,0.01497394011830478,-218.38385392241193,-288.7995964580857,-804.0031569705015,219.04518715805833,-3009.0392474750597,-2651.4591870251506,0.9046640538156562,1.0,1.0,1.0,1.0,-426.47678172256377,2569.7876886432186,-477.2426995702733,219.04518715805833,-3009.0392474750597,-806.6266274941452,-9762.76359749822
655.1763809184087,2466.6701950029237,-959.4744733923618,629.5492946450115,2415.4348093910226,-974.6562977294944,628.2480956749216,2384.4039137043183,-992.2926997929162,616.4076104312817,2346.325072728417,-1001.335080624385,0.016063869944970957,0.016340656511059107,0.012379215109211993,-154.95908447324086,142.11540653548317,-1014.2557861695107,-883.6126925942933,-2548.1142594038884,-1340.4468322891685,0.8652162584347587,1.0,2.0,1.0,1.0,649.1284657875651,2460.899382593017,-955.723764541614,-883.6126925942933,-2548.1142594038884,-797.1207744392655,-9929.183470970784
145.36483240033508,2507.768865635928,-952.026093862763,142.08934332501073,2476.8794423648496,-948.0505978285697,136.46589765823708,2434.6671972618183,-955.2137283654498,131.29603908185814,2403.8620935543863,-960.0460544014632,0.01426422689914596,0.01623650047586587,0.015271119526425996,-144.70372005930142,384.9772464997202,-1018.4248673399597,-304.15726687879516,-2256.438175946181,-1142.622788072529,0.8942281530985629,1.0,2.0,1.0,1.0,141.20411080676615,2506.0291318891354,-950.7210817246754,-304.15726687879516,-2256.438175946181,54.016365421984744,-9626.05042891375
651.7352278978544,2478.5966015703825,-775.976835999669,654.7761840127878,2423.4728679043633,-777.2513685832888,657.638560497372,2378.4847161407465,-776.3210670821504,644.2764830385456,2318.1340261471664,-788.3224400604299,0.018214573773046326,0.010582798579698925,0.017220220560016607,584.1698541038006,-18.280205928311148,-897.8502032582403,-96.53217006939526,-3541.5597194923635,-1577.2946678255528,0.6589824070872387,1.0,1.0,1.0,1.0,652.225034002724,2478.5193963138045,-772.949150028423,-96.53217006939526,-3541.5597194923635,-45.95954097639884,-9952.385951620927
-33.62993130110935,2622.2610573750685,-747.9880514792382,-46.52685192007397,2592.6982272953364,-773.9701412320882,-44.91406817700383,2565.6015795436088,-815.780683764665,-55.19458922345686,2536.96824274651,-857.890093529629,0.01113892430387979,0.018852338054277825,0.015043223116401598,-271.82395365494057,-101.33323535717929,-802.2068251356143,-158.6994634770658,-1858.8655584517928,-2405.05318768391,1.4199655145254315,1.0,2.0,1.0,1.0,-39.329239661040674,2621.904807774693,-744.2585154892945,-158.6994634770658,-1858.8655584517928,-2153.7631349953845,-9894.869939405988
420.41529160576647,2470.0253399651183,-973.1235828021223,415.34339316442777,2434.008120165035,-990.7318291801901,409.60543586805596,2380.9889733873474,-1025.6386365650908,392.2533318074612,2342.415985683418,-1052.8657886891474,0.01626987788025049,0.0156992663253123,0.015812860156067903,-64.00634782912331,2.944498357431712,-855.4994673874385,-525.0536097380464,-2683.411897010228,-664.5257931424469,0.87221799563837,1.0,2.0,1.0,1.0,419.0429731298809,2471.6834436068416,-968.0726062779261,-525.0536097380464,-2683.411897010228,-1628.1188534626135,-9807.336500057798
-55.06674567099818,2476.0412197507385,-598.1831134493608,-47.339642305224714,2422.2854110522353,-629.6573912188511,-42.378808507364894,2367.020754221908,-666.1877281315583,-51.969667834612586,2307.82933210117,-707.3781445012402,0.015895992206260683,0.015557492458415235,0.01773182651199857,75.42365280320269,-400.4811569865041,-803.2802636044213,147.03058467281033,-3388.0957646359448,-2898.960398601528,0.8008146888233262,1.0,1.0,1.0,1.0,-49.55234416868632,2479.4002429540487,-597.7616489523743,147.03058467281033,-3388.0957646359448,-2043.6637233031136,-10285.079028928467
-318.57231930164517,2501.9311497745757,-886.0843989652343,-301.4240514067562,2462.2803861726534,-917.0207426674833,-300.7480985106885,2423.5103103516967,-949.1366690573059,-284.44883216767454,2391.652567348798,-997.9888349912887,0.01477513760294431,0.015194346894844803,0.014977802986224097,253.38795143505325,202.9317653757943,-806.8428777805182,643.7804880432022,-2570.708661025848,1563.055418587234,0.8500527125159875,1.0,2.0,1.0,1.0,-322.7955853636122,2503.7160169939334,-886.8293148709565,643.7804880432022,-2570.708661025848,-1984.8557197435018,-9349.319382018477
432.4804585442868,2458.510011603438,-579.2910952084363,418.78822338474373,2414.0938262053846,-602.84094683386,403.9699178248441,2367.6020849843685,-618.7092374376879,395.4161237549196,2308.260569084682,-637.68148382139,0.01617984815695315,0.016055030381196995,0.018426373695773726,-164.90258891497356,-73.18280872799369,-800.4202645472405,-702.4082924996438,-3007.200207356009,-2232.904320991721,0.7943387477660768,1.0,1.0,1.0,1.0,428.6324182472266,2467.9013664878353,-584.84524074947,-702.4082924996438,-3007.200207356009,-893.9866382018189,-9711.577350454738
578.4434091925592,2586.1487794963623,-561.585722618909,571.9562676158164,2542.458825973041,-593.8817208188385,568.2813157267539,2497.9885127376247,-625.4245786724551,550.8122868980523,2446.6513823991813,-653.5203781773215,0.014303994966333689,0.016772973574693602,0.010954433844374882,89.78668292619633,-267.0220719301129,-808.3425950134045,-552.397496700798,-3187.3907233501295,-2798.6801581911845,0.8529685976145985,1.0,1.0,1.0,1.0,584.1824424734118,2585.6926254682435,-565.9363787818115,-552.397496700798,-3187.3907233501295,-1779.3050323945822,-9626.015006668364
-8.50899826506993,2439.8408402327264,-885.7688085557569,-6.649634295307602,2400.6811548204782,-893.6118032817548,2.931323683472031,2365.2073226229936,-909.75946256172,-6.324521299269117,2327.270537425844,-917.6071777215992,0.015293073582025137,0.0134781122255252,0.01766171674980694,191.97583730024323,14.47986953812378,-903.6619040629687,204.71994448384825,-2492.56700630888,-745.3056411850355,0.9285670974426434,1.0,2.0,1.0,1.0,-7.626108571508894,2444.732700689285,-887.1903694973025,204.71994448384825,-2492.56700630888,-483.48397552976076,-9801.246517265956
114.95550606227584,2670.286292245026,-808.6905109901138,108.71840774103345,2649.273072686793,-789.1221150622897,99.93836859680282,2618.0310401837114,-794.2754861956109,112.95473434454415,2588.8581885616927,-789.5215930919355,0.016902804809200526,0.01268367629154164,0.013890008748998102,240.84096390066415,365.3269853148877,-1017.0247149870812,99.4962081943533,-1714.84176272997,-2106.292346268482,1.3015235101502531,1.0,2.0,1.0,1.0,107.01856387925977,2671.789156186704,-799.6278308754814,99.4962081943533,-1714.84176272997,428.55820842900584,-9782.755498475926
551.7658854239766,2461.2672890279923,-687.6505030078048,557.0584181930367,2421.8527877269767,-716.6814339132853,551.5954776159115,2375.620302786872,-738.1110880182492,552.9917028600015,2331.5202361289716,-770.7972550526018,0.013639702573612276,0.01794647881722731,0.017973140885009425,625.4786632805857,-1.7136791402769198,-926.571700678824,84.19463015870694,-2602.2243464291673,2631.1848560343847,0.8954406777241517,1.0,2.0,1.0,1.0,545.9147377806062,2457.3883282352836,-690.0379974401658,84.19463015870694,-2602.2243464291673,-1496.89670110453,-9898.95085911817
284.4262791222559,2464.108303892307,-1047.7452430233745,280.38361487925937,2399.7220809073783,-1090.2012809810815,276.1007748014175,2341.8873633432577,-1120.5092389591996,270.4388349298062,2280.2322208117234,-1147.2506023584,0.019047314461412727,0.016657487322942394,0.01354125736574558,127.43982003090437,-12.564891196149297,-931.2217523786667,-227.64309306133578,-3754.7396506586506,790.6761511713928,0.6107539408498998,1.0,2.0,1.0,1.0,277.6842614513856,2465.5632782385655,-1050.3128891223762,-227.64309306133578,-3754.7396506586506,-1699.6522484196064,-9499.421978292741
-142.1278006303444,2599.1308764415962,-936.6585512226249,-139.29654490139265,2564.844267111121,-963.118721726631,-160.01591261996256,2511.6679241916568,-1002.0905459387128,-150.94155479337877,2508.2847956138785,-1023.8844677971239,0.016766764549038842,0.012748747210037117,0.014608409200406406,-364.4124599386756,189.65527901393372,-1013.6503458116396,-196.8419437924325,-2117.758804562251,-2103.963014364965,1.0958760790405153,1.0,2.0,1.0,1.0,-140.0126440153026,2603.9003162149033,-933.876995569732,-196.8419437924325,-2117.758804562251,-1697.138099916076,-9696.762085254217
-493.56975241625133,2457.1380166114536,-1055.4150238583854,-501.39448536832316,2394.222312199934,-1077.857532330448,-492.6535605120547,2330.7693455363506,-1094.9772125107932,-503.2351295308722,2287.185015231421,-1128.707149755238,0.014673792623141156,0.02027851598635858,0.015211418682597982,-550.5292636630979,22.50500138465915,-990.4692228026214,-84.67792558544413,-3626.9322225504147,-465.0349664641177,0.6198362727079028,1.0,2.0,1.0,1.0,-493.79505352084834,2452.549590493438,-1056.8773674889235,-84.67792558544413,-3626.9322225504147,-1231.7434544763353,-9790.178429047264
-329.0954610180737,2516.197105022806,-555.3489955630158,-326.2924304168134,2481.2596362321938,-563.2651130972903,-322.5934570219502,2425.3459064037465,-572.9212290951232,-311.2049129511106,2364.812282836114,-582.3638270060687,0.014856014752617566,0.01383165366094544,0.01602547855800856,-34.263485684232734,-410.3275783582563,-807.0439850197681,334.3343456920419,-3325.243591778003,-2282.4278894011786,0.8352868530284291,1.0,1.0,1.0,1.0,-328.4777098932287,2515.886782406383,-555.9124104798743,334.3343456920419,-3325.243591778003,-417.99961794911087,-10024.42332853617
-228.15023295061292,2614.0851044362607,-1075.9910250696787,-228.5598765164291,2578.5907228336714,-1093.1532099115273,-228.4259965326045,2542.563067400775,-1135.3598778855,-230.03184555531453,2493.5574984281006,-1132.2360011783915,0.013923309600652373,0.016735214644659505,0.017074131084504757,-332.4341975508703,367.3417544981449,-1015.0765674276414,-105.32320157822727,-2256.244485527609,-1856.275262843356,0.9472673446701841,1.0,2.0,1.0,1.0,-227.6376119805302,2612.3050175981234,-1062.1164993007558,-105.32320157822727,-2256.244485527609,-2087.263742176705,-9672.713856827224
-5.653260223908612,2576.9316509221794,-799.3473795379722,-3.9524031626439955,2547.7173113847525,-803.2841722682955,-3.3704815014819864,2528.722250556997,-799.9999017178017,-1.6215991002954828,2503.996843877305,-802.4447217626683,0.016787409471968363,0.013156450602725921,0.013623147497998572,-219.0204403131519,356.12977064121384,-1018.4846085200875,-165.19425725751728,-1697.1289644684146,-2068.7885070799484,1.2664329924273012,1.0,2.0,1.0,1.0,-2.6159633058034615,2579.3687140948427,-799.5982640955511,-165.19425725751728,-1697.1289644684146,178.93812904622024,-9705.975207038451
-409.8106910898543,2631.3692922489276,-599.922726920872,-396.3414387209921,2592.453970351317,-632.454882115975,-391.0809750657998,2556.1168538700836,-658.9181661787828,-393.78285450578426,2517.7349458112526,-679.6178898224667,0.011852973583443548,0.01654679859277714,0.017153355162648022,-443.4767597021286,170.09368307667984,-810.4442233163944,-47.31413512681145,-2360.4167957292148,2648.6760849447464,0.9944468726611311,1.0,2.0,1.0,1.0,-394.27005917023916,2624.927150635061,-605.8207733438082,-47.31413512681145,-2360.4167957292148,-1685.5359710411017,-10202.729693586354
-441.99822486303486,2485.7423795517084,-938.8490967023085,-429.224837039758,2428.18046568617,-936.2687957288445,-420.00374746076295,2371.4862501201046,-941.376582915575,-397.9957319814045,2315.0319839783215,-941.9420416267095,0.016068850023769354,0.01941776405326131,0.013243741804961975,226.83166196598748,-74.86968083800494,-1018.1203619514837,912.7679274850724,-3502.7697610271316,1258.5780588127536,0.6812696441180079,1.0,2.0,1.0,1.0,-439.48892509811515,2482.152244711805,-938.6873752640236,912.7679274850724,-3502.7697610271316,197.0850113471485,-9727.500077842828
-322.10107051469055,2597.881689515105,-922.2339207435377,-320.36349740821646,2551.3638383626003,-951.9959024207178,-318.52863396171625,2508.4990866986545,-993.5926181976503,-324.3331126033976,2480.020300895228,-1025.7002263290203,0.01634173584544511,0.01961020635077484,0.014401734743722437,-463.39247830364917,-78.3178175871695,-801.4732387501356,-133.57736595477175,-2446.4589615902705,-1050.4033586641128,1.0446463230600562,1.0,2.0,1.0,1.0,-317.12526258317314,2600.554745354176,-920.9737161871419,-133.57736595477175,-2446.4589615902705,-1830.8808573381732,-9407.201895604478
270.2005623922782,2496.6950424620322,-714.5997801001071,272.7823873538247,2447.5545625674317,-708.5131483393812,269.75383944961806,2399.5119114792396,-707.5527342852415,261.65955548554547,2356.2024487122258,-704.0670343373561,0.013767476560300796,0.017210318684991975,0.017614747911430556,95.00530933864721,-10.7060264056258,-892.5139477025797,-216.62053067479513,-3040.2196529769453,-1887.7785600631435,0.7764074568432773,1.0,1.0,1.0,1.0,273.71724714535276,2497.4751873003543,-719.9405901871221,-216.62053067479513,-3040.2196529769453,385.7146642808341,-9895.692350493726
-122.0990398093566,2431.731365490765,-933.8214246278322,-132.01030316137144,2365.8777872333562,-942.6543168270499,-141.1906450815063,2306.338549160577,-946.5951280908996,-146.8836592279149,2239.665152934986,-964.7736050972013,0.014727084016020377,0.016217841285665294,0.01564764675734852,-596.0100457286375,-218.9579519118007,-1013.749764347501,-703.4749364985385,-3872.4956004759974,1338.0085640541708,0.6384074279409663,1.0,2.0,1.0,1.0,-114.1297142271394,2433.7015344142565,-932.4174540076096,-703.4749364985385,-3872.4956004759974,-466.6684198263372,-9669.213985016211
207.958849212018,2620.562234280186,-592.5464415290046,191.2519972453494,2598.198004036096,-598.1186214863773,184.68704694623116,2568.602198870657,-603.7648413757629,184.8533215613498,2535.8483965089517,-610.7558657140759,0.015030033611408825,0.015536259901862944,0.015289415299049789,-509.72363241229897,327.1308487439476,-803.435012657444,-641.6680053121005,-2065.531833566086,2073.0006428846673,1.0691442911876767,1.0,2.0,1.0,1.0,205.73619351069374,2630.1988431701393,-589.7067208601995,-641.6680053121005,-2065.531833566086,-276.2258637249572,-9876.306622466538
99.38434048665584,2644.4599780374515,-461.48057806447946,102.96239930571888,2612.448361232066,-488.533371710817,108.68006303985929,2578.776874723127,-525.6116610828522,112.04202097243946,2536.507183649039,-567.733293008289,0.014539701168281816,0.014409514447317088,0.01958123693787322,362.79246012052437,80.90498226748555,-864.4216944037796,227.19469896596632,-2192.3696609702215,3346.709574305742,1.1214695474465248,1.0,2.0,1.0,1.0,96.97466233034197,2645.9774856026525,-460.51590439537085,227.19469896596632,-2192.3696609702215,-1885.2859340266914,-9466.544833788328
99.52575259327024,2591.033663603125,-1009.5129677977409,103.36388270704707,2554.8697056534397,-1038.027378013731,90.18680773815399,2509.894264936049,-1056.0588750357385,97.53166592795675,2459.062129887915,-1079.8222421685193,0.013338805927893995,0.01822294638228477,0.014111561194388354,20.705897310344056,312.05055929505124,-1017.8301690037092,-89.4688068766615,-2623.9050427156076,-1390.6986088244707,0.8243266864954335,1.0,2.0,1.0,1.0,98.54375929303933,2594.847946457635,-1016.41261318973,-89.4688068766615,-2623.9050427156076,-1380.9823030827758,-9809.567847985028
-15.873530418216145,2513.4809258846594,-1062.9888904505199,-39.63037947807369,2467.0766872363397,-1091.1450688645552,-46.527323901588446,2414.185526570935,-1135.6375295045752,-50.85952920409357,2367.2109781014487,-1139.3318665704755,0.016096184415007323,0.014544801631904275,0.014835342312789358,-550.5961763249355,130.69368656463757,-866.4232576673057,-734.2232931415297,-3288.18040546075,370.72084915545855,0.6795236716402996,1.0,2.0,1.0,1.0,-18.2842887973257,2514.6244805236834,-1065.7282921108335,-734.2232931415297,-3288.18040546075,-2031.3003453880192,-10004.375256315861
702.5062994492849,2477.012657324919,-705.1942974480822,705.4751051537336,2448.513943027177,-730.1074268483992,687.7612606180708,2424.753362582736,-757.0863357824298,699.11883364613,2396.3535829999346,-789.3305976398327,0.015734352615674088,0.012261593120251213,0.018049500439719604,445.43970967642986,-92.75728910002691,-874.489546781522,-169.45222902122597,-1715.0869902716263,-2515.70514094839,1.453954553824345,1.0,2.0,1.0,1.0,699.6180532082692,2479.8731963074165,-698.7193996269698,-169.45222902122597,-1715.0869902716263,-1715.1031281412158,-9636.885400202014
-147.06363681966633,2524.6804099104143,-961.7989848118148,-141.64127481353168,2468.350349820792,-967.6100644218099,-147.78454062529934,2418.442189690136,-974.3397886488904,-149.78394533671738,2372.5764462715656,-993.115393024962,0.016894916818265836,0.014673521145670582,0.015940217777845038,-172.6108905466465,10.620008353302664,-951.5942399510042,-29.574260232037712,-3160.366136504688,-317.03334403537673,0.7474913442582192,1.0,2.0,1.0,1.0,-149.09935366217564,2523.1110868745227,-958.6984056606368,-29.574260232037712,-3160.366136504688,-491.6566018894693,-9895.990295936734
-124.67165054214459,2490.6280047117984,-965.8106955823469,-134.31105212431586,2427.1515369379354,-1004.0482601532145,-130.1461008452053,2379.4545318364408,-1034.8056472104008,-118.42332941917833,2326.709028450356,-1071.074216046546,0.015928852940739174,0.014406253823056752,0.01655821644759545,-95.42419285255333,-28.199710928828793,-946.5064694642691,42.97863660844529,-3492.0893606009895,1857.7994517462344,0.6731066767886091,1.0,2.0,1.0,1.0,-126.36881121063323,2486.1046287038807,-970.8883572408663,42.97863660844529,-3492.0893606009895,-1983.1719989114772,-9857.651081022132
269.8023195576017,2495.772705430775,-487.25812985874427,271.45485045110365,2459.7303567146682,-510.7025979075963,276.1610266103444,2437.8619383683504,-531.5407640247134,274.69765827488,2402.021303072653,-551.3924109539118,0.01236839326071765,0.018989980980847643,0.01527963349068005,459.73649106733836,307.3711724338963,-800.4264319517903,160.42400597476245,-1886.3128407007152,2764.527005508615,1.1083619922677521,1.0,2.0,1.0,1.0,274.4467641664828,2486.062503443215,-483.35002160251463,160.42400597476245,-1886.3128407007152,-1216.6963222479112,-9718.730629077862
726.4203518051303,2561.0220786340933,-772.9184107574722,724.3957718998813,2517.872687664677,-787.250594483437,715.5556744587933,2495.3798177728268,-798.1646065657488,713.3707765408765,2462.1295350948535,-820.347450276119,0.017628747295974596,0.013746995712532042,0.018772814676862128,433.6170526776775,173.91496925449337,-1011.5397115892948,-218.46149660943175,-1786.2072632502318,-2381.6275613097164,1.2798514423146248,1.0,2.0,1.0,1.0,724.1708431682268,2549.5706293773187,-763.957435772067,-218.46149660943175,-1786.2072632502318,-894.5354496156382,-9841.047599714399
66.63907153857005,2500.254964675563,-1000.65391092345,61.922652970831535,2457.2822963546337,-997.9924049528861,49.403224107638415,2385.4498430790413,-1003.3087468265759,40.296105485110864,2335.325439506689,-997.9732506711621,0.015299809011411591,0.018473806419589518,0.015297128852382068,-277.5010914412204,41.82120515358508,-1000.9405702230757,-477.9192825711841,-3440.2190499988697,171.6297050048031,0.6659292557166173,1.0,2.0,1.0,1.0,64.21119559717624,2501.577825902777,-1002.6807294951943,-477.9192825711841,-3440.2190499988697,253.35279556411575,-9699.586496691221
-238.6710324760454,2597.314936294616,-658.7502203768081,-221.25812407447083,2549.7375128594667,-686.8568944941769,-207.1758179334876,2499.4942832791257,-724.4424203241176,-192.5795078629945,2447.1075090796967,-759.0708990177204,0.015065793551324156,0.01670061142379578,0.016249432735866577,425.76718054776177,81.90088982858691,-865.357811792805,800.4478694630828,-3026.500615975256,-2731.703398886923,0.7819841622890141,1.0,1.0,1.0,1.0,-238.60455110659785,2593.896401088041,-655.2703671614881,800.4478694630828,-3026.500615975256,-1829.9255696631992,-9791.534061134987
649.1300973674107,2467.2410297756824,-461.437995149994,628.8252151980612,2430.6620701794454,-475.72158960901595,604.4932955337615,2388.832682997049,-495.1950133762402,585.2801919062528,2347.289566998031,-518.0154569523894,0.013660548501197665,0.014969719375224327,0.018691215924928152,-535.1924836053944,-77.85387812741854,-804.8294218924698,-1232.6114204170158,-2644.7544752126823,-2709.2470669127615,0.9176785161986506,1.0,1.0,1.0,1.0,654.2775370970255,2474.334190452823,-462.0954014365831,-1232.6114204170158,-2644.7544752126823,-815.5165492743686,-9738.537120638337
641.8783882253614,2469.924101904397,-803.8186106998062,640.6793383048595,2437.8812602574253,-817.8596993388422,638.4680206988384,2411.1418684965142,-838.4141621202058,631.418132751576,2390.9046814195835,-843.7634358814121,0.014913037694598431,0.018903248726955098,0.01314704613117735,317.53845797398606,344.42391585459313,-1015.1646485684427,-256.3044970946668,-1663.613847200685,-2144.5356817728816,1.228036667447264,1.0,2.0,1.0,1.0,644.3266917696878,2465.531571035454,-802.9217571991531,-256.3044970946668,-1663.613847200685,-755.6975545959169,-9491.595651889817
374.12700472437433,2524.6948319216926,-550.4125411863814,369.9969518966718,2488.5126354249096,-590.2946656451116,359.0197125562428,2452.691918292133,-612.8649594419278,358.8778489010831,2410.076008907139,-656.0240937647794,0.01526862364686228,0.014295409316864353,0.016006989626017452,-160.2604126726328,88.51021316774103,-942.206015024218,-555.9745011944289,-2543.9133266531685,-3451.868121070458,0.9144289774102566,1.0,1.0,1.0,1.0,373.47510847401975,2530.66700675479,-549.1079481610963,-555.9745011944289,-2543.9133266531685,-2054.2831105829773,-9788.606143700354
-331.0194127073595,2596.9591380637307,-855.5962322968788,-323.12674490588796,2547.9576497097673,-872.3857345856136,-298.16296697095845,2501.12549389953,-890.2133262819998,-279.9056721291367,2459.533911756044,-916.4227605295156,0.013856428038799986,0.01708569735618136,0.017681729845005906,532.9356111903847,217.8141971881372,-843.439148136232,998.1605042052113,-2733.189440167904,886.9065425750914,0.8213761447600134,1.0,2.0,1.0,1.0,-335.4640274681502,2595.689010134219,-855.0605755757738,998.1605042052113,-2733.189440167904,-1008.0533198531822,-9843.28219097255
102.59483316718595,2560.535204952138,-764.2508549318569,100.71704556318765,2514.2717853567515,-789.3824723542448,105.20367933711603,2480.0557426555492,-820.6977508868009,101.53777696330853,2420.783469079617,-842.420673326542,0.020090350058207113,0.015925271572625667,0.015982222746583306,63.417623998028795,311.0089086813152,-801.0963250526685,-40.263109574358765,-2365.4952262990846,1495.0422110510222,0.8980021556225847,1.0,2.0,1.0,1.0,101.66757809367084,2558.2293736654487,-767.2246990500666,-40.263109574358765,-2365.4952262990846,-1253.5652363263168,-9800.076755349211
-407.47543140635423,2507.9627826111405,-461.4778973457485,-397.1542985492247,2467.9321116427445,-467.54311103041,-386.0970806639323,2428.3052232278033,-471.18254471366856,-379.85911951619806,2381.651047838177,-475.1553703519705,0.015323153871932584,0.01822646845316168,0.014352062184276405,194.13959139732847,-142.596328392618,-801.1131022282929,590.7165423074696,-2623.4544018455827,-2581.377473948242,0.9620983154906297,1.0,1.0,1.0,1.0,-402.4841163332161,2507.0926174714136,-460.3195210392805,590.7165423074696,-2623.4544018455827,-59.763345912379606,-9771.320167943795
-64.21535424288552,2510.6225537068653,-959.9212693909728,-34.996690241860016,2438.270816774799,-997.2256356524002,-33.13697462622376,2398.086400615511,-1044.8295233392826,-23.82508326369381,2360.417896243094,-1092.766764609783,0.018906287492771665,0.013576712751480046,0.018313780557168577,185.25136119417866,-197.649953438389,-802.8808439444416,197.83710893219245,-2374.4432045684052,-1423.3737903418055,1.0742032191985778,1.0,2.0,1.0,1.0,-37.315386354537054,2473.5986517010656,-963.5320415007582,197.83710893219245,-2374.4432045684052,-2276.8915292798824,-9826.23983093764
-30.010891844999573,2451.500976204169,-716.4791168733202,-27.278570528520774,2425.8056266023254,-739.8577413359993,-19.014871553951398,2387.9663966207745,-762.8422969149932,-16.33881393079141,2357.2919756088386,-789.4257614773654,0.014885836244888864,0.017065560117686777,0.014362013280508058,499.49678870609455,-114.51804421422666,-807.3851055737066,404.4572966136179,-1957.6558862985958,-1802.7091317372435,1.2636865903569103,1.0,2.0,1.0,1.0,-30.34226985774751,2450.0111668369304,-720.142304956027,404.4572966136179,-1957.6558862985958,-1209.3154342357038,-10245.834650910518
-319.5906580745583,2503.1525178290362,-846.7946976961873,-324.61690248573177,2467.521888619937,-851.6791719492179,-320.55395456760544,2438.5029095813074,-870.3901490722255,-330.4739743385883,2403.2051555481917,-884.9209298739177,0.014998301326064133,0.018578803026916217,0.013823753454342773,-531.6907984829799,44.41877832014575,-894.3266696667995,-195.20342993321378,-2229.014740033461,-1241.519285983069,1.0575991421926754,1.0,2.0,1.0,1.0,-315.9910084067799,2507.4800660571295,-840.6287878062875,-195.20342993321378,-2229.014740033461,-703.7362263892684,-9742.245708886276
-29.254810588529974,2487.075233344236,-683.8791839971935,-32.88665856959727,2432.7669900112332,-711.2704225873872,-44.03945203118042,2384.83650076835,-733.9933479326454,-43.25426421502776,2330.137174494778,-746.4140006395911,0.013580398077102027,0.014240385714373196,0.016381624068344522,-166.30717158101623,-10.634047162578774,-856.4454371823846,-179.9707162538433,-3281.776858665448,-2208.7140143679826,0.7157975921401808,1.0,1.0,1.0,1.0,-29.529427228095642,2483.516365423165,-689.9475160926687,-179.9707162538433,-3281.776858665448,-1266.5340998910988,-9834.505509968967
637.4541433921363,2528.8378128205914,-762.2458679520641,616.492379378991,2483.1442514120017,-802.6901911687546,604.5714510427312,2452.568793752464,-823.8095869761039,585.5512910880817,2401.880708049919,-857.4431073973317,0.01753803845778165,0.014449169385486321,0.014597695873007785,-322.51486115157064,198.57240651362324,-816.7248823613637,-1021.8010375228517,-2471.484821763835,1975.665046864582,0.893415096283725,1.0,2.0,1.0,1.0,637.978114119911,2521.768138971629,-763.2591041656066,-1021.8010375228517,-2471.484821763835,-1686.7408032325966,-9906.803431980703
636.6591667963651,2531.3833724418528,-684.4267553218302,618.7549802141378,2508.552162566278,-692.2627241113563,607.2053142757997,2480.4386647634187,-695.9072492062191,594.189325545998,2453.8056655557016,-707.5512662744312,0.01660864805431454,0.01461285137741319,0.013155743116229825,-634.9120629376295,22.317593973149577,-800.7636168854664,-921.7091209036198,-1825.4891789549204,-1502.8800909220702,1.330622757452035,1.0,2.0,1.0,1.0,632.4379783048478,2532.3652150361672,-686.8661695502431,-921.7091209036198,-1825.4891789549204,-251.3132481865069,-9640.97437953458
-489.7930932380685,2520.5817711561085,-481.3408213357727,-478.33255630503953,2487.5299654462774,-504.9820888144323,-480.4184450722139,2454.9887510767708,-521.8683150450777,-473.0884131282361,2422.8654720967484,-554.4787037018788,0.015028119603371987,0.015894389768471694,0.014429831844335446,-118.94414973395135,-63.867747504845426,-929.1078616689723,329.9464188600869,-2320.5429286904923,3203.116539041994,1.069647658783819,1.0,2.0,1.0,1.0,-486.83440676294697,2523.5376179850527,-481.4120556344045,329.9464188600869,-2320.5429286904923,-1262.6091863731665,-9679.316834759144
-440.52560958760256,2510.330855274506,-771.1859895837142,-427.9019216652173,2481.9866082953167,-770.5900844062243,-426.26064857034726,2456.4518360019874,-766.5310634146376,-422.76230719841413,2429.0761254925696,-756.8891320783289,0.016192593733433524,0.0207842312706701,0.013245530421944679,155.62955163434697,91.83716729454135,-955.8927782924463,430.87182968333565,-1747.667414215042,-1966.9958305649188,1.334777644573944,1.0,2.0,1.0,1.0,-441.1279324770743,2512.3565359823824,-767.9058432101106,430.87182968333565,-1747.667414215042,453.86685844303025,-9744.689066617448
298.0603306782102,2525.339750637912,-944.3646240293971,284.01506891916415,2489.8692370504064,-942.1529586579752,288.36890482916306,2447.5191918071678,-926.7321936794712,270.80515003995885,2405.6401051099397,-923.475906539531,0.015817611064744507,0.019095611751785726,0.011956385076854599,-280.9202050377664,71.8782050015839,-922.691652063835,-614.748214469821,-2612.063439497211,-135.00832940890643,0.8931303921066159,1.0,2.0,1.0,1.0,296.94311656386446,2527.217838128966,-942.2487955069878,-614.748214469821,-2612.063439497211,635.9723600516464,-9864.846839720542
-214.0004794367187,2636.9787145331215,-516.8141028183464,-210.9659741134225,2601.4213484167844,-525.7646316104448,-206.4036813319441,2573.637790950104,-553.0426268140302,-204.9651000664558,2537.889308386047,-572.8254909824992,0.013744486838856897,0.01487574509692244,0.014882223291785186,-0.2907792361352427,163.77952802666303,-803.1306753920546,190.75753835496332,-2208.936125814884,2545.016521177627,1.0764975447724336,1.0,2.0,1.0,1.0,-213.93922219369347,2637.78798893933,-519.7387360408974,190.75753835496332,-2208.936125814884,-890.329762576316,-10031.343144919325
-98.31881145908548,2459.6781240738055,-844.481593225019,-101.56533598068482,2394.2423995595673,-857.161403019758,-110.7029874931679,2342.5636690162382,-879.7487141774665,-112.61905345526603,2279.6361229178287,-898.374022649163,0.015111226606138648,0.019032430651907073,0.01841650544517754,-332.3546595104301,199.13005320982757,-1013.1251855562631,-368.1070693695268,-3522.9466416731484,-1899.8378796110346,0.5874398372967772,1.0,1.0,1.0,1.0,-96.76613511393299,2453.815903880641,-852.8592341345957,-368.1070693695268,-3522.9466416731484,-710.2430492830281,-9687.222159239222
-344.6706422370162,2548.945463252143,-652.9116942339145,-344.1874882326875,2506.945659527954,-651.197110658795,-348.91016705515693,2457.405514177603,-664.9693688391138,-350.5110483368313,2414.943718335065,-677.454102624027,0.010876841767264053,0.018353900095229907,0.012646147701434553,-464.2053284583686,33.09314047565428,-909.0846669584672,-149.21916227237466,-3014.422619057115,-2298.4721935948137,0.7931231104360721,1.0,1.0,1.0,1.0,-339.6073279609318,2550.136027388353,-649.927934183602,-149.21916227237466,-3014.422619057115,-474.7834262229118,-9758.052437932567
328.93761791055397,2515.396753143573,-795.5940659762003,319.3940616784614,2475.8150917587986,-814.7601435647956,320.94768214621524,2451.3978331646113,-842.0493662833692,320.7413914742734,2415.9403228064043,-861.7408272339321,0.017914915468717495,0.013826040586020282,0.015957231751564174,139.78284128360283,-5.835974281851923,-907.3818719439347,-142.99342086611114,-1934.8018649591838,-2070.4722377987214,1.2523018121936924,1.0,2.0,1.0,1.0,325.6742884095497,2509.406450165081,-791.741132142288,-142.99342086611114,-1934.8018649591838,-1426.5522253163672,-9740.358738582243
-376.58833303858944,2559.346592169556,-835.3315213205541,-374.4988578440382,2546.002751054076,-865.9921923645068,-368.13662275723914,2513.2393320866177,-904.7455515131181,-369.3249505049159,2485.3975144332785,-941.2528030646765,0.014411145754647449,0.015696353509874687,0.017400065330614094,-156.78909103071658,456.6982961015426,-1010.2357459773119,167.3919694320442,-1578.8004602769256,-2591.3748685640735,1.2874924354048574,1.0,2.0,1.0,1.0,-380.2573702224984,2564.396910571253,-842.8484105237153,167.3919694320442,-1578.8004602769256,-1856.341108585192,-9766.016493227155
-166.59436849518806,2558.69211215584,-878.1792982252841,-170.523280843327,2519.712311882338,-874.382802181111,-175.50539660339146,2492.98749958936,-870.7284109980424,-174.0213742328637,2458.6656798591216,-868.3285225936737,0.014054646154091051,0.017585974372556896,0.01277723685233275,-405.03545780067884,250.6025085986752,-1016.2397496606145,-197.3895695127985,-1941.9772246980228,-1713.7148033255007,1.140582142621016,1.0,2.0,1.0,1.0,-171.1288179280108,2551.8455198658276,-875.8638564117905,-197.3895695127985,-1941.9772246980228,437.849143328645,-9780.851901394459
66.39435403995112,2594.359422788472,-744.4158966069851,55.76464958146489,2561.4740341041743,-739.2220280489151,55.02835764708853,2533.4009656605003,-740.8232673814374,52.649062318662274,2509.6269621888737,-743.9177047164779,0.01697330462902838,0.017042844096869184,0.01705494366575227,-116.40669963225602,295.82037083508544,-1012.4318878813522,-120.78200922021537,-1590.4291048739144,-2330.131612793628,1.3889289076083415,1.0,2.0,1.0,1.0,57.51939364485429,2586.0382818535145,-745.3428807867688,-120.78200922021537,-1590.4291048739144,418.06668449868766,-9839.258481225057
-105.5479287991074,2539.4504497964062,-499.4085633871101,-107.16061165335228,2492.6575645119347,-527.8671085881779,-95.64619434178239,2440.084744282385,-571.662906850282,-99.8469007362334,2387.7099294752493,-613.3913834678133,0.017398382634985797,0.018634733040976174,0.014465774655341462,-124.54677797705939,-312.7872263052355,-814.0633031914167,-20.450450005617284,-2946.7929392331835,-3358.133725204798,0.9145011096686974,1.0,1.0,1.0,1.0,-104.81209372163858,2530.8679600547857,-496.07748295954013,-20.450450005617284,-2946.7929392331835,-2222.3445168100156,-9967.21729732833
437.81252940117264,2574.87545476545,-974.6329755953899,431.1292977525698,2536.632122347763,-982.1415707214469,418.38513704267166,2501.020883888813,-998.1761359981035,403.44955164545894,2461.8586728402547,-1007.0619234983686,0.01402645013920091,0.015755090798432916,0.015861036777335732,-91.93979661465178,405.6519464235467,-1019.5926031889353,-622.9416494153289,-2540.961019741228,-1138.7427412993036,0.809357422285031,1.0,2.0,1.0,1.0,440.67531363545356,2578.1736183022927,-972.5148209694568,-622.9416494153289,-2540.961019741228,-610.311799934885,-9826.779232246115
-185.5626494912272,2595.6372122837624,-621.2267240046504,-178.6638570848995,2574.1387818314606,-624.476965286777,-173.0303087662398,2544.267157661415,-629.5818575571074,-172.00051815163786,2519.420560737973,-641.2240945522778,0.01598924379320074,0.014799063790201924,0.016508219600650666,362.91583488093374,77.17409421502552,-839.7012367062886,366.6621302518785,-1681.4836714999904,-2057.8226458719373,1.4527034728159467,1.0,2.0,1.0,1.0,-187.07736049688788,2599.399601465014,-625.9483489051881,366.6621302518785,-1681.4836714999904,-175.72229468477184,-9835.033402549681
-298.6290352645594,2555.797025304048,-798.6565906811968,-298.46097090505924,2513.6945335249,-801.554618599897,-305.2298676965323,2467.62318195742,-808.1039530664696,-311.1570829079029,2435.097321101098,-813.1181603658301,0.01569991148480164,0.016640662892566008,0.018149057473766373,-627.1330982731878,76.34571494458419,-905.6601941850922,-369.12250029674004,-2724.6126240260764,1446.363938406861,0.8595103681488667,1.0,2.0,1.0,1.0,-291.23162300315346,2555.7432028083217,-800.2796252404999,-369.12250029674004,-2724.6126240260764,-91.48650539891328,-9889.173055607058
54.641551823179846,2627.0185822232766,-489.55407673874174,43.22559912254666,2583.631447032535,-523.0137205167853,36.75411219681979,2550.3429994070966,-554.9397817328755,36.07482365904257,2515.4291153914696,-594.1532665373948,0.019124489256112275,0.015655019135082358,0.015772691764422163,-445.49041957909003,-28.892923627008138,-964.9746198642355,-456.19442225737345,-2432.225896183521,3530.360741355629,1.0444477998443817,1.0,2.0,1.0,1.0,54.04247279273454,2634.394432693956,-493.88387586650003,-456.19442225737345,-2432.225896183521,-1800.0883882115922,-9789.850595453798
590.973767818522,2664.800941230327,-664.2915644810075,574.3084854188143,2640.1713553073187,-678.7927324843982,563.0572521659494,2618.831597055167,-697.1742184187374,555.0205218451798,2588.6509013305167,-715.4128096873415,0.017609230044444694,0.01641799115468181,0.01030172749210604,-592.0219971713087,203.61565999487675,-834.1852156652598,-819.4340315932556,-1705.4377436421419,-1997.8651672426722,1.4006710513087586,1.0,2.0,1.0,1.0,592.0601784809448,2667.9731995577717,-664.8131302819222,-819.4340315932556,-1705.4377436421419,-869.8500689842101,-9551.223023316481
-325.120725258918,2596.2896787200207,-476.1560895100434,-317.5402824149231,2555.375635394614,-493.27643081141855,-309.22623221102725,2526.27730512111,-508.3359528773957,-297.7696286035065,2487.844828896155,-521.6284841054662,0.019144391077151542,0.017022674255865084,0.013978591981374265,342.1874116868445,22.523607588074498,-949.4376401962923,599.4926818317942,-2296.4408782030273,3138.2734240951636,1.0698543426856073,1.0,2.0,1.0,1.0,-329.2443919647644,2594.53739117547,-474.1345505141086,599.4926818317942,-2296.4408782030273,-698.4470178174738,-9848.343006743948
6.2887861391043804,2511.220856089581,-696.2733040652273,16.085035335469613,2466.1580291508053,-712.0540143417883,21.676807195839956,2417.7433776993157,-721.9358780452899,33.247271399128586,2350.973484429867,-744.6939426717432,0.01821589751362035,0.015216997235042093,0.016112017867112534,443.04148765616844,77.95615152366344,-883.797067580726,585.4286806406406,-3251.991655319099,-2120.1924587325007,0.7004550873842256,1.0,1.0,1.0,1.0,3.9699771756876316,2516.949893012986,-694.8899815777554,585.4286806406406,-3251.991655319099,-817.7273070687596,-10128.14613834566
555.6850816113446,2481.7109916746094,-822.421793701746,554.3135235925723,2426.1665397124852,-844.9962354596331,547.9579834657129,2397.66516165846,-877.6189975691552,542.0157022638199,2355.2482113339565,-899.2955971663137,0.016236074875173364,0.012941274153611935,0.01575185316823398,288.66658264463035,-32.310003344448255,-910.8417790357189,-312.8701687867303,-2974.662363366985,2016.2590286919155,0.8000707978029814,1.0,2.0,1.0,1.0,553.0418752694177,2481.2796937006515,-824.5511842245357,-312.8701687867303,-2974.662363366985,-1540.252942944305,-9812.485924096709
345.9111421670427,2567.812038489376,-732.3351451802566,331.0961089320553,2535.323757109476,-755.5811865663767,320.8225723466038,2483.007926210822,-775.5347599108563,314.7162409228088,2451.7150076636485,-799.3787936145249,0.01549603681826103,0.014400548143618637,0.016436315291664942,-439.4258228687346,197.04223336731027,-828.9734890248504,-827.8750683678653,-2495.77029685108,1800.3743776997817,0.9036670997464561,1.0,2.0,1.0,1.0,347.0554920807392,2568.024015375825,-738.1593727951732,-827.8750683678653,-2495.77029685108,-1202.6833074687147,-9888.027521121378
679.6272208959007,2535.092670783694,-830.1170832369943,670.3536877834534,2505.317752284895,-833.622923744396,672.7763350292483,2451.768935854508,-836.4958467812804,662.9785383298677,2402.9027785651892,-859.2485574555096,0.016227222122940185,0.014091927496342829,0.013758018557653733,318.40500046487483,-110.61106428087831,-1002.3936405267065,-440.46153618828373,-3232.189378965759,1962.4324754034142,0.7759228318230639,1.0,2.0,1.0,1.0,679.5834601392694,2539.7842264710425,-817.6701916449331,-440.46153618828373,-3232.189378965759,-591.800622351659,-9476.511525472968
236.98416627567804,2545.847774363233,-658.7526839523172,241.82366568313552,2520.876270443301,-686.7486367478283,236.46180664992804,2469.6640195662926,-722.2066513783765,239.60245751592197,2424.553482067612,-759.9210150362192,0.012828989670578385,0.015604978013407949,0.014993586235612082,317.7292856271947,124.94235018064387,-991.3518062335111,92.82338995365731,-2777.8932148768145,-3223.115348543349,0.8315724460804023,1.0,1.0,1.0,1.0,236.5088194177415,2555.598913197849,-657.3109504746438,92.82338995365731,-2777.8932148768145,-1948.8776363724342,-9864.825870856292
-434.04426530349923,2503.536114539683,-567.9688333363414,-418.3021700992065,2469.8306551165692,-578.6661778769314,-407.35299039594764,2422.0744523403773,-590.0458838682307,-391.1907590427386,2384.329968920435,-607.9460482654279,0.01617570302350417,0.01653585374143984,0.015765298066791642,340.44376423821404,154.55216949629403,-931.1151800760443,847.8812341182143,-2570.7657007556695,-2737.0500058176117,0.866523145168265,1.0,1.0,1.0,1.0,-435.36756497995145,2506.8027856877443,-569.9552803312074,847.8812341182143,-2570.7657007556695,-651.1579634820055,-9784.727398401266
-353.3298581815047,2467.172187952587,-586.2214083810745,-336.44644391342797,2434.436772685706,-616.2486246184942,-319.9587243539229,2398.003245846798,-649.1040500580278,-309.1110792016458,2358.137606666108,-679.6652759518352,0.01152122142356636,0.017112143215590507,0.012748402449335186,597.1383540197562,260.1059845382031,-984.7893239691954,1029.2328414719943,-2386.561702266424,-3378.507358243757,0.8836182329115086,1.0,1.0,1.0,1.0,-354.9020243418379,2467.675559134637,-591.6089832204002,1029.2328414719943,-2386.561702266424,-1910.3205951647856,-9874.759557689602
307.8645232872066,2510.697318095651,-886.947699697165,292.06878397458297,2480.522059241202,-881.5495992185608,297.14372516605016,2445.6867534705666,-897.069729196239,288.338331107777,2408.5941187542558,-898.9897898191629,0.01528639350253308,0.016357253671341457,0.015350733484045774,2.466292200383293,294.04149460941494,-1015.0306029990757,-282.85891182966867,-2052.810013468525,-1536.5030840447168,1.0330056193420787,1.0,2.0,1.0,1.0,307.95391697642583,2511.0763091554318,-892.9778718119844,-282.85891182966867,-2052.810013468525,-22.743791221968436,-9671.757221218872
