x1,y1,z1,x2,y2,z2,x3,y3,z3,x4,y4,z4,x5,y5,z5,x6,y6,z6,dt12,dt23,dt34,dt45,dt56,x_hit,y_hit,z_hit,vx_hit,vy_hit,vz_hit,t_hit,is_reachable,bounces_before_hit,has_bounce_before_hit,intercept_valid,x0,y0,z0,vx0,vy0,vz0,gravity_z_mm_s2
60.7094961967683,2310.108892921007,-518.2388658734361,73.78723005499859,2268.932205877296,-558.1623941918433,73.45261696677002,2232.4084757725423,-602.8570998635332,87.12500638935992,2195.234101858181,-648.8268774601429,92.26400502248896,2155.1133148769754,-695.6499159752517,100.32355882098379,2114.9499095150045,-751.3181405220028,0.016607609640094195,0.016462145054161013,0.016150823706354976,0.015900965581780967,0.016109204489182016,527.1631502754908,-4.5667812180653335,-834.3197937281744,475.5461921571394,-2365.3280160647914,-3475.0028550137513,0.8987692515284276,1.0,1.0,1.0,1.0,61.12788196149404,2313.454674525442,-517.1674047857407,475.5461921571394,-2365.3280160647914,-2420.557234824318,-9801.057403523246
-32.66638106236133,2220.729318700897,-677.2417434225524,-40.810677923794806,2177.3603238234987,-706.2290472529186,-50.07087255060913,2139.268342820098,-735.0755786340003,-54.16470179384846,2105.3320610629794,-769.8132046742309,-65.14135349765188,2068.4771388653608,-800.5471411589771,-64.04344205688179,2027.7229811204772,-839.2190242069021,0.015698421875171904,0.01630069925979897,0.012624575441834186,0.013447004335568058,0.01623385014832393,-417.9355483395927,62.10998305885844,-879.0292487027507,-464.51805068190276,-2616.602550147984,-2754.7962870155416,0.7506954489393036,1.0,1.0,1.0,1.0,-34.708156527024585,2220.8070869309463,-675.4082626799329,-464.51805068190276,-2616.602550147984,-1904.503056617578,-9729.675916779037
-41.120212755317304,2387.6902693835755,-739.6216424954061,-33.132569670698125,2351.5601872402726,-772.5800183186195,-25.463630160917724,2313.769464053041,-813.6589329256423,-14.501134214568204,2270.444247897296,-865.2708778526057,-4.289435437811755,2218.1098266179038,-924.7067530698104,3.298171045973339,2188.4657477435208,-968.1945295638836,0.013621616575061066,0.013602314243562064,0.017818014672812337,0.018427844873923765,0.012884746645251868,441.6353373119258,131.6280777413474,-927.3383512862126,566.4950899694563,-2653.486992896753,-3307.996099952949,0.7736454629893895,1.0,1.0,1.0,1.0,-39.885489162111526,2387.0920217035914,-736.706122263841,566.4950899694563,-2653.486992896753,-2671.4627867894023,-9983.522573067276
-177.8042199051975,2471.4151221907155,-356.10813420760746,-168.31960094644884,2434.599520471332,-387.40685469545497,-158.08090677668213,2400.0515667164495,-424.20158718666306,-141.1112577854392,2369.3597690486713,-469.47147351033306,-130.9445764372917,2330.2765144534824,-509.2885678586519,-116.64855662835959,2291.119097557378,-556.5250402040612,0.01540965281610441,0.017206888646730055,0.01695247790325318,0.01889872849171407,0.016235181341636887,535.2572976882946,288.46176198647294,-954.1550669546186,651.2654767713702,-1999.317094429844,-3925.7784413665413,1.0052970708005602,1.0,1.0,1.0,1.0,-174.62207199249792,2467.7173949150015,-356.2955601037379,651.2654767713702,-1999.317094429844,-1876.0924246401385,-9945.951814792572
32.47704425052262,2422.696112989265,-847.945310511045,40.91751976643691,2377.747928428018,-860.6432704382082,46.267554189817986,2323.020460647272,-873.1648610993616,55.64312260136859,2282.408087791601,-881.6002637701573,65.92811521193562,2235.50395915621,-894.1976482355327,72.26884943419931,2194.8226103350803,-913.8415246968844,0.01398706376977981,0.018033244943858703,0.015152557628956648,0.017463261086655094,0.01396811788334365,434.6516480945219,55.70663761700544,-945.6079699070989,488.993557581514,-2884.695641362126,1446.7966242758248,0.7413957546874067,1.0,2.0,1.0,1.0,33.6769308776818,2421.1570635339467,-848.2653477017575,488.993557581514,-2884.695641362126,-450.69984284877125,-9711.77072663695
-457.0225110841081,2290.2156777092428,-301.3671868834495,-454.7406468831721,2267.328559490916,-336.15709254715415,-452.6139602047549,2229.6450208053016,-378.6140102353155,-451.496087049892,2200.065558225462,-416.7803133384369,-444.1180653912653,2173.4295863813695,-461.01810694970055,-439.23382380388836,2145.839925967312,-504.7988510208299,0.014766509868140003,0.01505899909513896,0.016951997225352414,0.015090978706921929,0.014413186839898444,-177.98083655156233,-82.9258787312186,-919.8818560411033,226.5664559252018,-1914.0235522956823,4175.9691185741585,1.1637183282645438,1.0,2.0,1.0,1.0,-458.9232418988157,2290.463326115434,-303.60674005940655,226.5664559252018,-1914.0235522956823,-2279.744828884485,-9932.799070340654
167.3985758845568,2345.199436561195,-313.0260573602566,157.41652442694578,2317.573244144813,-330.2791750533615,152.77309098338986,2287.500874949465,-362.35337485332707,140.81965834862368,2259.4526253931103,-389.15126115471344,123.38434156553394,2222.973872882999,-434.0458818868969,114.14955047470126,2193.826034612519,-470.6460313882186,0.013268935979411239,0.01798592851928321,0.015760780075605756,0.020410096592695486,0.01595966058820203,-518.9652745628119,167.28510860130837,-888.0789022157276,-554.1181325301479,-1761.1217238498843,3673.143251411331,1.1516145982447978,1.0,2.0,1.0,1.0,165.370619111922,2342.2704375559124,-312.7028811043043,-554.1181325301479,-1761.1217238498843,-1485.0679045115598,-9808.62166937805
389.7658782149184,2315.799294896143,-821.2354842081596,383.86966929918657,2262.982294643096,-849.1256433112231,361.0470270641622,2204.078133392812,-878.010285323729,344.59652021459567,2151.3508833228907,-904.7290900404627,337.96469798137616,2100.918292242356,-932.682395808229,325.7832793184188,2065.1473845539963,-956.3596289324371,0.015450424953554658,0.01877697584651737,0.017080922140450976,0.012462365565740756,0.01089251229032262,-231.6842202664229,76.25632538710366,-922.4048217364513,-946.8145341220044,-3390.712291431218,-2026.9279576549363,0.5853367992034141,1.0,1.0,1.0,1.0,393.2133722541007,2314.12643773171,-822.33783215062,-946.8145341220044,-3390.712291431218,-1472.702593865707,-9692.543795616388
-498.27500946354746,2265.892183302639,-495.9073611795494,-487.70140793557624,2245.4916405114514,-552.0901074534053,-481.23881795789987,2213.846967482522,-617.5168388778114,-471.87123087072644,2190.786475680025,-672.3649495328672,-462.2734564858665,2166.100801436074,-735.0915514392627,-457.16509671625624,2140.6930861306364,-798.0360413311017,0.016065276937966208,0.014832002466221333,0.015629667553703708,0.014803041882970207,0.01376819274871708,199.07030077207605,154.34498291963735,-875.3478449441263,564.7191530181968,-1714.58651644383,4524.507251140512,1.159901818410417,1.0,2.0,1.0,1.0,-498.35785320539753,2271.859330727767,-496.21411576326864,564.7191530181968,-1714.58651644383,-3599.036060842963,-9915.997059492365
-580.6462548811279,2267.4643131711373,-841.006311733162,-585.3985160493619,2215.17841585206,-867.6780320483745,-587.7048318933139,2174.836859879038,-886.9038889670022,-583.8003652197082,2134.4772953218157,-906.9365999467097,-582.5007441591179,2091.9483842536897,-935.7510084427051,-582.1459363485694,2046.4820913065785,-961.2365442342511,0.017101174310709465,0.014567958420502177,0.014006009708431563,0.016727360400659086,0.013266034355877393,-594.9939885616434,-33.48129498447507,-962.0132217074438,-12.464670900945798,-2896.0730351551983,1893.5330997895553,0.7193314628038209,1.0,2.0,1.0,1.0,-585.084575195385,2268.8967679639027,-845.9801261715704,-12.464670900945798,-2896.0730351551983,-1153.8368794281641,-9718.023669389146
301.2067490708947,2356.825470698214,-241.0358628481969,298.25583804402817,2324.968838117508,-285.9503590040928,308.7192603036731,2294.1930144170165,-320.9908390022642,304.5389169714691,2263.858261347444,-375.127301832825,306.7895121109733,2228.634181399286,-423.87943016654947,305.95348662658705,2200.1911348035774,-480.4637655317325,0.017350517049355512,0.013063273765462988,0.017760959194592946,0.017541217841365475,0.016438802888250142,407.59795759699443,-26.6088059607931,-881.6767791372215,89.77555170983128,-2005.7599889073974,-4359.179565238113,1.1078452292609695,1.0,1.0,1.0,1.0,300.76505106229797,2360.245580839008,-241.48444837746297,89.77555170983128,-2005.7599889073974,-2537.466616421806,-9812.82998305509
503.0558330784311,2456.609066332681,-450.7550554208461,489.4773289383921,2418.5944530354386,-499.42892546308764,482.34252564444864,2386.3931498847724,-557.8683693346843,471.66074555194973,2367.6443468084394,-605.4719525586961,462.81092803226704,2329.409866252928,-675.0465438137393,449.8120342142622,2301.079080147961,-735.024015819992,0.018739383476410732,0.01646141326963247,0.016791145863014313,0.016946685675741008,0.015271312180701976,-203.9635409676547,239.29912376067017,-823.7877271429419,-575.3575642775129,-1799.0164052314985,4057.4208795188856,1.1457900595344952,1.0,2.0,1.0,1.0,503.72626309368434,2452.089302195407,-444.7606108465902,-575.3575642775129,-1799.0164052314985,-3003.8878540464298,-9814.842579680273
-508.4254237659662,2232.075815008639,-374.59398595454144,-500.2126168926629,2196.2634499844867,-391.7323651916641,-490.71060679812797,2165.022225165142,-411.3386940719475,-478.26899862840037,2123.2328259327796,-442.1788923534406,-473.5590275339904,2097.7629879483457,-465.09885745842826,-459.17247836193894,2061.9664101870317,-498.9699748087899,0.016395801021688812,0.014445472881369336,0.01673333382584176,0.012380202198269824,0.01954694602274927,130.446544812438,12.462195727459346,-885.2997002685407,603.2296086462687,-2082.1126506396213,-3397.1327575511323,0.9854982440500802,1.0,1.0,1.0,1.0,-511.9929883958376,2229.9121686586495,-368.76310210575775,603.2296086462687,-2082.1126506396213,-1229.2712069316572,-9708.613079589177
-105.6008159726573,2414.874368066279,-387.7245020753877,-100.57490554886162,2388.2267580705816,-420.27360770524444,-100.01063811233577,2358.8713174950335,-468.86041313656466,-92.15846617701938,2325.687382110824,-520.1376385191654,-85.7533886869838,2283.972554592278,-586.9732287817345,-77.21395226198177,2254.592285578304,-628.4347789400367,0.009967706363752219,0.016495066426011083,0.016531350466528708,0.018253697147564536,0.012938491754404799,331.524879699226,38.157873772565175,-879.6961490180904,389.3912579844935,-2110.56267554179,-4228.621913615485,1.0508136878417367,1.0,1.0,1.0,1.0,-106.54028553332932,2412.540883757066,-389.0893349316467,389.3912579844935,-2110.56267554179,-2883.0391522706464,-9753.13252467689
658.4587144134115,2280.9434786884935,-572.7210503391672,643.8654205531849,2240.379842917485,-591.4499898293043,637.4489549362029,2198.201120350063,-622.5595962740097,629.2505358730344,2151.764716889649,-643.9690948415357,616.1775921196363,2118.7989231113233,-667.0505361306315,609.6766122292399,2077.8657923662545,-702.0390287699374,0.015908125461710325,0.015743005210047168,0.016729704056582785,0.015038226869631958,0.013422842883105801,133.49965876266356,-3.7620764109562366,-924.1250823064653,-582.8530247278661,-2534.95626226621,-2872.505848291312,0.8231580955189226,1.0,1.0,1.0,1.0,658.067381017742,2277.6985596286377,-574.0902983241132,-582.8530247278661,-2534.95626226621,-1180.4375477165343,-9796.764210393132
29.61907534499828,2402.9359735344783,-391.96742572681586,31.379311816429563,2365.0444092130087,-453.5079673368259,31.66571150067685,2332.754073780188,-521.4439530747135,34.46139621741723,2300.065420657912,-587.0095556796622,36.30829841104228,2265.974273927968,-662.7289155700282,41.47189134815644,2233.1838500253466,-735.4707437611428,0.016183467863003086,0.01582337655175747,0.015933985980071737,0.018559486324991985,0.013857936730428427,185.532669249078,-74.6502587027988,-872.322750089581,128.67796884530722,-2051.1919052174494,-4899.934168682337,1.1246417465497436,1.0,1.0,1.0,1.0,30.47571679048349,2397.0359870842335,-390.72770025388024,128.67796884530722,-2051.1919052174494,-3800.208564170273,-9933.612500310734
78.70400862407502,2420.8388363454874,-828.8120688630207,64.58910300541243,2378.6345658376295,-839.2617186601658,65.83865833713956,2338.878851526201,-859.0277807070289,62.29133620511813,2309.337827369842,-881.9686166160475,58.896105932844314,2273.5246541092547,-902.0587915354906,59.805535507403036,2247.6432773606634,-926.4950608191864,0.01446618780963124,0.01716642049611432,0.016815982042337703,0.01510384324245466,0.012036714220148237,-242.3486750513725,7.507063718995438,-831.1165449212504,-296.31580958219376,-2232.0010625977407,-857.6733930813998,1.0044108521893127,1.0,2.0,1.0,1.0,77.67239929739685,2418.0682113245525,-827.8206996006998,-296.31580958219376,-2232.0010625977407,-819.3601697734614,-9862.985352908552
179.7634654449481,2413.6547505057506,-408.47616341060814,178.25303557872994,2374.1752822319704,-448.2356618874896,177.43272327435895,2348.801864471554,-505.3931143505421,173.17206882186906,2315.9553062700506,-552.9993962919814,175.87244985439807,2281.9507857953727,-602.3408503231897,179.24525278707705,2244.029960919061,-678.2603516735112,0.016183774999052023,0.017575678677477346,0.014629542833508882,0.01627021833720685,0.019603931658642035,180.5859238770804,69.84556454629274,-923.6117194059846,2.937381845595013,-2055.5057342488917,-4296.606595800517,1.0557368534941105,1.0,1.0,1.0,1.0,177.23730857310193,2413.1221015900283,-404.0270263942581,2.937381845595013,-2055.5057342488917,-2914.1381668675854,-9593.185226314725
406.2210821465631,2514.2910706049006,-441.38783830295966,410.58255218784643,2474.3141106777175,-490.8094528467865,411.3856895134658,2439.0569284371713,-545.0298549240632,407.7866674012512,2414.5940979949373,-583.9514202965142,407.68380304589925,2374.8833063328852,-643.9672238115692,418.8310100827789,2343.823310692575,-690.9530134876687,0.018569846504987678,0.016617383006430488,0.010879105530177326,0.017192745671999,0.01323191330194188,518.3772908787639,61.320568903446855,-914.1795768233621,101.29272074701944,-2231.3579110747437,-4249.084926680942,1.0235090059844623,1.0,1.0,1.0,1.0,406.9552980570445,2515.814271085659,-438.3855105340732,101.29272074701944,-2231.3579110747437,-2946.539854185536,-9849.588815948551
2.5258705853607815,2373.367488299802,-890.7709257123097,0.01484924380215602,2335.689821587282,-940.5020476645495,-2.6613628482110023,2309.1725270334246,-974.9711929053719,0.5089241574239511,2269.4493516434886,-1023.6987590761812,-1.8971496233714744,2229.1230073068855,-1080.6327281214471,-6.595726425876568,2184.3783061264944,-1134.109507574911,0.015199406075289933,0.012525683516070946,0.01363886752214856,0.018831519136566055,0.016231901533370396,-22.80895963197233,93.73815353224661,-807.3290096678137,-23.647119279887292,-2447.441261880411,2540.599086216684,0.8535726222165548,1.0,2.0,1.0,1.0,-0.817138701677095,2369.8585270810386,-895.1565209712502,-23.647119279887292,-2447.441261880411,-2860.106316965668,-9818.405602755143
510.1735697902788,2218.679856869981,-991.018622031277,494.67050716163743,2167.9019005772407,-1032.8857563338604,485.98824013230524,2133.617333212745,-1059.8075974938645,474.9611410924028,2072.1313100576745,-1111.8233235071011,457.8456308978103,2009.8496398761324,-1132.8960134116007,445.5945675435935,1955.2090393140795,-1078.257268970452,0.014255481994728841,0.012010291443015526,0.016236754444989582,0.01997816408172532,0.017268923363633906,-4.743064509296712,95.06343597870972,-1013.1844477717332,-791.1316707092138,-3287.949192818286,-2673.5761372426446,0.5652503846719072,1.0,1.0,1.0,1.0,505.5368630981468,2215.7906653464993,-990.2585659707775,-791.1316707092138,-3287.949192818286,-2587.6179491645285,-9871.801642640175
488.3454086766862,2422.7815219636113,-288.1669225016995,487.32572750700655,2403.4420037606424,-331.16491559917966,489.5310756327821,2373.4200613884796,-375.07183197504526,487.0709306181024,2346.9789491826346,-425.6237118972736,480.4185442964479,2317.6855387959736,-480.3075824085971,476.8935897320493,2289.3567801573163,-531.9176514027256,0.013062531996459481,0.013882029498597825,0.01577325011083328,0.016339222588728608,0.013908718105694363,307.14340999165165,-19.108523657790975,-896.5750487364395,-141.6801578747722,-1881.1873896260015,4580.246148468631,1.2270342476996807,1.0,2.0,1.0,1.0,491.3276152288538,2426.435082856009,-285.74590024073916,-141.6801578747722,-1881.1873896260015,-2987.7823683222177,-9865.956037941083
-35.88380424490401,2259.012447859018,-748.951931818059,-27.314867257000998,2217.7405687159007,-779.8018825883488,-20.36926023523727,2182.665627912161,-807.0954487483099,-15.435894279389935,2142.6173005942733,-847.9458014551359,0.5658898995127333,2094.358531957065,-886.4286256744304,8.149386471467055,2049.993164473394,-920.6187813805824,0.014106188807536673,0.01461467931632967,0.01492569169150089,0.015581113163220736,0.015480752372665073,423.81305029347146,83.97036480932229,-903.966888644991,601.3723417668057,-2847.0040205952046,-2601.5684088126277,0.6902915746487476,1.0,1.0,1.0,1.0,-36.2367911581357,2261.928440564651,-750.602673800098,601.3723417668057,-2847.0040205952046,-1942.8812626696729,-9759.493322913873
-692.0055856948942,2295.8669435528586,-544.5078089515704,-668.2929485806457,2255.7074555775434,-571.6301880410809,-649.5254365251369,2210.4185551396517,-621.2302941508439,-622.5346732759067,2178.2820283263477,-655.260871755247,-604.2186325952777,2139.9126362359393,-690.1718004343169,-593.912235532651,2106.226312063099,-731.6717959550373,0.015762374905587778,0.018902567783009458,0.01431550357757002,0.01602816861166964,0.014234435191462613,492.0414501998308,149.4520667511398,-811.6282095317304,1308.359674838317,-2367.6275517058384,-3017.777949436849,0.8257569499307011,1.0,1.0,1.0,1.0,-692.0240555288434,2292.1550010449287,-548.0128363242295,1308.359674838317,-2367.6275517058384,-1962.501724131263,-9969.424284931818
314.29068711071113,2279.4384136958374,-508.2039480314878,305.35091331640217,2250.783012350967,-550.6262990047873,298.46141628936385,2222.2391506225185,-587.7886876946618,288.91287833889106,2194.2680133067342,-635.1823221792721,280.8726853836046,2167.4446755280096,-673.5940728059098,275.85563921804294,2136.431464803636,-728.0021325392862,0.014699726606232972,0.014322975711606767,0.01494170524472056,0.014186679014368722,0.015294152649648209,-207.24262229107202,61.403664087527225,-886.867489479627,-459.43061751887615,-1963.1352847724675,3709.209202965627,1.0565547607734207,1.0,2.0,1.0,1.0,311.9139755052581,2279.746535880428,-514.0045233382405,-459.43061751887615,-1963.1352847724675,-2523.7192738269723,-9908.861715334055
412.56161805378014,2238.4131668871246,-689.3095381233934,403.6612896405568,2198.09850868414,-708.1597372979095,386.8542429282812,2157.992267900974,-734.4033539490686,377.54903022225,2120.5981804026524,-757.5045973811226,366.2519095035767,2088.911362005113,-775.7358806835433,352.4957981139067,2039.6831099704093,-814.326002838822,0.016376553862062677,0.016203556419977328,0.015449444853234198,0.015742643538495263,0.016143197027746636,-249.04854374859784,203.46553471943508,-1000.1211057598293,-808.3350194261193,-2478.5646485499333,-2693.469034918955,0.7400846042984845,1.0,1.0,1.0,1.0,413.7861721808206,2235.8885465303842,-690.6254203773611,-808.3350194261193,-2478.5646485499333,-1117.76448588517,-9702.643890071071
371.76430080843966,2361.5624735637534,-805.3067108088376,371.0384655521013,2318.366429916294,-851.7073469331732,362.1906007128962,2277.6124753238096,-895.8392086217765,355.84880428637,2239.3130081977774,-945.793108290994,354.2070666588279,2198.785823474869,-995.5133538254713,350.3841557710404,2155.0647399041004,-1046.6987213825262,0.01677792122890161,0.014237944572016256,0.016273877214741217,0.016643552089949464,0.01565849184813453,181.64954628461248,-14.781411638194163,-896.0327915615305,-198.3849362746944,-2538.83795207758,2947.6439458150585,0.8554082130462577,1.0,2.0,1.0,1.0,367.1394617014498,2359.0320735543396,-808.4069901750177,-198.3849362746944,-2538.83795207758,-2638.16842312959,-9870.320023516155
-305.22152275678445,2234.6809135284525,-613.3908032594021,-303.84754162418847,2193.83354524096,-644.1601071931093,-300.60737517053184,2158.5416407346406,-668.4680812079781,-300.72854783952465,2116.3355836072556,-706.3062946496011,-297.0411629240763,2074.8772372899507,-747.188573419162,-296.2756230393657,2034.7992409307024,-784.2707026596911,0.0164723533965136,0.015626299118535313,0.01640115698625765,0.014901664116989177,0.01619964565029268,-188.040296327715,-8.14662622855775,-889.3430028383868,131.04204538908138,-2552.4100104331296,-2885.527025698124,0.8003988807314123,1.0,1.0,1.0,1.0,-303.3572962701074,2237.9741829526038,-614.2531687589401,131.04204538908138,-2552.4100104331296,-1745.3309691861198,-9597.804388467845
598.7191894717479,2539.94083216043,-871.234838998213,595.735675615964,2507.9666774323186,-869.3500987813828,586.4210576524127,2476.673257945083,-865.7601363327344,589.3903035049636,2445.675444715082,-876.3701051830465,584.6564553508564,2398.103015434864,-882.6969556722573,582.4555438646295,2358.9308053337586,-897.2550259317989,0.014136720965245323,0.014291285130862212,0.01583388078764155,0.019904257460048314,0.01884101519992544,386.2468510506449,66.48867715124513,-1018.8014308791937,-184.71498404236698,-2179.9098514813936,-1734.6760122838355,1.051992840456275,1.0,2.0,1.0,1.0,595.8983579387332,2540.686358582621,-869.7333642519793,-184.71498404236698,-2179.9098514813936,137.40943250295717,-10030.87783613233
-90.89473403924984,2216.928198927333,-576.7299307784698,-86.74861076223381,2192.8304275405094,-612.8254524214782,-86.7848214179961,2166.5573831625916,-639.0769802597581,-79.68886199487818,2132.506880988837,-683.5024762445108,-78.75800816636499,2093.9665587435634,-730.8610929641441,-76.62143271759307,2069.3474346088415,-766.2817356076927,0.017579276386800097,0.01117540099669891,0.01820743796876073,0.01695541861755396,0.015164308686497749,95.14368131348215,100.8339240949635,-849.9981846426086,172.79188398956825,-1980.0200806468602,3086.555679585854,0.9909181573436877,1.0,2.0,1.0,1.0,-89.74363455535604,2219.4554103871073,-579.7540467480263,172.79188398956825,-1980.0200806468602,-2040.4582292057066,-9924.43724497096
5.180289568532462,2307.1790347669053,-954.18166674421,2.153358183932687,2256.58765533906,-975.3662177143417,8.684237092183027,2198.74256453678,-997.0352471167585,6.9089625408104975,2159.1828998880133,-1019.0529135200202,9.006222338128183,2102.8849587931686,-1048.040530096204,8.520820471886859,2060.9981808816624,-1069.6980315311584,0.016220845739237696,0.015616244320122673,0.012214647998714266,0.015518360629839273,0.014324759197607853,78.69922510564753,-20.475094954542428,-961.4803921472085,104.68261543516209,-3346.8661222576584,1446.8029979663704,0.6211051421144788,1.0,2.0,1.0,1.0,5.944807378209703,2305.596860014529,-949.935654202282,104.68261543516209,-3346.8661222576584,-1366.4907952467122,-9830.145384284902
-604.414679392981,2412.0337195120055,-763.157598120245,-599.9186958722446,2383.37215674332,-773.0528836783603,-595.4562357186909,2351.4364238563303,-778.207041085716,-590.1154469727734,2321.6943354893565,-790.6727488364427,-588.9851733067526,2298.9173453469957,-805.0594952505601,-582.7358848153946,2271.879801197057,-813.4111114284034,0.017666076819963333,0.013845990929083892,0.015805211770460924,0.012817949180276934,0.01456292855200824,-234.43237794354243,-38.09448975382228,-896.0404248772842,293.61241967501775,-1962.8295507673938,-1614.1029646180746,1.175301842748202,1.0,2.0,1.0,1.0,-601.4479025373107,2415.4424487054266,-768.7672339475241,293.61241967501775,-1962.8295507673938,-284.9640269972156,-9918.851189443245
-66.00313448926654,2355.422544922709,-653.0589597636358,-66.94894588515199,2310.939258166292,-703.8894848541624,-53.95862714775836,2274.0344835931664,-762.8530778269912,-52.825396505877514,2236.401851293015,-823.2579997559056,-45.98666452027742,2201.640917969117,-881.2279914870758,-41.535462135264005,2172.544560642748,-934.3841795310298,0.018924095967140217,0.015297741258401512,0.016789367780795872,0.015024322653387642,0.014400027223488793,267.9727318377521,-1.8570980070071244,-932.4667093795484,309.73374571539676,-2179.9192320828447,3860.864233705476,0.9995644451167849,1.0,2.0,1.0,1.0,-66.53971353487634,2352.455672642458,-653.168444534845,309.73374571539676,-2179.9192320828447,-3070.881033090441,-9804.996565283533
-152.06303337594866,2238.459038196616,-675.9286666885744,-144.15318814588875,2203.6473770757098,-686.2852384286477,-139.00192409019726,2176.761060513683,-691.9198330909397,-139.40048503730824,2147.711561353044,-709.6951375001497,-139.40508647838567,2113.5530703053605,-713.3669239139226,-140.474905253566,2084.4212732558567,-738.7661008092621,0.01778105518460585,0.014038877488515431,0.016224660840641322,0.013938321848694257,0.014812256632133487,17.158678525862673,85.33089098970186,-802.4231891426996,157.49847002417772,-2056.998616534291,1659.1085931178386,0.9732048280054093,1.0,2.0,1.0,1.0,-148.2147149995235,2245.179438350709,-671.8291970992009,157.49847002417772,-2056.998616534291,-448.534026513931,-9771.533942430173
894.3626309898026,2277.8269088533857,-653.5669207466789,890.6289371740171,2232.390500825435,-663.8608346444507,885.9271645516956,2193.4612130584946,-678.0079459872683,882.5756411986099,2155.5440908760215,-693.1271512706815,879.6199954484771,2116.289906013263,-712.0223096731338,872.8349012221477,2077.090407009175,-733.1754782162104,0.013748869370905324,0.015778266975164858,0.011929251829244855,0.015146032624132402,0.015382360440500183,643.4745553165064,-17.668810675157914,-958.0207806774426,-298.73078583188027,-2730.8947774012663,-2547.353722205945,0.7680152187600531,1.0,1.0,1.0,1.0,894.408415415294,2276.2828023419065,-653.1064751053219,-298.73078583188027,-2730.8947774012663,-705.2789753904733,-9825.4130486012
-585.4635926746266,2445.051278992759,-1045.2670857080986,-575.5476035306156,2402.0664810676853,-1093.8554138371169,-560.5474046420401,2367.7706435796244,-1140.541451001983,-552.6266717869281,2332.6992974033888,-1115.2205571687928,-542.1994393298044,2307.1475997006337,-1082.1746592199445,-527.9598677702804,2263.800265302219,-1036.0383884638788,0.02012592740999348,0.014258248298857322,0.016269869410409046,0.01203518146837703,0.017626782197639725,168.55300211277373,0.8596701413231962,-818.8969156613559,704.3492085907029,-2275.128155563709,-1419.0640638304574,0.9946839912147225,1.0,2.0,1.0,1.0,-588.6223971222311,2446.622437372309,-1047.3054167133823,704.3492085907029,-2275.128155563709,-2549.2169319112268,-9814.83517996895
-494.27203213117525,2267.2602558140984,-611.3163751146213,-479.890153190234,2228.0942920219013,-621.572417124658,-464.8174842760005,2191.9654414447705,-632.3612026924129,-455.62148432612463,2163.471207325892,-641.0113468941437,-439.23314369446496,2124.9563043842536,-663.2875086521576,-426.6999968988956,2107.0038133140292,-673.824366017644,0.020240428573686586,0.014361158028468459,0.014851873951200835,0.017729888759740076,0.010850413886734148,428.17621085346275,116.23198422916846,-952.5411868727463,901.7497923290775,-2093.7298954249704,2645.1421779049533,0.94696623680017,1.0,2.0,1.0,1.0,-496.1173262838406,2262.3051270397705,-608.3078304551875,901.7497923290775,-2093.7298954249704,-457.53772224634844,-9860.288817336148
847.1418902181947,2282.3310069131994,-979.1198698862127,843.6518128257001,2262.4104659152667,-1022.1514244948393,838.4839149144611,2232.541115999966,-1064.42160310224,832.432426250462,2203.5645870193957,-1101.932001836639,823.3582522412111,2175.000500978445,-1137.3212328558393,813.2785489398906,2136.1303172222497,-1079.332239764666,0.014141139755550187,0.013560564504608543,0.014366076014065237,0.017706739638510376,0.01764299703722476,303.6486313762723,-163.6423212710055,-808.4838532689256,-425.92808602448565,-1907.4714378648762,-2075.7551673921635,1.2075824830500355,1.0,2.0,1.0,1.0,850.9662219177383,2287.4584763853595,-983.8229606723099,-425.92808602448565,-1907.4714378648762,-2781.5882895880686,-9774.851444003783
528.6742908034324,2446.57615831341,-295.5342598045976,527.7339800765013,2422.5474948583837,-331.564697715432,536.1087610804921,2392.0433905958134,-366.55181957815324,530.881231510893,2362.1962975923043,-399.80719259922995,533.9993260858748,2329.421416794257,-444.4305011306711,535.6640123516481,2300.6851646267373,-477.6445980077602,0.013699986583686903,0.014404211689336479,0.014432923404769416,0.014846291060493295,0.013699194496874227,618.0842925635516,37.18781757808205,-897.0974611223207,77.16760389384646,-2128.3623978701253,-4070.638764830878,1.0639173927648375,1.0,1.0,1.0,1.0,530.4990621440325,2452.8791391606646,-298.53678893698645,77.16760389384646,-2128.3623978701253,-2188.605701818687,-9840.552687093874
789.7397849042597,2451.114427078957,-670.3032651893426,787.1968356171085,2410.7532499430204,-706.592717335392,772.4384099806194,2369.040764329497,-758.4670016973681,753.8754977085196,2320.311243892094,-802.8953640179911,751.4121471034223,2283.058231025885,-846.4122452206963,741.6326284217156,2240.611974629778,-905.2693842629985,0.014448973809609262,0.015731523924893444,0.01623236907603612,0.013799583417326518,0.016746944305696308,192.16323922846186,-80.94185210409749,-878.2275126195831,-658.4816243575996,-2782.16788256795,-3394.14990789424,0.833040605466439,1.0,1.0,1.0,1.0,791.3815173938751,2450.8309210327416,-666.6192960095757,-658.4816243575996,-2782.16788256795,-2718.3528105851856,-9761.849179946987
673.0488730181833,2326.9668567257518,-800.9666148798335,651.5609034664748,2269.1215062279803,-836.8870047301713,629.2962886329269,2219.958116864347,-875.2942019948983,617.5991328477832,2171.968187541658,-913.5544615095066,595.4916893611417,2124.7264760253197,-950.9869172710422,580.1313838184092,2075.9366251905576,-999.060531864553,0.016251109414540856,0.017069668378562927,0.014760386922069005,0.015103997042964223,0.015231555572985347,-199.42550011324283,38.80370798706045,-865.7736543541038,-1188.1666569896945,-3105.6996231215658,-2474.228257803297,0.6565832826688782,1.0,1.0,1.0,1.0,673.8769927741826,2321.4929309814097,-795.1874858578453,-1188.1666569896945,-3105.6996231215658,-2180.6801826505566,-9683.295511178987
-195.10641433176923,2398.5108402221654,-900.5991229104135,-197.83665771736014,2343.9593627810464,-952.7112760224053,-192.4033602632009,2296.1697254302435,-1011.2076524458128,-193.68498571854215,2253.9472672749753,-1063.854639041468,-195.92097045086263,2203.9124487406375,-1109.9516303190917,-190.48881934252478,2161.079294380438,-1137.3588459758364,0.019181836764551714,0.01624416161333497,0.014485627257044692,0.014863118361725242,0.016465504289565072,-190.3136832732459,73.21939569115,-977.7947305700327,4.7311852595894095,-2962.7463534318285,-3228.172006529011,0.7037597517137789,1.0,1.0,1.0,1.0,-194.0276637020238,2398.9752831351375,-898.7937911509689,4.7311852595894095,-2962.7463534318285,-2979.1611527980563,-9783.514851882623
-690.0778934002838,2361.0523177623495,-589.1666510798317,-687.5920315820586,2334.6094696667437,-587.9626481980771,-679.2776365885327,2293.026796690883,-588.7487183230468,-669.7452151107874,2250.1259931816694,-588.9149362773101,-666.3512460814726,2221.327697836389,-597.5182603663388,-656.4061986816521,2182.191552544888,-595.838835426149,0.011563948276962178,0.018537033203591687,0.016306810289430675,0.013532155549255465,0.01580188404133833,-253.18928886940915,53.8729383281737,-986.9632060473156,447.5633484328944,-2343.6579897382976,-2817.9784798897986,0.9092581686394224,1.0,1.0,1.0,1.0,-694.0391870758068,2362.376058220404,-589.4224649169134,447.5633484328944,-2343.6579897382976,252.41619766901678,-9908.26037887907
-227.61078369595398,2262.8131406332423,-1024.9039909307774,-235.62099380895356,2209.4757858561316,-1064.397098928093,-237.63654604935672,2164.2425892343335,-1103.10651784922,-241.2577396181159,2122.448672639562,-1137.6005149608618,-243.14535196623777,2078.528090559091,-1113.778875070414,-247.1529308271529,2028.301403412238,-1076.6127285638881,0.017832161734641985,0.01452560759747036,0.013519337571677136,0.018126772384494706,0.016199823514706557,-381.4097585994626,47.696365206059085,-842.4247829866002,-197.3219755355201,-2912.684696842027,1064.0564852784792,0.6797962971970098,1.0,2.0,1.0,1.0,-231.44505719246615,2261.336734805992,-1027.8667029863896,-197.3219755355201,-2912.684696842027,-2187.6516143251793,-9849.96578181674
454.3039941782387,2311.8594218371445,-376.3176124075929,450.77445492722546,2275.962660724972,-428.21451834761064,446.7722633603352,2244.8470501543725,-476.3738883115576,449.0349297332603,2215.8257827162483,-519.5283499102449,438.9710403006777,2192.506029886507,-572.3391548751479,440.20001266011707,2163.2837413326483,-620.7444728484583,0.017310496061899782,0.015235552639197559,0.014246571335535113,0.015808032722224766,0.012753847647140298,242.22727194764798,-57.78303774390855,-922.3872269210208,-171.20928946008985,-1908.0506607939897,4362.984188080838,1.164645499593998,1.0,2.0,1.0,1.0,454.52679087816136,2308.199781640633,-373.86556982348577,-171.20928946008985,-1908.0506607939897,-2877.9479309683447,-9802.382799801397
379.6149060981308,2342.7659090062143,-297.0097799553787,368.4677176447471,2318.353591315153,-305.84835284619817,354.0739480442071,2288.3014703772465,-311.70939814356075,335.54663329559435,2258.4416355649323,-326.0940666944893,322.7154219889166,2223.0831332693797,-337.53725731425146,310.4833421699263,2197.752351414388,-352.6294051580764,0.013376172029302377,0.015660148470087322,0.01633313053926674,0.01791998978884425,0.01284284395735591,-616.122635937247,219.46063344057302,-850.7381596816999,-871.7171909087655,-1860.868098516438,-3313.128417119949,1.063867715215141,1.0,1.0,1.0,1.0,377.6349616987486,2340.850265749315,-296.2788015726577,-871.7171909087655,-1860.868098516438,-392.4597355105906,-9759.840384514413
432.3145819274023,2225.977872132071,-477.9700246390877,431.71024874807665,2191.809721987807,-524.0200601740431,430.713910198184,2158.6450846010475,-560.2207939749337,430.8748048342083,2124.7612178836443,-610.0515384149095,433.5142503789737,2101.254571698883,-642.3835016823281,432.9139378379051,2061.6883808041675,-695.7152881442771,0.013802564740434878,0.013432358009218154,0.016134858141220294,0.010756263359126168,0.014476883061504242,420.6420140579283,-131.649865744205,-821.0284935096106,-13.360187746062223,-2275.567462842507,-3753.0865503094255,0.9663970726884962,1.0,1.0,1.0,1.0,434.46980837509955,2223.562458297786,-480.20108554345916,-13.360187746062223,-2275.567462842507,-2728.7150360230216,-9740.80985947926
671.5289932981808,2224.685571754194,-379.4845825090084,648.6329087724475,2191.6959109192453,-408.2335025857308,630.6428901880878,2160.6285589356116,-440.6444069777959,613.4372412507768,2133.74507976943,-474.723488872949,597.8194797027181,2103.58178319049,-509.965079213967,579.2720550840263,2076.173261942313,-544.5881543117754,0.017815176091344562,0.015528169233482353,0.016473480099894272,0.01501699208554838,0.01310951840775107,-491.76488663608114,198.12304905089616,-844.1071737439293,-1108.427637557531,-1941.3728550447026,-3487.630249609192,0.9670566640819791,1.0,1.0,1.0,1.0,666.5419946115376,2226.8576825726127,-378.6929591578921,-1108.427637557531,-1941.3728550447026,-1732.0675916134649,-9845.113577415163
29.378070192395338,2222.603372416547,-737.5000086391501,33.92839117331174,2167.4890196232072,-760.7017090687584,28.2621376588902,2111.6596614517734,-793.6432033485413,32.05218542205356,2048.8787100471914,-830.6562123570476,34.09813167346795,2001.7137440929516,-863.7569829142082,33.87325129189598,1951.707756906836,-899.5142437644622,0.017208720215512365,0.017444636599213224,0.020081401959335866,0.01489966655150466,0.01328479790472828,41.53798692633032,-66.54529694436165,-800.4636815389259,12.482795263036238,-3247.2845727349345,-1987.1743680961297,0.6220807767697061,1.0,1.0,1.0,1.0,32.7376162658893,2222.7903268337723,-732.7961262885967,12.482795263036238,-3247.2845727349345,-1616.1390295460283,-9879.329198169817
778.3882487066038,2286.8116004117237,-786.736520929713,762.0693282579626,2250.9020285977117,-796.6339102676868,740.4397008594092,2204.226517793958,-807.1200556069708,721.0083410469475,2164.3921411460806,-821.3948384583964,703.389908132307,2124.9032617994426,-837.3662639746597,688.2081102286024,2093.039733453388,-857.3993063256862,0.015648171397834254,0.01668693540028931,0.01582693307179687,0.01407132301296618,0.015561901568530503,-251.13097655203262,74.84196280015375,-956.4027989813277,-1196.7734696355403,-2572.176002054762,1883.2931890482632,0.7822047355485835,1.0,2.0,1.0,1.0,778.0942073345307,2286.9133245672524,-788.240442061659,-1196.7734696355403,-2572.176002054762,-442.73645242033484,-9964.989452378846
-394.7362575835077,2218.232826450036,-608.0314334680975,-393.10733066706223,2173.542785645792,-641.1236606047372,-389.7608818726884,2135.307214145833,-665.8988993235484,-391.08599066610634,2109.000467535516,-693.6946593706083,-394.4095609581271,2078.9656866305786,-728.1581460102244,-394.6910311727123,2048.39001624772,-757.3249482933705,0.017956110210239812,0.018590099088125846,0.013336520961902,0.01641388045814817,0.01215325472441843,-428.14797029766663,14.938288665274401,-891.0477405721672,-33.98918424958218,-2127.1413638717827,2828.302395433753,0.9565501345571656,1.0,2.0,1.0,1.0,-392.9691645993481,2216.529600272557,-604.5662776601257,-33.98918424958218,-2127.1413638717827,-1558.7379910756722,-9721.97949551093
-173.1070191762453,2323.2778715449026,-264.60817073088276,-174.0575364388097,2298.237414311213,-311.38187797130456,-181.07149347165068,2268.7710128424287,-360.7172453494131,-186.09236039321405,2246.096654162686,-423.73659919086117,-185.87364544121135,2212.1313917609914,-484.8720602521273,-186.1883522259515,2196.055219912073,-523.1661507228204,0.015375128257531841,0.015089090169954269,0.01695480545868354,0.016891845776926297,0.01100803982509413,-420.89772112660296,307.10409177199233,-995.5939718170498,-198.88160227387635,-1619.5586564592204,-4911.7089047245345,1.1696810905118054,1.0,1.0,1.0,1.0,-173.29012629562556,2323.4546190637325,-258.8002597154273,-198.88160227387635,-1619.5586564592204,-3106.1724246790004,-9824.20173745841
-245.52320278497868,2306.770469316022,-852.8747174205164,-243.61066627237346,2247.84058354233,-879.8425473796245,-243.43471395015175,2194.958642226933,-899.1625284088221,-238.68257573520393,2141.4268677504174,-927.5612786803852,-232.23873839848932,2086.3916253707166,-967.2286966524664,-235.27602682213333,2038.0715176835936,-995.6024228994442,0.016346535520172845,0.014387723968000327,0.01562444328761909,0.017461161288071556,0.015030997769369808,-151.33318697831922,59.182252848290204,-996.5381385853124,144.29064302039075,-3450.854037936443,-2227.1897071887943,0.5711491381667668,1.0,1.0,1.0,1.0,-245.12210494157216,2302.237377506983,-853.5208732108619,144.29064302039075,-3450.854037936443,-1460.3324196527162,-9888.00006368095
670.5852561204902,2271.119240314729,-335.3893836981591,654.5329064514608,2235.894103407,-386.7647892001309,649.6086995728234,2213.504173232243,-424.38980274243363,635.3561182303151,2183.454638435965,-481.9087631931415,617.0261918313978,2150.103640674229,-547.2764167470527,617.1267649415735,2122.593724051594,-607.4278535706151,0.01668808013348645,0.012394451516325268,0.015192826448087015,0.01752345391130509,0.014932409422697301,-153.461951056427,-69.7981499186821,-847.0281040767047,-694.8735351978916,-1984.82273939159,-4512.957536835584,1.1032687785680957,1.0,1.0,1.0,1.0,666.4888204770868,2272.2926825633913,-332.1055841851827,-694.8735351978916,-1984.82273939159,-3204.7114086778374,-9804.484274760314
-347.9524875452636,2256.7097235016126,-1107.3634301763223,-341.1944267618711,2197.605375182983,-1128.3620862932135,-340.2032977331605,2141.9282869416634,-1073.0770365914675,-337.0404887810936,2102.0042458113885,-1021.8745833084478,-332.4011938820046,2042.7693695016592,-974.4909132894687,-333.58827268986266,1986.5212701455541,-930.8940683448453,0.018279997629750543,0.015530997129575293,0.014287161486624851,0.016492225634807983,0.015584945443827963,-211.74447999463518,29.97693375919087,-956.5488385939458,199.2182430634653,-3295.286481076428,-2983.080319571532,0.5948246726754138,1.0,1.0,1.0,1.0,-346.2167940624754,2254.295308485784,-1110.9040200118673,199.2182430634653,-3295.286481076428,-3456.3967453780574,-9871.497327800453
653.2320216817118,2386.133485079386,-828.4452815587902,641.0925932979462,2348.7674002175813,-883.1955432807529,631.5404701570014,2315.3609445534744,-936.6487424265158,615.215493277673,2286.969736607602,-984.8094569056693,615.2280872574801,2263.0279452279997,-1036.6127130593934,606.7673347124305,2226.351848869433,-1088.6255777565798,0.016580575496473158,0.015357612736636862,0.01316151551953252,0.01026665340717723,0.014661300575555827,-31.31377196839237,147.59170282429022,-801.3041331912844,-672.8494202051145,-2203.115733696926,3179.0200925977206,0.9449723422646248,1.0,2.0,1.0,1.0,651.6283895398005,2383.7541725266574,-831.3877655657327,-672.8494202051145,-2203.115733696926,-3271.5555680377784,-9908.18707217186
313.53445657071387,2296.212841094464,-1009.4435192871578,313.60259026863673,2232.753321763357,-1040.130282481485,313.8354213047676,2186.1215667724477,-1060.8924811948857,316.60755375268633,2123.2864424092404,-1107.7958544201203,321.0664153971752,2058.465145572268,-1144.392841178037,316.69560541628596,2013.2379989498413,-1124.4918034042205,0.017941273015630546,0.011338645814653606,0.02025373768638079,0.019326259294239374,0.01037516670815146,363.9945915169904,-19.11424544376515,-956.1198088237379,74.13108029705303,-3479.9404890680803,1429.623165855636,0.5857649174809447,1.0,2.0,1.0,1.0,314.6974231194538,2295.046179786509,-1008.8443683946522,74.13108029705303,-3479.9404890680803,-1752.9323527793472,-9748.292265172713
-194.96738144342746,2441.160766536254,-384.94016537065994,-181.5948044614087,2401.574124131069,-427.4098621140089,-168.5405404072305,2370.4074912454284,-463.5156898218362,-164.61236332159237,2332.1822902789736,-502.9773201875422,-154.22314323095668,2293.8541296561193,-549.7662890062866,-143.9004556269896,2265.077235540223,-604.9545069808062,0.01695032138750214,0.015510008954627553,0.01672247516532549,0.016548005669780992,0.014860270590930466,467.2457227523725,37.88634931902499,-853.6417413011822,613.7434523713383,-2233.4322274740434,-3810.5468099099576,0.9944089182318324,1.0,1.0,1.0,1.0,-192.5284885468178,2438.8259938536244,-384.6074347005232,613.7434523713383,-2233.4322274740434,-2311.350747909728,-9784.019154290072
-503.0173934555847,2387.8084349960873,-352.4819670126816,-490.44979315746406,2366.9965196863955,-410.4620581740024,-476.9799720921247,2340.394850453323,-455.917635347749,-470.2170817001605,2319.589645830708,-513.3397391974548,-452.61324042083834,2300.866412281537,-565.644680489284,-444.56126359048085,2277.992898617798,-637.6711064959585,0.018122769179323085,0.014455509335749149,0.014280323329581603,0.012543538031062708,0.017072918617199916,424.61153830452054,365.5995129879355,-831.593324304736,703.0487462925176,-1540.542129579564,4546.217110056267,1.2385249415070776,1.0,2.0,1.0,1.0,-499.89756307014056,2391.412413385065,-348.94235190822394,703.0487462925176,-1540.542129579564,-3352.038332737587,-9771.825572151325
403.15732924690684,2309.801319493327,-529.8871504620653,384.97492042267163,2276.549663476591,-532.0915974133039,369.71692945665814,2242.1885411666763,-543.3086598747622,358.8211953474473,2205.3998704692303,-546.8662622349962,341.8216174957647,2167.3560864864794,-556.9864689435757,327.01851744691095,2132.577940191155,-566.2478121542858,0.019012027951420003,0.01820692193835458,0.015961971706223085,0.0163421518395733,0.014683642665891353,-533.3798780776882,229.90637092380908,-887.765494909,-956.551405761905,-2127.589154438152,-2636.034191384681,0.8957932838985384,1.0,1.0,1.0,1.0,404.0404995689769,2314.9437422731985,-533.3304575541654,-956.551405761905,-2127.589154438152,12.470635102087286,-9802.861075056777
200.2275289102951,2229.5784769156676,-831.0205461082913,209.42162123779542,2180.711493312253,-847.5962363456966,217.72831059733386,2133.7180466037435,-860.0453479422894,219.27626465851,2078.8643367095538,-878.9173555447804,228.64627376356262,2021.6941818478585,-906.5534659559681,239.31905551297336,1981.1180636435465,-926.7015531844463,0.01585294990295455,0.015370230558112284,0.01608033017019059,0.017690928194443727,0.01325013650220229,514.3734616284311,133.83500637520865,-1006.7723384104381,476.4940496581043,-3171.9083614969745,-2009.314669190841,0.5817554246720971,1.0,1.0,1.0,1.0,199.887388854081,2227.294524963213,-831.6589363262676,476.4940496581043,-3171.9083614969745,-777.5669073972429,-9803.143102691696
173.89909807459284,2268.5385099419577,-1050.7740133530037,174.37523448576823,2205.240431499788,-1095.8155879076523,171.8803338326002,2153.9035721660953,-1140.335312557377,167.298739247872,2092.7251838897228,-1119.7803529246082,167.94591730848427,2032.4190975079068,-1071.0085019530038,163.34615976155732,1985.4491684324346,-1038.9866685599443,0.017809706992420904,0.01312748321944587,0.016489126085095177,0.013402656703995153,0.014301281947251637,73.69777882970715,32.43883889645792,-961.7210189113113,-177.24097261246968,-3829.9278136634202,-2379.6476193857116,0.5098697450517917,1.0,1.0,1.0,1.0,177.38374780800166,2272.946609889559,-1048.7024040342123,-177.24097261246968,-3829.9278136634202,-2717.823401350577,-9908.524397118992
-28.424406662538484,2507.8765818205457,-262.6174969810367,-24.931880116007836,2476.407195116957,-309.58501733511764,-15.806483201459061,2441.092011084909,-367.5852491167186,-9.362417818236858,2412.1607784962234,-421.4134263443282,-5.273374190226347,2386.388814335781,-468.6549660426652,3.5119532424997644,2355.3003392174405,-530.2894468167897,0.013828443839608219,0.017943038601275673,0.015280981385839505,0.01306959639132775,0.015859496579422858,516.2048523179973,183.04201775228393,-912.5785480870592,446.3522978419571,-1892.6918344518376,-4740.112374009584,1.1490184432025219,1.0,1.0,1.0,1.0,-30.576712538397487,2501.589514955795,-259.7627145843468,446.3522978419571,-1892.6918344518376,-3100.378503668866,-9847.019068194115
373.7393320845107,2350.385109400788,-919.1380000028406,374.2277678489783,2314.3963995407307,-957.9520313571967,381.3298928652424,2276.1069740826692,-993.4387274557979,382.68741067383314,2235.895467627258,-1040.5103916132937,392.8542320339559,2190.9003663339813,-1092.8330124972167,395.2052627100489,2157.2540065858047,-1144.5709900292836,0.012571402095126208,0.012143379134490363,0.01540281706913367,0.016311659386298256,0.012568181430835976,622.0575263751501,-1.4278224896874256,-975.1817532844159,293.5015859595238,-2781.766514859245,2999.8684880292776,0.7760025608841161,1.0,2.0,1.0,1.0,374.04868623935295,2349.164882566374,-920.9547227134259,293.5015859595238,-2781.766514859245,-2817.0280919608103,-9816.207753916437
44.128304639013656,2462.5747961862667,-883.9137640042619,55.11978446631711,2430.9927460470785,-880.325099343084,64.82963224707703,2398.5937522445547,-872.547793127414,73.55459068263832,2357.763449127563,-874.5859362750135,81.60817538773604,2323.344291579318,-881.8985360744435,89.7531824775356,2292.352065288687,-877.4232996015293,0.014474008775979907,0.011870036678074878,0.01911531105952015,0.01101146968849158,0.014620363301082476,587.9685281817202,133.2763485459175,-881.0988447155551,567.5576652400513,-2453.710098209539,393.1704986144026,0.8789088104968518,1.0,2.0,1.0,1.0,48.78874620367117,2464.3009418449897,-881.1701055097781,567.5576652400513,-2453.710098209539,396.4780230530053,-9846.515949421262
-70.66402063863612,2263.667464643168,-881.6449410561778,-77.39815409233204,2213.5237610722197,-915.0863261438388,-88.40812740694219,2165.691755540885,-949.629322614924,-97.87472144892219,2120.0167141587713,-984.4448044173522,-99.26424789690569,2076.043929045685,-1032.8180949592506,-108.54237691060473,2029.043891416546,-1066.5627700065684,0.01687636993272701,0.016284204903771696,0.014624044698307692,0.018574947416755055,0.014896362168587265,-455.74315809932364,53.737618693126706,-933.5383692042403,-487.1213391722018,-2791.3925527662736,2130.941760023304,0.7087440708798519,1.0,2.0,1.0,1.0,-70.91730015328574,2258.93773537848,-880.6454496887835,-487.1213391722018,-2791.3925527662736,-1864.8926822974088,-10054.598948859102
-16.256925144436334,2296.67656926816,-328.20869236446237,-9.710086205818074,2268.1994898251996,-372.37363065086834,0.4406345114776946,2230.922944481923,-422.6718649643741,2.4508279406668265,2201.9147724234076,-463.4699677521373,8.871100862431701,2174.9408547050925,-503.16799881990676,15.944675770679844,2135.2034461824524,-559.0842252610126,0.013164662161972011,0.01814333379960963,0.015997394041207258,0.013797188468786775,0.01653050810847307,446.40309620863894,-35.45810650991193,-840.5447612996444,414.55917896533055,-2094.797714304859,-4040.2176614003088,1.0373669134199495,1.0,1.0,1.0,1.0,-15.830388337702857,2300.2413449400156,-333.72422820777706,414.55917896533055,-2094.797714304859,-2514.5075837486697,-9866.170277018748
804.8867768608751,2271.109258516516,-884.7616869291008,799.0578189865078,2217.39475438424,-900.286344310422,793.7884937064042,2163.9892101323335,-909.1068715771916,785.4940982297184,2110.5067953405896,-932.31416376117,786.6799840814951,2059.4351576991094,-948.1239562279887,780.0836896853292,2010.87279307656,-974.7402058368615,0.014640386497852584,0.016198924244087996,0.017095984704125086,0.014451898285989605,0.013994949004188184,548.5604980446828,-120.97672236036989,-1007.7696096867189,-354.700930137949,-3299.2176193450186,1709.199728077641,0.6486178572637571,1.0,2.0,1.0,1.0,805.7186723947041,2270.956051664768,-886.5053178422041,-354.700930137949,-3299.2176193450186,-729.4700481258477,-9853.483008364272
460.92491134689396,2385.417842800772,-597.3910624350234,450.9403006005149,2348.3309084238626,-627.3265903565994,435.67987629290485,2309.4851978576735,-668.1033975032386,428.138516488868,2259.185145546225,-713.4620758277667,414.86563275692123,2214.9517097895377,-752.393385715313,403.69286616925297,2166.7650344995955,-801.1100619922001,0.01607382990693092,0.015310805010444298,0.01689886837820615,0.016546196014621796,0.01599426232730894,-175.02283330899346,-25.505843237794217,-838.570206721336,-714.2360110934627,-2711.9574933492518,-3009.1040368876893,0.8091760383624885,1.0,1.0,1.0,1.0,460.6472165641892,2388.136325843042,-599.1296807932537,-714.2360110934627,-2711.9574933492518,-2090.549454917679,-9782.351366766188
318.72579857089414,2487.548321951338,-464.34225515381377,310.84055154170784,2450.564942693689,-503.4534811285683,305.55643317762457,2416.4376377520316,-530.091298122365,297.8991885480122,2370.2115233012537,-579.0691815538534,300.99333552221606,2333.5897953971917,-615.5140016997577,292.6290675742125,2289.8212448040686,-655.86477371484,0.015374565881715083,0.014577945697045642,0.018577483298822063,0.012606872764091635,0.017170206071255613,-3.4381702298189913,-47.28583328715728,-877.2707233685338,-318.92518506018337,-2522.8953663156844,-3507.674734408476,0.9266929262870706,1.0,1.0,1.0,1.0,317.0816407556648,2488.224009860111,-469.1554653506345,-318.92518506018337,-2522.8953663156844,-2077.990280127289,-9784.390920014617
478.40809736775276,2349.1293687463726,-328.87842331087626,468.4329453723604,2320.4853243275625,-378.34986651482285,455.9537548464948,2284.8048220199353,-416.85306411548913,440.8356925850087,2251.985486498491,-466.899773735454,433.111058883067,2221.2732269454023,-517.6077016823176,424.81680326354683,2195.138955451212,-567.5781330338693,0.01450255329198698,0.016730009346434125,0.014591614596576579,0.015724667988948907,0.013903549295806332,-347.32261556002067,-8.349177184807544,-827.8659019005312,-731.4669692751102,-2087.019817197544,-4168.821439289253,1.054547605480245,1.0,1.0,1.0,1.0,479.2350597208531,2349.983216248417,-332.88040494104587,-731.4669692751102,-2087.019817197544,-2757.284018734524,-9875.781080993784
130.54042802504136,2206.2827183503937,-542.8004072790857,128.5457653830171,2166.9214174694475,-583.9264024523237,127.75009800499113,2141.578557224296,-627.7629102384238,124.25572470733928,2107.2078448021866,-673.2800478995922,122.99116771666829,2075.4008503330383,-722.8699558526339,120.43103156764909,2047.6521131995316,-762.8637387725344,0.017275759078800225,0.013509819105275767,0.016808167924489217,0.015926197949229157,0.014546134177054068,6.030028457815693,179.19151973036708,-1003.8212883845126,-120.53209341049171,-2013.349891345355,-3857.7262727255697,0.9269339217651521,1.0,1.0,1.0,1.0,127.16478233535997,2202.608160532447,-546.6063340399251,-120.53209341049171,-2013.349891345355,-2432.2695225807274,-9805.745170804103
-29.995581207988142,2262.9414786118396,-1086.3644188470596,-34.29871048360584,2237.1011390383933,-1130.2729315408076,-30.083596576257417,2208.839765618376,-1122.2493706920218,-29.741717652226704,2181.5313536423228,-1072.0142780828994,-36.213717150038434,2157.193668476429,-1027.8212562605706,-39.60822595573035,2123.853126725394,-979.2175098012731,0.014213889259518919,0.015257268190448352,0.013667464579378438,0.014662419865739289,0.018866984758577704,-195.06811618705385,-80.92867485607869,-823.6894383235614,-131.07113637654712,-1839.4059407189932,-2253.7013752650914,1.198331973346332,1.0,2.0,1.0,1.0,-27.95241730695693,2264.313899560645,-1085.0209280177007,-131.07113637654712,-1839.4059407189932,-3204.326252194524,-9926.774154001334
672.0080030663919,2361.974976970323,-445.65329467477875,659.7080830918783,2325.435150304676,-482.3180838380249,662.1182057989366,2284.316885956507,-515.3646432637995,649.5859161827469,2246.819544777875,-550.1588790745624,644.346797569129,2200.681045828369,-584.9769002551569,638.4122580180915,2171.9892830985827,-623.0539515401663,0.01659196970902145,0.015840555594244642,0.016658085413552813,0.013741034213215285,0.017401097194666884,281.4662768975354,-91.9217636655341,-857.3620103947607,-386.6456115088561,-2457.320873397894,-3364.3577072781877,0.9197672578752996,1.0,1.0,1.0,1.0,668.1118884063922,2365.3991097323587,-450.0937668886114,-386.6456115088561,-2457.320873397894,-1826.3745446238383,-9801.094877979467
55.808003799515504,2241.5450138774004,-757.2746124636441,60.99387468842139,2205.660221339669,-768.6891326675412,64.86082789624979,2165.2473330364783,-789.8580402164826,65.65888988709807,2116.922777170351,-810.8499907003574,75.07649145227292,2068.0175519296786,-836.3993301468687,77.68078145800007,2023.1180377244339,-861.5092496650508,0.016398972777901668,0.01766715982138794,0.014662953301523458,0.018389524156427875,0.017784980523899083,278.2178681725582,-32.28327483240083,-977.2920245506264,254.5417608014376,-2617.757604995916,2257.584036691368,0.7850964094188606,1.0,2.0,1.0,1.0,56.766536275307544,2245.1658415140464,-754.407297392404,254.5417608014376,-2617.757604995916,-838.1088769946412,-9859.876864568501
145.6986807787982,2416.1989077071444,-522.8062148069315,131.02778225939238,2381.4899618377876,-585.368750716855,121.63506539180928,2349.126691623052,-625.6245122784175,117.29756155362624,2320.3023769530423,-687.3952260098114,106.31053568759803,2280.0440931697794,-741.379871829049,96.35927207680795,2255.3576972367814,-792.2487647328461,0.018794070676421713,0.014728049695615933,0.014929899573012759,0.016007745536360238,0.014487397589974,-449.5543873878722,298.0806808653615,-980.3731019900279,-548.3096326735125,-1957.5632078520239,-4263.427912701307,1.0010528369286142,1.0,1.0,1.0,1.0,142.62001589952047,2412.248945345553,-524.0533504373059,-548.3096326735125,-1957.5632078520239,-3053.0395457521336,-9704.083643843387
498.12634041024177,2500.8129831543038,-439.49848607712704,483.1940077339381,2456.5897787902386,-476.1570073959247,481.7035682323078,2428.486362370543,-515.391742367503,477.0128277208942,2399.407654917809,-537.4198044871981,477.98178440257044,2372.495611531939,-576.8740413134913,459.3026061760328,2336.4930523035778,-607.6433535328832,0.01749121628966772,0.01445287515391874,0.012155695896251893,0.013669859486931092,0.01479307120327105,65.84406617197055,136.1386028691469,-978.6692364283036,-405.52960654122734,-2244.4705526390076,-3818.5595238746037,0.9824372819699589,1.0,1.0,1.0,1.0,493.67780107296267,2504.055035903294,-441.201250365481,-405.52960654122734,-2244.4705526390076,-2033.5524002581278,-9718.290508691234
-126.51130256466672,2541.032163011025,-409.3056588272944,-125.7001419443721,2512.5697515633233,-460.8374370866971,-125.96301558295838,2473.3407177177783,-542.1468716426383,-129.05626346043914,2448.3899950884966,-587.9493551503732,-128.82319158828625,2415.6554323961973,-656.6252362999799,-133.0996188757188,2390.570030235171,-717.5573638815137,0.017340609661024305,0.016865255871724834,0.013470206990531898,0.01910470406336405,0.011731056968851641,-244.11078819891296,137.91591651789852,-844.0728223711335,-94.65674543463521,-1877.9093263706625,4513.556365349377,1.201488166444498,1.0,2.0,1.0,1.0,-122.95015404258174,2541.6398542723455,-411.0293532071605,-94.65674543463521,-1877.9093263706625,-3441.9696211703254,-9844.440855129547
626.4190372423986,2411.565331322063,-633.2707675841281,615.3891085584387,2380.2042338034976,-683.3810135800748,601.3540161119001,2339.2556768980007,-750.841997612398,593.0955166938787,2312.3673956562357,-807.9034969568182,578.7557836471651,2280.446084880226,-871.1166345615371,571.2204626172618,2247.729838244074,-933.5552850624262,0.014060373747327782,0.01593873465682453,0.014063613057782122,0.016183631466345147,0.014779590060411345,-149.6322804149071,107.02199065324325,-937.0836494809677,-720.8125537278045,-2142.645721995522,-4468.528068309019,0.9999740570113081,1.0,1.0,1.0,1.0,625.2412148424823,2410.3661417984404,-626.567996967728,-720.8125537278045,-2142.645721995522,-3722.43413739737,-9841.215771282394
-411.234923859636,2491.5672685989307,-241.2795163430575,-418.099891889024,2465.1015904091278,-301.2211740078403,-421.5582258875138,2426.681084500727,-355.7341131854752,-418.16850512713125,2399.7950925454525,-401.5033160229545,-421.69516777029196,2375.3761493039538,-449.5901964789944,-418.5928837744756,2344.005465026442,-508.9167618745318,0.01598212108735108,0.016689857089651167,0.013340156713879628,0.014410044207138893,0.015025727989985582,-554.7949026743714,104.20462783059128,-921.8741001360727,-113.83798420887956,-1926.7681464970046,-4750.765913152043,1.1645520929119892,1.0,1.0,1.0,1.0,-413.6358022553537,2493.397129486876,-243.9551229533697,-113.83798420887956,-1926.7681464970046,-3057.5052094214907,-9751.605448170158
-666.6944383620219,2380.033917231322,-546.7605113806763,-652.2494729154892,2346.512212564756,-608.3535502263647,-641.0922210143545,2297.762154117485,-661.3954615278055,-618.9820199939468,2265.986845009493,-714.0207142005551,-606.0041946431587,2230.973052541538,-777.6248762338698,-594.8658632006134,2202.218864321848,-829.77172825827,0.018301799675074452,0.01624863655422134,0.015384333016464635,0.015755299741475895,0.013478874499428209,285.7917859361844,-6.054757835457817,-844.1964871296899,911.8951995120199,-2284.9155978601343,-4015.2052390422655,0.9658310565133352,1.0,1.0,1.0,1.0,-667.1386975538736,2381.68204192838,-544.375692020166,911.8951995120199,-2284.9155978601343,-3202.996768474109,-9777.851780146697
804.5393060008727,2455.026847912131,-648.8663079398523,792.5662770914104,2414.7512901119353,-662.8919362938884,779.3403035380576,2384.901883913347,-680.7624618602943,767.9591737178084,2337.8546807663624,-699.6889847733496,757.1006493401624,2301.0391742930638,-724.2911928434886,741.0447571350288,2264.552044833687,-754.2031056400842,0.015902234989232773,0.0137361846734982,0.018196011901727312,0.01375072522511852,0.016710718393388682,-48.51159556953997,31.74251579524053,-886.2139380822556,-854.295719526033,-2409.608813569709,2379.434394725981,0.9267041248170351,1.0,2.0,1.0,1.0,810.0556025541268,2453.3993734328023,-644.7670172388712,-854.295719526033,-2409.608813569709,-975.6688324545937,-9755.553516995002
150.64560851454453,2400.9855902898253,-1025.1578558514686,160.06485100667146,2363.9962356892993,-1060.7177272843708,163.7696818109222,2320.2901665524273,-1098.3786984440935,176.55171512158307,2280.98144013421,-1145.0642598711352,157.90953251868294,2248.8697750774113,-1135.90533286369,178.74453526507466,2204.49428582408,-1077.766811009491,0.017332127772939875,0.015360867969092584,0.01745327635888689,0.012443220984528026,0.01966830125403373,458.03731412446257,24.84641290740514,-839.4707826577471,303.0413028841657,-2376.1924142894345,-1115.9681616880202,0.9177422056605196,1.0,2.0,1.0,1.0,154.99601124029846,2401.03882719684,-1021.6594717976307,303.0413028841657,-2376.1924142894345,-2189.922815947822,-9740.477611738443
541.1519972771744,2254.675615716427,-1017.7644824053343,539.0379534072765,2202.11468148659,-1063.2663383549782,538.8354894288502,2147.4368923936163,-1126.5722004308755,534.0600460574553,2099.016711971409,-1114.1589806157924,530.4205774537169,2054.6967495716226,-1067.3999820016784,532.4474250086201,2004.4402862955646,-1008.7044454395607,0.015044934608350791,0.018082933781026385,0.016616288898087035,0.012118907790287563,0.015118021304711578,444.0361370144676,-59.43141667059153,-859.4644660307316,-139.2270982977197,-3212.852587764595,-2903.5048373904174,0.6430189136175372,1.0,1.0,1.0,1.0,544.2796477888226,2253.8224465199214,-1013.6098589399229,-139.2270982977197,-3212.852587764595,-3382.8932016379467,-9773.584935715036
-230.1535217284638,2339.9494341477102,-881.3589772371423,-220.63437893514865,2290.920920791285,-929.8292861340833,-205.74056073172656,2246.999626939816,-964.2476546868929,-203.85694532281732,2200.9866357130163,-1013.9431630944512,-193.06851798377534,2156.634138439928,-1069.7521439021057,-179.62878530166526,2102.971566549641,-1118.8852203900108,0.017590913982526594,0.012674551352796364,0.015011108753873067,0.017495551439084794,0.015216122539947828,282.6335278451203,30.815513887628285,-858.921052680177,697.872641303667,-3123.598383566261,-2764.660377989519,0.6620117519317719,1.0,1.0,1.0,1.0,-233.79222671959337,2342.2783177266538,-874.5037763869491,697.872641303667,-3123.598383566261,-2819.42233603138,-9807.452455298053
-248.97394417711237,2355.303944060108,-226.6890988195727,-252.1495797127398,2334.8405169403954,-265.36372805369984,-250.58415324524518,2308.321700308266,-323.2763696200309,-255.19814780417767,2283.3394371856225,-368.4433319211871,-261.57496329902654,2256.296044169264,-427.93629684447507,-261.565678318625,2244.024100680512,-481.92823714730946,0.013042698854226351,0.015713904012917525,0.012668456547104485,0.016389057571399156,0.013229258673479315,-537.2766261483952,203.28095679711333,-940.313881356918,-231.52337223909873,-1701.6838408260703,-4974.001934672029,1.1939566243408681,1.0,1.0,1.0,1.0,-244.39956026593546,2355.9110154421037,-223.2085084921988,-231.52337223909873,-1701.6838408260703,-3256.7303763887107,-9855.205846688741
53.40219357683253,2200.0,-295.149233934905,63.005950312626894,2161.760100242319,-314.60970803726156,68.71564815992119,2131.220728149085,-337.8654414263719,72.64731638429093,2100.022482881587,-360.8929350928109,77.22344367909042,2070.0243116165198,-386.0025254751371,83.47570350347631,2042.2546975003204,-409.2010443848572,0.019016301341199873,0.01612830277905389,0.016009369989161734,0.01241705069670427,0.014875097156270958,457.8676128398572,-29.071940622574743,-840.8569984024598,363.51711135959476,-2008.375408702443,-3479.8054694107786,1.0315538780376077,1.0,1.0,1.0,1.0,54.36361923070899,2200.2247630371276,-291.1421312718479,363.51711135959476,-2008.375408702443,-1179.6304245951694,-9748.603053104835
55.037030453731546,2243.101227517236,-1103.1177952415571,49.329038962863976,2195.8167239991153,-1139.8968029750079,37.01802693035215,2138.6799405296365,-1117.7635541828934,31.700256314908376,2091.939083938268,-1084.648222481284,23.98155041948484,2047.2410600056924,-1051.1718651904316,18.476498305073882,1996.9268169297259,-1026.6409576189567,0.01610096811591688,0.017015635729233983,0.014525958270986163,0.014278731568277442,0.015013493786307633,-257.87842627443064,37.22829658371458,-888.8718264975382,-459.1970345612457,-3241.99085528633,1105.033339039057,0.6030652125292784,1.0,2.0,1.0,1.0,54.37555722721697,2241.7820781784253,-1103.9418874702187,-459.1970345612457,-3241.99085528633,-2327.036853624912,-9749.31969896451
733.1322631114841,2564.4336473762687,-431.1493107370635,733.7180631398518,2539.222184728643,-486.79274455458204,728.2669954986595,2497.030963047092,-557.4848230065104,719.4183219293317,2473.23554855569,-609.7008993099748,714.6131098814468,2435.2017180325925,-680.588530439444,709.8428237717984,2399.511368347976,-752.0653689458466,0.01335583524341344,0.018442255227953844,0.016113782104512905,0.01395937340554939,0.018770174432692847,347.21718230109366,151.35043615127015,-981.3051137665059,-329.96660434061016,-2045.8718230643697,-4780.804932038321,1.0993585795858745,1.0,1.0,1.0,1.0,736.5777754230201,2565.4791873672307,-435.7157924064751,-329.96660434061016,-2045.8718230643697,-3493.753138203723,-9760.268167004799
125.58584641487819,2447.270470987509,-373.4075715695225,119.52244814486627,2415.744111392419,-419.87282180137186,109.71712670876046,2382.9550174706,-475.35157915127917,103.51571211702061,2358.782651661849,-528.0009590570775,94.25014040516285,2328.9166028361938,-578.1408593683237,85.13635006356316,2306.9822944661887,-645.4921716536498,0.017715460234508092,0.01762651086547104,0.013692827042666979,0.017200666480384513,0.016874738997858296,-472.74329068417774,252.92133292611257,-852.5581386944557,-475.5025842017088,-1742.4502900373734,4204.374061396362,1.1768897963791063,1.0,2.0,1.0,1.0,126.38996540997368,2448.408698373207,-368.025786879742,-475.5025842017088,-1742.4502900373734,-2862.8416447565214,-9784.506306027217
-235.57273179447702,2312.9536476168546,-274.5310321926212,-224.84726178485832,2280.353097500526,-306.4661469124583,-217.69896467007885,2241.817008519935,-346.83027125191063,-210.27050156134902,2213.7467022185024,-373.7447972196277,-209.93290341685017,2171.25239530287,-416.0765480294813,-201.1321552945915,2131.2139343415697,-458.4604751560864,0.015386769756429195,0.01903067403978975,0.012161278441279469,0.017620033357872066,0.01715142083516144,185.72068302898322,-116.94972196361009,-807.0843881232635,373.7434213711085,-2180.707942913587,-3698.504307699618,1.0336498235694662,1.0,1.0,1.0,1.0,-231.00323179980256,2314.5396343850352,-277.8912668235615,373.7434213711085,-2180.707942913587,-1823.021580123939,-9784.403730887389
672.1965640295265,2582.449131995694,-342.95345557311003,644.8024598850237,2541.0060026891083,-347.4273823732298,637.3405091374577,2514.2025545439697,-387.5431621770204,626.6958449589121,2484.718659711189,-409.98040561106103,607.6852356173167,2449.113244345086,-445.13603459390686,589.9947964469344,2423.145234612343,-478.43022366057863,0.01655312533938987,0.01710335599276057,0.017287083548988648,0.01806015179867408,0.014387520552557695,-470.1476022390026,200.59812299510776,-917.9078267089677,-939.3843205687914,-1961.37475237609,3528.9959825758606,1.1316087627676252,1.0,2.0,1.0,1.0,671.2043472520772,2583.6684471320673,-344.77257648866123,-939.3843205687914,-1961.37475237609,-1147.5265004569335,-9716.473622666554
-135.5800354721018,2306.8253752838923,-1045.7731206775704,-136.29550196278555,2257.4333276742027,-1098.7140109538348,-143.97206836404632,2220.5389666292813,-1145.1386894727705,-146.57272461587178,2166.0155926983593,-1106.027042793094,-155.49342114856475,2106.346743717828,-1044.6553523981265,-159.0099675476008,2051.9290873846644,-990.8486690543061,0.01682429272902578,0.014305260757702137,0.014045196598930765,0.018735983875694,0.015484665086953064,-366.26624783690806,90.45433722365306,-952.9752636719609,-337.8739816486683,-3218.792830575513,-2948.1935902320665,0.6106046009516948,1.0,1.0,1.0,1.0,-133.13320049932577,2311.4213903207565,-1043.7969354110057,-337.8739816486683,-3218.792830575513,-3237.985379118085,-9866.540443518456
-620.8168791646538,2338.9812909997263,-1099.3230364196659,-619.4198811894163,2300.17302488092,-1122.9583351995195,-615.868637083212,2249.346042311688,-1137.8383070281236,-606.3302003872427,2204.378965479822,-1107.6931080005327,-599.824459587714,2159.696556276768,-1083.97557708878,-605.422432164428,2118.9328356279966,-1049.5501226404629,0.012414558187281493,0.01785108881282931,0.014410609440751648,0.014993245549869798,0.014324485042308696,-429.43904317380645,-12.138213688189413,-957.7083366801172,238.5009911829285,-2959.3405359853737,-985.1938408236339,0.7210060129669597,1.0,2.0,1.0,1.0,-619.0473311642302,2340.5375124201905,-1096.9141747278954,238.5009911829285,-2959.3405359853737,-1922.4675160120516,-9785.163352572838
676.095108163546,2354.9847355986926,-873.5460787972545,666.5300552247894,2296.097164601103,-930.1682575249183,654.9602287793242,2232.8562303675703,-972.0211886842729,652.7527923006037,2184.938182733634,-1026.703462519312,643.6374312872265,2139.9470640185773,-1061.9540207983612,641.9784179686933,2090.765198579037,-1115.8984204895241,0.018919521420931156,0.015905901633598892,0.01684458345572229,0.01055864267931566,0.01714704286094197,328.27833209425216,-95.75879121698294,-840.3836542945064,-485.90841680401377,-3424.7702596832673,-2585.506053131408,0.6356243079494905,1.0,1.0,1.0,1.0,675.702850109124,2352.951944456558,-875.832791504468,-485.90841680401377,-3424.7702596832673,-2716.8552237823433,-9814.907622239194
556.0471539803643,2368.026587892954,-672.0754647404843,555.5216394111949,2323.1801358635557,-724.8120836061122,557.1003598037711,2291.809421030872,-761.1235857901695,550.7854658477947,2253.9548078632765,-813.1962596679717,552.3704244030475,2212.6850576380525,-865.4971533595118,552.2487799951575,2172.3349083677435,-917.0074622300941,0.01599617883558056,0.012370522924157495,0.01491517671329172,0.014203096466545613,0.014732244303459222,445.26684228946135,-99.763076110034,-844.2015771577514,-124.28087345359236,-2702.1889782700173,-3514.147966690443,0.8427827807569661,1.0,1.0,1.0,1.0,558.9838414994983,2372.739839007033,-673.9916811302412,-124.28087345359236,-2702.1889782700173,-2993.192239446129,-9959.384137924933
891.5266960972139,2347.3591084057875,-747.1359665649098,871.1311888403325,2301.830610160583,-788.7590834463658,857.4176303096755,2258.874542378728,-827.5462315969326,840.3803527849849,2212.3373410552217,-879.3230004631655,826.4695271045953,2172.4763814086914,-920.653145447618,812.3967196167702,2140.132252433954,-964.0276207167266,0.01636094377843097,0.013608666724775155,0.01727991774545801,0.013029894213966907,0.014126352598092216,21.49641482263882,-33.907479704398085,-878.7722432283268,-1045.1593962207785,-2866.4275165987524,-3059.3198442348976,0.7555942249392774,1.0,1.0,1.0,1.0,888.9787136858877,2345.22735907256,-748.1703800309942,-1045.1593962207785,-2866.4275165987524,-2608.9319344642154,-9773.68877248758
-297.9145834683702,2255.6116448578236,-468.19870041565935,-291.5718574675148,2220.26051810065,-487.4710972443933,-278.73428241447226,2190.121266455922,-504.1520738197886,-274.9181947884128,2159.724819122817,-527.7531628800036,-261.7939861521489,2118.1042685886046,-554.3101025401259,-249.81428698829438,2079.318805487415,-579.822401899009,0.014417812805797172,0.01340382007592967,0.01852735678157241,0.014328772524939942,0.016210821378452006,227.8080120407633,67.16572611410348,-910.6896907940755,527.9540832869236,-2209.540857127317,-3110.868764752625,0.9131114164333096,1.0,1.0,1.0,1.0,-294.8665304132916,2254.6111746701495,-471.4541887325155,527.9540832869236,-2209.540857127317,-1071.2098979628213,-9710.240510847643
135.28691880085626,2445.7532663643087,-442.6056702057669,138.6147663582118,2395.0411529180055,-477.2030986362187,137.23806665407528,2360.8147477189777,-502.83587586598236,137.6954338619613,2319.8460112706566,-532.5913458475337,148.2485413081055,2281.9123150545156,-570.5796595679508,146.3930698625885,2239.176754294459,-603.619195795947,0.017033416367024327,0.01585689083824432,0.016313678689471492,0.016209480144316113,0.0154520746493505,345.76665021040714,-52.97915685967864,-837.6709597619363,215.3017398144,-2505.663223130667,-3220.3821413158917,0.914134459311594,1.0,1.0,1.0,1.0,131.54141909507757,2440.1557501553366,-444.3387281020666,215.3017398144,-2505.663223130667,-1646.170795876921,-9739.31534148552
-75.31198063434005,2206.9652101113593,-964.9519858162186,-78.82203437181394,2172.41485946318,-1022.4728920846384,-94.67773530369595,2137.346216832207,-1078.8520931677826,-103.57736505221878,2107.273387086256,-1139.561637058378,-112.88902536427625,2072.0096665800716,-1105.8175164153038,-116.11103334569297,2047.2037519460946,-1046.8758740624269,0.015113709936845734,0.0153841175045271,0.015601646696027698,0.01460368406708154,0.014998522806742479,-594.4569649685458,250.66038862789134,-842.5635367722408,-554.5056219354299,-2091.5310012383434,3121.746546206277,0.8592983189887762,1.0,2.0,1.0,1.0,-75.99420845891984,2206.241874785748,-963.456161058784,-554.5056219354299,-2091.5310012383434,-3487.4009337214593,-9992.559558857944
900.0,2220.7013503276053,-935.1555337459187,869.2534209665237,2188.3311035123297,-954.7685409666169,855.0844966503333,2146.3424924636142,-972.6363702899648,827.0790891074265,2118.4765251224817,-995.1712963176627,808.9052216508418,2084.3879418660413,-1018.2628694940192,779.4688075321161,2047.1747486718762,-1049.5565394042749,0.019342926904209058,0.016947447641629556,0.016480040537453035,0.014802725198791541,0.020615876023036245,-400.9299078237994,315.53660456389923,-979.0496182975697,-1369.3110734221643,-2004.8206106835235,-1275.2955159976118,0.8618109836948813,1.0,2.0,1.0,1.0,899.9156119272538,2220.1161847132403,-937.9254606901977,-1369.3110734221643,-2004.8206106835235,-906.4516744290565,-9793.401499926318
-532.0446390610423,2301.2259988414894,-761.7222574940103,-512.7565677444351,2257.6712625210557,-785.1281478332567,-495.97667600451393,2220.0231584746157,-813.5498642067098,-476.4149279901402,2176.285414240697,-844.0787440366232,-457.1267485963328,2136.324135993968,-881.8987704775222,-439.1543371296057,2098.1382373245215,-916.0611727885205,0.014659589813990563,0.016391797268417576,0.016763190582118115,0.01625189190977467,0.013579599820732827,396.1157112292649,305.6577915237101,-1016.3053901229522,1208.128151292676,-2591.7574776761767,-2737.026792491062,0.6923539306049669,1.0,1.0,1.0,1.0,-534.142965266097,2301.3110493343684,-759.2979276888865,1208.128151292676,-2591.7574776761767,-1570.0588132980017,-9778.58018911378
121.68946684302756,2282.3810589644154,-887.4204613835376,121.29051129499105,2236.6577394768087,-932.3990158519899,130.16004015404977,2192.971116362521,-987.5249962367841,132.03083207181626,2149.3720681267305,-1033.537660748504,144.1341467559051,2103.339594078467,-1092.2665180304343,140.85030260277185,2065.6724058992063,-1143.5876332939552,0.013049433905836554,0.016234350109173387,0.01562582786263587,0.01600311221466149,0.013896930599883707,362.4025040272769,51.93949002998471,-922.1589410642782,309.28978497694135,-2851.648133343141,-3133.201893815021,0.7051903453078096,1.0,1.0,1.0,1.0,121.15647174526157,2276.22503403763,-887.4433622910794,309.28978497694135,-2851.648133343141,-3022.2592498134095,-9844.384088646766
-490.9934852070386,2250.7780066383157,-825.4841995311255,-494.21953259536843,2198.3577203839163,-875.5713803657717,-494.60455894697634,2148.911396461351,-929.5696562574517,-492.3948261339825,2110.468422089872,-968.341931516778,-488.30538046253156,2062.6372892234103,-1019.5053769252518,-491.121175534433,2006.4995236578686,-1083.632899632931,0.017615094925454038,0.015543865935568644,0.013893760941114289,0.01476290808310643,0.017815469167153743,-429.6978678020793,-98.46554128133947,-815.3667499288356,85.68171734506898,-3095.01333344225,-2770.391558406777,0.6803689009476034,1.0,1.0,1.0,1.0,-494.81597298433525,2253.7445921347644,-826.6389881843454,85.68171734506898,-3095.01333344225,-2810.5035414792264,-9905.222450981337
486.7564631033678,2268.002876076235,-779.4649921829241,479.55874421127294,2241.042569780011,-814.826386807666,458.342138614728,2188.8619443250855,-870.2212675205133,441.29979635765443,2149.1257822813654,-912.5796878533173,427.8034887469755,2105.7583519655204,-961.8799921820284,409.8674079920081,2072.157895091114,-1006.4201688245217,0.01120132127582384,0.017510503759761244,0.015557994996015498,0.014314482629387296,0.012931733701647095,-350.97669253956406,86.76638956998596,-853.4976742694544,-1043.2822439755826,-2708.8042569486656,-2981.7373686389797,0.7334839636373657,1.0,1.0,1.0,1.0,488.86551386077963,2267.353816413666,-783.6564894287702,-1043.2822439755826,-2708.8042569486656,-2741.779392133242,-9836.041354991035
639.0990222131053,2342.1026764728676,-549.5667770265968,634.8734317491139,2301.776123420962,-606.6170127121511,636.6751773917816,2265.141962619164,-663.6419729948084,637.4380577285558,2229.5086909723013,-712.0497814439407,638.8210097382356,2190.097057296024,-773.349581497371,638.0683968285775,2145.2665394769256,-846.6998353911781,0.01905143748519401,0.016343201985569565,0.014022781140250101,0.017771863485996145,0.017862807288896193,617.073038373143,-45.417518494091404,-885.3652635390843,-23.356331714347533,-2306.484351898592,-4004.1599732634713,0.949947908614094,1.0,1.0,1.0,1.0,641.2468416974989,2341.7937857209554,-549.4714023237384,-23.356331714347533,-2306.484351898592,-3073.695286868041,-9803.99739669609
592.6659393220749,2390.541151542828,-324.4532749004933,584.1961389060119,2357.1931645269747,-365.6297089939441,585.0554708927438,2322.226639246232,-424.9086764149479,588.4144981063288,2296.32300324097,-473.26878757215815,580.6735847522411,2259.285306901261,-521.5626301652957,586.9078951617854,2234.363763999611,-570.6090833221409,0.017303092468291908,0.018553522112241358,0.01385609697545194,0.018145393617996733,0.012500927173987167,568.480753864982,-92.52461503226526,-938.502327007286,-12.557087208764422,-1977.91626095308,4465.63785767599,1.1746409676520262,1.0,2.0,1.0,1.0,584.2398983119715,2389.76029246385,-321.5233651571681,-12.557087208764422,-1977.91626095308,-2783.443842226809,-9882.584911538794
546.9893627205842,2513.909803065648,-571.0069939163895,527.7941472447542,2478.3452021290846,-588.8650734825293,510.2890936669746,2439.9947808804536,-610.3151788868913,500.74433174237004,2403.703906881045,-639.063983816855,482.1700664503031,2366.8477609427996,-654.013250652702,468.050990665019,2333.0225939663283,-682.1955301105236,0.012845350648872976,0.016121025639293955,0.015339481625221328,0.01674383108558794,0.012994205828963129,-437.78787771564856,327.05221487887604,-994.9089945858852,-1069.2470047147347,-2375.053491746324,-3111.4344643916625,0.8459561051720614,1.0,1.0,1.0,1.0,545.9193666219082,2512.1014272854904,-570.2512878660306,-1069.2470047147347,-2375.053491746324,-1110.878377910747,-9946.347220684294
304.7311189323568,2291.725699316604,-634.4122784912704,311.5131967730257,2250.3802162345987,-678.9213607247455,315.56166182202634,2210.701302960879,-733.4927332923033,322.06116050088883,2182.457309907642,-773.6348295217804,328.0553511782821,2145.632142137731,-819.2299355138363,333.3048024627131,2102.740857369956,-881.2430393733141,0.015392737127102178,0.01689334324587611,0.01264878695396459,0.014686745643664158,0.018387923904676813,602.2354583954104,44.55487134867984,-882.2209124813918,313.5421446548089,-2378.504877483136,-3558.533985070222,0.8669904631247168,1.0,1.0,1.0,1.0,305.9381316966188,2292.2419805702466,-633.4770814296625,313.5421446548089,-2378.504877483136,-2793.8668853025088,-9765.190164905698
784.400153512681,2281.0374781365294,-953.8453618593388,769.2010998135781,2239.2176651442537,-1005.1384954651251,754.0099475082088,2197.4026167330458,-1054.0838850646796,730.8382527441144,2150.2236175544454,-1123.5677381778867,716.2870871628143,2093.3051906163155,-1106.083253033199,695.4601638597696,2043.4357605108721,-1046.4087309991742,0.014060450993215706,0.014418652605879457,0.01672740073622019,0.020255593454296533,0.017048052560180507,-58.96235372425787,23.53510527455692,-899.1529116393868,-1076.509457222905,-2877.0251691182903,-3209.1449885309494,0.7024898496502082,1.0,1.0,1.0,1.0,786.0975701957243,2281.9998630324094,-954.880539492989,-1076.509457222905,-2877.0251691182903,-3373.774451328952,-9719.852506643774
-1.6831099365667992,2317.617864929193,-656.3499487199878,1.4315812163464283,2277.3685242788392,-655.494985841996,6.834374498061214,2234.8689796443314,-653.7662383751053,12.769815643413464,2189.50778265133,-650.9701147723836,17.39181369712405,2145.6434559610448,-651.7244451384593,23.32038480717304,2099.053815581389,-655.376578525585,0.015781657476523294,0.014293491240378021,0.014662240277756693,0.017913784958789793,0.016264771099037845,292.02163392375456,-27.920138726105353,-807.541208491899,344.26541299058596,-2723.1935257639384,-1763.2205098091774,0.781084054947515,1.0,1.0,1.0,1.0,-4.046621248148881,2314.026293430877,-657.3676918124218,344.26541299058596,-2723.1935257639384,401.7805618572988,-9814.608384231351
-142.5597368625474,2280.023281111935,-884.0642470281566,-140.54500307305045,2255.066533087231,-917.183805402947,-138.9486677219859,2225.3317686854616,-948.0082414199628,-137.37732835511605,2200.841993147056,-987.1220587339693,-132.06337036756562,2162.641634405897,-1033.7190696561643,-135.6274024350874,2133.744541020007,-1075.7423839899254,0.01625192988594005,0.01492323642368168,0.014246747289807453,0.019606584703883434,0.011603984321817307,-41.51392146543162,-44.18648128272458,-867.3723322347803,79.57817542536463,-1875.5958593023786,-1982.8686737814924,1.1633675173748657,1.0,2.0,1.0,1.0,-140.1908589928846,2281.552384252233,-882.3243961406165,79.57817542536463,-1875.5958593023786,-2056.438040364567,-9907.97353544433
-437.65970020004727,2329.609690797901,-1033.4476106854506,-415.5192729420048,2283.3651406289596,-1078.213927382771,-395.2570240852145,2229.4104943534603,-1123.5902111508135,-374.6533534479918,2183.521026637838,-1134.7076478585657,-356.19839628942776,2137.8992777929648,-1088.719093728446,-339.89702410476605,2095.348922079122,-1047.203495274891,0.016496270427577044,0.017755776036183918,0.014018974910398094,0.016021218818666298,0.012989126634963072,442.06009679291526,114.82499006105127,-963.0162630062365,1211.4443815635032,-3059.714750675995,2358.7125690888374,0.6477186331722121,1.0,2.0,1.0,1.0,-436.2370798406237,2333.118184301147,-1033.065453917523,1211.4443815635032,-3059.714750675995,-2637.1974465873736,-9925.50445117129
686.9175708406676,2353.4324607391027,-1040.4972764353404,672.4472432156892,2307.969494548317,-1103.0727691455488,661.6586158077743,2278.8461127625064,-1145.2021710755919,641.7296822767715,2241.9206526738103,-1091.8520934437518,628.0923923820017,2206.959412123064,-1029.980414450017,612.4069180209659,2165.3238111723367,-982.0023005432654,0.01650547433591923,0.015643006181535718,0.015105124047976419,0.01648904488104405,0.015276763130112572,-236.84378411673907,213.00268744117267,-822.9385716721075,-1016.1142596595262,-2338.5659738887234,2941.2463633043344,0.8359805874234127,1.0,2.0,1.0,1.0,692.9007634717268,2352.7905535493555,-1034.2460682612575,-1016.1142596595262,-2338.5659738887234,-3581.0609492341023,-9872.439524810487
-77.49555008564268,2480.987389456495,-820.6747905380288,-69.88504239681764,2446.0444072285736,-890.1470063065251,-61.96407794477031,2410.081907160829,-942.2638150258315,-52.47249768224015,2379.893354794124,-1011.1497649847377,-47.73258822923924,2350.2813383311027,-1058.4795861137538,-45.31585000663789,2319.904588611613,-1115.2138600986823,0.01764082569874273,0.014756212022063887,0.014764197638466738,0.01265622159526033,0.012969398065818198,367.2722571831871,143.1042199947093,-848.7453816094693,417.00097838522964,-2204.1802440926313,3788.9239857595653,0.9872131449796475,1.0,2.0,1.0,1.0,-74.7487799051562,2479.535278732906,-819.8330523302569,417.00097838522964,-2204.1802440926313,-3712.30011985931,-9954.080568526171
-301.7951753933988,2436.0018867948697,-597.8980393144913,-291.1081189195035,2398.229995401231,-661.0839511532478,-280.6542029061847,2364.5241423926313,-715.4786317121816,-265.8924352272699,2325.7658115632303,-792.881855056999,-246.74770535355535,2286.265104285709,-868.4324076588631,-240.4252826617223,2264.450762217237,-922.6325120155394,0.016151308812774236,0.015911505142226383,0.0187355193828357,0.015316943575944562,0.012714703721966897,590.9674225507604,85.2061943195801,-834.5849648614593,835.4536128844128,-2194.405401042185,-4274.317167367626,0.9911700193642514,1.0,1.0,1.0,1.0,-302.9679432355591,2433.219973434719,-600.3870514865899,835.4536128844128,-2194.405401042185,-3699.9326854330807,-9779.933243583086
505.47218970361564,2395.7706333473575,-725.5726385978311,508.1273627142514,2359.4523754510847,-736.9483774257641,514.6859504443786,2304.108731830171,-757.5587030143814,515.3531534325086,2273.7400521775407,-777.3423328234564,518.505905215336,2236.9233055037857,-801.4133796327928,525.3313365773436,2189.669030150891,-829.5227522569579,0.013990187386937388,0.015774667641288306,0.017715836883634067,0.012723397592596032,0.0205771629823163,689.3403275773753,57.33929138123883,-895.3343292348854,197.07749741142857,-2509.153165450662,2026.5894475760488,0.8492187475132287,1.0,2.0,1.0,1.0,506.05825498475497,2390.851735250354,-726.7556828243391,197.07749741142857,-2509.153165450662,-878.6617215287082,-9894.582195099612
683.3763111259088,2208.468519602306,-507.1049266083744,667.5154984845524,2184.4763782715945,-532.8227589959266,658.9288755115126,2144.5617004572086,-576.3264429928395,645.1935569630325,2105.823637607405,-618.1093869526295,634.4858726640327,2065.849527202294,-668.2022609763966,624.5643658967084,2030.3690277711116,-723.075892752773,0.013884209157863947,0.013838061907030083,0.018632403655246408,0.015754065148822355,0.01769241515872977,38.800021663693656,-115.02542535955911,-834.5012845272562,-641.3509205446965,-2350.1946666329973,-3488.280414620745,0.9101988449723082,1.0,1.0,1.0,1.0,673.737433002942,2211.6672946071003,-504.8278738659835,-641.3509205446965,-2350.1946666329973,-2395.0874110818195,-9755.358509585134
-571.3329722572458,2445.8884211202167,-364.88702675933223,-564.9029365823866,2411.8241113818535,-421.95464296805125,-560.4348828590698,2377.193951284868,-471.2835301466778,-558.4279690297316,2347.34352844536,-531.2546607832562,-554.3862558064948,2317.9989794868766,-591.7954668822914,-549.083042063816,2286.887346933936,-657.0177059635415,0.016803268563569,0.014661577034625364,0.014036481015585578,0.01837255755829105,0.016532217290531337,-209.15735936271838,80.40903359494875,-934.8184299238327,307.55495206447824,-2011.2671876775748,-4686.656522659336,1.0945938985373946,1.0,1.0,1.0,1.0,-570.5344280384809,2443.6479791161037,-365.8441500612106,307.55495206447824,-2011.2671876775748,-3265.692648435335,-9930.67913555056
33.563701077525074,2409.170260540735,-361.71200651808556,37.331558647160804,2378.245102785722,-412.494074283082,39.600166321399485,2342.119083068594,-475.79703100064364,40.37065534472394,2306.7521118824043,-541.553395849083,37.394434296135096,2279.928576192911,-597.3283220737602,39.393805976508055,2249.389975847612,-660.1815706024555,0.01511884564815421,0.016759192229555166,0.016312267196208104,0.015065732040190245,0.015164698027089238,214.81214008856278,-22.128873553731545,-889.7282281458644,152.5545422578598,-2032.6693252494301,-4714.589843209496,1.1165792648587995,1.0,1.0,1.0,1.0,32.50946209041979,2406.9109701193347,-362.30497967244423,152.5545422578598,-2032.6693252494301,-3446.0573183886286,-9814.313139130294
683.9669058459596,2368.9788292832272,-706.9225590286374,671.3245089013947,2325.672481156123,-712.4233639357285,659.1903755548237,2290.812490475585,-713.723935564468,649.100986508603,2250.296574247699,-727.1316151075497,635.173310335549,2211.5075272377962,-737.8580124341191,622.3654059388518,2165.7378048345067,-754.1700765501189,0.01544703416497901,0.013949644276592545,0.013807463672013354,0.014676722689899356,0.016509765796758218,20.951820381354146,96.29377801476664,-1006.4111781833502,-800.3270902287187,-2753.792174700101,-2444.709617769969,0.7506093693997582,1.0,1.0,1.0,1.0,681.2216698200466,2368.172322142343,-706.3113276024991,-800.3270902287187,-2753.792174700101,-264.46885116126816,-9841.272696441549
348.62864702459626,2260.8225805661546,-940.5949295411119,343.4760331114884,2215.762405820066,-959.5484603332593,330.1503316336267,2167.138342665309,-979.7751241786558,317.3383234010661,2106.373607267138,-1003.7484144870581,314.3422663496698,2065.2456949120633,-1018.0043057108044,304.02101288195405,2018.621831769949,-1044.2140314059861,0.015952303639688702,0.015956686251125608,0.016619231336285088,0.013973818345746916,0.017472097412495537,-116.18286786629868,4.55568350671507,-945.9978776184578,-649.5128643071533,-3141.072188534886,863.5224733262644,0.6400258630146587,1.0,2.0,1.0,1.0,351.4663944348522,2266.127659251829,-945.3425189330712,-649.5128643071533,-3141.072188534886,-856.3771951844388,-9653.868872427665
643.9402102142756,2273.8697041347837,-841.9801479465928,643.7850766927712,2225.2543827999257,-856.2875966715618,646.8006107706219,2173.8919648380397,-870.2852067607779,646.1450047465028,2137.4565470905172,-880.7072183142623,645.0285680045369,2090.491583272135,-899.3224279869653,648.5718128178751,2060.888309046816,-912.2857197937996,0.015854826492532798,0.017120601215955707,0.01252779587596492,0.017988133669752458,0.010085766898049603,641.2725242138109,-13.076708588923978,-927.331470901008,-2.3874572067487634,-2771.117452461119,1352.5195384818335,0.7514228758477451,1.0,2.0,1.0,1.0,643.2421764093876,2273.0951896914953,-847.6142115707617,-2.3874572067487634,-2771.117452461119,-511.7367066538129,-9837.18610979668
-472.850662329401,2507.7387057135347,-649.2158619259571,-455.85793619789723,2463.9514724044984,-708.2325774159183,-436.88445667473354,2420.698029860025,-770.4638071267517,-428.30497078959155,2388.239165446756,-819.6026217686147,-414.09246278622857,2361.305739649076,-868.4844008830815,-402.849488671596,2316.8387131731474,-929.8034682437752,0.018410482975283943,0.016761922700395084,0.015337158035190535,0.012345094543099733,0.015546146832047122,431.1215465379285,155.10157240369836,-906.021568642153,918.9998088064576,-2398.2904734447407,-3895.9409643056315,0.9015991949139843,1.0,1.0,1.0,1.0,-469.498266092401,2505.4262363795438,-649.650787245743,918.9998088064576,-2398.2904734447407,-3182.019749547658,-9855.787802175884
523.5542420612502,2242.839689540042,-1026.955874410625,526.5044800579703,2194.0531813991397,-1034.7691984195003,529.9089017341356,2135.3555904224895,-1050.8833519689758,525.7885599510902,2080.4039724455356,-1065.3403887028162,526.2670518822528,2014.8104887038864,-1091.209524027611,525.7525984409741,1965.9034831361005,-1118.1439622683995,0.013508769214254656,0.018192047635547586,0.017182563066833044,0.018458533662506396,0.013875882656833746,543.3002055480894,20.26349131830929,-1000.5658965070007,29.892688906776485,-3341.646331766885,-298.81759879909055,0.583782203764025,1.0,2.0,1.0,1.0,523.4215674250779,2242.458301943285,-1024.0450830703417,29.892688906776485,-3341.646331766885,-742.5833816795854,-9816.962778068562
-423.7616760547785,2357.1555577308395,-333.0869712336754,-428.1355972263384,2331.789354682012,-385.95311637293315,-424.2321933247454,2304.5977045125246,-436.1732348054149,-426.884092732477,2277.085387775247,-509.52867753629613,-428.81023490382444,2250.6565989389273,-557.3401449231387,-423.47015143073656,2221.3768930308192,-613.7595293549961,0.014848667304624847,0.01423746474003108,0.016493365854221016,0.015434722858829915,0.012225829039063538,-381.51243954414286,61.94671510136673,-930.3957467234054,37.681455032535055,-1868.6868420021297,-4828.4779510515755,1.1567599502032253,1.0,1.0,1.0,1.0,-427.86062923415733,2360.4315307639895,-330.84472636475664,37.681455032535055,-1868.6868420021297,-3420.8926714348945,-9683.952825465243
-387.50503812135855,2235.35423692562,-241.67909460687687,-387.9546504937313,2204.2943061157475,-282.95284364487003,-384.79068572853026,2177.9465877183966,-329.10482589111865,-381.5317707539929,2139.689177530162,-378.79193653415405,-378.8732068055171,2115.242896567698,-429.66562536612696,-376.9384359687688,2089.0591181862237,-466.96067502761684,0.015451130391237126,0.01522086175361873,0.017425399062055494,0.013147379029904614,0.011503282568597464,-204.0524045466085,-167.4497360498918,-836.8734418674361,153.58237795578586,-2031.0020419194836,-4408.240435215793,1.1122519471945833,1.0,1.0,1.0,1.0,-386.0475224242148,2239.28768362469,-237.86451322443054,153.58237795578586,-2031.0020419194836,-2737.991541038355,-9963.472414610791
-407.73116879372145,2313.81770552269,-765.3180224623666,-388.83045759720636,2261.571339415632,-794.1529772395709,-372.67206296141256,2222.5778484223565,-826.7675320518176,-361.60004868278935,2181.764683140152,-848.2995633013027,-340.6930014752339,2138.9973288574815,-886.6632028389896,-327.6195800899377,2092.851031822184,-925.3012520780267,0.01852059278087001,0.013100222480903954,0.01236188282053581,0.015434586308801831,0.01707392582241153,409.59305392515705,206.6824335446546,-936.4811212761002,1095.064078690508,-2806.457276700234,-2546.4468018827356,0.6735087897864774,1.0,1.0,1.0,1.0,-411.7050050927233,2311.5253910698243,-758.4141346687718,1095.064078690508,-2806.457276700234,-1729.9413979574283,-9806.046020209636
-365.6293485468501,2352.823236844201,-320.63414608661753,-365.7094681121568,2321.9870490611756,-378.6879405155041,-358.5922336816228,2290.5330060283077,-440.8689578694664,-351.2001113462319,2258.0292517251382,-509.54561660185635,-351.50820631552523,2232.5894103297032,-576.0834245735317,-346.1418332522105,2198.951245219265,-649.4893891036423,0.015932830597493973,0.015841469681511462,0.016727901114832626,0.014223712466021478,0.015660371136235196,-94.45845504578226,-106.9006105253407,-859.9971348939829,219.94247559100438,-1991.3490061860361,-4941.249145595125,1.1566137150039009,1.0,1.0,1.0,1.0,-366.08741240067405,2352.415412114419,-318.31236628878503,219.94247559100438,-1991.3490061860361,-3700.0550206167864,-9900.550705101909
257.8812731598434,2412.648392009515,-1045.2896173865022,251.88418131636217,2372.2789872311646,-1086.6263071919075,250.35564761748506,2327.7932587150012,-1142.8433815874132,236.35765736264293,2272.1945156138822,-1101.884850193154,228.7024729401992,2217.872994573949,-1044.301651143878,214.78587767173133,2171.4493579712525,-995.4555848789836,0.013313273843185178,0.014815337849960237,0.019087900854207966,0.016280805363580245,0.0170771563256715,-205.9973806003537,-30.955171669637394,-972.5812676907565,-582.9791219044996,-3037.7425556119265,3004.003487737004,0.7244255257633955,1.0,2.0,1.0,1.0,263.3008125327681,2414.4275855979663,-1044.7754961868688,-582.9791219044996,-3037.7425556119265,-3232.0285905937617,-9843.386567992342
691.2223526220354,2310.543259496663,-964.13418645349,684.2645331821889,2259.553396827704,-1009.9136739009206,670.6306904720693,2198.6793376478454,-1073.7694017792724,661.2595897636738,2143.31871795953,-1146.6852596669507,650.8853293344371,2089.916551496663,-1100.2226918566441,643.0533291982596,2034.4114281986265,-1033.3358821472132,0.014808023394447988,0.016420780522422827,0.018109484547620087,0.01680526899465145,0.01851381881348564,249.46949179649664,-106.64991670391584,-833.3639421374526,-612.407496873934,-3330.1215859472168,-2868.139792159654,0.6403426237273725,1.0,1.0,1.0,1.0,693.4649270300972,2307.6882331078114,-964.6483296681438,-612.407496873934,-3330.1215859472168,-3291.5822047871425,-9931.387951723396
-202.2395032227452,2438.4716252449243,-464.61099632382025,-202.3011981053952,2403.129562113766,-522.3013165327991,-196.46599434133384,2365.771313450754,-578.4817083984573,-194.99196567962713,2331.3715179737,-644.9233308518569,-194.21899892478763,2289.659164775415,-702.1867185730715,-189.0005869375604,2251.5448037996084,-778.9397917717558,0.014334847138485195,0.017644571618004645,0.014569996481885686,0.01586867171600132,0.016891409988847327,56.185900796578984,-165.99576943400265,-823.0456322581792,231.4150546508135,-2302.1496603865908,-4450.505063588918,1.0506905030567737,1.0,1.0,1.0,1.0,-205.31311095883996,2435.4333468028503,-466.0816187181621,231.4150546508135,-2302.1496603865908,-3574.8084056055195,-9844.612748828045
-104.33293213970724,2520.3623751520504,-318.97352836728464,-107.06115189173488,2491.206314422691,-355.96994602309627,-94.48106344629721,2458.454781281775,-423.1465923912977,-91.54990361838031,2437.4505052818786,-466.49797075433355,-79.43412862475654,2401.066388389529,-535.4535190787857,-74.77230991830214,2377.1231026282735,-585.3066203028162,0.012083629739506777,0.01821366511010004,0.013173402473246248,0.016639286502509003,0.014612113421869057,444.48252374014675,208.7082829428435,-928.5443685248553,457.7473107883973,-1911.1686911851325,-4720.3152918925925,1.135277902752765,1.0,1.0,1.0,1.0,-109.39172231381417,2521.22239927686,-317.84825203329774,457.7473107883973,-1911.1686911851325,-3216.715998233109,-9771.255242452338
450.47114521892223,2504.223134739932,-688.8635665906041,438.5744726735479,2466.8461780389875,-746.4128982524713,424.3384250260032,2443.19717192983,-798.1169881099504,407.32419356359526,2403.6238987708343,-868.6329072473629,393.6767418298368,2375.7693439442705,-914.4800908047414,377.8869802906314,2344.4008967788786,-979.1301535063104,0.01773537087752343,0.015217879365045883,0.017494591600863953,0.012687497625683435,0.01596233629559045,-514.4661843990068,250.8351712885757,-889.2514603347014,-891.2885796058773,-2076.9380104390334,3901.723206088812,1.0059023242352918,1.0,2.0,1.0,1.0,452.58192447336864,2504.3129126149256,-686.7213248330324,-891.2885796058773,-2076.9380104390334,-3343.085935476769,-9994.632023133187
-444.85164800031606,2213.2209017275272,-999.0223979610114,-432.49856991045453,2154.781672517867,-1007.8615725828562,-431.11843365847,2107.494215218763,-1014.0095761718387,-429.4640942521912,2057.978933385745,-1020.0870090907957,-418.471680682955,2018.2658389171645,-1032.2585900254146,-413.4620380184578,1973.1685847632268,-1045.770802229997,0.019767559940958794,0.01391559662194363,0.016002618370116198,0.013287533753452763,0.013539562533419772,-170.02488409510693,-15.592025827905834,-1007.0379811724384,381.8812360113049,-3069.707971217908,-394.2176885250725,0.6484871287801094,1.0,2.0,1.0,1.0,-446.88878020330253,2209.946253305076,-1000.8423212340833,381.8812360113049,-3069.707971217908,-187.1731856474571,-9795.03714751144
274.64643423452446,2379.9293065873962,-562.6242661299523,278.47670616158683,2335.953094190661,-605.3696100482813,280.643133938661,2311.273934734516,-646.0897864932292,288.7651811847451,2282.797096150972,-682.6937119361459,287.52014092583636,2252.594135786462,-720.9787699604778,295.1952191415597,2218.2857352297247,-774.525619166448,0.01596412659911868,0.014482513437768487,0.012025255652116856,0.013779131747719421,0.01528719699144665,549.7573329672963,146.52816155522396,-954.8555524672206,272.5662989802347,-2220.321110300685,-3855.0568462729243,0.9334617755718304,1.0,1.0,1.0,1.0,275.8282024921591,2377.9508774074015,-559.833196069673,272.5662989802347,-2220.321110300685,-2670.78868866813,-9782.66850652319
192.62709398319677,2419.9327085550035,-587.947841750033,198.1970650772402,2384.1010533152794,-622.2310351240532,198.32740901687285,2351.1289919002293,-660.0279778304108,196.20454572564043,2314.8453220070064,-703.3071802636277,197.22925673662178,2278.0237282204985,-752.2140288003105,200.37921673745782,2232.3762041754158,-810.828898744436,0.012196420667989108,0.015171888578192426,0.015066056178318719,0.016632678629478446,0.0185133843793288,282.9246614285853,-35.957664238288935,-941.9811550579075,82.90129174117244,-2301.762164758916,3594.864370878514,0.9874195715666918,1.0,2.0,1.0,1.0,194.6347857242356,2415.4190412299627,-588.7394470494714,82.90129174117244,-2301.762164758916,-2445.8793040096607,-9825.39696441833
-606.4448734111663,2517.753783947989,-271.84702266778544,-597.8103108931654,2488.1640183982518,-284.2595945421451,-591.4361343956716,2457.081708658731,-305.1646104223885,-580.0826541045226,2414.5498834945147,-328.16372186046476,-568.1981701793184,2379.6727031690993,-354.95591005662993,-562.6086702303973,2345.1288465016787,-380.41256365942115,0.017984645831388413,0.017004154988685606,0.017353820788253226,0.01988968451671569,0.0164232905758539,19.05996752459707,26.52958230043464,-877.7293979440542,484.7496552513911,-1934.3631803469857,3527.5889137385484,1.2013444032990976,1.0,2.0,1.0,1.0,-606.267087749696,2521.8580849480404,-269.4251617695418,484.7496552513911,-1934.3631803469857,-788.1179015026488,-9718.468040974834
-695.3630946685405,2259.4102727275035,-975.3332857021207,-677.4109050474052,2202.005078382221,-989.5608214514397,-656.8808098233155,2155.35884444657,-997.2616385128622,-628.8378547472988,2101.466261527714,-1023.3427940808082,-609.7679707068636,2068.6225675648557,-1038.6190227717325,-585.9503687041041,2017.5612020406081,-1057.8521145433292,0.01525252960817966,0.015483064623491406,0.019638425847941055,0.008703206424952356,0.01671009615241166,260.95520933182365,107.07184960819203,-961.2649781536131,1399.6550340605145,-3138.03933128241,598.4710177921124,0.6092126773430243,1.0,2.0,1.0,1.0,-697.8084889996293,2256.6287915366447,-971.8102613272918,1399.6550340605145,-3138.03933128241,-752.2601396119863,-9825.491045266524
618.4329071899431,2305.554635209763,-396.49007869363084,606.203009052206,2276.994448445422,-403.39941313365637,603.1427151254649,2237.254504637259,-403.5387729725921,582.3637610826876,2207.4804877187526,-410.83196072880287,580.7921661210614,2173.8731771812304,-415.48480423155826,565.2023110282751,2140.0177090226907,-430.6851022461612,0.01722374925973331,0.015196336105134052,0.017719103450352054,0.016219746537744925,0.0173508884131338,-49.04138998037515,56.757768499751315,-921.7584610139043,-603.4625397258256,-2026.8671359784707,-3200.3307150746505,1.0262901762339003,1.0,1.0,1.0,1.0,620.8020291152923,2306.580289435851,-401.42363058851925,-603.4625397258256,-2026.8671359784707,41.704791605698254,-9840.38732695562
719.4749686466196,2239.0791065469393,-532.0418481160461,698.0231551279081,2202.5744836828194,-533.9892883360337,692.8712107960906,2174.2052854478184,-540.6516834731142,678.4534632221767,2145.486267896887,-551.6904878530081,661.9007311656078,2109.8310778507503,-557.1505087658253,642.6088576841254,2084.0097421839564,-569.5524583236233,0.016997734165911497,0.012938291214559746,0.01620034223094946,0.01857701577674653,0.012495406509612797,-241.03649143832342,266.558099181065,-995.245388048515,-955.2063184907715,-1958.2042252492836,-3023.8629963556896,0.9277912101022205,1.0,1.0,1.0,1.0,718.9458586449009,2234.5533455566037,-531.3098755482673,-955.2063184907715,-1958.2042252492836,-122.32621627608805,-9839.06941763388
-412.2461099755468,2365.4380202903103,-868.6947013012882,-404.0863722174143,2314.3212641520117,-915.5467154806906,-400.32193757470515,2275.807265706999,-969.9769595637769,-389.60239471195547,2235.1521766426526,-1013.9587626375001,-387.33844443617875,2202.4986640767797,-1053.93141358854,-377.4448757693213,2159.0129097895465,-1112.9228969284716,0.016618095239970307,0.012847769746914515,0.01541704097853628,0.013206796089109386,0.015669132713415468,-35.47912665821161,53.72455117870549,-950.5213955888745,472.14021101089827,-2889.6199363886935,-3250.6799096998348,0.7262411652320546,1.0,1.0,1.0,1.0,-413.19129546693193,2365.420500289656,-867.4418058765934,472.14021101089827,-2889.6199363886935,-2988.4027845992355,-9851.436003933015
556.452222199613,2248.7501015523912,-381.1802085208171,552.3211856870428,2207.3002958404977,-410.0082053072864,548.3580475552214,2176.9148030736815,-439.76464532815527,541.3794653135104,2138.1511803741123,-482.21492984281076,534.1325445633597,2102.386123196911,-523.5126330958615,530.6560279295124,2061.6929729115836,-566.8530751141277,0.016395190682341812,0.014435099143924612,0.017829175748971422,0.017042597686466127,0.01766770745022092,234.85440498074126,-57.018550457176026,-876.0304635750067,-304.1892787820456,-2172.311118985448,-3559.6327443938562,0.9766302292880745,1.0,1.0,1.0,1.0,557.2950404897058,2245.631235667404,-383.6750160214003,-304.1892787820456,-2172.311118985448,-1767.5471615630515,-9695.109623535634
566.7848379074671,2497.37727801141,-643.201647199015,560.4225318370885,2465.419267523774,-675.8832799608217,545.0959171869442,2437.41317084967,-706.469094506299,522.479911527434,2399.376149015275,-756.3947484183376,507.60490498994415,2368.533945053034,-793.476524037885,492.1391726503261,2327.773449658363,-850.602907035061,0.014705956525354957,0.010609487972998545,0.01781665933983116,0.013000629969908986,0.01864954981811777,-526.3067355573825,223.72795965383864,-915.7257958378059,-1072.0305113117556,-2215.2895328582654,3311.03668257183,0.9502177163737887,1.0,2.0,1.0,1.0,572.5245385371663,2494.3997308335656,-643.3047295091102,-1072.0305113117556,-2215.2895328582654,-2361.9508321999774,-9882.85125314592
425.182305492785,2223.3217138458185,-488.6271419363538,417.20052092007364,2191.4824222495135,-526.771672797588,406.36162848025396,2156.742269486629,-570.481596339223,394.26225077099457,2122.361484161183,-623.6821248665464,379.5082257561178,2082.2584246222477,-673.445183344419,372.54164741716437,2061.106055115677,-707.9064430995052,0.013243136203625721,0.016551758499477605,0.016281183768850106,0.01688389878709063,0.011637111773658795,-301.7050410564053,9.189633912127803,-836.6144831542812,-721.2877942328375,-2199.308304573967,-3674.051262886818,0.9304029109672977,1.0,1.0,1.0,1.0,423.18919214759694,2219.494480008967,-489.6281920294525,-721.2877942328375,-2199.308304573967,-2568.918291163825,-9942.498162691387
-697.32658171688,2471.833509372986,-552.5311461348633,-682.1234816775457,2424.6178300654287,-568.5031923426441,-673.4754529356993,2387.883880011622,-580.9218794883076,-651.6430763289028,2348.049601520285,-606.1321202662109,-642.6045122095179,2308.033713280528,-624.537164100858,-627.8099622191774,2272.8628340531177,-645.9446776946221,0.018001442169257774,0.015422959861619411,0.01666064630529475,0.01666407345370683,0.012156432414090923,144.67600095862085,173.43645602907122,-1001.4750560439328,892.898769551297,-2431.9662229057353,-3070.1647863214716,0.866094445796031,1.0,1.0,1.0,1.0,-699.1133362673537,2471.6445366749895,-554.5427206743881,892.898769551297,-2431.9662229057353,-775.847647475791,-9872.385869996659
-475.9272004073205,2377.90738662499,-622.2036317237404,-460.0228465173988,2348.0844948549898,-669.7822160673878,-449.30542699562045,2313.332697234987,-722.1758660148078,-436.0485953387343,2273.06022358071,-786.4588054475387,-418.90873594154897,2246.360239832419,-842.5808845696926,-404.43099318300466,2202.2181293719823,-909.7882992631326,0.01425147132641499,0.015263495676213558,0.018546368589792608,0.012533483285910842,0.015915770412070526,466.73076927765993,63.84108038746148,-818.42285185923,938.3497188282641,-2305.7471556634946,-3906.1964302571682,0.928489410709598,1.0,1.0,1.0,1.0,-476.31069814474426,2381.116971829279,-620.1166763276158,938.3497188282641,-2305.7471556634946,-3371.0189462565863,-9821.130655040459
-87.2678521836524,2319.1758620507785,-855.7707765924986,-82.32131142383639,2282.5718067020657,-908.4865577856189,-73.00056735959741,2245.547575590929,-964.0652573907247,-70.02604080532737,2211.115048856997,-1011.1376176462139,-61.60391629371903,2182.0470793650343,-1063.9394079016665,-60.14077489817639,2146.537383468401,-1123.5719271348016,0.01376913245555756,0.01845035377837711,0.013468687075022578,0.013505377054094596,0.015650564922098743,264.42133574078576,153.16070832908622,-822.6482284059657,362.53185768175655,-2232.7109362062474,2935.6424040432616,0.8951558847148502,1.0,2.0,1.0,1.0,-87.23456621051787,2318.8903164491408,-858.4076866145426,362.53185768175655,-2232.7109362062474,-3053.219022947099,-9835.235193853321
-8.060715278554902,2379.7084393355913,-533.0021115496987,-3.4305286381149225,2346.6938514037456,-566.3621079459558,-1.4125522732305484,2306.016384841389,-616.9117079047621,-3.128027210330341,2271.8487140646134,-669.2795400575608,1.3197541729691455,2229.2473578214394,-725.9476384778735,-2.064417997584795,2202.0992062220644,-776.981102967142,0.01605034917010952,0.016654120829903,0.01880615315610911,0.016687985242047815,0.01682694880402194,78.68932909541232,208.6146046225931,-1019.1926308666309,81.42835869740642,-2136.4298885560383,-3955.556273982617,0.9299744427978089,1.0,1.0,1.0,1.0,-3.9604549824553033,2377.090941506967,-530.3295012568627,81.42835869740642,-2136.4298885560383,-2440.470776490728,-9911.367672822089
-219.8792280710155,2427.577239281133,-413.203912989611,-219.31731201042072,2399.9132306912757,-436.84956865608905,-222.2469626057767,2363.736041339953,-452.4429399326278,-220.1225941041809,2322.5606355441755,-476.2245308934441,-222.869534284522,2288.1939815356427,-498.8396785836862,-219.35712955889366,2250.2350730956655,-530.152655964064,0.015747209863955846,0.015718860678633227,0.01757699099587752,0.017138621710727185,0.01670003446579832,-297.38974166674853,146.79997727800787,-988.4250905374456,-75.21079706513805,-2167.110940970145,-3483.443399423385,0.9721182822850074,1.0,1.0,1.0,1.0,-218.04235076302626,2433.1020200015137,-416.7983756911791,-75.21079706513805,-2167.110940970145,-954.3900815173334,-9817.613954403041
617.7319518029664,2234.027139178548,-798.1914847512834,610.3726200168416,2191.73290934545,-824.0244182309095,602.780166139228,2138.2610733436377,-864.2571880823344,598.7495012729115,2084.435671003787,-905.4111269578781,587.3696310337851,2036.3464394591872,-948.9572400343284,583.3506902282996,1987.3394531746924,-988.2683441325722,0.013823574323369213,0.017984939497871274,0.01631137422264263,0.016956373979990558,0.015572399437868242,313.88411180756924,-15.35048626041312,-925.1823143292324,-412.60592987061,-3060.6958589959454,-2542.0328783707205,0.6543513385382587,1.0,1.0,1.0,1.0,617.1494702624691,2234.26097010161,-798.7950976131206,-412.60592987061,-3060.6958589959454,-2003.3490169538634,-9688.847906317167
-225.20301521797236,2433.1701877248624,-541.5089324419337,-220.8831072276163,2394.6892322498784,-573.2037823748668,-204.6450803167628,2349.4343378872727,-608.0117873495109,-196.296840980377,2304.975464533418,-646.0262030598024,-187.84699542856583,2259.8197242857836,-686.0643043494158,-179.87965187248224,2218.3645604734165,-726.1496757273906,0.01616005887391442,0.016524576121754505,0.018488895568685645,0.015094977873464602,0.0155067203132747,345.612092051516,34.17022473766184,-850.1933744276347,624.7811956516883,-2619.984955889629,-3068.32731885031,0.8332247712489068,1.0,1.0,1.0,1.0,-226.06270196977982,2431.456459376674,-542.4305580489529,624.7811956516883,-2619.984955889629,-1814.769728619512,-9945.707782347728
518.3699166710088,2269.5350787198913,-790.7854605053298,493.58960151322486,2210.8734713156596,-804.5895225876209,471.2029540629833,2165.441984225563,-817.2534886186195,465.33840711854356,2124.726787918209,-830.6910557988073,444.79454063182214,2074.945937500856,-846.3836809498011,426.84608076552763,2033.241202957451,-865.9506392531326,0.016257293709666266,0.017542042160546077,0.012347633067850236,0.014758709431887944,0.014465503103944628,-316.28831744520073,154.2605077445014,-940.3705264130746,-1225.3449678193228,-3107.7894734937813,-1805.2845283382303,0.6046288185261053,1.0,1.0,1.0,1.0,516.9462606719383,2267.5573497202713,-791.8968040761881,-1225.3449678193228,-3107.7894734937813,-605.25101543791,-9743.067025593931
106.55859979928886,2267.786535430061,-630.2475033892077,113.50727443753235,2224.3736450586757,-663.689002553941,113.44563683846293,2179.6966567188415,-710.3773720095928,121.1696540594025,2150.340344902684,-741.2686892755961,122.35023988248732,2105.175560379912,-792.2815179556748,118.28569785215892,2061.8665431896034,-835.6982180451913,0.016673567599333906,0.016805971803920707,0.011489796659575245,0.018882541083028274,0.01508919706244348,229.49044085789888,-34.238074702680365,-860.4684707933926,134.8286359962037,-2601.1127831934245,-3063.048701925846,0.806058925791699,1.0,1.0,1.0,1.0,110.16709800125693,2267.7467384234997,-628.295845200216,134.8286359962037,-2601.1127831934245,-2205.5565601165185,-9730.539006235276
-506.3769275953596,2382.0598015383857,-549.5382053104386,-505.50225903392516,2341.3786681458555,-572.8174329321289,-508.59627701008054,2305.8600582853733,-608.3651406218079,-510.070319031713,2264.2031120484844,-644.7667233839771,-510.3245837726689,2230.463230466148,-679.457218227917,-510.46278917451104,2198.8994974815982,-708.3190508658339,0.01824826428302011,0.016517884430241502,0.015765168419106565,0.014890361615325351,0.012684306798884618,-576.4976279403445,-52.16151230698968,-948.4416080631987,-65.44577067540634,-2306.3256733418493,3274.7795089245633,0.9768940144534214,1.0,2.0,1.0,1.0,-507.45233987778687,2381.0120730686735,-546.6395785060555,-65.44577067540634,-2306.3256733418493,-1676.734459565536,-9847.689878271682
709.2839518188758,2540.288692787774,-227.13950158423884,702.1476883416373,2508.2635418565687,-235.0511182146851,700.8665072311918,2476.7113445360656,-251.7082526657307,692.5958093324923,2438.0073292465,-266.21604213909956,684.1109045333621,2417.9760206607343,-281.7432609303096,673.7657328186964,2375.9936875679186,-300.0774885952404,0.017821326383450055,0.016996127311418318,0.017295156389714107,0.01193275639531318,0.019932836511687785,206.14550118684969,150.02744283171887,-1005.3522208283965,-405.3857000176669,-1935.4147621411228,-3906.7141253809523,1.1510217970084122,1.0,1.0,1.0,1.0,706.796840708673,2540.2646740760133,-226.61104081075064,-405.3857000176669,-1935.4147621411228,-511.958331364484,-9631.479133322726
-250.2933670570269,2332.9458161068474,-626.6894204631608,-236.56619217675882,2295.1895024253436,-624.5590802235572,-220.94527590615527,2248.3392381713566,-622.445421078452,-200.3138794542108,2218.6272973493337,-621.1400624786379,-185.09463899875306,2174.5373957404404,-627.8347693894898,-162.94486558630956,2135.3500857538766,-631.2533422106883,0.01927099718168184,0.015960557995919705,0.015785613666715645,0.017127068956760312,0.01774359726415925,628.5585872971371,225.32595157059933,-846.5436370218864,968.41292115602,-2314.516310204739,-2105.962341465803,0.8241121649347639,1.0,1.0,1.0,1.0,-252.69717095484145,2331.535793856907,-626.4481097008579,968.41292115602,-2314.516310204739,355.26120283594463,-9789.186820881041
305.87497462055825,2503.027744448218,-262.7977337679391,305.39461818711203,2465.660502916212,-294.3984768246566,307.4816571289546,2431.415688426268,-338.09466240462876,308.87332091595044,2402.656365969753,-379.2544555721017,308.861592152586,2374.433397916571,-417.0557788590785,310.0202511715423,2338.4299913047653,-457.14573872937547,0.013990547645552532,0.017826954153018618,0.01662236403068363,0.012394236820876543,0.01641675902462606,375.01978750499046,75.91024505658058,-926.95145613191,60.536521779034054,-2082.4786826017175,-4196.208131486694,1.0877491383252398,1.0,1.0,1.0,1.0,304.4947396324163,2501.99791028758,-264.25617832580076,60.536521779034054,-2082.4786826017175,-2145.464593061938,-9812.514303809277
162.20377331607332,2269.502884900508,-616.5530613260686,153.4574008177315,2238.718216333788,-612.743791030352,148.87432509145012,2208.4759565211257,-615.6551704542318,144.06351805733405,2170.5616023862517,-613.4142256717416,137.71166490561106,2144.927695757704,-615.2834329375085,128.69192101077812,2119.715891963822,-620.1271536757401,0.013877199048160913,0.015704740813442163,0.015351951479860609,0.01585675305908673,0.012741273673016737,-382.72972660082536,-7.65655048118942,-972.8692519657176,-502.6509731630755,-2085.3769075505043,2649.264352537542,1.0164680819264316,1.0,2.0,1.0,1.0,165.1598341469279,2265.404278748861,-618.1850377539688,-502.6509731630755,-2085.3769075505043,321.8856426043292,-9748.487109697475
308.55607272693857,2233.11083786065,-858.399850586698,290.6408112058249,2188.9203017377263,-913.4926348039696,296.64238324726125,2158.2219297924203,-953.4068100132165,285.28267652673605,2123.4701324651483,-1003.7202330504576,285.63388234906915,2074.0059233386532,-1068.108187325743,274.43522808993737,2041.050275538614,-1121.6075769903262,0.0160560817705873,0.01587918110778521,0.013718278135012446,0.02037939675050368,0.014957703233025185,-34.24189525204629,28.734703313393275,-883.2616195754771,-367.7833885988079,-2379.6632843843654,2933.4937686066305,0.8440093590030869,1.0,2.0,1.0,1.0,305.95773920185195,2229.9232413689324,-857.568665786214,-367.7833885988079,-2379.6632843843654,-2845.871880680827,-9864.006415198874
-250.20224114150747,2481.911844987761,-301.0549907070957,-238.68488238299128,2445.136279930713,-362.3541225527789,-222.61174331194374,2420.6979824949876,-412.7253447819451,-215.2274518469512,2391.6752443851697,-464.18022301110034,-206.95897981365,2355.4803914072495,-526.7966089783877,-188.946885717712,2327.878162720032,-591.8520099374535,0.019192680186027645,0.015551235605932415,0.015024987092714381,0.017497723026144232,0.01723226408182907,573.0160046309007,206.18720891675486,-897.8069391399289,691.5131264702212,-1916.7334505424753,-4564.848212879992,1.1055011100073489,1.0,1.0,1.0,1.0,-249.88461586866498,2487.100015062301,-302.33453543404414,691.5131264702212,-1916.7334505424753,-3020.4040462665594,-9836.925559993788
508.3517626738187,2213.4687058050326,-455.6823809522921,509.2584303655157,2176.6753527136975,-479.6408700399042,506.47883751755984,2141.2753368404447,-511.72638308890697,507.78739687452327,2099.3693539873634,-544.2481297976807,508.3484889200208,2058.4202776651423,-578.3486781855764,506.1669754821107,2020.4244768123988,-614.2473164543001,0.01570896869617075,0.016024289322310814,0.018664876797979506,0.01886382959606095,0.015928057700148893,493.9889407029485,10.441821291668477,-899.4638655726842,-13.521758199271915,-2216.5039820937177,-3320.7275111965314,0.9098099778873299,1.0,1.0,1.0,1.0,507.44309011122414,2215.8632834749146,-455.1360603267158,-13.521758199271915,-2216.5039820937177,-1505.0106625045837,-9860.707219384214
849.0098194523255,2514.035686447359,-1041.3568199183328,829.6624205693475,2481.538907948557,-1077.2584039480444,810.4573464977834,2445.3998400811115,-1127.4714023067106,791.6178480709776,2407.0191480279695,-1130.6205279329988,774.7296333410923,2385.4309689919573,-1090.8426730838394,756.8905150755512,2345.1085063014625,-1048.4945424492746,0.015895746428985846,0.0169889791942124,0.015111746444734363,0.0133422306118584,0.01893115054334083,-372.8774774237209,188.12961428661401,-887.7917352812485,-1130.2144889379128,-2154.884230171863,-1695.3816353962616,0.9997301467768671,1.0,2.0,1.0,1.0,847.7541706292277,2515.4045828722283,-1040.6146780738168,-1130.2144889379128,-2154.884230171863,-2424.7434006416684,-9828.693937945094
-236.00093355165464,2362.8708852395625,-769.0033850020146,-239.70476684694256,2316.9359985486844,-768.3854322544798,-236.41821399828908,2273.940631267022,-780.4032990100062,-233.0073363899693,2236.0555883201296,-781.9660419431091,-240.70409640389008,2189.441608918458,-792.4974825560398,-234.1378541860888,2134.969253524953,-808.126633857756,0.014191199204327362,0.013990001898473416,0.011552418278675702,0.013943204218858779,0.018747657625096913,-205.92439582373797,48.42328629127944,-977.2771411852084,40.296113856294824,-3102.6634797739302,-2065.4320430968414,0.6725755187745683,1.0,1.0,1.0,1.0,-235.94500064667727,2359.9075787228635,-764.4898741593288,40.296113856294824,-3102.6634797739302,-264.42668618307647,-9860.458197518092
510.7534712694467,2285.402961736687,-797.9674840286733,500.0094402121937,2233.116715589368,-838.0167462696264,488.3518609992816,2182.7196041618627,-884.1562317652014,476.400054152084,2127.514172274874,-920.6277701568847,466.2839165402115,2082.167489036411,-973.6028300553178,457.38892339091444,2041.8306896206948,-1021.2504884683867,0.016267968223500854,0.016325590831352824,0.015688875031550552,0.01729264487278047,0.013106284706686608,-30.15401910898517,-49.44585219988148,-836.1909217727165,-722.9871451465852,-3109.198095298223,-2612.6696072613795,0.6713186363341292,1.0,1.0,1.0,1.0,512.086339750955,2282.452719273792,-795.5011183103358,-722.9871451465852,-3109.198095298223,-2454.9544412319156,-9828.45744611743
838.5146456179241,2545.3021456077627,-442.4839710436374,818.2104733489406,2518.794072018994,-496.4311811748666,802.8607457969575,2489.0407312405923,-539.9920785351172,775.146642272575,2450.6922405663504,-617.0670447210031,765.8094632872827,2420.267566573404,-685.4488382469616,747.133086240842,2391.3135671238115,-745.5590614258725,0.015453497826609338,0.012740544359230659,0.019962001196144382,0.015443324630194905,0.013402397560187962,-574.2435506742951,265.14778518880826,-875.5905022859029,-1222.191677552352,-1971.529191423965,-4634.348052215313,1.0779982344276302,1.0,1.0,1.0,1.0,837.3878368986725,2542.264001283491,-439.4636186554087,-1222.191677552352,-1971.529191423965,-3584.413677282858,-9893.634340469076
412.34724115044924,2226.9450253890986,-551.751016316574,412.4146237873948,2199.838066014215,-560.3739894220905,410.7374529487674,2154.8530116131096,-570.8083093384237,415.29811045096596,2118.213305003244,-585.1697721434355,427.1044211255614,2073.470497238272,-594.8709001355816,429.63455468077774,2033.472525068169,-619.7097654370061,0.013626010863326463,0.017364409758782173,0.014873155512802674,0.017362976595178187,0.01857812561198531,662.5663681603548,17.10432745034865,-847.9826246638963,277.916447459632,-2417.1483954938235,-2447.7595033235502,0.8331953216579259,1.0,1.0,1.0,1.0,408.2728187347859,2228.795109327194,-549.9159064166969,277.916447459632,-2417.1483954938235,-408.06894187609674,-9772.112636969947
-664.4922831855213,2304.3364786333786,-782.828273411048,-649.5168343833831,2258.589627730955,-814.7203746254722,-636.1946490835592,2208.338054277877,-842.0937869663821,-621.3726383736199,2147.0414019828318,-881.6782640837083,-608.4142044244445,2086.334667089725,-927.5479288932073,-587.995430844399,2032.991125507972,-967.1583532475444,0.014858507142186589,0.012688693238977547,0.016645766513516912,0.019225377871607434,0.016602422926238772,-47.141574969411266,-67.30903194830994,-828.6996247098145,892.8684983135489,-3432.4746698704894,-2098.51533396355,0.6099792323074733,1.0,1.0,1.0,1.0,-663.2208388057599,2301.0984902623322,-787.2586605361197,892.8684983135489,-3432.4746698704894,-1895.7498199047675,-9775.164725871236
856.2176247436082,2472.3148825625763,-573.5195322626403,853.2879877866071,2446.088358246841,-612.9877038260278,848.9040965469542,2408.4604082982837,-665.6258527505012,840.7146914630943,2376.9486230401703,-720.1372723262897,843.2392327235963,2339.5343644489253,-781.8598383533928,836.0695951219536,2313.8874621434493,-831.1022138298092,0.013074410928383483,0.016964441067283134,0.01544362230161006,0.016889910985973165,0.014202942268652478,551.5157983716565,-13.682799467103388,-880.4725514659476,-264.33215277315776,-2162.771132624968,3947.2222324736085,1.0734246724480951,1.0,2.0,1.0,1.0,855.497774060789,2473.5040030515975,-571.0999492918187,-264.33215277315776,-2162.771132624968,-3088.222111287091,-9768.863005115556
-447.0493592696832,2341.3677189636182,-783.5077388097247,-437.94048871254654,2302.447815262604,-798.9779619376545,-425.967961781489,2252.8885489469503,-835.9294564317324,-408.28922904059135,2203.6997035024224,-869.534462121923,-395.7059883378491,2146.890247770344,-914.880309217999,-380.63463497360675,2110.9182119762736,-950.300548598027,0.012641200650179448,0.017239858060774264,0.015250903415525548,0.019297018088382342,0.01377516669334275,135.1737181069814,110.3007293445354,-981.1841672475248,787.3535284710912,-3017.1039441676144,-2638.918114789172,0.6617958530917962,1.0,1.0,1.0,1.0,-447.4678929616257,2342.9576480285614,-779.924536108769,787.3535284710912,-3017.1039441676144,-1723.238233881715,-9923.597631363977
570.1293982698872,2397.920754834783,-805.7692267498303,549.1159145629455,2351.440756923318,-834.3645094738929,533.8962241125713,2310.6055425307873,-874.4976445634169,517.118142303681,2267.1637878051065,-915.1720484777578,496.7253562976043,2232.742278547231,-953.628343212222,480.9134458301198,2194.4183862017517,-986.8309027237061,0.016585468479036778,0.01515183052249619,0.01314464300743616,0.014130580765567814,0.012186876300675976,-385.09583896093375,219.90952140656424,-954.2827940644739,-1237.7517004028755,-2826.762941462847,-2828.6250195089933,0.6988006009247877,1.0,1.0,1.0,1.0,567.9729703492792,2396.5169863329634,-804.0318452312965,-1237.7517004028755,-2826.762941462847,-2257.8703447163293,-9662.763269834259
161.39828542151764,2274.3776214882323,-942.2969535769055,154.4045922174368,2232.9686524077197,-960.29275517299,142.5503724619216,2190.9234442052407,-973.9381036819238,139.3319853001583,2143.80679650846,-990.2583439515693,130.46383043381874,2105.4802233086525,-1007.4288499448821,120.24036397047128,2049.7527610719926,-1032.6130873184068,0.013664142398537405,0.013881394816604204,0.01576246599220076,0.014059445797883388,0.01819266366850597,-242.5772734575676,43.593664034515925,-922.9655953584243,-540.9894139988471,-2977.583414162611,570.3967522723794,0.6744398873262688,1.0,2.0,1.0,1.0,163.16478704156748,2276.7812246564763,-944.3581850914114,-540.9894139988471,-2977.583414162611,-861.2117967642337,-9717.965738438283
537.6784007946975,2250.5684319672764,-633.6850700013563,534.9142654530598,2216.1685272975255,-661.6847558459706,535.9071211079031,2180.973678573174,-682.395863369192,534.9506074928532,2143.361072111438,-716.9855821791109,536.1030926756356,2094.130159118924,-763.089034359753,530.4159069921462,2062.3268759506823,-786.1630347459419,0.014556264933773046,0.012503030132368007,0.018046178413347966,0.019707930471077613,0.011579083405975063,511.725416745153,91.50852768378722,-979.0026977411176,-30.868798278446256,-2467.7372832456663,-3069.5029311087224,0.798607512643459,1.0,1.0,1.0,1.0,538.7356152387947,2250.7786505237427,-634.0851166873917,-30.868798278446256,-2467.7372832456663,-1625.9539565794003,-9826.424044640347
805.3333682098904,2340.9546016666773,-823.4433604371392,800.9508992581951,2292.5370669934377,-859.4028657780354,798.5540604255816,2240.8188282988,-905.4124954188775,792.7670218499874,2193.1415438270215,-952.8880230019013,788.7484683628539,2142.582921139478,-1004.0815340511645,784.3811201429723,2078.9553523503996,-1066.064672970311,0.01368807828968968,0.017658987287352323,0.01590953434323175,0.017063863954135478,0.01767277980678658,636.8194926207971,-63.845150175735114,-872.2994107457675,-223.57959965610732,-3207.000438334424,-2743.9910707861604,0.6680067563188048,1.0,1.0,1.0,1.0,804.5041923628823,2341.405178575086,-821.8312080058257,-223.57959965610732,-3207.000438334424,-2556.0027306186525,-9876.331665822228
-164.16638623035965,2364.5368238263313,-739.4686202018543,-160.75876276712302,2309.310023387749,-757.4400703136314,-155.6000981160945,2251.5040537647433,-783.9098471527763,-151.76054831460684,2204.8518459635056,-808.0284258923699,-149.35412945174616,2140.5178786487363,-835.3321192537647,-141.35116304607507,2081.487367856556,-873.0325689021581,0.0160765693364584,0.017508591390507627,0.015043024650018319,0.01736687924935488,0.020081188870658365,19.491392176461005,-2.8941035475878714,-891.3438710033757,256.492980407525,-3260.7022261210836,-2084.143670538689,0.638923746503003,1.0,1.0,1.0,1.0,-166.46601861899467,2361.115010390192,-737.1158532952495,256.492980407525,-3260.7022261210836,-1158.6786425965015,-9730.588502151968
-380.05698639671897,2588.3222050679706,-355.2310675623314,-386.44775353612357,2560.6387240617187,-376.85604887709366,-390.0216153431225,2525.4027438061653,-403.83935743613773,-388.5133758860725,2487.4913529096566,-433.36707106405333,-392.4400087556288,2460.895985258774,-469.74858780464996,-397.8960654186171,2425.9916134878035,-504.9133630529578,0.013173069831705997,0.01589329093335748,0.01647355024482604,0.014905448687688817,0.016547801742513475,-648.1522653966109,106.8129010914881,-888.414670448252,-222.771116730544,-2075.1220490071264,3606.916640594108,1.1180068385599047,1.0,2.0,1.0,1.0,-381.94078090361376,2586.5837496550103,-357.27300244476453,-222.771116730544,-2075.1220490071264,-1551.6973330116912,-9981.561428970268
562.8491036697363,2447.2670905044893,-964.838507845679,543.3553022481337,2402.5065156250853,-1029.3183101195102,537.5484793834831,2366.8338080484336,-1083.6525761269324,517.2275445384153,2337.739730649864,-1133.223388497256,512.4006915461047,2288.783208559103,-1109.178498474402,498.5302213362217,2247.505636454829,-1043.2786953357993,0.016384761899112494,0.016430535824440172,0.009895739976523918,0.018501224587297756,0.015352705573533264,-288.8844204443851,64.10113073497936,-934.5651010779377,-917.2037716204444,-2561.9611388154326,3439.9608802914154,0.8534350321390931,1.0,2.0,1.0,1.0,564.1150871626296,2446.724989833325,-965.7898246626813,-917.2037716204444,-2561.9611388154326,-3527.353304228679,-9735.54634692216
233.15456206985021,2375.258608335505,-423.3901254659029,226.8914197492102,2338.9651361250144,-465.58587131254393,220.3257514596783,2308.590964754942,-497.6658367228496,205.90389038862685,2271.4963108990823,-535.533802831952,201.42962716322495,2238.5937437256166,-573.5885385727662,191.91748738693315,2205.958270798313,-619.7884716947108,0.01756878327400207,0.01356673323405214,0.014689095196599649,0.013258262317064971,0.016091754456883697,-325.63125804162814,10.216547847358868,-851.8475586458026,-535.0205387197678,-2274.7158283634803,-3620.0767488303663,0.9648253715213972,1.0,1.0,1.0,1.0,230.79010222692966,2375.9210093453758,-426.08117054286106,-535.0205387197678,-2274.7158283634803,-2194.0418684579395,-9737.293070895761
3.4760564527654214,2449.113684429087,-607.4915794616937,5.3973370834707035,2402.1722211860115,-622.361715709915,10.31786693701254,2364.2359409681812,-648.8093670053523,13.160621341528469,2330.015291531232,-660.0025691332442,10.338953349514775,2289.235846770706,-683.5492963210964,24.509153177665887,2246.535487104507,-711.2428199286239,0.016489726642402933,0.014099429105465161,0.012347442318866735,0.017139965712446047,0.01610214646413216,231.04345870533706,119.43377081204821,-986.0692626347304,257.45081271143835,-2612.583787236821,-2896.902465733258,0.8138212897566877,1.0,1.0,1.0,1.0,1.9122353921577542,2444.6333414528167,-607.0649667062222,257.45081271143835,-2612.583787236821,-971.8420795040715,-9825.919330408824
-179.28204891828108,2351.198365356408,-1100.1048874190326,-189.5820366776444,2297.607983604296,-1144.3716077398549,-199.682005550616,2257.5573901384064,-1106.1786940177992,-205.77160885459386,2213.9945321884625,-1056.604962082931,-215.91366450769218,2163.160105002082,-1014.1557298185207,-229.43590388372147,2112.9800803277894,-967.8959197350587,0.017211182140398785,0.012477873881583945,0.012490792440105276,0.01757002362936403,0.014485110292249477,-632.6552587423109,26.89970790795241,-996.4065463133113,-610.772391904133,-3135.977156420866,2803.4903329512367,0.665765017616299,1.0,2.0,1.0,1.0,-180.6836887332547,2347.5228036593935,-1100.9631957701222,-610.772391904133,-3135.977156420866,-3147.527943960493,-9788.639272217764
812.825945751583,2612.55967629081,-759.6142575560103,799.677720830252,2581.391832152231,-763.8101356539215,796.2691001047406,2547.6570800125446,-783.9940943149339,788.3384230773382,2521.516693321866,-792.4228186262804,783.2795734030564,2481.822874857831,-809.1054228576727,768.2268845110959,2456.9691179643037,-828.662806480591,0.014270824436974392,0.017461323049838454,0.015564773563629335,0.017335125163202812,0.01559636843333656,187.08111079831696,75.9583585471886,-997.9462221998517,-469.03039603580794,-1912.8874100215512,-2223.8897978508267,1.2447715853530121,1.0,2.0,1.0,1.0,808.5463855457588,2610.5341768257317,-758.0017965566963,-469.03039603580794,-1912.8874100215512,-480.4880647828985,-9827.17703834213
-208.45998177308687,2521.6785814396685,-273.7667433983344,-211.0758959599628,2482.3923213367975,-294.21766159192885,-203.45950907899072,2443.776083917063,-315.2560188173992,-206.4256329038395,2409.7651438178586,-339.01836591249963,-197.46545982624045,2361.6453584681203,-377.7726243777178,-195.75572011361402,2320.157045625584,-406.5293500287771,0.014324159978571246,0.01518370576154269,0.014703862163470936,0.021216409958279288,0.01639312002178936,-97.96968779482279,-158.9360406732922,-802.6703981361965,97.84261721606653,-2424.5508581274344,-3454.746870213822,1.023178742116345,1.0,1.0,1.0,1.0,-206.0857798185749,2520.1926575575276,-274.949208660874,97.84261721606653,-2424.5508581274344,-1240.9958326863832,-9849.477066149044
541.399077607073,2531.9331063528957,-304.48819345841787,533.7605712587477,2505.7367835925643,-340.9748728779004,521.5118824058885,2481.4835808850744,-385.5949511601485,512.0789193143274,2448.3036207460427,-439.93073309071457,502.4662267548321,2424.7592825036254,-472.4728273677535,486.13818583346364,2399.7847823724956,-519.2809714671265,0.014214259046341597,0.015125462166785347,0.01815666395929196,0.01270893014485533,0.014318018420583063,-373.47600225975793,298.0283525470777,-825.5702506648048,-717.0072741883746,-1752.0511438638514,3986.810238548368,1.2004766662621376,1.0,2.0,1.0,1.0,540.7082723304181,2531.8935609734804,-306.8606806249704,-717.0072741883746,-1752.0511438638514,-2393.3723145779545,-9800.431688282904
-503.87658890396943,2494.683530715722,-468.0402295047222,-496.31797979412124,2455.1899151029857,-486.1784283636385,-479.73673005756274,2425.283479312315,-503.6592448435958,-471.7643826679887,2400.4950735631646,-525.8012168116431,-465.3663143930162,2359.7139721834374,-553.6363747080851,-449.52628360356766,2324.112811928955,-580.9834565127682,0.01653504181733842,0.012872839897548831,0.012937855496631553,0.016782490675476797,0.013789851433322516,290.8830777527217,8.592022963220563,-949.753705383678,716.8897168836336,-2240.4022899647703,3313.718528711845,1.0370819206796802,1.0,2.0,1.0,1.0,-504.86450798811177,2495.4385648241123,-465.3442375818762,716.8897168836336,-2240.4022899647703,-1187.65447246874,-9879.076122873352
699.70885154556,2491.6275280370833,-439.37265638007466,695.3253242167079,2467.8512658375116,-489.71745331150333,681.1020698958048,2437.903776846763,-550.4442733488249,676.9679956581307,2413.0946097884275,-613.9201948583228,665.957786948726,2376.9425558174926,-689.1469694640188,661.6270738516878,2351.4349195317627,-757.3868648200828,0.013458446699198738,0.01587906664171294,0.014486651875129233,0.016124410202013523,0.015135423688866667,81.54823622544353,-15.515411153314204,-889.6546588543764,-474.45249502682753,-1930.7615676979424,4904.140750856055,1.224916000893073,1.0,2.0,1.0,1.0,698.3364797603197,2494.4746268540043,-437.37373038467933,-474.45249502682753,-1930.7615676979424,-3889.7588571892165,-9862.408173316473
-278.75740860275494,2316.155734531907,-979.1627826638912,-279.14879756716704,2263.70689514506,-999.9772452945629,-279.13763441294446,2211.4261266694557,-1028.7888948451982,-279.8389609760866,2167.8753188699957,-1055.8196695647193,-276.1986386270558,2116.062339434163,-1082.9073607212572,-280.0039431152758,2075.530987061818,-1113.1146191916541,0.014895801959692126,0.016893256018497498,0.014266796895665096,0.015024886159342332,0.015193821119662748,-297.2820228627526,0.28160460186630765,-907.6328483157179,-27.660105167767824,-3192.0892800752977,695.2191923563395,0.6487254378471408,1.0,2.0,1.0,1.0,-277.22844661612436,2314.5463326564523,-976.8419607889632,-27.660105167767824,-3192.0892800752977,-1357.6795094205668,-9819.84718369957
-178.708387979255,2424.9701713921186,-912.982133057353,-177.0642300343769,2397.223484573844,-943.6424213969937,-179.63112201693966,2355.358338660104,-975.5798985630822,-183.03586494347053,2325.5119377722267,-1006.0941150668565,-177.25511528326237,2294.9039437387287,-1043.1807919241153,-182.5994687431525,2258.729633642992,-1075.2517732764618,0.01728845328856195,0.016230864656780957,0.013894025075963497,0.018983309345280378,0.014551338212931003,-173.9638525459465,80.73562351313487,-991.6385725410623,4.390484487835543,-2063.7929479621844,-2010.0243417649808,1.05405200942048,1.0,2.0,1.0,1.0,-178.94705243963824,2423.1406194502156,-917.0969487059783,4.390484487835543,-2063.7929479621844,-1607.1299313843836,-9780.21873775508
-108.11647980333345,2427.29399243905,-470.92407759305735,-95.79438215129498,2387.039377723593,-468.96684876538666,-95.35750111890255,2363.2899171537933,-467.4254997749844,-86.42449529175146,2323.7046650924226,-464.0595237979418,-83.82580646614643,2296.4954790756988,-472.2757428172789,-73.0839558808071,2257.0689066308387,-473.51987152158455,0.01763413516708287,0.012220803216605697,0.014944304566667725,0.013351136696992137,0.013394361850906512,311.4105265714458,-40.79516063011101,-827.4228794203692,397.5826056154852,-2351.869946681968,-2659.776195738797,0.9784552585017446,1.0,1.0,1.0,1.0,-106.05120932481339,2428.6682833859522,-473.1553457748689,397.5826056154852,-2351.869946681968,331.9295208122152,-9829.797886272918
473.9939882134149,2231.157782384561,-301.0025937671484,458.38189342230527,2193.8572575980565,-316.29795810003105,442.0669382095731,2166.703121040497,-333.571242569098,431.2413718495343,2132.1536667783357,-349.113331202355,417.37008285312214,2101.938750987524,-365.7899433856619,399.69586669169354,2066.96596248387,-391.36047431987294,0.018144717203404673,0.015376560443457692,0.016458601400899636,0.015346729507274705,0.017009310593677912,-487.8900590419604,63.1896037391398,-804.8718762786572,-872.4909509745946,-1972.6775695395324,-3203.5208940163284,1.017664080851284,1.0,1.0,1.0,1.0,471.84998703009614,2233.1349302326194,-304.8700448745068,-872.4909509745946,-1972.6775695395324,-682.9189737936038,-9796.66153911461
706.0887536960512,2215.1998898882152,-881.0520257569099,686.1774556456065,2181.9854555544903,-896.4269002218193,664.2222179177892,2151.2619782331735,-901.329589411639,649.9492893595539,2126.5771122399005,-912.6640827198627,630.0205487540992,2091.468372809698,-921.6944483474336,606.3234228659289,2051.5278426386385,-938.1117220883681,0.0176019498686004,0.012977402228808572,0.01337006551607102,0.016116978887308127,0.01754919990982929,-486.13935578500013,294.99480109470323,-880.0373183385865,-1295.2796902022178,-2089.306054855255,-189.6546761411448,0.8423844035893833,1.0,2.0,1.0,1.0,705.5179592010402,2217.156371561538,-884.0541534737391,-1295.2796902022178,-2089.306054855255,-341.8809810427834,-9969.612816996882
532.4619814443062,2302.1012129160367,-562.6564000132605,524.2143128340059,2258.6548870986253,-587.0268572935008,510.0949051744562,2209.826595456789,-628.5222520769704,500.3130980974445,2176.3705196194746,-655.0877958718805,489.71290647305324,2139.372233282321,-687.0946502594414,476.5487282602152,2090.4870101582414,-737.4628659852351,0.016157272034506384,0.01973702983785252,0.013794843547193056,0.015714009802291345,0.018344131980675873,-111.19215980894349,50.88887551026322,-907.9465238090966,-712.9184226767289,-2470.5825417687015,-3078.6640729228893,0.8262527127974815,1.0,1.0,1.0,1.0,537.5636048268796,2299.1189885197764,-563.3397709538376,-712.9184226767289,-2470.5825417687015,-1629.8473789941966,-9898.778080660173
-314.8913797246256,2361.436609538992,-750.367925970352,-318.0517888360634,2335.554171348882,-761.9519458227386,-316.73526431156597,2299.1981311877985,-775.7083317098402,-314.6987467926132,2274.0868070356223,-789.7018159505357,-304.52717294016503,2256.427194388069,-818.1867479271872,-321.23417271263077,2219.466970497228,-831.1384005679131,0.016360738922088364,0.01994317023990038,0.014929696779727407,0.016964962772483487,0.015522359514937259,-406.66371329966734,80.5362377527498,-955.57828072602,-69.15269097946178,-1708.0110020279556,-2090.7265414729263,1.2512790717708566,1.0,2.0,1.0,1.0,-314.34487084209337,2360.730925460062,-746.4829922574463,-69.15269097946178,-1708.0110020279556,-559.3347091031462,-9705.947170204196
887.3796882981616,2353.183340794967,-1007.411106159836,868.741244060195,2305.9618759481787,-1064.5360045289076,846.0092405594571,2248.63195029088,-1123.2174552661222,823.5129466496428,2198.484955674189,-1126.2229480811707,802.4994286195364,2156.867722808988,-1063.1973817863397,784.7505244234916,2102.576389204625,-1013.2883862910526,0.01494064639838986,0.01771682074527849,0.012868890777251944,0.014203804662497488,0.015845557462328443,-105.64229422122236,-41.134346956426334,-810.4394333635248,-1358.8071300743252,-3280.161636745446,-2896.176924960127,0.6544242799542543,1.0,1.0,1.0,1.0,886.2869107330325,2353.383647867745,-1009.5357508364458,-1358.8071300743252,-3280.161636745446,-3505.548840444724,-9795.468374622218
570.6887717680783,2370.793602477926,-1041.8597796641438,552.7367150687726,2321.8487457080696,-1084.0722535629627,546.369863951849,2288.54529854856,-1118.4974668156087,532.7184027318766,2247.1662661150513,-1140.0859415951281,517.9281933808724,2209.2197489698506,-1106.9721194524236,505.95052195958567,2161.409029169692,-1068.7281702498851,0.01565043549664374,0.01672558827091381,0.015673728806091372,0.015007578251800269,0.017735547928690823,-95.63320475403118,18.404003592353163,-864.1143468174912,-726.2843815788773,-2573.228555012903,-896.7339132078126,0.8342071212458607,1.0,2.0,1.0,1.0,568.9170043906406,2372.90813142915,-1044.557591833935,-726.2843815788773,-2573.228555012903,-2080.9372232118985,-9768.830133612297
-505.6447620547821,2211.881795850622,-718.6208519974631,-484.96959282448984,2185.8049302966165,-735.8454387434592,-477.34105997140364,2152.2916684808765,-744.9913737246073,-465.77004024228063,2124.8130476335245,-764.5762240169828,-448.72499449567675,2091.2873256714956,-783.4572024157036,-435.73428616371496,2065.353932698648,-802.7516414914411,0.014227209946179754,0.015258453059433467,0.013748331643223703,0.01777124991702951,0.014797797132863076,438.4316214539003,270.6079568466779,-834.6857798252431,960.4304422988981,-1980.5562592474616,1674.5960776984944,0.9041969583012712,1.0,2.0,1.0,1.0,-502.79021199902127,2211.5530909091794,-720.177385949151,960.4304422988981,-1980.5562592474616,-758.9186866883649,-9731.61699910523
734.7030852872763,2351.3799397569755,-978.8905514470398,713.2497495124713,2306.963531430196,-1024.926634897801,694.4978966025424,2256.860764289434,-1076.1636868848302,671.8832173377339,2207.712637379731,-1127.183848898061,653.0274672749141,2147.039755258285,-1101.0396227326617,632.9107908194133,2089.833969808515,-1047.8904894153097,0.014139681666790405,0.015949798273023046,0.01515367324820548,0.017649256319603485,0.015284184773391926,-181.8255621247807,6.356525285537593,-826.6635911848498,-1289.2919187808582,-3302.450451773411,-2707.39931796142,0.6318234057189862,1.0,1.0,1.0,1.0,733.5717002096278,2351.096346044657,-979.37741490576,-1289.2919187808582,-3302.450451773411,-3207.6192798244087,-9686.991599299086
-23.071978556835408,2512.9658707323074,-246.05310272498986,-31.081794409885134,2485.527454368182,-294.324664974676,-26.10043519085752,2454.725833479167,-335.87622281831176,-30.906125808890884,2428.9843172287965,-381.50739629646796,-33.9931975752108,2385.8236171895205,-447.43208492355404,-39.05205183005823,2351.8492257669586,-507.9166099781698,0.016056669255926304,0.014986780282595775,0.016990587393355423,0.018641251915769187,0.018069478887722604,-230.1416425311106,43.57592733335243,-884.2028770580603,-156.99105132934608,-1883.834606121756,4467.645172777753,1.2252552322646248,1.0,2.0,1.0,1.0,-24.4833652896682,2511.3992613528603,-245.38321172603764,-156.99105132934608,-1883.834606121756,-2716.6421987931676,-9846.699242837829
-573.2283806478468,2341.133343425221,-597.2900460186313,-558.4911917207515,2297.226941172657,-654.6971506926068,-541.4793351921422,2257.8541288186275,-698.4094284437834,-529.2794331976189,2226.6134143950167,-737.9037749501201,-517.6048416856506,2190.457293303216,-789.0856159690375,-505.24425781279547,2154.1772862691055,-838.554391766887,0.01956286829250988,0.015708706602950834,0.010574691917403727,0.01689265691438121,0.014211294186162293,349.02887006506074,56.5829734089063,-830.353813459965,970.9880837387461,-2388.5281693374473,-3472.6429108409097,0.8780497820865928,1.0,1.0,1.0,1.0,-578.2647499054424,2337.627375126166,-594.5712617641266,970.9880837387461,-2388.5281693374473,-2733.2156103703633,-9731.944938425566
174.91794143427254,2350.6456801746244,-748.5186912229378,171.7894206772151,2308.6313169054147,-804.3945223228556,168.87314031350272,2274.6165279099673,-850.9726413629131,173.487443957878,2236.2983948745523,-892.8346929557749,166.69265231138297,2198.613890864755,-947.6165884774832,175.69899702186362,2151.759897044855,-1017.2035157118834,0.018197438045108445,0.012481965888459012,0.014374185976986115,0.015579347682521956,0.018414700643676236,124.85508281709605,97.32118674247113,-982.0193788842894,-54.49550199684374,-2537.9673027987797,-3618.126403660011,0.8109523617632489,1.0,1.0,1.0,1.0,173.35607959428603,2356.11208623339,-749.8062794046657,-54.49550199684374,-2537.9673027987797,-2914.28512759012,-9900.000405842384
401.83766677041416,2312.426559037841,-685.0892537126491,400.1166295690085,2270.0765906331835,-710.2650385022979,396.15231578384845,2229.7997920432276,-733.4774306432732,394.3333947701658,2188.1146656727733,-756.7006520597188,397.44283923078075,2146.8000309063164,-789.3837879552945,390.0575698471134,2105.108344405435,-825.8218235609717,0.016224163734183793,0.01475979921193651,0.015098268402553412,0.014455191336175496,0.016751198980402997,227.61890458810734,63.83815737993535,-987.6444473349607,-210.68916724740615,-2724.594530376692,-2843.9973612288345,0.7477113783347484,1.0,1.0,1.0,1.0,401.4374675672152,2311.628644940707,-685.0075780588402,-210.68916724740615,-2724.594530376692,-1465.2336235906353,-9817.025026607002
