sample_id,captured_at,x1,y1,z1,x2,y2,z2,x3,y3,z3,x4,y4,z4,x5,y5,z5,x6,y6,z6,dt12,dt23,dt34,dt45,dt56,x_hit,y_hit,z_hit,vx_hit,vy_hit,vz_hit,t_hit,is_reachable,intercept_valid,bounces_before_hit,has_bounce_before_hit,hit_obs_index,hit_obs_in_workspace,hit_obs_selected_from_workspace_pool,hit_center_dist_mm
1,2026-04-05T00:28:48.832,-90.49171549930134,2367.8002663703305,-916.9908444222835,-55.894580556032,2273.0667414819777,-948.5430167138344,-62.98770140644365,2188.507166037063,-994.9813567759663,-60.35007724436355,2104.013716066951,-1036.0962139419407,-50.29187613092154,2019.0496471411325,-1078.2253169911191,-39.574117818811374,1940.2394069224179,-1095.5737304700783,0.01598970001214184,0.014135100005660206,0.013816799997584894,0.015169899997999892,0.01619520000531338,0.4240855312377789,-44.67807412517095,-919.7785829355364,77.75719555291377,-2023.3824436857647,1366.1770861563691,0.5947944999788888,1.0,1.0,0.0,0.0,44.0,1.0,1.0,48.86207628631808
2,2026-04-05T00:28:52.236,461.6348823876963,2140.277962780029,-1073.7959953824334,454.06390238386325,2086.468000046303,-1071.620663925949,449.72502992190493,2040.0024375902317,-1028.5791911732026,456.27708495299294,1992.1110610844596,-980.6168304923154,447.01199436745173,1947.4162723774907,-944.8925860079773,449.060142902189,1902.7196216988477,-908.1980475219268,0.01897030000691302,0.012854200002038851,0.015423799981363118,0.01597790000960231,0.015355800016550347,343.1905217374349,5.096789784084876,-908.526012483054,-38.5981082282289,-1365.390515488262,-1373.8329491349239,0.8939152999955695,1.0,1.0,0.0,0.0,62.0,1.0,1.0,343.33424583833335
3,2026-04-05T00:28:55.898,-57.139840816111246,2122.391205454841,-894.9238049850421,-58.21733319474788,2074.3602028156142,-874.7547015312535,-61.574699925608456,2025.9592457540039,-851.1501545086094,-64.46411219833772,1978.4856885134357,-834.402653826385,-144.77332640151963,1938.5158581635628,-831.7876823864542,-57.71451491149355,1882.534714415546,-797.8340284056917,0.016674000013154,0.014691199990920722,0.01399080001283437,0.013544399989768863,0.012628600001335144,-120.59721485792306,-149.44690073736933,-972.5371013314924,596.7658744650025,-1281.245857994101,985.5412746418567,0.9081521999905817,1.0,1.0,1.0,1.0,66.0,1.0,1.0,205.27955436688862
4,2026-04-05T00:29:00.452,421.51522065589984,2176.435600553648,-1041.1773754919411,412.18751329817815,2116.1078687701956,-998.9444436943489,391.5770148335805,2062.3329348537363,-969.2147155363174,387.55682919669425,2006.443972991761,-934.8838872466825,362.7629529635417,1953.3817086679799,-909.579767988679,352.62432221365543,1896.5875327737922,-881.219110050332,0.015408500010380521,0.013524500012863427,0.015233099984470755,0.0170059000083711,0.01676559998304583,-57.06163734321035,59.65526235893981,-904.2494973533326,-585.4998567856331,-1860.0754673817141,-1078.9902582159696,0.7289705000002868,1.0,1.0,0.0,0.0,50.0,1.0,1.0,82.66098844774346
5,2026-04-05T00:29:03.398,171.27978009007938,2243.3604893235215,-688.2332705668314,190.0500590233387,2173.424326955607,-694.700858332365,184.3447656484177,2106.0687533263635,-703.2211029289615,179.14370784464745,2040.1323611317844,-715.6298936291419,376.3299574659695,1920.3030114471153,-700.3608522285379,350.7814039019879,1866.7897594581718,-722.6477264978395,0.016148899972904474,0.016867000027559698,0.01682049999362789,0.015949199994793162,0.015320400008931756,-470.3740207340488,118.09371553273786,-934.8431390845026,-539.6183178681439,-1793.3346149291413,1265.3348317376788,0.7390103999932762,1.0,1.0,0.0,0.0,51.0,1.0,1.0,486.22205767643305
6,2026-04-05T00:29:05.318,228.686962805853,2181.511376467758,-518.696313507973,236.11483785693054,2104.9083373157737,-513.9705044615872,242.7312021226594,2030.7357943393195,-511.632269615332,260.1551551316179,1955.0425334599186,-510.94633070769237,275.52159480366663,1880.85836978791,-512.802645204114,289.1205531845558,1804.9541194020746,-517.0619400672892,0.014527299994369969,0.018351600010646507,0.013439299975289032,0.017839100008131936,0.016100200009532273,510.28662534291516,95.67232699634451,-884.016006000824,-1105.3814618326876,-4439.251362569573,1659.7739977327124,0.4230113999801688,1.0,1.0,0.0,0.0,32.0,1.0,1.0,519.4238367854539
7,2026-04-05T00:29:08.679,245.8484724784571,2210.6065250453853,-646.797924264019,290.5886530547209,2131.705282143298,-639.2526353299875,288.5477552610291,2059.2096886283216,-641.6717713430396,284.70791706848377,1988.7339012997763,-646.3690515932738,290.700465239755,1916.498459276585,-652.3912423506565,283.14886560975447,1848.8757993606025,-663.2661677142123,0.013870299997506663,0.015054999996209517,0.016144699999131262,0.016736799996579066,0.015872699994361028,221.75236983734203,-30.00906128412248,-860.0587778808147,-11.873004293510897,-2160.7650720498586,-1119.4269039904589,0.6049886000109836,1.0,1.0,0.0,0.0,44.0,1.0,1.0,227.31026926209393
8,2026-04-05T00:29:12.543,292.8779394290209,2168.064692220869,-576.6922253528393,278.10054459617004,2104.6664946682577,-580.7858712782318,268.6643996705898,2042.7000094376483,-587.6525128134292,254.63741616889956,1980.0794321039868,-596.9029303128041,246.28684951106834,1919.223451519867,-607.5562442371083,243.91501001232518,1857.053453165417,-622.8671041913383,0.014601900009438396,0.014227599982405081,0.014432600000873208,0.014905999996699393,0.014230600005248562,3.658611733842463,87.49009974712385,-984.4915687645596,-155.79791934143785,-1586.2627744666324,-2119.605351652726,0.7219500000064727,1.0,1.0,0.0,0.0,52.0,1.0,1.0,121.68290013751724
9,2026-04-05T00:29:15.969,-244.8762243787014,2410.505180102725,-973.9307092344792,-225.72679378809835,2316.3935275090867,-1009.919206367813,-222.61942411884957,2228.8864437823227,-1055.786385115985,-217.4609415859436,2142.174447913986,-1101.095402037644,-199.57371297797954,2068.4447459394396,-1086.7143009826186,-216.0281845069394,2003.293158284393,-1050.7472858453893,0.016248200001427904,0.018445099995005876,0.01586929999757558,0.015259300009347498,0.01482939999550581,-94.43429138411557,-40.519740058923844,-858.9324565071443,295.24985112968545,-1989.955558085235,633.67645754107,0.6321903000061866,1.0,1.0,0.0,0.0,45.0,1.0,1.0,110.66267596710463
10,2026-04-05T00:29:18.267,-300.5383428805667,2430.375810733825,-986.8385051100885,-317.02620706543485,2336.673492177221,-1016.9650413721997,-323.53794558420714,2246.7517989283842,-1050.5314625386065,-331.48272932021155,2156.4679890623815,-1088.2913047496827,-316.25642672267077,2062.968650465079,-1114.370090794277,-309.9264385583556,1987.1215211602994,-1082.8288264241883,0.01641170002403669,0.01746789997559972,0.014887700002873316,0.015374300011899322,0.016750100010540336,-401.93837873018356,56.01693846018725,-945.2224587760052,-186.76568141432512,-2348.8234018843355,440.3504340774753,0.5082932999939658,1.0,1.0,1.0,1.0,35.0,1.0,1.0,408.3349464207642
11,2026-04-05T00:31:02.955,285.17198782664445,2190.608560202206,-652.4191824954348,318.52411478349586,2121.700990919153,-631.7333226166545,328.5285818440468,2059.3290032168097,-617.1827087101323,308.77908106019277,2003.1946997239365,-608.3380435841259,321.3629715164607,1940.61162086276,-599.619399437648,321.84779976738855,1881.2288677948459,-592.1981587228471,0.014826600003289059,0.013954699999885634,0.014613699982874095,0.012965300003997982,0.016612200008239597,432.9055497155248,-90.09793851911695,-813.6339160919622,867.1959243583644,-1116.1759581751826,-949.1308489680782,0.738292599999113,1.0,1.0,0.0,0.0,53.0,1.0,1.0,450.5374057162241
12,2026-04-05T00:31:05.738,357.53135894942557,2148.635476195286,-608.8298663605125,354.07986329918094,2091.60571789369,-591.428348149323,349.537686891817,2033.6641738703656,-578.6948535908301,355.58252645835387,1974.6086663414194,-567.4044501894396,360.66150744133506,1918.2527863143869,-556.7119375623628,362.9782554895919,1860.1841445927776,-550.0214956352057,0.015760999987833202,0.016478700010338798,0.014821599994320422,0.013574099983088672,0.013806500006467104,303.91909425135464,185.47396356915533,-801.0197916964571,425.47832819508693,-1683.9253680253694,1368.1542347578336,0.5292167000006884,1.0,1.0,0.0,0.0,39.0,1.0,1.0,369.5463281490277
13,2026-04-05T00:31:08.940,-86.44294930109936,2328.5441655799077,-711.9430871264881,-96.08934010082248,2255.0661597981234,-692.0768595536096,-95.66885363991605,2184.6610059306013,-674.2217413416674,-102.24618959158852,2112.7092758382632,-659.9980295832149,-129.7046067731635,2046.9569560462935,-650.9509791964701,-119.28695828754417,1976.389913261376,-639.1103332013693,0.015307099994970486,0.018409300013445318,0.015149799990467727,0.0135805000027176,0.015431900013936684,-156.71982019443112,-217.1344595674327,-867.969017495552,-39.27658335062684,-1811.7997976859644,-1729.046768767169,0.7806500000006054,1.0,1.0,0.0,0.0,50.0,1.0,1.0,269.69326912923907
14,2026-04-05T00:31:12.217,-71.19498093176207,2016.2055553130012,-652.8317873552896,-79.7337778955989,1955.8685770901036,-648.6798343440306,-67.57223016399257,1897.94111781861,-647.0504860622508,-73.04971546521801,1838.34122036884,-645.0017866360902,-61.87601518508063,1780.5238479723257,-648.6595189298265,-55.39128291381394,1723.1354280405353,-651.935612815633,0.015092299989191815,0.01579550001770258,0.01777780000702478,0.018015099980402738,0.017122399993240833,-158.20549506531097,-64.72623587239332,-874.9541716418514,-1934.1674552248926,-3674.605619762835,-1719.5112009012576,0.6249514000082854,1.0,1.0,0.0,0.0,46.0,1.0,1.0,172.759248080138
15,2026-04-05T00:31:15.277,555.8954391333741,2038.2744348960243,-686.4169200512797,550.3210034464946,1968.44542640603,-682.7232623103789,541.3500036357261,1895.8905471410899,-677.2846684442839,541.4673625378489,1828.2069329527853,-677.2706317949853,534.9974710197328,1759.8636016984954,-684.021188471972,533.8488917718403,1690.5820430963024,-684.0742884462572,0.018834399990737438,0.016538199997739866,0.016029799997340888,0.016367900010664016,0.017439999995986,308.4031721054621,-77.90729915829684,-838.6533047568832,-1664.577089122843,-3809.859621946993,-1011.9038119406445,0.5418691000086255,1.0,1.0,1.0,1.0,39.0,1.0,1.0,323.95289911359566
16,2026-04-05T00:31:19.178,343.67475140383476,2170.4911627583665,-808.6913788759144,331.947256235728,2119.148945727931,-807.065816593536,303.6676824549422,2070.6112995482035,-809.9699259422371,307.2816994936197,2018.6460747584574,-807.887002305097,311.80643468533344,1967.2516717644726,-810.2333218746826,287.3328006914053,1918.966182251199,-823.9227690364507,0.014395800011698157,0.015612899995176122,0.013566400011768565,0.01416399999288842,0.013495199993485585,-116.6347632013194,-20.66972882396749,-1003.4808297874066,-514.0571186009769,-1538.8715151265628,609.7508862910762,1.02595989999827,1.0,1.0,0.0,0.0,71.0,1.0,1.0,157.2869600767159
17,2026-04-05T00:31:21.466,-331.45504678135694,2433.9602267731143,-1026.5660520596634,-320.7856279311636,2334.725313877387,-1064.7630151596923,-296.01145195239997,2238.498936473093,-1097.862306623339,-296.20480279314825,2153.5848465731033,-1099.83953323574,-289.39616812100076,2073.375169775731,-1066.7500273263036,-261.17349622021857,1995.8903177334623,-1032.520069733615,0.013658400013810024,0.014507099986076355,0.013006100023631006,0.014580899995053187,0.018073799990816042,-245.47325965390382,-7.027198776568184,-994.3684944477005,489.881119370179,-2994.963869492255,1189.6455167770628,0.4650958999991417,1.0,1.0,0.0,0.0,32.0,1.0,1.0,263.081575698649
18,2026-04-05T00:31:23.698,-4.337073790737122,2353.1032470544365,-1044.4325197858298,14.625663823562263,2252.1733026776087,-1075.2877292786925,35.49162034047322,2153.225777031452,-1106.5296800726323,53.02855632657838,2070.9049691604046,-1077.0925438176005,60.85694932832712,1989.000349926117,-1047.8613529652391,75.43106189010405,1909.5432260324537,-1020.5749995354255,0.020023200020659715,0.013261499989312142,0.015590499999234453,0.015858099999604747,0.016916299995500594,269.6400023880733,97.34720029069513,-954.3915098283647,332.7096161211669,-2704.750914891245,648.0750586325998,0.44759830000111833,1.0,1.0,0.0,0.0,33.0,1.0,1.0,291.7886986051481
19,2026-04-05T00:31:27.498,564.0806924654223,2141.5833120549187,-1036.1341058379282,540.5147766736386,2053.2903386542434,-1072.7902396859263,517.1342535178983,1972.5832353812264,-1079.954783175497,497.74443762807505,1901.5707227299945,-1046.6336479499287,482.2788581437769,1829.1178642032824,-1015.6941934654808,447.7333061849663,1759.830755038903,-992.2845014608714,0.016535200004000217,0.013543200009735301,0.01517299999250099,0.014617800014093518,0.016275800007861108,-87.41241184976707,55.20310949581926,-923.007470047736,-1045.3043070437527,-2611.92790813645,367.2082624020082,0.488479699997697,1.0,1.0,0.0,0.0,37.0,1.0,1.0,105.91343975812596
20,2026-04-05T00:31:30.331,536.2069424994104,2118.663019277666,-980.5473828194675,504.62535557279625,2050.3289259870508,-1013.538426614109,457.0064343339877,1985.7039296449477,-1052.5266895729187,413.51894119687813,1922.1659152878651,-1093.4333618944747,376.2798088593818,1869.0869238010387,-1063.3669666812461,341.1870878325178,1817.982806767782,-1028.799846497446,0.017740200011758134,0.014501699974061921,0.015664400008972734,0.016313300002366304,0.01646640000399202,-573.3044675662477,424.6052900900743,-927.7880150789365,-1475.547700559015,-1945.7598702543166,744.7982811246468,0.5441382999997586,0.0,1.0,1.0,1.0,37.0,0.0,0.0,713.960670265472
21,2026-04-05T00:31:34.052,-16.559198280924193,2356.074928200109,-1022.7457232711931,14.524716002792047,2279.5855448275406,-1058.3204629952015,44.01278623972257,2205.2785029391052,-1095.4896760514916,62.9894835598725,2141.083648191811,-1087.1609953594452,77.50460601999657,2083.051602959433,-1053.1686311011413,109.01906619816327,2022.6183063019741,-1016.8981886406519,0.015141599986236542,0.015871600015088916,0.014909899997292086,0.01563229999737814,0.013660700002219528,658.1670707806254,90.99880246387374,-946.3568094150164,-210.87526839381047,-2383.7099465225715,-1038.583469935406,0.6979011999792419,1.0,1.0,0.0,0.0,50.0,1.0,1.0,666.043263526438
22,2026-04-05T00:31:37.527,8.371012318923476,2346.367736456653,-997.2668076931234,52.41068677219937,2284.672891358558,-941.4151547963204,48.3275539889687,2235.569206229802,-896.0159367872578,50.09613309460474,2185.3495429342747,-857.697345640509,46.744147450912806,2136.060496408033,-822.5790868646261,46.80103678740625,2086.3589033194594,-787.8151286710247,0.013569400005508214,0.01373149998835288,0.017267600022023544,0.01752439999836497,0.01636290000169538,326.00189505389517,330.9047928561215,-801.9055447177798,242.96733240205745,-1959.5101712747621,1404.2898861137203,0.6661179999937303,1.0,1.0,0.0,0.0,48.0,1.0,1.0,474.76071833187615
23,2026-04-05T00:31:42.987,155.97036274790344,2266.7416942243217,-1104.1796316555542,151.76010350667548,2209.430229541456,-1051.4134810539042,139.61039774814026,2158.5709162960875,-993.5634644531489,123.52313124556667,2107.3559823184064,-942.5846784570435,103.40087525746094,2056.7302903713103,-890.5400417055049,168.6022253107817,1985.9385729693872,-823.9675608706222,0.015286500012734905,0.017366599990054965,0.018402600020635873,0.013709499995457008,0.01698980000219308,-379.4105938062198,152.63615379386056,-838.1718485972958,-307.6326303647035,-1500.8096906921883,1875.7028308864046,0.7182023999921512,1.0,1.0,0.0,0.0,51.0,1.0,1.0,413.60961599465634
24,2026-04-05T00:31:45.851,25.150190692132128,2297.0321427221747,-659.1911277490312,85.15963377440266,2207.806291263255,-632.4769082074972,45.97053941833428,2138.481711946002,-622.6510858355958,61.98229411107377,2057.0467136776697,-609.516501931997,50.990688864397725,1982.7253145837863,-602.6553001583725,49.913063212712586,1907.1260367615623,-595.7795413721333,0.015596199984429404,0.01580560000729747,0.016163399996003136,0.01628119999077171,0.015902500017546117,-203.6579976489311,114.82928587666129,-809.0114846995755,-316.5429930149021,-2140.2516916725813,1235.219192514082,0.4932912999938708,1.0,1.0,0.0,0.0,36.0,1.0,1.0,250.88095746367762
25,2026-04-05T00:31:50.040,-308.3051808312639,2426.3390213036573,-955.2877102015319,-304.9630683021096,2336.047592353427,-997.7059496441359,-289.00637778174814,2248.7011588561636,-1046.3830752936092,-281.7276656046283,2161.903759109775,-1093.7682344537889,-643.8962926879149,2104.9604163859035,-1173.6407739568695,-597.0897153695842,2025.2927524746096,-1117.3916134507535,0.016050500009441748,0.013886800006730482,0.015805000002728775,0.01766799998586066,0.015718800015747547,30.653140288889063,54.29787584817154,-873.3156099186549,-444.41802633136405,-2724.5349845238134,1205.419278289879,0.6071768999972846,1.0,1.0,1.0,1.0,42.0,1.0,1.0,67.82279119298434
26,2026-04-05T00:31:54.472,37.06660752925745,2291.9662913453194,-689.644557040267,67.36320124748954,2243.6957137188574,-652.7749141294548,61.41180007356934,2204.6555100440755,-625.4037717572173,31.69158219505198,2171.4266382329906,-603.0819338560049,28.033282913168932,2129.1463474382567,-579.0675036163975,23.109942427803162,2089.799851960558,-557.7440922911738,0.017779900023015216,0.015222799993352965,0.01539250000496395,0.01725599999190308,0.015612099989084527,-436.9690865943285,102.91192284452268,-972.8998789607695,43.02712006206577,-1080.292798972332,1927.8536629004664,1.11887140001636,1.0,1.0,0.0,0.0,76.0,1.0,1.0,454.8046161321734
27,2026-04-05T00:31:57.761,471.9812932248476,2145.617219259913,-994.7491352791936,471.69384645723176,2086.7733094587165,-956.9942498404778,459.62942230054864,2032.690162658845,-929.4482392014472,464.0711062606647,1975.9761612046334,-896.6377760953885,464.8686264112607,1921.2491062674017,-870.5381354458365,452.2111616028574,1869.5852751445443,-849.6106120160705,0.016461199993500486,0.015628900000592694,0.015751200000522658,0.013468400022247806,0.01391660000081174,377.9818802699799,68.28930170268791,-859.1799026127543,110.89724509787365,-1544.759485085756,-701.5597483174964,0.7156011999759357,1.0,1.0,1.0,1.0,49.0,1.0,1.0,386.2641724133554
28,2026-04-05T00:32:02.365,-213.82389895593997,2396.5175619756646,-1114.8251211325003,-203.66207983744926,2309.1030788753624,-1075.3422184271271,-235.49724427373212,2233.3008115428797,-1049.7205855407092,-239.6634659816491,2152.8508068377505,-1018.7554690219198,-207.84496768017652,2068.765460704467,-979.4293977269665,-219.08476150009756,1991.3192602200274,-960.184788913053,0.01811400000588037,0.01715400000102818,0.016561900003580377,0.01629889998002909,0.012693500000750646,-333.02358103295774,103.7997319569397,-929.8381354946183,-450.4442688871839,-2776.991885994698,597.9562875333603,0.4666397999972105,1.0,1.0,0.0,0.0,34.0,1.0,1.0,350.09913482918336
29,2026-04-05T00:32:03.600,-340.4171418396654,1909.3979789940997,-1055.0700265438438,-334.6538493169969,1821.8930534067433,-1086.187748259962,-330.59090042513253,1738.9948587468082,-1109.5840885148268,-336.53154259036046,1666.645000247527,-1077.5494502237157,-353.4381696605101,1597.0455581301449,-1049.7473294754386,-332.1670202681453,1525.1767819429474,-1012.6137062299312,0.017618399986531585,0.01507090000086464,0.018372299993643537,0.015924600011203438,0.014086300012422726,-324.83755201308486,212.53077220527462,-1013.1243320709357,-52.97213752493658,-3531.822344389963,-1703.654745704201,0.33738429998629726,1.0,1.0,0.0,0.0,25.0,1.0,1.0,404.33387050619353
30,2026-04-05T00:32:06.885,-294.46763156668294,2417.2192040090617,-1002.4802407884632,-289.0069549107352,2235.18353405917,-1078.2349065331591,-284.3459885395673,2144.075664882663,-1120.3541831854168,-266.45666018696966,2070.057755237767,-1081.184542958109,-271.4873389711279,2000.415689300392,-1050.7876559722004,-252.11537297193308,1929.4743352578744,-1016.1493554147211,0.02693989998078905,0.01666980001027696,0.015118699986487627,0.015521699999226257,0.01604870002483949,-184.84050107105304,-26.554938976542417,-895.4493117610904,-154.32286667487986,-2153.7059533689126,96.39162139796204,0.580678899976192,1.0,1.0,1.0,1.0,41.0,1.0,1.0,186.79369471075194
31,2026-04-05T00:32:11.452,132.0184170085122,2275.47579630055,-991.6688678793482,93.57372357631357,2197.778070738168,-1040.976912411031,102.81680968130695,2107.4931526530013,-1076.9294859339802,117.59825633845458,2023.1747471820047,-1097.6136468070356,108.94736982939958,1955.2309085880831,-1064.0559677604515,106.44285874744264,1891.2163071254622,-1029.438780009848,0.01298479997785762,0.013564799999585375,0.01490060001378879,0.013685399986570701,0.013670500018633902,3.3470622930171885,3.5349210749609483,-895.9473700121722,-39.8408777498209,-1976.982809852568,395.33828577099393,0.5920128999860026,1.0,1.0,0.0,0.0,43.0,1.0,1.0,6.334216827499805
32,2026-04-05T00:32:13.800,703.0048442821092,1967.539372692686,-956.5311698059228,696.1061737710611,1913.4281760292208,-928.4536540987986,695.8340170380286,1858.1764814499647,-899.9100612038814,679.1259850539327,1804.8650661051618,-880.6817732934587,669.8492429653074,1753.5304979172922,-861.5346109316042,677.2996681789898,1700.7299733874352,-838.1326548236843,0.01709350000601262,0.016252700006589293,0.016899799986276776,0.014709800016134977,0.015150399995036423,369.9516211716068,90.50981858642172,-879.3705337939323,1514.3956227012898,-952.1929718582394,531.6056821132355,0.5487461999873631,1.0,1.0,0.0,0.0,38.0,1.0,1.0,381.42077046746465
33,2026-04-05T00:32:17.570,419.6345016612586,2145.1085943115236,-1095.5376256026714,384.5753169323418,2087.86328035089,-1062.353578166971,367.2740920502333,2027.435542367064,-1018.9662264325324,335.6319876440957,1970.5129939914898,-985.9864537750977,312.6928035927831,1915.3640169758987,-956.0843388275497,291.06195419991536,1859.3766717782178,-923.7474015562959,0.016123700013849884,0.014909699995769188,0.015163500007474795,0.01570069999434054,0.016037900000810623,-347.2996907902225,259.906135658777,-917.0744174319652,-490.33393776151155,-1536.312166204641,1132.2608961766193,0.5537223000137601,1.0,1.0,0.0,0.0,39.0,1.0,1.0,434.1195806534229
34,2026-04-05T00:32:22.156,-449.572091796771,2448.740350277868,-950.7403453277325,-415.1171728301715,2359.823893054009,-997.9432647876807,-349.2377030642597,2264.252093538305,-1044.7682793159913,-315.95005923421377,2180.2569339451993,-1096.949319985861,-287.85408939887566,2107.4951374146167,-1096.491222820872,-257.158914575934,2039.6590144448512,-1050.4039171571553,0.016746199980843812,0.015931000001728535,0.015512900019530207,0.01601179997669533,0.016574200009927154,603.115476444317,27.94987476526626,-937.2669924798997,-797.1734775886863,-3058.8443793987644,1208.4965543923263,0.6079480999906082,1.0,1.0,0.0,0.0,45.0,1.0,1.0,604.9118135352842
35,2026-04-05T00:32:25.965,421.656961348594,2133.549278758237,-691.0348427426401,403.0445024735511,2053.3758355016757,-693.1732955450345,391.23832377585404,1973.8224767649294,-695.0335599524694,397.19471604712544,1889.0746432741093,-695.470169786752,374.2061192657425,1810.2041596854028,-708.9615270864372,401.2751545711419,1729.836006987807,-708.4254386535495,0.015044500003568828,0.013994799985084683,0.013710100000025705,0.014668200019514188,0.016410799988079816,200.2111217649649,-12.860131766020004,-831.7816149775504,-61.59748870073554,-2638.716429996272,117.74998518529058,0.448828799999319,1.0,1.0,0.0,0.0,34.0,1.0,1.0,211.90475294928186
36,2026-04-05T00:32:29.253,-82.80459537940487,2329.686064247403,-683.952327272114,-66.06912419039327,2237.8577309415214,-670.8014567647037,-74.74868931825858,2150.816416574633,-667.6738311249146,-91.30168351601105,2070.2429234109004,-667.4831499227416,-95.11488748169222,1986.8115072064227,-664.0672831094579,-107.44079866991933,1906.5405413207113,-670.441025562787,0.01644000000669621,0.014544400008162484,0.014980999985709786,0.013262599997688085,0.014720300008775666,-377.56728352062055,-6.989577232733382,-813.4483198078976,-126.50644057848736,-2666.2175301859666,305.3885085719407,0.49196220000158064,1.0,1.0,0.0,0.0,37.0,1.0,1.0,387.4236713458652
37,2026-04-05T00:32:32.125,225.11458117040593,2185.6424014233903,-524.4135594010057,208.36592562570922,2091.989665225544,-567.2216404676687,215.37504448990376,1996.8352081007254,-605.7261660933286,200.87340510523018,1905.8601831053147,-652.3306481518048,218.61111580601255,1811.558701293595,-694.0292633332964,209.9550896509345,1717.1144529071664,-740.8934542205056,0.016177999990759417,0.01892299999599345,0.014934100006939843,0.01472569999168627,0.013957899995148182,53.1846834848634,-353.33267788472995,-800.8625401201151,159.08958521907988,-162.31511206826545,-1061.0127142136873,0.548355500010075,1.0,1.0,0.0,0.0,40.0,1.0,1.0,370.8110405179641
38,2026-04-05T00:32:35.084,-175.6253681905382,2322.018910573865,-635.1583673498187,-197.94823223630056,2211.0659393423066,-692.5470645141793,-200.16374261785313,2096.6038303997207,-749.4241694509199,-250.82866577021423,1992.7189776941832,-812.7294265556321,-233.19622227895888,1874.6239955129265,-869.598995000702,-211.4885020501888,1768.9823026639194,-920.7279793600253,0.016237400006502867,0.015554400015389547,0.01687269998365082,0.014068400021642447,0.014373799989698455,-432.60354851796274,-29.695589951047623,-534.5217386279007,-101.94318149274089,-3239.3663435544786,-580.2311521247344,0.41489119999459945,0.0,1.0,0.0,0.0,31.0,0.0,0.0,567.0996541953157
39,2026-04-05T00:32:39.901,-227.41467312923578,2271.648335161601,-593.8127705140339,-207.84106506739,2147.276755026701,-630.3200534213395,-210.19603757403365,2027.70872946185,-667.5962729538105,-208.9762955335059,1908.067320811639,-711.6078344610082,-189.9535098600968,1790.362857720816,-752.9774444527136,-212.25602938563497,1674.948729462737,-800.9337525725373,0.016615400003502145,0.01643230000627227,0.015432899992447346,0.01585289998911321,0.015530800010310486,-41.80446031424799,59.61599023468625,-905.2523026481872,290.9051950565637,225.3320737912008,2579.6408462110803,0.7368895999970846,1.0,1.0,0.0,0.0,52.0,1.0,1.0,73.00182105218948
40,2026-04-05T00:32:41.774,595.1171366048034,853.5020914660121,-913.295628434153,596.9915816310381,858.5292351064511,-934.821990692441,595.2285628286468,861.2381673204198,-957.834432612055,603.3573528286131,868.5040618317348,-981.091409520015,604.9689284234789,874.0200408347025,-1006.0716819504697,607.3474399696365,878.8983696820426,-1036.5147075103096,0.017104500002460554,0.015940899989800528,0.015831199998501688,0.016721699998015538,0.015114500012714416,607.3474399696365,878.8983696820426,-1036.5147075103096,219.50394091151327,332.64424585691546,-1701.070558841568,0.0,0.0,1.0,0.0,0.0,5.0,0.0,0.0,1077.0188124791734
41,2026-04-05T00:37:49.253,-301.8732674253765,2372.0559713931543,-930.7396402236952,-273.45237323467427,2276.7086005540978,-961.4322978488365,-272.3659422627861,2191.6598976260775,-1000.0800518946197,-254.62363570147272,2103.291880195012,-1039.7318917240714,-224.37538840718298,2014.2540947499024,-1074.7743405787778,-202.71482832982156,1926.3509648524291,-1112.6556131642092,0.01758819998940453,0.016746000008424744,0.015468800003873184,0.0154945999966003,0.015583000000333413,124.99325556019085,-17.035714151432785,-951.9251447083855,142.0140620284382,-2455.175671976902,1287.0614961230099,0.5579141000052914,1.0,1.0,1.0,1.0,40.0,1.0,1.0,136.41755805310135
42,2026-04-05T00:37:51.117,-82.23387735741517,2320.1387512924625,-1022.7424615501708,-37.029141055340915,2221.7463203685156,-1055.5672964996388,-48.422016665833326,2136.906424380246,-1102.197940377156,-10.396641562179866,2050.039630516734,-1078.7852968617901,-21.134259399078474,1979.5646206860786,-1048.7473288185959,-13.91297642568361,1907.2755490823383,-1016.0184412118912,0.018044800002826378,0.016874599998118356,0.016954399994574487,0.014428099995711818,0.01645920000737533,230.34352557828788,-25.894097524283552,-925.9209923656111,330.3491389895988,-2154.7748673211454,969.5378401078463,0.5264603999967221,1.0,1.0,0.0,0.0,39.0,1.0,1.0,233.23923749586078
43,2026-04-05T00:37:55.410,221.86784212027624,2224.7461732883185,-1029.8930862746329,215.2263703418057,2137.4837327048244,-1069.37669155095,199.5941106563564,2053.4705978648967,-1105.9362090897453,214.52097394332395,1982.60207023555,-1056.8957296117765,220.6712178965422,1913.0034943488938,-1024.322449577596,218.10346802202548,1845.7260350302085,-994.9217972272703,0.014671999990241602,0.014518500014673918,0.012938500003656372,0.013966099999379367,0.013490099983755499,137.6430550982368,14.19697997939852,-909.9088132279137,-90.57961915809273,-2246.991318381695,562.485227920851,0.5421472000016365,1.0,1.0,0.0,0.0,40.0,1.0,1.0,138.72760877668645
44,2026-04-05T00:37:58.164,347.0800848301003,2172.7605833631383,-813.0694084119671,303.68353148165033,2129.437904317832,-790.53987097337,290.63756841095665,2075.1088276229784,-765.3166952809893,290.8974038871529,2020.9492317834258,-741.3128174691973,247.0754333788068,1978.879523145139,-725.0144998738713,238.72794178007416,1927.2983985166625,-710.5088374940747,0.014017100009368733,0.015268499992089346,0.016301800002111122,0.017704800004139543,0.017138199997134507,-374.20684777078804,151.72601063155366,-885.3881916107383,-563.0027060775656,-1517.0747100560664,-1218.774974827926,0.7641335999942385,1.0,1.0,1.0,1.0,54.0,1.0,1.0,404.0607035646013
45,2026-04-05T00:38:00.517,-436.26625520319885,1960.9156604662144,-778.841097885182,-457.2384501403503,1884.1502627746404,-785.4660578248454,-469.5560872092856,1807.0685749552563,-794.4258193702171,-496.9544943284877,1732.445252429376,-806.2613924115009,-521.2419457887218,1656.1237607275862,-819.3235948094671,-550.7867943444221,1585.5499251567674,-832.2089974594403,0.017709099978674203,0.015397500013932586,0.014973899989854544,0.014594500011298805,0.01499090000288561,-832.4210661397847,199.78963912743598,-886.081641138321,-576.8997907594133,-2817.452354771457,261.17836002251596,0.3851190999848768,0.0,1.0,0.0,0.0,26.0,0.0,0.0,856.1743116733702
46,2026-04-05T00:38:03.317,-336.090244210352,2420.476759399852,-800.8451555251047,-304.70137695948915,2309.915167993263,-784.36923460764,-312.9998153377296,2118.7238137405584,-758.9775783999175,-319.79424904729876,2023.6174434257491,-755.5837982755698,-293.2490151509255,1926.250345897708,-749.6840573516783,-318.8435522590312,1836.3300339197797,-752.406764892975,0.013193499995395541,0.028439899993827567,0.014263300021411851,0.01460699999006465,0.015376600000308827,-251.0869912205344,-28.739431159485093,-873.4027513817163,263.5641844815202,-3217.1866648697032,1008.9129143535682,0.4040761000069324,1.0,1.0,0.0,0.0,31.0,1.0,1.0,254.12210784899116
47,2026-04-05T00:38:05.441,-58.636624561681856,2348.810514956513,-799.810430076487,27.216303251072986,2239.8927079633027,-775.8977390580434,17.707038029634077,2156.673657977564,-770.8450531117423,32.94851460712471,2071.06661231303,-765.0600887742967,0.7799509230321746,1989.21995392905,-767.3354606904772,18.7763599493519,1898.8165454978175,-764.305522864744,0.015648999979021028,0.016155699995579198,0.015528300020378083,0.01529169999412261,0.016510299989022315,120.96988324293625,-17.02905996982099,-854.3615959767051,216.54899450949912,-3175.540281781339,16.03169193579799,0.473318600008497,1.0,1.0,0.0,0.0,34.0,1.0,1.0,130.40922305212501
48,2026-04-05T00:38:07.990,389.8231172857745,2159.3952318941165,-772.2561012331636,394.21348583063946,2076.47223775029,-764.2743843394201,414.7409622136047,1989.0779818959145,-758.8943339310727,333.74002210336334,1927.004396731967,-776.0802179184391,345.3690096616772,1843.3032732641689,-775.5485950810673,321.42759769024906,1763.9331507316783,-785.4301340780612,0.01603379999869503,0.01686090001021512,0.015721800009487197,0.01702820000355132,0.015182899980572984,180.1476150377148,-28.21871853443281,-883.2305003171024,-176.95711438855832,-2955.976142161047,-621.709881162018,0.47624180000275373,1.0,1.0,0.0,0.0,36.0,1.0,1.0,183.11383180720384
49,2026-04-05T00:38:08.900,-0.46644687099751536,-454.6432728795005,-1180.956521790397,6.018268264903327,-446.5379190259978,-1178.2555545239593,-4.597352390390824,-451.1002100552339,-1184.9218707027485,-22.45631967167992,-464.372728344096,-1194.6504109213224,-18.653887804836813,-456.2102096382512,-1197.4775939997044,-6.51910869848507,-441.94979506442974,-1199.4540933413637,0.014192500006174669,0.01555379998171702,0.013917000003857538,0.013624600018374622,0.015621799975633621,20.085452951835578,-395.30450694091337,-1248.7830447818314,674.7045135368065,912.2088721622223,-667.2481410439871,0.08002130000386387,0.0,1.0,0.0,0.0,10.0,0.0,0.0,527.5591824197206
50,2026-04-05T00:38:10.517,649.6337618006917,2060.9927230970393,-647.12157671281,695.6746451120589,1977.764191149854,-632.8684713058686,690.3472736569988,1899.3069784024774,-629.8912560442441,690.2940344977676,1822.9185421760205,-628.7824311655836,691.004794451193,1746.0480393428602,-631.2482971445545,687.7957569519524,1670.3780382757445,-635.1777151089501,0.017279299994697794,0.01587249999283813,0.017129999992903322,0.018384100025286898,0.012235799978952855,637.4035415922376,78.48116353056707,-865.2157202210071,-1414.0648612055581,-3804.6525161436957,1015.0592715186766,0.3994430000020657,1.0,1.0,0.0,0.0,30.0,1.0,1.0,643.1582340164683
51,2026-04-05T00:38:14.937,535.5241081253193,2100.1085222769534,-693.62665236846,538.7668482599327,2040.5115023573244,-686.2973792641782,534.9649275262236,1982.0686439510773,-682.3225791900813,534.6370818833018,1924.6869235491058,-679.5780300519439,533.3993136340944,1862.9220332257134,-681.741211963725,515.5589642371795,1808.472062771002,-688.5189541864903,0.016467300010845065,0.014735099975951016,0.018016000016359612,0.01499969998258166,0.01599680000799708,488.9674487084085,85.65333743665337,-991.4936660559976,-56.98694297711419,-1650.4764357317943,-1938.3693427884539,0.7057719000149518,1.0,1.0,0.0,0.0,51.0,1.0,1.0,504.77396034147176
52,2026-04-05T00:38:17.252,244.9318725889848,2211.596475349196,-657.6773588741446,265.93784545941526,2146.9325395770297,-647.3530064315981,259.21139780505246,2084.145661764774,-645.6929887788432,249.33427646862174,2025.8034946497828,-648.0165759526469,232.0655972968366,1965.1202985130867,-653.0943322184496,208.41538102362392,1908.4206545511645,-664.2387171435876,0.015080699988175184,0.015106600010767579,0.015747400000691414,0.01600589998997748,0.015874900011112913,-221.67795200690807,145.1356994001742,-961.49942557399,-27.474952526126287,-1549.2440864567488,-1685.6169522742855,0.6899042000004556,1.0,1.0,0.0,0.0,49.0,1.0,1.0,272.0067370347387
53,2026-04-05T00:38:21.089,-134.8143252052564,2299.1621436776713,-728.1100271051184,-134.85224263546434,2213.657111892069,-711.1529071035748,-150.29709029838023,2136.4040717824028,-703.6568555846923,-148.86609693091214,2053.097093361517,-692.3192241644765,-153.43606408381356,1971.9608769258232,-687.5931197239125,-176.14725073873387,1896.0270611174785,-687.5298219312895,0.016719300008844584,0.016575699992245063,0.01515829999698326,0.015129100007470697,0.017137199989520013,-263.1926916098205,36.82023167391094,-813.6575425785,-419.8861600223614,-2661.907805255361,658.4554771965568,0.4759081000229344,1.0,1.0,0.0,0.0,35.0,1.0,1.0,279.43003119014617
54,2026-04-05T00:38:23.989,-346.37360930150044,2393.9917049351843,-753.1521969353274,-330.69870225929253,2315.6201770095827,-736.5108000350288,-333.1200650907699,2241.2630088292726,-727.5770805190302,-323.28046661173767,2168.648911389536,-721.3236102548699,-328.42365608215505,2098.4872197380396,-719.4917804916679,-344.1180853361725,2032.9460232539377,-720.0760550738833,0.013695000001462176,0.014025400014361367,0.016457099991384894,0.013259700004709885,0.015122199984034523,-225.68110021895654,57.261809252712965,-903.7065343933323,391.94764270336145,-1791.6052568883222,-1082.7820180497793,0.6534881000116002,1.0,1.0,0.0,0.0,45.0,1.0,1.0,232.8617877457393
55,2026-04-05T00:38:28.933,403.947584344417,2156.9580635023385,-697.3432933565803,449.8410929438778,2078.0995221016947,-683.9798800659777,456.3275219391726,2006.3436648923152,-679.5375019802989,469.3161708935461,1936.9540886243194,-675.0167838147062,464.39538433908933,1866.9576258630773,-678.8553893937637,455.9565809879173,1800.4312999845565,-686.8489538833936,0.014342799986479804,0.015914700023131445,0.017923599982168525,0.01890540000749752,0.013870199996745214,577.3353022195754,18.389491990428496,-822.174599101508,-1568.7287199835368,-3609.451559780015,-540.4543524564629,0.5259391000145115,1.0,1.0,0.0,0.0,39.0,1.0,1.0,582.8473364695471
56,2026-04-05T00:38:32.421,123.6111902669686,2259.4087656961265,-692.3632235170315,143.7684268452449,2168.2445601288455,-674.4549762894075,127.61666151783947,2082.91182922042,-668.4992416577818,115.93702380086415,1998.3439454374284,-664.3547137518187,123.15505693999467,1913.9857467530044,-659.2761488521595,104.74169027520566,1832.8907563680464,-661.8991969230851,0.015995900001144037,0.014215800008969381,0.014073600003030151,0.014160199993057176,0.013520200009224936,-140.41911888082223,22.50103806903803,-829.1405475237962,-198.88260765213244,-2413.956556224429,810.2117390153373,0.4488930999941658,1.0,1.0,0.0,0.0,34.0,1.0,1.0,158.88639862076985
57,2026-04-05T00:38:35.142,-231.75603115315016,2334.087095157576,-671.1750609770397,-207.84564699884322,2240.0405782686385,-662.4927481650195,-204.5464187520338,2154.464359694732,-657.6059320517724,-222.7273798023948,2071.1945694208907,-661.6798192564288,-229.07183523744288,1990.3448815879074,-664.0738986154705,-216.47396571544232,1905.9855638328104,-669.9554871207661,0.013162000017473474,0.016546099999686703,0.015116299997316673,0.015402199991513044,0.015534100006334484,-170.24553248016537,-91.47790960141037,-805.7068177326651,-1777.0757505473575,-4168.1443031538565,-454.16231595929435,0.5085209000098985,1.0,1.0,0.0,0.0,36.0,1.0,1.0,215.04174826437702
58,2026-04-05T00:38:39.473,-373.9665142467629,2403.5758415219725,-438.44889556229924,-436.5558638319003,2336.590443918794,-467.8690982770664,-417.09656623890623,2247.066513185622,-490.56365104556323,-401.99234063733957,2161.107141124337,-512.7023504494961,-398.40879936262627,2080.9406163928243,-543.125721517958,-394.1300046724614,1998.7338645724676,-577.4055213475015,0.01779399998486042,0.015531200013356283,0.016307599988067523,0.014304500014986843,0.013046299980487674,-407.4806817096878,-200.4439607803115,-852.3627124159111,73.39006874505975,-2606.6682201212416,-1958.9520640708424,0.6627500000176951,1.0,1.0,0.0,0.0,48.0,1.0,1.0,456.6044223923594
59,2026-04-05T00:38:41.542,-42.12891824816688,2282.5701536982497,-385.1306555641466,17.740779989791008,2178.8878042574206,-412.51151246165165,6.592637752358314,2092.428002476423,-437.79947301992183,-0.1515862055521211,2005.9457711097643,-465.20932960182654,-3.7188527862854244,1920.0939701974726,-493.20533852557264,-7.477170115292665,1837.0373892299601,-526.1109198428932,0.014803600002778694,0.01656709998496808,0.015578399994410574,0.016123400011565536,0.017503200011560693,-185.3432864262645,427.3202095105794,-813.217225997987,-271.7532079958971,-2875.2065054195264,1810.8212261828212,0.3223887999774888,1.0,1.0,0.0,0.0,26.0,1.0,1.0,473.7994777782456
60,2026-04-05T00:38:44.101,377.62991482447364,2116.0442940689145,-560.6417181703217,372.4122195907112,2037.8483749893671,-595.6441251218838,366.6427186851756,1962.164075409527,-634.9884419576729,348.85589482186583,1888.2764262021542,-680.4608369622044,343.1160805568877,1815.1303215200842,-721.9617117295747,345.6072774852587,1742.4212159268523,-764.3864844541704,0.017565399990417063,0.0187158000189811,0.01295659999595955,0.016168100002687424,0.017525100003695115,21.99018149610538,-74.1105920993732,-869.5129903559912,-190.74344159390094,-2208.7069703733773,-2189.505453899782,0.6086929999873973,1.0,1.0,0.0,0.0,43.0,1.0,1.0,83.09877075255217
61,2026-04-05T00:38:46.902,545.7356050935598,2054.6938393883174,-514.8172257205013,513.2516061404838,1963.2195554839473,-547.9745610619566,499.53892575336295,1870.6987988610977,-577.074755828268,474.7911733251324,1780.631097069858,-612.1729964448178,466.5638529867472,1688.0964266481456,-646.8038265428515,427.764863157799,1602.5699017340382,-686.5031026183499,0.016642700007651,0.015828800009330735,0.01576700000441633,0.016881099989404902,0.014725799992447719,102.2057418864847,358.29000663030274,-805.205731065809,-947.2187509078034,-3924.3756827241373,1630.1375219405504,0.27790850002202205,1.0,1.0,0.0,0.0,23.0,1.0,1.0,384.4524625340262
62,2026-04-05T00:38:49.800,-288.6433494144608,2385.623948135294,-519.9210700753057,-272.1321560844258,2281.9448940659477,-551.2721912623479,-279.85039334447583,2188.8038329156543,-579.3149436423214,-266.11237153303455,2096.1190403718033,-609.1803339677269,-821.914591644666,2020.9924668336266,-723.2725116414696,-817.8836789535276,1908.669415968965,-763.1919006132508,0.015562199987471104,0.018578400020487607,0.018640499998582527,0.01590199998463504,0.016010499995900318,-301.7140515056435,-378.91013659955274,-813.256404698265,392.68984500579904,-2481.2431395920926,-1215.3479111103522,0.5547868000285234,1.0,1.0,1.0,1.0,40.0,1.0,1.0,492.06575964977793
63,2026-04-05T00:38:54.151,502.7148544838583,2020.3328860762308,-419.89512215796265,481.31067661538054,1937.9904983238816,-443.7567193378417,459.58639094002547,1856.5105179964899,-468.64721630763404,429.5303588639074,1776.419692648888,-497.43403165318034,422.76245397458797,1696.3049860029153,-526.5748834664612,400.62033717933764,1616.5086157373912,-558.3717111223968,0.015238700027111918,0.016351499973097816,0.014834100002190098,0.01340860000345856,0.014639400003943592,28.26302131228522,317.48298034465233,-809.6749866776206,-759.842721788281,-2663.6643889255324,1570.0914148438085,0.3254146999970544,1.0,1.0,0.0,0.0,26.0,1.0,1.0,331.28967568264125
64,2026-04-05T00:38:57.238,425.48671786707973,2137.0349324435074,-569.4829290307019,490.16324631695625,2036.4294285234505,-585.3219921897096,478.9257049277487,1945.6364209176386,-614.0447297408823,460.4679237462194,1857.9602556860636,-648.1764609556974,461.6592151806519,1770.030471701214,-677.7532573969752,452.48356890733544,1679.9864419872988,-710.5661706853502,0.017236099985893816,0.015570800023851916,0.01731379999546334,0.014778099983232096,0.015286700014257804,85.26607115796105,-290.54918771628286,-802.8669421958257,-316.69702842676435,-2977.297988975751,-1369.0467358745714,0.5172190000012051,1.0,1.0,0.0,0.0,39.0,1.0,1.0,317.9999438548619
65,2026-04-05T00:39:01.473,-261.62343091378943,2304.4605264995253,-476.1474403620291,-249.17131679828572,2193.075169112163,-514.875543706269,-246.87267849097407,2085.244803757458,-559.4540185364109,-251.55758486569357,1981.7813710205246,-602.5583357831927,-264.04887893473506,1878.7978175976602,-647.5458370272844,-234.10589134005113,1774.3886867881872,-693.6342189174484,0.015865699999267235,0.01739569997880608,0.015302700019674376,0.01498189999256283,0.01608120001037605,-66.45979056476381,56.944786955387826,-906.8113704964854,720.6287961339294,2479.4736942510167,-1782.9888194972693,0.8006653999909759,1.0,1.0,0.0,0.0,55.0,1.0,1.0,87.78386691953806
66,2026-04-05T00:39:05.114,527.9693845581617,2021.9390043883373,-480.2044009900675,508.1767906672126,1925.1063734967197,-509.80718977450226,497.55254578446306,1830.221093074178,-538.4480467531275,484.28393420791053,1735.0132737478887,-567.8270747495583,477.11594125640045,1642.1806738078349,-601.457481336621,474.5777013501904,1549.5150001842271,-635.2920022094997,0.015079899982083589,0.013026000000536442,0.014016300003277138,0.013455100008286536,0.014164699998218566,301.553647485458,158.88112890765456,-810.068676473358,-497.0822949231044,-3414.124810594175,1448.593043917054,0.2978086000075564,1.0,1.0,0.0,0.0,24.0,1.0,1.0,352.51306129845483
67,2026-04-05T00:39:08.727,556.5358117646931,2095.748212533872,-677.6777993748102,591.0668979523964,2026.5375961001487,-657.7307408570075,566.4461417188618,1968.8700631898623,-650.0590038915504,585.6503620777398,1902.38509167247,-637.6517831683236,576.6813586942069,1841.1912692896963,-631.2685119767946,579.5029585707878,1779.655249696636,-626.3126308706453,0.015989800012903288,0.016745700006140396,0.015686500002630055,0.016237999981967732,0.016058700013672933,554.6771366080227,4.790038002912752,-769.572216399237,-2205.070601525666,-3663.479350612446,-625.9613211475262,0.6124066000047605,0.0,1.0,0.0,0.0,45.0,0.0,0.0,569.8254794888974
68,2026-04-05T00:39:11.734,72.26885819086374,2249.8125810216407,-569.1200370324802,71.12561969964281,2206.1478758541457,-556.8366798631924,54.37426129927462,2166.638234018178,-547.6208424717146,66.45816442384557,2121.1371764579662,-540.0128230265203,57.50332117695825,2080.0300078245755,-535.9124987910105,69.14364039332486,2036.2100443326601,-529.0713820019839,0.014407899987418205,0.01641900002141483,0.014976199978264049,0.014495200011879206,0.013552399992477149,138.0656894595886,21.811020970307027,-920.9219336635381,-86.1550631594878,-1027.2858698662965,-1491.5219940856243,1.3315744000137784,1.0,1.0,0.0,0.0,92.0,1.0,1.0,141.3350011495391
69,2026-04-05T00:39:13.863,-292.2471965268187,2399.701580001692,-596.4295841504606,-275.1962939394389,2308.329069524733,-594.7573059753328,-253.8093844266773,2218.5091547021825,-597.0181802672633,-270.19426730726855,2138.289402352565,-602.8565456228546,-265.79664942181216,2051.425364851139,-609.6589241113986,-247.56733039175197,1965.4835539037958,-616.3019393125478,0.01516880001872778,0.016320700000505894,0.01443229999858886,0.016148599999723956,0.016173499985598028,-299.4012069944574,-51.80838056825155,-823.0590518428204,360.7558374899599,-2827.0892687023666,797.5289089574624,0.4622713999997359,1.0,1.0,0.0,0.0,34.0,1.0,1.0,313.4407448787865
70,2026-04-05T00:39:16.612,-159.23449386815082,2352.71113077655,-1069.708199360603,-125.406099955635,2262.507702378102,-1106.6230917904631,-107.78543557644844,2190.6494809264073,-1079.1801986237792,-99.4362971220703,2123.230744527245,-1043.131147353583,-89.94324691186421,2055.3660688565305,-1011.9446070617225,-78.52645638803915,1988.4582044284448,-984.3104635168813,0.01443820001441054,0.016292899992549792,0.015341199992690235,0.015754599997308105,0.013420900009805337,287.4465947720987,9.804322040804664,-859.1052503549845,439.9783015741505,-1940.6315696547679,-141.3002304878803,0.6298179000150412,1.0,1.0,0.0,0.0,45.0,1.0,1.0,290.50654058950795
71,2026-04-05T00:39:19.271,576.4249942888264,2115.1506072932693,-1034.5920861045925,561.581155308591,2052.6852942618084,-1005.6824783610447,539.3544434857681,1991.5821561517505,-982.3440890901106,524.5141672562963,1929.4849499397533,-955.915960883632,499.495319633043,1871.591162342026,-938.4896477272022,482.73288228089245,1812.667731662027,-920.4708140074974,0.016083700000308454,0.016774199990322813,0.01603100000647828,0.018809500004863366,0.015750099992146716,17.671988081443033,79.59702049023076,-1019.2473302677754,-500.31452325120006,-1854.4309824252641,-1306.2355650086038,0.6199282000015955,1.0,1.0,0.0,0.0,46.0,1.0,1.0,144.45729683773257
72,2026-04-05T00:39:22.006,-373.39810303625245,1947.5179091090479,-1063.6926833310122,-363.93504382563697,1861.131142138749,-1089.3291084652203,-360.29036119370767,1780.593790537748,-1110.5014372584146,-356.426865899361,1708.449766787457,-1080.7247576644418,-362.48307458713816,1638.8819659434764,-1053.951610901158,-356.4248771607231,1568.5979412160864,-1025.0222999358234,0.014790599991101772,0.014424399996642023,0.015089400025317445,0.015054999996209517,0.014075599989155307,-371.8671147195919,-70.59079724416438,-948.833270206382,8.372158752502626,-2219.448863099836,354.7075296729977,0.4773830999911297,1.0,1.0,1.0,1.0,33.0,1.0,1.0,381.6449920338145
73,2026-04-05T00:39:23.959,-144.93971255939505,2345.6100807637813,-1010.0288506931702,-200.13232580853946,2277.3211649678237,-1057.005229496223,-219.42321410245677,2197.9630254109343,-1096.1094645790204,-239.70700952058314,2127.820234332212,-1094.9453746065492,-280.67989004891024,2073.76158381186,-1064.3059309485616,-280.90942331260385,2013.919507525437,-1027.856309405387,0.01505599997472018,0.01575710001634434,0.02006089998758398,0.017912200011778623,0.014051200007088482,-739.6540629491815,646.1588087076858,-1097.6231992425983,-948.2778250644329,-2915.9049523809144,-2006.6401893287427,0.4064298000012059,0.0,1.0,0.0,0.0,28.0,0.0,0.0,1001.8304586039732
74,2026-04-05T00:39:27.238,324.0860974121633,2180.9910300374004,-627.472069664195,393.5950874558407,2096.563165564248,-621.2310859020463,399.68571713858637,2019.3802680078163,-625.3477274555436,418.62219908872066,1941.2277426434657,-632.1208712366292,432.2994000675526,1866.3740297481759,-641.4986941525659,435.0135449432164,1792.6615146032057,-657.4246896307986,0.013905300002079457,0.01583079999545589,0.013715800014324486,0.01356699998723343,0.014750000002095476,640.4003610470236,114.25257552331755,-763.9170660112566,-201.82917595503923,-3033.0948936701966,-63.190299680320436,0.480318999994779,0.0,1.0,0.0,0.0,36.0,0.0,0.0,664.5937393369383
75,2026-04-05T00:39:29.781,478.3633988634267,2103.278565253827,-757.6618555971402,504.91125097813483,2025.646411156999,-777.2741357873547,520.3608229611868,1953.775274520915,-800.0658899947798,521.8558023841306,1885.4098761746613,-830.3322158739129,535.6549460149208,1816.597451837183,-855.6557514310065,556.724522081952,1746.1278949323544,-882.5394997609108,0.01894360000733286,0.014192000002367422,0.017245600000023842,0.015021400002297014,0.015453600004548207,768.6294973676652,191.30784287212805,-1027.7998518538452,-631.607279560438,-3178.6182211840874,-2331.8698142243065,0.5106386999832466,0.0,1.0,0.0,0.0,38.0,0.0,0.0,802.3233743958363
76,2026-04-05T00:39:33.427,105.37228698275294,2239.2865147582097,-609.1571165712078,92.92679716774546,2177.2545271727704,-614.3269705849723,89.11487620575463,2115.392875640732,-622.9978762481305,87.50952801081894,2053.851988475059,-630.5712080671381,66.03205142741672,1996.148656917432,-646.499007931958,71.91831393610437,1933.8149910705379,-660.3083552372649,0.016930699988733977,0.01630960000329651,0.015682400000514463,0.016544399986742064,0.016221300000324845,-134.65653891106194,-37.23772918476766,-963.0927771485781,-325.52342971881427,-1718.6654864491745,1345.51018526357,0.8144870999967679,1.0,1.0,0.0,0.0,57.0,1.0,1.0,153.29621807032478
77,2026-04-05T00:39:37.757,204.56315296044295,2135.0137067468177,-382.7851073877451,191.01130515495242,2038.1230740036349,-423.78528342956315,187.6939472185386,1941.7933430437402,-463.7130842215738,157.8085865429398,1849.088955467424,-508.42931707688643,146.0191618843828,1758.2003366813447,-551.5684641049457,156.85730037028134,1666.2697809017952,-595.1949905630468,0.017513099999632686,0.015020999999251217,0.01644879998639226,0.01596869999775663,0.015932800015434623,-165.2275122213864,14.393014225522165,-1013.9206772332061,187.8795911729566,472.176078837448,439.6877454474058,1.3395044000062626,1.0,1.0,0.0,0.0,66.0,1.0,1.0,201.20936945042297
78,2026-04-05T00:39:40.626,-100.54121155003031,725.3305414524532,-1095.5061091076159,-69.46006442766657,744.3234089918686,-1080.763988089716,-77.8107924834353,749.4463579174438,-1081.399388504605,-64.2772130673684,761.8432582081701,-1075.217639693396,-76.54527589817735,761.4708485640786,-1082.6714016512951,-53.13767851987586,778.2717213018078,-1080.4759129030049,0.015588499984005466,0.015758699999423698,0.015928300010273233,0.014054200000828132,0.014220799988834187,-53.13767851987586,778.2717213018078,-1080.4759129030049,-62.62450042716654,436.0262429205312,-437.31825121438754,0.0,0.0,1.0,0.0,0.0,5.0,0.0,0.0,800.6884788697372
79,2026-04-05T00:39:41.959,17.21879127240709,2104.8801805902976,-1113.3576250662543,48.03545247818238,2107.5492084240686,-1103.8059907832126,28.865385341629008,2119.0447199266173,-1110.2364271154543,30.09656374491078,2126.1286447367115,-1108.9268950964993,40.21721552163808,2129.80589618065,-1104.7489827903983,39.53483051529793,2139.291185422764,-1105.1925076154992,0.015028199995867908,0.014027600002009422,0.013850199989974499,0.015330399997765198,0.015332700015278533,39.53483051529793,2139.291185422764,-1105.1925076154992,-129.5189174646299,492.9915810570153,-30.285443312727057,0.0,0.0,1.0,1.0,1.0,5.0,0.0,0.0,2149.4728991157217
80,2026-04-05T00:39:47.010,-284.93257013940047,2326.11102764353,-594.2158847688037,-240.030216005252,2185.2096826773836,-609.5220277777157,-214.898195421546,2054.972065564177,-628.241349193644,-211.02835498947798,1930.0428212967704,-648.4788921512996,-196.8268964418071,1804.852677642319,-674.1866645074513,-169.54544362306478,1680.2548406076635,-700.2813286830624,0.013188100012484938,0.014359099994180724,0.018171500007156283,0.01459819998126477,0.01635990000795573,26.37892454187204,12.13003177520659,-882.1054748298523,466.024231540557,-5145.666932337893,1907.020103015341,0.2632502999913413,1.0,1.0,0.0,0.0,22.0,1.0,1.0,34.10570864119893
81,2026-04-05T00:39:49.271,245.9257109360924,2176.4130259876783,-650.3957400001692,283.6415729131809,2059.8001466857345,-678.2661992223757,324.2193094058955,1947.9240040478185,-703.5734760304451,372.32944959649353,1833.8284835503011,-734.5930624665051,424.18409473321776,1727.8013757686074,-764.1097484866607,475.01349542114167,1617.1135539234408,-795.301798493756,0.01734209997812286,0.014959899999666959,0.01659519999520853,0.015791300014825538,0.016657100000884384,575.2813807894936,35.02082594123044,-841.0318328913731,-807.5819038121804,-3912.999976538576,137.02271404414805,0.3180542000045534,1.0,1.0,0.0,0.0,26.0,1.0,1.0,579.3551329407751
82,2026-04-05T00:39:53.160,305.2687555405696,2099.6951843819134,-427.92716098868425,267.6558161363123,1991.7071522935912,-444.32498858852307,221.3652063945583,1886.7829920474921,-461.9871246372293,176.05732201843148,1785.218488289944,-480.82460125844773,142.17431322359243,1683.1915795649136,-500.7005285295733,82.36310480277507,1582.3443974080478,-526.5878770513863,0.01271360000828281,0.01385750001645647,0.013189399993279949,0.013774599996395409,0.016571199987083673,-421.5303334184273,326.74684961735284,-986.8360397017324,-8845.300509303537,-9957.874681216312,-4931.714675922256,0.23442900000372902,1.0,1.0,0.0,0.0,19.0,1.0,1.0,540.3626777617014
83,2026-04-05T00:39:56.297,241.01383660421197,2193.4958008490207,-514.2246225363389,246.187684278485,2080.7049547493298,-541.1240345214713,226.9081799613391,1973.458548898751,-572.6623100970853,195.79970971645707,1868.6382683271136,-603.9589046648837,164.8377472705074,1763.216808794263,-641.6285050613582,145.7677800690185,1660.185260181687,-673.9087977836332,0.016898800007766113,0.014968800009228289,0.016333799983840436,0.014019700000062585,0.014077600004384294,-319.87436377448466,93.6722722148686,-806.8540147681533,-814.2452827756026,-3565.323891630883,1117.8501988752216,0.30951000002096407,1.0,1.0,0.0,0.0,25.0,1.0,1.0,346.07842716187787
84,2026-04-05T00:39:59.473,-264.41446781874765,2406.6506113954506,-690.6332597557746,-240.44785338744805,2286.7362034271073,-701.7720173256553,-231.2824205569791,2164.136089931777,-719.9428814985497,-218.9643868707708,2042.8980973376147,-738.1019685149583,-219.03869445751388,1925.2087816691492,-766.4530683728362,-245.3179981098915,1813.6124121578305,-793.1787151937131,0.016110199998365715,0.01314490000368096,0.013418100017588586,0.0135922999761533,0.013437200017506257,-181.32889864356775,22.056155685087788,-869.8438393388408,-383.9529466142093,-4565.880939703087,523.4355527540253,0.31483739998657256,1.0,1.0,0.0,0.0,24.0,1.0,1.0,185.1378878369194
85,2026-04-05T00:40:02.088,-108.3419314435032,2262.201424145348,-714.4177736795662,-71.09716625519832,2131.147050612231,-721.9696167319235,-71.55382716736358,2007.8844621052406,-744.5588824661342,-46.48172472314445,1885.43617978283,-758.7276704735341,-61.59266314301476,1769.6168796238182,-780.789919771772,-4.592796512303266,1647.9624076917712,-793.5199133983191,0.016937999986112118,0.015092100016772747,0.01652879998437129,0.015359400014858693,0.014347499993164092,181.38656051839553,35.293823465080095,-914.3343871163038,401.0346734628866,-5216.937085842531,1253.1250268875074,0.26674049999564886,1.0,1.0,0.0,0.0,22.0,1.0,1.0,185.34349992777697
86,2026-04-05T00:40:05.193,-169.04946590155714,2251.407997785989,-659.6207623075396,-145.04613984173284,2110.4118144790746,-668.0094556867082,-161.32001762991058,1975.5445773881415,-683.1633773336453,-134.74449500176297,1841.71592352724,-699.0998308512485,-105.01825706300724,1712.866350344842,-711.9793156863989,-92.28979404006623,1583.5972948604845,-733.1498193755962,0.016561999975237995,0.016455800010589883,0.01594790001399815,0.01656119999825023,0.015019499987829477,15.929911184703087,-42.74862640988954,-1013.7039470651084,4418.744534799503,-1533.8463637024313,2801.6827293060664,0.24246660000062548,1.0,1.0,0.0,0.0,20.0,1.0,1.0,122.51446734353381
87,2026-04-05T00:40:08.966,-44.744565951464665,2317.5564886865004,-1041.2840189759472,-21.05597958636372,2227.4353096249883,-1080.3661798708777,-16.950349050594014,2151.340769055426,-1102.4482314735174,8.348757943217606,2079.885726805759,-1060.5871774379843,22.130323655234406,2010.2385374144455,-1024.3001786871112,25.57343833116829,1944.5985714377503,-994.8834580411619,0.014476000011200085,0.014391599979717284,0.014184700004989281,0.014298399997642264,0.014559400005964562,287.854617384854,150.27136195512685,-909.8191157609116,343.2950287802866,-2460.4425109753706,939.9773868373775,0.5228680000000168,1.0,1.0,0.0,0.0,38.0,1.0,1.0,324.8664002447092
88,2026-04-05T00:40:11.070,159.75244590311513,2267.5120504399556,-969.5931092795623,166.58439750329399,2165.009043120023,-1008.2341465107118,165.74113649284664,2066.3533540578364,-1049.7342590044973,168.00069596082858,1966.9261626861435,-1095.8152713490404,169.9504441930453,1886.9277683250114,-1072.9003885784514,174.6442676510187,1811.0711810465803,-1034.7765840219636,0.01608410000335425,0.01575409999350086,0.015220899978885427,0.016364000010071322,0.014481899997917935,173.2462147871306,127.84228607879527,-1017.7877303629936,-62.69712751288919,-2944.5797262960855,-1825.4583711423745,0.41749789999448694,1.0,1.0,0.0,0.0,32.0,1.0,1.0,245.4217807611753
89,2026-04-05T00:40:14.316,-266.6848474119938,2359.836383773982,-579.3857865106206,-260.6260247652608,2261.7321511925184,-577.1504948077485,-255.0841262537856,2167.218708477545,-575.361781199568,-255.19553926631124,2075.969782417657,-578.0516511913892,-249.51476625425812,1983.25067989533,-581.4290143731313,-247.14828686870987,1893.9603362493922,-586.4900387912205,0.016444599983515218,0.017161800002213567,0.016962599998805672,0.017944699997315183,0.01582810000400059,-216.9354027845029,40.453113888302596,-835.4225789202685,-105.92948632752133,-3056.3808600653024,1435.9667785351867,0.4086161000013817,1.0,1.0,0.0,0.0,32.0,1.0,1.0,229.92969951235844
90,2026-04-05T00:40:16.671,224.71822363051433,2210.941263225098,-604.3607603866965,270.3485369201403,2117.075162468916,-593.3862907063638,294.43165288977116,2022.8039821494435,-589.2443623417605,297.29185843302093,1934.740731383132,-588.0229887390437,305.1137861565867,1848.1207711156076,-587.8836063465493,311.0437261057632,1761.4469854418435,-593.2063730111827,0.015392000001156703,0.015032900002552196,0.015151700004935265,0.014116900012595579,0.014857899979688227,376.5120316581763,3.2929272227988804,-872.8114047626564,-32.92299585665206,-2714.878369841451,1420.669785567343,0.401728800003184,1.0,1.0,0.0,0.0,31.0,1.0,1.0,377.5067854543045
91,2026-04-05T00:40:20.164,-285.15972650795356,2364.8727597392854,-559.8934809984763,-274.7715690563946,2280.7229931043985,-553.8207079634016,-293.05724842608197,2209.6864698213685,-550.459728516588,-284.0634474885851,2134.12156596353,-547.6142654952957,-293.58748628565945,2056.9366783443247,-549.0773371372779,-270.875999639753,1979.505052218866,-550.3669296187647,0.013723100011702627,0.013111900014337152,0.01694519998272881,0.01441450000857003,0.01627240001107566,-352.9918075371397,250.35132460730824,-810.3237396063589,-111.34513872503386,-2187.437282155704,1356.7174655298732,0.4636725999880582,1.0,1.0,1.0,1.0,35.0,1.0,1.0,441.9511665321849
92,2026-04-05T00:40:22.392,104.2757758851917,2225.434330355397,-509.52506385719255,95.20281266542634,2148.251941314803,-515.154917383522,116.18406310382306,2066.8808143938213,-520.232181718284,127.55419619287841,1990.5922432986426,-528.1209492835741,130.33337001451218,1913.3334661415513,-539.662450601917,147.56062524163872,1835.7766317805515,-549.7647222231822,0.01558649999788031,0.014942500012693927,0.014799500000663102,0.01503690000390634,0.015189099998679012,141.03970452752083,108.38125505420362,-819.4596882141282,158.31531769178136,-2738.6220476661083,1267.683871686121,0.4239440999808721,1.0,1.0,0.0,0.0,32.0,1.0,1.0,195.2573597150698
93,2026-04-05T00:40:25.640,-151.05260080863172,2350.6032134841016,-641.0292519299412,-86.6070003953123,2271.8544879843907,-624.8270408150673,-37.44781710064581,2194.696247177754,-615.4682698811025,-36.04390288381319,2132.145602526803,-613.4248168230486,-22.75445043818263,2066.392325903829,-611.2618076592835,11.533569398532109,1998.3484129560607,-609.9877126967326,0.01536409999243915,0.01702649999060668,0.016067000018665567,0.01346779998857528,0.014433400006964803,536.0215146716453,-20.35777007866045,-810.0953867691652,-289.4011884841139,-1991.0739314475575,-864.2933444640315,0.6796273999789264,1.0,1.0,0.0,0.0,49.0,1.0,1.0,543.8900095365298
94,2026-04-05T00:40:28.009,143.44311092994894,2248.026067227961,-654.9253105545517,182.67271057605012,2167.043185951564,-628.6570787799765,188.14350499645388,2089.996575638368,-612.4497079802701,201.51147224697252,2013.885035239445,-596.1746470680148,199.5755127252728,1941.7473627257257,-585.8874097631253,205.10719861073176,1869.0167644625765,-577.938110145128,0.015194900013739243,0.015236300008837134,0.015671200002543628,0.01426639998680912,0.015721000003395602,341.17814695451307,22.03641807394729,-868.8848376877108,91.42609746067214,-2654.920817772822,1872.4469523929854,0.4956681999901775,1.0,1.0,0.0,0.0,37.0,1.0,1.0,343.302031754205
95,2026-04-05T00:40:31.289,40.329857048401664,2284.56924083131,-616.6352833977492,103.63292076353082,2215.3726793247333,-612.5280904353898,95.45555646942103,2160.259797327785,-620.7494182390747,86.24545068917678,2106.4258118326065,-629.7037882612128,81.59336794992942,2050.5145610521604,-644.0413659416502,73.64808849016981,1995.9271664744351,-658.4186614333247,0.01569889998063445,0.018458600010490045,0.016521599987754598,0.015582899999571964,0.015907499997410923,-145.00421008626108,10.655591990033145,-846.8245613203633,-343.91006306982524,-1494.2637732740518,-221.3232138619972,0.97377830001642,1.0,1.0,0.0,0.0,67.0,1.0,1.0,154.81404930486897
96,2026-04-05T00:40:34.121,64.63559247367175,2240.9852775927347,-578.9000745503844,31.99189744876412,2178.0446545362884,-580.6924292819785,41.84051040146824,2109.211545680106,-581.3788554937238,37.7474033822823,2043.121317317484,-586.2703551540674,24.508876493393473,1979.2273699417474,-594.6947832037379,23.337103392400422,1914.145336630432,-603.1669925669586,0.015531399985775352,0.019753500004298985,0.014733399992110208,0.015142300020670518,0.014432500000111759,-202.72733327737114,-3.1863588633129893,-907.0257088771416,-105.21454400105553,-1668.9452474387663,-1580.2671436191886,0.7039877999923192,1.0,1.0,1.0,1.0,50.0,1.0,1.0,202.8740622302084
97,2026-04-05T00:40:35.627,174.66300531967408,1900.8567723964115,-774.452535291292,171.59081321155418,1835.3792201662452,-793.7796742188898,181.55768103051741,1769.3855168621749,-814.658332948976,181.97281438916298,1700.8295822953337,-834.1505904068529,203.3986291341912,1636.3686620401527,-858.3268924491757,180.5578191976574,1572.1095351494512,-892.0540558679053,0.01642800000263378,0.017245299997739494,0.014553500019246712,0.016092399979243055,0.015609800000675023,133.0273279770995,108.30657148541763,-1003.7965542901828,1672.6469232633567,-1490.8314901474198,-1444.269880058432,0.4823268000036478,1.0,1.0,0.0,0.0,36.0,1.0,1.0,200.5001448831585
98,2026-04-05T00:40:38.934,-104.81812631384673,2327.618434634127,-721.6675537336073,-114.41442593791908,2257.699796135542,-720.344555077221,-123.72369457516879,2190.287651618433,-718.9641181900383,-129.7445462852629,2122.1148960097626,-723.8807278170435,-155.06170032397358,2059.723762869613,-732.6518923258037,-159.17435193573738,1992.9081231960176,-745.0501803513134,0.016929199977312237,0.014449700014665723,0.014246200007619336,0.014963699999498203,0.013427400001091883,-462.36208205834646,-25.242958736703713,-1003.017441123499,-190.19499131397794,-1706.7130017778175,1101.9955274763165,0.74346389999846,1.0,1.0,1.0,1.0,53.0,1.0,1.0,474.3716845119927
99,2026-04-05T00:40:39.960,-61.87828564273559,-467.0072384791233,-1212.9616459134472,-31.371562720245493,-436.01645531222357,-1201.4041925583138,-56.836277569328104,-463.0200155872517,-1210.246254198977,-54.3137565948914,-460.4694799156741,-1210.183843060312,-68.50251349811242,-475.4966538020633,-1215.5719412514627,-71.44700738863821,-479.38343243321765,-1217.2255000001915,0.014526800019666553,0.01680579999811016,0.014849900006083772,0.01446049998048693,0.014081000001169741,-71.44700738863821,-479.38343243321765,-1217.2255000001915,-620.6879633210043,-668.549701392934,-257.0492720998345,0.0,0.0,1.0,0.0,0.0,8.0,0.0,0.0,579.2626071192727
100,2026-04-05T00:42:54.269,-327.0381223073282,2352.9200624651903,-577.4856873654549,-355.8671813068204,2266.849502743875,-580.2400799203003,-362.43638531794477,2175.9084650106147,-579.6977004125454,-359.68618672466573,2087.1921025635256,-582.256270517133,-366.22156398991865,2001.7870381284438,-585.8808099382945,-379.7974454429914,1913.8639631386995,-591.1344556778059,0.016234800015809014,0.013301300001330674,0.013934099988546222,0.01324250001925975,0.013331299996934831,-565.6179670243587,174.0825834140726,-866.6965143395495,-411.71342711286167,-2950.317811517919,1550.2291033670303,0.39650169998640195,1.0,1.0,0.0,0.0,30.0,1.0,1.0,592.7373386467415
101,2026-04-05T00:42:55.893,502.21473363395285,2100.44025189077,-585.9356814980415,540.4823929966904,2018.2555175719604,-574.951033553104,561.5975978151539,1939.9740520835358,-569.6743701728361,567.7564845541649,1862.8359289204598,-569.4788362549074,586.2544208100219,1786.485349068517,-568.0682193379546,615.288589869213,1707.9117761668062,-568.985860969264,0.014810499997111037,0.01606329999049194,0.01669200000469573,0.016308999998727813,0.01642500000889413,925.5985984324886,365.81373115644226,-1065.2795385695244,1000.5489015181722,-4667.071010715455,-3199.4769846812437,0.30451330001233146,0.0,1.0,0.0,0.0,25.0,0.0,0.0,1008.895325191142
102,2026-04-05T00:43:00.061,-90.83946521207645,2268.9042439197037,-635.4373772848246,-70.39478663256068,2156.31594898314,-647.3716586793328,-67.82206824127388,2049.4823885679034,-667.9105974071483,-56.03273842866747,1941.992147154708,-685.0943350196125,-53.10501588740681,1839.2888199793474,-707.9117038315007,-46.42424306765815,1735.1841023239804,-735.2362646476067,0.01505309998174198,0.016912099992623553,0.01369150000391528,0.013829500006977469,0.01483379999990575,-38.82557040242091,-8.75584317264179,-826.1528165612598,-62.759745186960984,-3820.1281485904733,675.573846206929,0.34133090000250377,1.0,1.0,0.0,0.0,27.0,1.0,1.0,83.8897860801432
103,2026-04-05T00:43:05.568,493.223986229762,2084.602903058997,-595.404967886454,486.71336072483064,1972.74331545942,-604.7044922624038,481.89647131954735,1862.3353692771163,-616.5532838775757,471.648821515123,1754.0334119222912,-633.2958264036286,472.1556324509527,1647.4505228762198,-650.4757386012081,464.69012919944385,1540.6780534035042,-668.435092830789,0.01654660000349395,0.015092699992237613,0.01763840002240613,0.014904499985277653,0.01952190001611598,332.3700162199739,-70.16944776732112,-910.2683731403285,-271.3928613714068,-3510.4755209151126,1495.93699053572,0.28441309998743236,1.0,1.0,0.0,0.0,24.0,1.0,1.0,339.85146545069585
104,2026-04-05T00:43:14.781,48.1268767364154,2286.770105596785,-965.323652219588,45.287820278252184,2215.066621037543,-1006.0167729799022,41.771229676458006,2146.918959858045,-1048.1379633381646,39.51284302421027,2079.694532317353,-1089.6372354002954,29.338238755291513,2024.1391383906928,-1084.5083052482044,18.442189348073498,1976.3435069982802,-1045.5556695248802,0.016946000017924234,0.015537300001597032,0.015546699985861778,0.01555250000092201,0.01693020001403056,-157.81075938756567,72.31962902057603,-904.4844127182962,-2.4574990126772094,-1487.0977662843056,-1078.642211296301,0.8214272999903187,1.0,1.0,0.0,0.0,58.0,1.0,1.0,173.6504375968627
105,2026-04-05T00:43:17.752,368.69594703140274,2171.026687183804,-1076.164853161013,355.3776695759327,2104.1202608818967,-1079.5523924788192,331.07682327748876,2049.9848447255736,-1045.5959179775687,298.38665586960497,1994.5254253423182,-1013.809867951161,291.1876591193859,1937.6542813541673,-980.674632827114,257.5595262477659,1885.9927224959456,-957.3937097551192,0.01596440002322197,0.0169183999823872,0.01416560000507161,0.0160842000041157,0.01251669999328442,-374.0515997059074,185.69532331505752,-908.6538652609172,-346.49279752478554,-1502.0994242492068,-572.7001336074107,0.66072760001407,1.0,1.0,0.0,0.0,47.0,1.0,1.0,417.69874518315976
106,2026-04-05T00:43:20.046,-558.5899969098605,2486.682939599148,-1185.6654016824048,-512.8227186870859,2373.3262478012184,-1234.5543169009934,-331.0387962102277,2246.4258852177313,-1185.3938978230703,-290.104434096796,2165.7602734526154,-1128.0455147371981,-283.9214873936303,2092.8528281045824,-1084.8772678488306,26.41280615620053,1945.9377164732603,-950.443274248648,0.014769800007343292,0.015840500011108816,0.014527699997415766,0.014840199990430847,0.013581999985035509,478.5071305431584,139.2929413309771,-849.049417632433,311.30078319494265,-2079.1795355238137,1078.4697664853873,0.5825835000141524,1.0,1.0,0.0,0.0,42.0,1.0,1.0,500.9666249650534
107,2026-04-05T00:43:23.518,-167.70873444520885,2333.795288333526,-606.7376037863571,-148.8943502923571,2236.9224104774516,-599.1835845338644,-147.1396350419427,2147.29838009068,-598.5709472462913,-125.56842761262351,2055.251706115373,-597.3197053956075,-114.3688105398569,1965.5655099233416,-598.7717992702146,-111.48476488841379,1876.129388770522,-604.0013732769819,0.013913300004787743,0.015711500018369406,0.015780899993842468,0.016399399988586083,0.018301700009033084,6.257957043730585,13.162642067363322,-849.4636805217422,71.79823725518663,-3312.4573691803894,1454.770743551487,0.41193549998570234,1.0,1.0,0.0,0.0,32.0,1.0,1.0,52.59597664235585
108,2026-04-05T00:43:27.817,-180.22993786037432,2253.7813769784852,-488.47813938850106,-172.22614875243562,2145.82324027144,-497.83168411497127,-157.893674126698,2040.5610420043845,-510.3960140458969,-134.97479838267373,1934.639899289189,-524.4929299811681,-124.9297840414024,1834.3606195744142,-545.1052300754195,-114.72858172635324,1733.1236937447093,-565.1769003915614,0.016651299985824153,0.017857099999673665,0.01769159999093972,0.016955200000666082,0.01634050000575371,64.06688463834598,10.137407885319135,-904.1066842959285,481.1824456336504,-3483.583524169933,1922.5244124319797,0.31653510002070107,1.0,1.0,0.0,0.0,26.0,1.0,1.0,64.99382741309276
109,2026-04-05T00:43:30.222,-41.87745218431246,2290.7642058133442,-548.0429874454303,-52.70936568035813,2210.097427427164,-547.8490834920883,-32.794686505767004,2125.763713907696,-548.3094771675023,-25.776698100941758,2044.0080791974683,-551.2467243716839,-4.997963040051673,1963.151817662775,-554.7249958084182,-18.478566894191317,1886.0332740322676,-565.3403288365843,0.013242400018498302,0.015633300004992634,0.01474499999312684,0.015959499985910952,0.019393900001887232,69.68419796447415,171.3800064848724,-807.1755562164344,55.028980898901324,-2557.150253130085,1332.8679559428438,0.4247971000149846,1.0,1.0,0.0,0.0,32.0,1.0,1.0,206.98640397967029
110,2026-04-05T00:43:34.074,469.1077086485436,2096.941189311373,-844.1953899289927,462.0931903093667,2011.575064124736,-874.6334288581364,447.19053930168457,1929.3544155597733,-906.9939973358987,429.67612973857877,1847.5291494080818,-943.9408170829639,413.0192404949364,1767.15018582726,-979.435647983536,409.9144481251244,1687.9208156986024,-1018.8010451034204,0.016500300000188872,0.015727499994682148,0.01613760000327602,0.015671300003305078,0.016625399992335588,46.948146960426584,85.81924144012464,-1010.5241771501244,-523.6447500354967,-2534.595291551965,-1945.1156489772907,0.4814980000082869,1.0,1.0,0.0,0.0,36.0,1.0,1.0,147.59628870364017
111,2026-04-05T00:43:38.553,-324.03605007516444,2413.2669458994096,-601.1151714216321,-347.02296446037917,2344.049634165475,-594.9480420583347,-335.62683759495485,2259.2079260546393,-594.8041736429599,-343.3133703332842,2182.787966549468,-597.7080069630938,-340.3249085597322,2102.340474930081,-600.6783961815706,-351.753195222911,2026.1124316568644,-607.3523361737696,0.01323820001562126,0.014743899984750897,0.01566810000804253,0.015329999994719401,0.015851300006033853,-522.6156080712794,-127.2593925656106,-830.5649120179974,-224.22867239796736,-1969.0614592607549,-1097.9170605495667,0.6615149999852292,1.0,1.0,0.0,0.0,46.0,1.0,1.0,542.3497563740116
112,2026-04-05T00:43:41.320,-201.68602330391786,2358.4088711797426,-521.9097008021114,-144.29548323195377,2259.194793660732,-506.4891386962499,-154.28668593286466,2176.9805048306102,-503.5633038693982,-146.4140543783069,2091.084336181303,-496.11556076785,-154.98257331498417,2006.706697521267,-495.12143389455457,-142.79342879553087,1924.8174135722572,-495.85092879467516,0.015917300013825297,0.015266800008248538,0.01393159999861382,0.014865599980112165,0.01712730000144802,13.078442378930504,145.37339259963392,-819.0754531483481,-89.60139501426256,-2232.2147163879113,1706.3721387803375,0.45778160000918433,1.0,1.0,0.0,0.0,34.0,1.0,1.0,166.89293338584326
113,2026-04-05T00:43:44.814,-30.839216382344603,2293.2697163023463,-629.62282687417,-26.602625095940766,2208.3542544168167,-627.3919124076674,-27.34138342690585,2129.1823250041307,-628.6376546387809,-12.545687463260492,2045.6206648119369,-627.4106688129682,-3.0235789158573425,1966.4374648578178,-633.8952628072371,-13.68179803268913,1892.225917879635,-643.8875764554116,0.016385599999921396,0.012558899994473904,0.0157242999994196,0.015388300002086908,0.015775300009408966,38.529910602701875,-182.58429483171153,-809.2638625140835,-114.41922396817765,-2244.675549253135,-840.1315697075217,0.5966708000050858,1.0,1.0,0.0,0.0,44.0,1.0,1.0,207.49608520670625
114,2026-04-05T00:43:47.886,416.0881581924996,2120.812949099067,-734.4278672287476,402.9538528393821,2041.2849690891737,-742.4859257554472,398.4551613194692,1963.5831249031025,-751.8146477796291,386.35819610852514,1888.2375142343094,-764.98386079345,362.1976427091947,1812.6459559207512,-784.6626214183868,359.93448850956224,1739.331646873605,-795.6791551967899,0.015635000017937273,0.01630069999373518,0.015953399997670203,0.016115699982037768,0.016144599998369813,96.10935760551547,31.60088557270069,-926.7183391574823,-279.8983060287529,-2524.792620752685,-1229.7202123344928,0.4912023000069894,1.0,1.0,0.0,0.0,37.0,1.0,1.0,104.63983101887173
115,2026-04-05T00:43:50.641,29.589610630412608,2264.8757022954787,-643.8032601709276,28.8705595484912,2181.0336529103233,-641.4637484832986,40.27823558434284,2097.6914709528046,-641.258106781286,47.95056828104134,2015.5640830878729,-642.7709126773356,52.70752893386043,1934.4718842730097,-649.4062703495692,51.67938216350285,1856.2217175898056,-658.5785847365975,0.01589609999791719,0.015234599995892495,0.016686900024069473,0.015031399991130456,0.015671200002543628,175.99295240670153,230.0602248881396,-802.2310245670438,281.0221159991205,-2914.7324767878304,951.8350300144432,0.41634649998741224,1.0,1.0,0.0,0.0,32.0,1.0,1.0,305.71228128686437
116,2026-04-05T00:43:53.351,375.9623458531919,2137.167613761368,-525.673930417056,389.8575348694035,2064.1090674806783,-523.3970966293948,401.090810660794,1992.1199020178735,-522.6839096797728,406.9802499190007,1921.6472128831967,-524.6680615850988,415.05419734430257,1852.3382402906993,-529.2168235996617,422.3629688064659,1782.0870956582353,-536.9020377719555,0.019108999986201525,0.012967800023034215,0.014688199997181073,0.017321099992841482,0.01470629998948425,577.4380039803741,44.25800483860053,-709.4518198762511,-924.0474066445739,-2991.1069414018475,286.05450469603613,0.5372100000095088,0.0,1.0,0.0,0.0,40.0,0.0,0.0,609.6737064870067
117,2026-04-05T00:43:56.769,350.5822167257095,2148.8766236397714,-531.3934452717776,326.71023422414646,2077.5621699229323,-526.9479850509124,299.26253058288603,2006.038347654215,-525.5303015339016,280.69074132288915,1937.0976755809475,-527.5171807236734,251.17421367654788,1869.8373533786125,-530.2651782002065,231.022131048157,1801.1153531231944,-534.9220865719922,0.015707299986388534,0.015016400022432208,0.016639499983284622,0.016375100007280707,0.0162488000059966,-325.0663818356438,301.5123050955374,-806.2965127882517,-1132.319318162367,-2336.049742113264,1323.451252116295,0.4473223999957554,1.0,1.0,0.0,0.0,34.0,1.0,1.0,453.16461273954667
118,2026-04-05T00:44:00.046,-262.5927188578403,2411.467778077803,-939.3380191261995,-258.5000751592215,2323.270200545472,-967.3916586008835,-263.70662143080153,2240.3199233914543,-1006.8880440563242,-253.17942323844,2155.7926236966928,-1045.8389860542366,-242.1866266986367,2074.0931385616423,-1078.8933350627944,-235.27659195848173,1992.9254304934116,-1115.1210510101482,0.016742800013162196,0.016147699992870912,0.013888999994378537,0.013038900011451915,0.013500599976396188,-184.84075976811937,58.08532993508288,-901.483795790067,-134.6777199191406,-1992.7671236242807,578.0156990040131,0.604520400025649,1.0,1.0,1.0,1.0,44.0,1.0,1.0,193.75813189455988
119,2026-04-05T00:44:03.503,88.03677342662104,2284.084914577297,-807.224114572967,74.89563217662999,2226.859311768496,-798.5647948177807,98.90993530024116,2157.9590270782414,-784.0495338743171,68.5911859336702,2103.2228584181707,-783.563442606199,106.43757738096747,2037.66119192636,-770.25589387696,58.532386783319,1987.586940303855,-779.1883716670511,0.018221499980427325,0.015334100025938824,0.014988999988418072,0.014990499999839813,0.017427799990400672,12.344875475459048,-19.46738270379865,-924.2862695124521,270.8936306849821,-1570.6068496374285,706.1490119238804,0.8300675000064075,1.0,1.0,0.0,0.0,59.0,1.0,1.0,33.48429223788686
120,2026-04-05T00:44:06.671,-118.20507904317355,2377.408517240067,-862.048204900788,-74.30773999439589,2283.404959061673,-840.9518929261069,-89.12639255489376,2202.1107612888013,-835.1508331912628,-75.89204603034614,2121.6966578028714,-827.8498615062952,-103.22362191943239,2045.318356654253,-828.543092963052,-141.8299881840967,1977.2113255025606,-835.8576257760096,0.016637599997920915,0.01573889999417588,0.015229000011458993,0.016072899976279587,0.017244900023797527,-503.55904625132143,149.97269110965726,-966.0585042137542,-323.5882417020138,-2680.1514895671744,-1207.6463972673196,0.5209235999791417,1.0,1.0,0.0,0.0,38.0,1.0,1.0,529.5538189071736
121,2026-04-05T00:44:13.723,510.7609463150404,2123.839665140009,-772.8384365734993,538.1684528882629,2051.0881126401373,-752.3977832826833,516.7377484192007,1987.2013705808197,-747.049722204519,514.7392588092646,1919.7010866720511,-742.9870487681,531.8079564391021,1853.384458010177,-733.4621439317046,524.1814333509146,1787.407685178192,-731.3222149978212,0.01759990002028644,0.01929070000187494,0.013528099982067943,0.015337699995143339,0.01559550000820309,552.1822489756248,-13.945915254229703,-874.9877373076541,-1085.3979100045133,-2888.745508729766,-997.7496634596068,0.5869936000090092,1.0,1.0,0.0,0.0,43.0,1.0,1.0,552.924350993016
122,2026-04-05T00:44:16.043,-137.37430490474708,2371.6235396223137,-799.165190343304,-121.08007725975267,2306.2093489561,-780.1587116454241,-121.93565432119613,2247.3358298456906,-765.9145057971482,-161.46104121291,2197.9310973415677,-765.7858240989191,-165.69795476271065,2142.763619643166,-757.0169008074872,-186.619649080224,2089.0077593330643,-752.902934424677,0.016939900000579655,0.015441700001247227,0.015707100013969466,0.017643700004555285,0.013014600001042709,-687.9752304132921,254.67900994757565,-1000.9403468790767,-1835.1136807286018,-2100.346598226481,1013.8352629807894,0.8247964999754913,0.0,1.0,0.0,0.0,49.0,0.0,0.0,740.5135173635712
123,2026-04-05T00:44:19.040,-192.46639757578032,2325.159054573529,-612.154563576756,-188.9427039739594,2243.6059764388797,-612.9327841450124,-190.37306789047625,2163.8929189839846,-614.9499656158364,-168.26560520777548,2081.7789637363708,-616.1139766016038,-154.81517671704478,2004.0786109974447,-622.5477651949781,-152.28112578644232,1925.7959835176148,-628.2826724203495,0.015941000019665807,0.01670659999945201,0.016501499980222434,0.01483530001132749,0.01738659999682568,-12.825298439683593,-172.2097734418062,-811.765480264318,-164.96348445917744,-2517.2384562378747,-887.8432753945476,0.6019102999998722,1.0,1.0,0.0,0.0,44.0,1.0,1.0,193.92272899774187
124,2026-04-05T00:44:21.006,256.7856653803301,2192.5763173399023,-802.8224136056992,261.9830046572265,2115.2623024784925,-801.390295683814,279.961120166151,2033.8845121002362,-803.7295736326587,276.7666769237044,1956.3247469362286,-809.8009591649152,286.83135303375457,1878.7587319383942,-819.5468541480484,287.6952806694312,1802.939084919649,-832.4534795072655,0.014596499997423962,0.016587499994784594,0.014628700009780005,0.01563849998638034,0.015581500018015504,442.45421207178674,165.55599481523745,-911.3939503769255,546.2491377980854,-2588.147983115732,-714.5604444860188,0.4467207999841776,1.0,1.0,0.0,0.0,34.0,1.0,1.0,472.5508854129049
125,2026-04-05T00:44:23.776,143.58130960513245,2204.6562200143007,-680.9518969059866,147.64795139815124,2121.924559723453,-664.0846884594191,140.5915994140055,2042.5715860216403,-655.6028274030834,141.07337342857,1965.0249135750337,-649.15589457748,127.70561894863931,1890.1931313061102,-647.575878718979,140.5397584810189,1812.8317204646128,-645.2931572697676,0.01339069998357445,0.015441900002770126,0.015870200004428625,0.015414399997098371,0.015633200004231185,164.7217705054677,-92.44437682676607,-805.6267470644459,-205.3872941313858,-1746.55580990706,-931.5847586978501,0.6726652999932412,1.0,1.0,1.0,1.0,48.0,1.0,1.0,211.1528720026871
126,2026-04-05T00:44:26.239,-85.3908339194254,2296.7540838838186,-646.9237447075137,-72.04654552891088,2215.6753133666275,-646.1520587901841,-54.5383164768873,2135.572044024421,-648.6451407282752,-39.70146873307749,2058.202484004795,-654.8926028200951,-36.013447336350055,1984.4385925949266,-664.0974789452498,-30.05614887746924,1907.4111125960826,-676.1972557630102,0.01737350001349114,0.01745039998786524,0.018097000021953136,0.015557899983832613,0.017283399996813387,140.95482927939202,15.429610373501873,-833.2448272882291,372.5113176379718,-2049.699838906882,-754.8247642847973,0.5474813000182621,1.0,1.0,0.0,0.0,41.0,1.0,1.0,156.7245668593121
127,2026-04-05T00:44:29.039,-229.76909654226665,2315.123335304771,-508.83964226201687,-247.54477449644628,2234.0857730811904,-505.366794840397,-220.15582544640301,2148.704486290385,-502.9127076048521,-184.82024283720148,2062.780709535137,-502.47784829492144,-202.42485648420507,1984.5042821833554,-507.48408490683585,-192.09862684162636,1904.1221342865788,-515.5224448278166,0.016981299995677546,0.015593300020555034,0.016955099999904633,0.015048000001115724,0.015097099996637553,-82.15808342292894,112.8333219291178,-815.7627575439924,56.482109776080065,-2612.2272611046697,1607.9651197060723,0.44618400000035763,1.0,1.0,0.0,0.0,34.0,1.0,1.0,163.02521960077556
128,2026-04-05T00:44:31.471,-148.13830944939218,2325.2585394384732,-462.80617102807895,-109.7978161406636,2225.5439583195594,-469.6507947346288,-77.23527117965705,2128.6076698513302,-474.71259812404514,-68.64139979389574,2038.4556559953417,-483.8634010001076,-41.4788515476107,1945.1730504847574,-495.9524869235963,-24.53282510684039,1853.497266376654,-510.66982032204726,0.019796000007772818,0.012774200004059821,0.01565769998705946,0.014837000024272129,0.01453449999098666,371.9921596150034,34.81719271167594,-847.2316059519422,375.45333348850244,-2749.2920747121675,1449.0843165207584,0.38568609999492764,1.0,1.0,0.0,0.0,30.0,1.0,1.0,377.32599583618304
129,2026-04-05T00:44:35.583,-269.6328267813842,2397.434994958855,-601.0789037193284,-179.65178997299017,2290.2571442004346,-623.8725503727217,-166.455223203478,2197.0080945400923,-653.8257055290857,-126.7004169700208,2098.278766973906,-689.4894977283348,-97.91086541300729,2005.677354212317,-722.5489064892025,-79.43575426217285,1914.3204802414998,-764.7025660283279,0.016492700000526384,0.018690900004003197,0.013699399976758286,0.016410700016422197,0.0161585999885574,351.1102163403341,-98.11278373970299,-803.818973728062,628.3386912569736,-3042.302621982228,-1088.9497224884549,0.49606150001636706,1.0,1.0,0.0,0.0,37.0,1.0,1.0,377.0348686347632
130,2026-04-05T00:44:39.009,343.0614177203165,2145.070292590566,-585.1028535690459,311.68677996314136,2063.0480455020543,-619.5767070400948,285.16776869249725,1985.36047490186,-656.6385030108981,248.9671618063844,1906.077984626401,-700.4300202418701,222.15926966249845,1829.2237996019244,-737.6404900305268,206.55090642334198,1750.4765263304485,-777.6269682071318,0.0194105000118725,0.013091100001474842,0.016391999990446493,0.012862400006270036,0.015157999994698912,-356.7666363632911,7.941873515326279,-807.9600300685852,-597.3524139233981,-2625.259707436272,-1388.4974566855408,0.5120628000004217,1.0,1.0,0.0,0.0,38.0,1.0,1.0,368.5333936590903
131,2026-04-05T00:44:41.336,-323.6388978942123,2417.4008518802466,-660.9204870586843,-325.79422445865885,2336.2891132685836,-662.0475007428829,-309.9869777316562,2247.8606888840104,-664.1447516385329,-299.4267462024868,2162.226385385545,-666.5951636063953,-283.2238895764972,2075.91616298434,-673.6290039875058,-255.4122458785023,1990.9634086721658,-679.3036989894388,0.01492409998900257,0.016384399990784004,0.016079500026535243,0.014578499976778403,0.018846899998607114,-253.2737414068024,-18.10249164135871,-848.9895646072717,523.1288510458415,-2979.9616499371446,352.35078001622776,0.46026740001980215,1.0,1.0,0.0,0.0,34.0,1.0,1.0,258.9929589946047
132,2026-04-05T00:44:44.224,551.4473530440414,2032.1300772900513,-524.813276379823,538.0096924140873,1948.3864825501812,-535.765753747979,531.2867116298685,1863.1664949878664,-547.910843895936,523.9344280047369,1781.310703214643,-561.4275535675646,534.9194956287158,1695.3929242272827,-577.0001771070395,511.84501849986736,1616.7356866689447,-597.3250143556934,0.014872699975967407,0.01362480001989752,0.013439400005154312,0.013933199981693178,0.014149599999655038,427.7993517992886,65.43122081781303,-812.9260808384438,-8.352499062505256,-3370.0405659148073,1391.2446187718276,0.3751918000052683,1.0,1.0,0.0,0.0,29.0,1.0,1.0,441.44693617212266
133,2026-04-05T00:44:47.791,-345.84617314713023,2375.4882516653593,-646.2219604413667,-341.2072888804637,2282.7859294291393,-644.8026382084422,-329.12376672349137,2192.1038296081724,-647.7152537115204,-327.0160591625131,2101.9829978910243,-650.2911391428655,-322.8364252592801,2013.3240948860691,-654.3852857102961,-338.38741382560147,1928.903389605452,-663.3166654104843,0.01624699999229051,0.016300999996019527,0.01574790000449866,0.01579710000078194,0.01654059998691082,-348.52686377963937,12.171567393541864,-808.1617000128992,-445.05240327468874,-3185.213363858807,318.03406522339986,0.46109620001516305,1.0,1.0,0.0,0.0,34.0,1.0,1.0,360.6291657276315
134,2026-04-05T00:44:51.488,516.8745207378959,2062.0762034280965,-708.942521299283,502.1135539988236,1980.7780033093177,-743.1999851336702,502.84204987398016,1899.309216899953,-772.4426685232638,496.75330244819565,1820.2441663722104,-807.4071695896992,479.04766590304166,1739.2413563154719,-852.1637968928571,473.07533846700085,1661.3764092455242,-889.4324622627746,0.014693699980853125,0.0170460999943316,0.015575500001432374,0.01670680000097491,0.013274099997943267,292.88173201319387,-23.769332283181257,-838.2557831304267,-147.84963131595913,-2852.7058543359035,-1488.4887086772005,0.47148510001716204,1.0,1.0,0.0,0.0,36.0,1.0,1.0,300.2616166296876
135,2026-04-05T00:44:57.722,-445.9133862157446,2430.0308974092404,-629.9972273615053,-464.8035160498107,2341.987038580448,-644.0596432403287,-459.77534391088966,2253.2329667281797,-660.7113069738939,-462.6544705481506,2165.9939806587986,-674.1275483279117,-426.51557672823446,2074.2971153165367,-689.710223368626,-422.4693088711556,1987.9854420275979,-711.0812531411143,0.01601439999649301,0.015951699984725565,0.016412199998740107,0.01632590001099743,0.016065400006482378,-410.1961444698368,-53.1588518591368,-831.9939793454067,374.25683893223527,-2868.570576732196,-824.9545976772566,0.5084460999933071,1.0,1.0,1.0,1.0,38.0,1.0,1.0,419.1796265494947
136,2026-04-05T00:45:00.719,-56.20836606445528,2252.8709682029216,-509.7424464512088,-59.91842123790411,2163.034597558436,-513.6130839860815,-59.03561279603991,2075.0487052687627,-518.0852738866937,-46.82204520625601,1985.418252320905,-521.6425410417918,-47.56171292884801,1897.6061704082017,-530.4922872673528,-40.01826417990378,1813.747102896364,-540.6377251304666,0.013924500002758577,0.012461100006476045,0.015533400001004338,0.014987999980803579,0.014048100012587383,-59.69877558438611,51.08826317039188,-811.1551973586493,34.45469249506016,-2939.7198330816104,1661.3896073951225,0.4201236999942921,1.0,1.0,0.0,0.0,32.0,1.0,1.0,118.60587420706732
137,2026-04-05T00:45:02.876,550.8419454598575,2091.0465314926864,-599.7252452283653,596.5414185480504,2005.736368192895,-617.4276336286812,597.2340353706452,1924.6721438476643,-645.701931337079,587.9073445512445,1845.7296383578703,-675.9054588698002,595.5781528205016,1765.884329348456,-704.500460302568,597.0954046361537,1688.604864855817,-738.375822133172,0.013498000014806166,0.018263399979332462,0.013825300004100427,0.01952600001823157,0.015215799998259172,550.2520819017882,0.586620939987597,-770.1734070637278,-1324.1328334714792,-3810.1940759413883,-1030.4754055944302,0.4722023999784142,0.0,1.0,0.0,0.0,36.0,0.0,0.0,565.3606300361035
138,2026-04-05T00:45:06.476,-299.7788393868964,2381.899244513079,-669.0746584278376,-301.86406034998663,2296.509513257144,-675.5733795394763,-300.7261587581347,2211.7497780865842,-681.5385815200965,-296.96351858412663,2127.4367374935873,-695.7443468514539,-287.1683713784473,2045.8198227975588,-707.0944871519288,-306.6303616838022,1965.5330709944888,-724.2268167617447,0.01790199999231845,0.014215500006685033,0.014113899989752099,0.014664699992863461,0.01572130000567995,-305.10507422359024,-0.5664405742015788,-870.2701280431077,42.064810975290044,-2572.1315776572224,-1084.0274106237275,0.5336692999990191,1.0,1.0,0.0,0.0,40.0,1.0,1.0,306.55063604318264
139,2026-04-05T00:45:09.551,-137.14659807118687,2362.567083198628,-1000.6738511749716,-156.15607708010293,2279.0316167060546,-1045.4611453342488,-137.67802397325977,2190.437715347067,-1081.4053342622456,-123.34619223345044,2106.994291561956,-1105.1460150950352,-123.9053461044432,2040.5365814871316,-1067.4190109560618,-127.20823047999511,1976.8048461661942,-1033.7995404994397,0.014703900000313297,0.013069000007817522,0.015819399995962158,0.015959300013491884,0.015411399974254891,-67.20603106122553,-7.867054526379889,-881.3508361025611,168.1706054790842,-2033.2098989830356,202.49805361263583,0.6204840000136755,1.0,1.0,0.0,0.0,45.0,1.0,1.0,70.18783706595457
140,2026-04-05T00:45:11.087,-138.07796196428626,2385.7941412349173,-971.8210463186624,-87.49696831762867,2281.005606549943,-998.3154892893672,-95.5729067310026,2194.052634278073,-1041.130052729322,-53.33127318100105,2100.2270511189595,-1070.0984475248576,-46.49999063625728,2013.6485708879334,-1109.5246241586105,-22.443478509656416,1938.6898554155762,-1078.2047985872773,0.017664499988313764,0.014518700016196817,0.014523199992254376,0.016427399998065084,0.015007000009063631,294.1626632956145,119.54928015966675,-958.8690090024413,599.1343914965558,-2500.86098201627,1235.665430534015,0.49785509999492206,1.0,1.0,0.0,0.0,37.0,1.0,1.0,322.93848188903263
141,2026-04-05T00:45:13.768,438.5215520354368,2202.867183977726,-1082.643208276344,460.4080157064618,2118.534258761558,-1076.0639830842074,437.68692795228094,2054.625521829401,-1035.439137860861,421.6317530443282,1988.850647099986,-992.0128677008314,405.8121708805229,1924.4671129331623,-958.9358347883006,386.59410520649635,1862.5916177559527,-924.8461737853106,0.015035899996291846,0.013521399989258498,0.014043900009710342,0.013465900003211573,0.01608000000123866,-11.713456028400287,6.395793735287043,-884.3848125267247,-120.64695360725963,-1739.2193176821495,1113.6680454954897,0.5869702000054531,1.0,1.0,0.0,0.0,43.0,1.0,1.0,20.541307394105644
142,2026-04-05T00:45:16.492,-301.5046249368738,2400.3236922111414,-565.8055685049274,-278.8856530294456,2325.823103963031,-559.8706876631325,-275.6868070581154,2251.852644819192,-560.234868967246,-272.65681138359787,2180.414294332029,-559.4545069106706,-273.9440142837225,2114.302505945423,-565.7147413311164,-259.44226320878715,2040.1440234775127,-572.4963160385257,0.01610530001926236,0.01679699998931028,0.015948699990985915,0.016755100019508973,0.019119300006423146,-89.54436378070977,-135.04520190970834,-812.2542663215814,396.9878716506363,-2158.324681767652,-1383.0672450114716,0.6839225999719929,1.0,1.0,0.0,0.0,49.0,1.0,1.0,184.26804775242488
143,2026-04-05T00:45:19.137,-342.58038991430067,2401.7438690719946,-513.4784577787128,-370.30870691592963,2323.929416957652,-502.9547385568893,-353.5335219615936,2236.5039852696973,-490.9623479968775,-369.2912636887413,2156.1442290925747,-487.98412214716643,-361.6410279697716,2076.197006355406,-482.4535161282885,-337.2583140088095,1992.275427361693,-479.87753460223627,0.016474600008223206,0.016163199994480237,0.015266700007487088,0.015790200006449595,0.013636099989525974,-219.44330465981147,155.2726911732941,-807.9296594111782,571.1192804335432,-2689.1826405528127,1839.58850094127,0.4580251000006683,1.0,1.0,0.0,0.0,35.0,1.0,1.0,284.15122769461624
144,2026-04-05T00:45:21.676,-203.79295792402627,2369.571573766377,-886.1003046696085,-186.38799688532708,2277.8115235938603,-908.23289788204,-159.3167932443157,2183.4972326250468,-929.7372077939225,-149.48545804034848,2009.5606507334612,-995.6375380692971,-133.13124475213908,1922.9252231969756,-1022.5622453043906,-107.75017441947284,1835.865360957277,-1050.0261333049039,0.018130799988284707,0.015018900012364611,0.02663459998439066,0.013825100002577528,0.015174800006207079,62.16372719163428,-59.296784971030775,-1011.9681137773612,207.07173844402388,-2376.2670760224114,1403.6014385571668,0.5084507999999914,1.0,1.0,0.0,0.0,37.0,1.0,1.0,141.12865119853123
145,2026-04-05T00:45:26.028,401.0710223386916,2215.1314920002183,-1063.142280847557,424.3701206377664,2156.9684453904765,-1005.6454181197219,418.5314372893929,2101.5539576440847,-964.4008675662786,414.5239082126898,2046.9055648712335,-926.2937690816802,412.5062942675354,1994.5573035626992,-893.4361046013223,399.01942289595195,1943.8144272963473,-863.221283444193,0.017023299995344132,0.01481309998780489,0.016010499995900318,0.016541100019821897,0.016177099983906373,317.0907282651792,-28.146628286074474,-809.4210408859426,-0.3743441198742429,-1513.527109518378,-645.5065638903142,0.8030600000056438,1.0,1.0,0.0,0.0,57.0,1.0,1.0,330.97327757660776
146,2026-04-05T00:45:28.624,-65.53753476242719,2313.80909656345,-1082.1411690785912,-81.67814474779698,2244.3569683867354,-1088.4202777634887,-89.99810581308066,2187.042365519249,-1038.6270233313642,-69.81010838543489,2126.2487748446715,-984.6031212366236,-90.61054939311225,2070.3732875664487,-941.892700441974,-125.52651544363152,2019.5267565950533,-906.1825107768285,0.01599410001654178,0.016327799996361136,0.016071299993200228,0.017481699993368238,0.016106199997011572,-377.0379469862114,96.57063479007729,-819.9797898331692,-4.789142515363662,-1725.2871867067647,1254.2725706904957,0.6927720000094268,1.0,1.0,0.0,0.0,50.0,1.0,1.0,397.3496382362509
147,2026-04-05T00:45:30.626,-323.2249934863071,1732.0717004827031,-928.1601990606051,-314.5353864132935,1666.4822844733167,-908.6013172728256,-362.0289930006534,1604.5480925165336,-899.5246834033495,-305.49707568054237,1540.1826340209254,-872.61953838276,-326.55922198399185,1477.284127539748,-867.4041804085159,-316.0564217250967,1413.011533865527,-854.3525102898295,0.01613890001317486,0.015340099984314293,0.014650500001152977,0.015892900002654642,0.0145048999984283,-241.24793655352232,-69.30827289916874,-875.2292376157634,84.16403658662422,-2048.5817010709334,3.7683582614853184,0.49412970000412315,1.0,1.0,0.0,0.0,35.0,1.0,1.0,252.22568119185303
148,2026-04-05T00:45:33.644,-113.05093322842231,2321.3106197363472,-929.5505876168933,-80.86227872091149,2226.777046595476,-958.019680903671,-78.24001808838648,2146.8643455427655,-1000.0748762235056,-67.9437986915168,2061.7675484707315,-1035.0295410788208,-51.37287145652226,1979.313767205408,-1073.0055089353555,-50.68505632480628,1901.7695183760516,-1102.9224421507029,0.016418700019130483,0.013981500000227243,0.014992499985964969,0.015963599988026544,0.016455600009066984,58.474965190840976,3.0399892711986922,-903.920233697945,147.98911406198192,-2129.939934095108,959.7887551147608,0.5951867999974638,1.0,1.0,0.0,0.0,43.0,1.0,1.0,58.685017858782075
149,2026-04-05T00:45:35.426,-19.956385072836838,1854.3706852206162,-620.6401864252687,-60.185063802204695,1774.4808839140815,-639.0111139108064,-96.32837671935704,1691.8447418931187,-659.4701530763264,-90.84853386193163,1610.701746732898,-676.6504493850891,-138.12046851122523,1536.560071120347,-701.9601671544626,-137.97739617537582,1455.2306038928123,-725.9769425720353,0.016507300024386495,0.015086100000189617,0.01591659997939132,0.016536700015421957,0.01756320000276901,-526.3276986355099,258.06163743099114,-829.5548952170052,-1221.4599462382603,-2813.5196542775348,995.5332682512302,0.30214169999817386,1.0,1.0,0.0,0.0,24.0,1.0,1.0,590.4059348045238
150,2026-04-05T00:45:37.969,-412.87013847803064,554.3874177537105,-907.2067029762568,-453.3231948960888,486.51168262957606,-891.3871246517778,-487.608756019823,423.6966769074255,-874.3482049148874,-472.557740526373,382.9090753128445,-854.9170162733104,-491.5005739693165,330.4088341990739,-842.1417144434381,-505.4794146116851,278.0891980288011,-835.5151933230081,0.015417100017657503,0.014611199992941692,0.015095800015842542,0.014110399992205203,0.014618099987274036,-91.08789197527585,31.73010768989093,-831.7161968246751,-203.3801559868595,-2852.0868887836123,-579.3439542625903,1.5410758999933023,1.0,1.0,0.0,0.0,76.0,1.0,1.0,118.17986958275978
151,2026-04-05T00:45:40.177,-27.905246718489707,2264.878793480853,-669.5334911128418,-6.563619393137287,2169.218759440202,-681.688830291153,-0.008530629066626716,2080.3265296850536,-698.3221283068683,4.925714945377422,1993.4027911699995,-720.6837058763609,-16.266647750950142,1908.9007915245306,-751.0691984476038,-20.88882847970899,1824.8248682045314,-774.7031946551961,0.013816199993016198,0.012557799986097962,0.014252500026486814,0.015328399982536212,0.01513310000882484,12.118364487823328,-18.37392532303511,-868.1765637342718,-110.16161405749138,-2548.1653232306135,-1074.6962525823744,0.4933886000071652,1.0,1.0,0.0,0.0,36.0,1.0,1.0,38.693500557523535
152,2026-04-05T00:45:41.711,439.82500847730967,2092.958394849284,-661.672740350012,456.4106996557282,2017.0199886372689,-671.4470280205574,462.2019772932563,1946.3122900319772,-680.8604523501997,449.7473411839205,1877.7253360335512,-702.5361130756239,442.0318417000294,1807.9538014907412,-722.148100542026,451.4488915139025,1737.7404994775318,-740.4677503823596,0.01635839999653399,0.01577890000771731,0.016379999986384064,0.01689900000928901,0.015778300003148615,300.08421137959886,41.329976083879046,-854.9021219944912,41.39935989471626,-3050.560218721586,-746.1327436918317,0.4365191000106279,1.0,1.0,0.0,0.0,33.0,1.0,1.0,306.25564393658044
153,2026-04-05T00:45:43.705,4.649954806728147,2277.621645028971,-741.7335357930931,1.2918786578288746,2194.9556175869684,-757.1395928934675,15.049406048080527,2104.4164619537764,-772.2308736620217,38.228590759975305,2013.8081035900418,-787.8890436228645,40.45556046133743,1929.9773120451423,-809.4807865138232,73.51103959827333,1840.5423869252559,-829.8464802178671,0.020878100011032075,0.016629899997496977,0.017470599996158853,0.017800300003727898,0.014739800011739135,260.75788619524565,24.88554743915347,-940.0135758156259,397.9138276578992,-2608.3805847790036,-1241.9653456121357,0.4733391999907326,1.0,1.0,0.0,0.0,36.0,1.0,1.0,264.9812293992008
154,2026-04-05T00:45:47.214,-34.35894805970656,2289.4562359341126,-528.5470546628412,-11.894803683908776,2204.6112388215465,-532.4388730918689,-23.857205555220844,2128.0656350828012,-536.1031699298428,11.70171058712458,2045.4277635786493,-541.174713235883,9.135526691905852,1968.1528630208727,-550.6377890900792,8.326297372811496,1892.524356236736,-562.3031569091587,0.016516200004843995,0.016016999987186864,0.01579219999257475,0.014408500021090731,0.013755699998000637,163.99345147078202,-291.0646339872967,-813.50341492696,919.7509239552973,-1248.291973488334,-1082.958535927726,0.6784146999998484,1.0,1.0,0.0,0.0,48.0,1.0,1.0,345.1001775032235
155,2026-04-05T00:45:50.304,215.23389340685662,2167.814993803702,-525.071792508808,215.07055851718542,2079.5883075992538,-522.3559590531984,225.1361111377014,1991.6185159755314,-521.0477038680488,223.17888288859058,1904.1517166092822,-522.7154739118182,210.47860702239495,1820.2406022603836,-529.537408362757,224.5144168912002,1736.1767029891562,-535.6557202090421,0.013210700009949505,0.013121500000124797,0.013702700001886114,0.014963199995690957,0.01437590000568889,152.5569610610787,2.595100560095034,-870.7961862793316,-252.34067679530156,-2950.0043098228266,1842.4923905870555,0.4078448000072967,1.0,1.0,0.0,0.0,31.0,1.0,1.0,155.34871628352772
156,2026-04-05T00:47:46.612,251.80608555780373,2192.044898121586,-563.1822981404231,257.32325847745824,2106.4352554027473,-565.0381349189904,230.54052974117485,2029.6648737329865,-573.6188879243191,208.41794437099497,1954.9747697584944,-583.5231300972282,174.8374154330786,1880.297743968249,-596.877903806204,168.33384930469674,1802.0565307524575,-607.6501219865995,0.013293099997099489,0.013671399996383116,0.014001000003190711,0.017801799986045808,0.015895599994109944,-475.3450267872772,-13.158090363170459,-803.3083270965997,-1123.325776126116,-2106.3108640476253,-763.1880964458375,0.5730733000091277,1.0,1.0,0.0,0.0,42.0,1.0,1.0,485.2579823581069
157,2026-04-05T00:47:48.740,-0.9872787442718618,2270.3300638199457,-619.3988685087363,-47.18274664008641,2185.609318111408,-625.7678403921736,-29.432330941581313,2095.358888734917,-625.4668077312485,-55.75166938033499,2009.6165961238362,-635.1008040293373,-44.1796758242881,1921.6209930729624,-643.7952774283332,-75.28285844620268,1837.9373522103137,-660.7798108635106,0.014239999989513308,0.015602100000251085,0.016922300012083724,0.016913200000999495,0.01998400001320988,-305.95306093543877,125.60888507588265,-806.6269489546492,-590.0309997450869,-2978.763543145885,550.8491978907704,0.40672349999658763,1.0,1.0,0.0,0.0,30.0,1.0,1.0,343.6617438227425
158,2026-04-05T00:47:51.396,99.5504043466317,2220.6306960930324,-527.9623084306128,429.06839750048084,2015.137908802395,-499.43878487336224,447.4445177204632,1934.5501241470981,-497.179260353681,428.6729699565053,1858.3071863046148,-500.34750935830493,427.85413670331945,1780.1278981210592,-505.4903885374848,434.4846180295747,1702.8725224400291,-509.62733419835376,0.01530339999590069,0.01447080000070855,0.01439529997878708,0.0129449000232853,0.015260199987096712,137.94275112520563,2.7263390748355505,-929.0288083341622,-73.24470214452278,-3273.254160561918,2300.253829654955,0.36326280000503175,1.0,1.0,0.0,0.0,28.0,1.0,1.0,140.99045083282385
159,2026-04-05T00:47:55.444,-255.22401517761682,2368.1260014678996,-453.7554347981886,-184.24379394552716,2253.9768245418795,-463.2258714953358,-165.71709205662728,2155.0122156188104,-478.5952688293123,-138.6075971409432,2053.500239258996,-490.30477618975317,-135.8743531192631,1963.4889109898309,-510.41984100911986,-119.96857858645808,1867.3297200273105,-534.8585092453944,0.01375380001263693,0.013454100000672042,0.014378199994098395,0.014454099989961833,0.016083599999547005,93.98473061129016,198.8139723030481,-813.432662717427,321.8803182819559,-3276.149055110235,1834.7028716062894,0.3579068999970332,1.0,1.0,0.0,0.0,28.0,1.0,1.0,236.33457016523994
160,2026-04-05T00:47:58.032,-187.198863796134,2346.924084150548,-720.2218592743516,-198.40092082655838,2277.5089000223616,-718.4446690543787,-203.21725764761368,2207.995996606601,-720.9299663257802,-208.97405256044522,2138.615966334449,-725.5867309837274,-194.66374449934392,2069.4996163991054,-728.7472378263012,-184.83845510555966,1998.8752193192051,-735.9671205208388,0.016400599997723475,0.016158900019945577,0.016132799995830283,0.015067999978782609,0.015330399997765198,-254.44508569920072,148.85059768733208,-1006.7181125187545,-396.22661158528507,-2227.181126021041,-1885.8417001862151,0.6311789000174031,1.0,1.0,0.0,0.0,46.0,1.0,1.0,313.5084649701107
161,2026-04-05T00:48:01.012,-324.2631323675637,2377.0416389267216,-600.4745005793119,-350.14744058498763,2298.214866123433,-589.4407812654032,-322.02897884015374,2214.193937879235,-576.0129123044096,-324.1805264745917,2134.9173052130022,-567.5959709906223,-321.5609329180693,2057.0748236612967,-561.0590568817211,-314.4236576634348,1977.9606573008982,-556.6753876794926,0.016884800017578527,0.01566820000880398,0.016013499989639968,0.016126400005305186,0.016302400006679818,-223.5177760786969,153.18839863237235,-822.0446968309725,-299.40475028789336,-2479.811146110847,1495.7195419048442,0.4735515999782365,1.0,1.0,0.0,0.0,35.0,1.0,1.0,281.9643789397733
162,2026-04-05T00:48:03.701,48.31805197967742,2291.134484911764,-673.3871224145487,133.3933645574234,2211.8435651894524,-642.6098496184271,127.03115074164862,2150.274146754011,-626.2431700468949,124.96096061428943,2089.274579398453,-612.5992748443712,126.85408396227467,2029.2183957239563,-602.8215073006752,139.542551102144,1966.2844271598806,-594.0106741322857,0.015970900014508516,0.016153500007931143,0.015723399992566556,0.015842299995711073,0.015445900004124269,178.16450935226067,-60.140360154408654,-822.9332223228955,-28.546711447711502,-1639.5111809466491,-1372.2831531215254,0.783539700001711,1.0,1.0,0.0,0.0,56.0,1.0,1.0,203.22092297242924
163,2026-04-05T00:48:06.565,471.15550663664794,2102.914795133898,-661.2970050436595,491.79180763156614,2034.191720247835,-656.5635047089236,469.5093584540218,1973.5417552859672,-665.1095731777214,479.75204130711586,1909.8882396975848,-667.9542979601933,479.26614674600046,1848.4831218782945,-677.3957423255632,490.62455139520443,1783.5861060159555,-685.1038421620727,0.018702799978200346,0.012985800014575943,0.01598659998853691,0.01595390000147745,0.01654929999494925,520.9704298797201,-36.923794094025425,-997.389780968962,232.13113859480828,-1430.6055372771825,-1640.5917987050302,0.6724986000044737,1.0,1.0,0.0,0.0,49.0,1.0,1.0,531.2798931039464
164,2026-04-05T00:48:09.653,11.879541067834452,2279.7948696449666,-918.4527246218963,-9.590889431274263,2205.607023877746,-957.1799226682107,-2.590395024528789,2131.265517355924,-992.8141610409637,-14.447012387396171,2058.8072161314103,-1031.353371214379,-32.46748647669574,1984.9514910765733,-1075.7641711104354,-30.69938197655756,1914.48599377219,-1108.5414506690884,0.016773000010289252,0.017067200009478256,0.01572109997505322,0.020569600019371137,0.017540400003781542,-227.9113981374403,65.93923418803047,-856.5195563846289,-180.18919515877795,-1664.1672652048262,-13.824580823245322,0.6980614999774843,1.0,1.0,0.0,0.0,49.0,1.0,1.0,241.20973650177604
165,2026-04-05T00:48:11.646,-119.80329248028693,2382.50152926342,-982.4438745884173,-86.22595316422075,2296.615935607295,-1013.3483482704859,-48.83048942152118,2214.0152567009,-1044.5156099763904,-42.41643970153973,2139.307116284591,-1084.3437149586994,-19.38043719581401,2066.0092238217176,-1101.5787454474764,-4.605665442747977,2003.3262379074345,-1065.8547230409504,0.015222499991068617,0.013594399992143735,0.014646900002844632,0.01453610000316985,0.015492000005906448,462.92259435902656,62.178720157557336,-897.4822121823572,442.34279928151295,-2021.1030295659675,-340.90199889804853,0.6566504999937024,1.0,1.0,0.0,0.0,47.0,1.0,1.0,467.0865667775282
166,2026-04-05T00:48:13.554,-143.0462888930242,2327.4226428354555,-689.3954860685549,-128.45183940031302,2241.0438035081424,-687.2885667324808,-133.78200663143025,2162.7447428848386,-690.9374763916451,-135.9317509943553,2083.794036304143,-696.783563124904,-113.61391421188364,1998.6003528907743,-702.3176532533782,-102.56493158582771,1920.1165797091626,-709.8314878054491,0.01708270001108758,0.016282600001432,0.014640799985500053,0.01756890001706779,0.014112799981376156,24.501418416713477,-9.339854821348126,-850.9921509527491,206.21148626837163,-2698.712806028333,-883.0425013241439,0.5369150000042282,1.0,1.0,0.0,0.0,40.0,1.0,1.0,55.581666588479166
167,2026-04-05T00:48:15.460,-201.62803271212942,2337.183609001105,-745.3245083932024,-197.741030454456,2255.5118920418813,-743.649929953488,-214.48989636881015,2175.889146522181,-753.0685145140069,-187.78372250626217,2091.1322545716357,-753.4860138031717,-211.23397544383351,2016.9630633008528,-767.8685196647318,-209.09981673592392,1939.1976770389806,-778.3207468010233,0.01332550001097843,0.016957599989837036,0.016311799990944564,0.013797500025248155,0.014049499994143844,-292.76741387618176,44.161619618204895,-958.9735848481253,-265.3993030895684,-2485.88929529402,-1415.5304286374705,0.5524584999948274,1.0,1.0,0.0,0.0,40.0,1.0,1.0,301.8954967946517
168,2026-04-05T00:48:17.812,-406.4177386395763,2418.4009360215578,-629.4846560865092,-423.4782561519164,2329.3386853386883,-627.0530125414018,-433.2344698480133,2246.2312878549756,-627.6922936066885,-446.47337056128526,2165.7655155674197,-629.6210239899442,-424.5820884855807,2076.425402509398,-631.3513241840574,-421.1424661017313,1996.9302209547923,-636.5040013941718,0.01634349999949336,0.01603999998769723,0.016239100019447505,0.01567819999763742,0.015877700003329664,-435.44591138034957,355.0036625589264,-817.4764278735505,-4075.495281203434,-4616.533396380219,494.7070264285517,0.4282975999813061,1.0,1.0,0.0,0.0,29.0,1.0,1.0,567.8475870553864
169,2026-04-05T00:48:19.938,785.33179484267,1996.6224153113712,-757.1784975225022,781.956709175312,1916.188263334463,-767.3730386219343,790.8277268109434,1834.963395758088,-775.4448073869944,791.4670653458197,1755.4328932950232,-785.7323795524678,792.6150727951779,1676.8416559991101,-800.1033725053544,803.2721266538142,1599.1813763829482,-813.7856928677393,0.015945999999530613,0.016448100010165945,0.014747399982297793,0.015071400004671887,0.01551980001386255,968.0345843434209,372.3907491575651,-1224.7301310020857,573.5418761188661,-4583.78526656537,-1937.946606446657,0.28058369999052957,0.0,1.0,0.0,0.0,23.0,0.0,0.0,1086.8373772205775
170,2026-04-05T00:48:22.817,902.243017731103,1976.9356989255703,-738.722016935624,702.6617438910832,1907.0643199376823,-808.4293672894338,700.509497804532,1829.6340169382856,-823.9852444176593,701.5784490096416,1754.6061904494538,-837.9813736654602,697.2757274223941,1678.1659550049424,-858.9365803209803,692.8951998635262,1604.7288270240592,-878.2677251589727,0.015329299989389256,0.016360900015570223,0.01528409999446012,0.017242100002476946,0.01502339998842217,684.7909622315694,124.09361277584617,-931.4363513807289,-555.0608859636405,-3269.1541652018836,-1169.7912457957145,0.4153389000275638,1.0,1.0,0.0,0.0,32.0,1.0,1.0,696.6535228317827
171,2026-04-05T00:48:25.814,286.1434892100019,2238.626903269592,-953.0555891834182,318.64064005398495,2162.1817954534004,-957.2213179438406,304.5246750600654,2093.242439527482,-977.5514748349356,287.1438287604542,2026.4138086819787,-1001.0924946042531,288.8573427658853,1953.5569523281406,-1020.5515099803918,302.19470640399277,1887.2985729947663,-1040.8075027043526,0.014449200010858476,0.015012799995020032,0.014452200004598126,0.01386199999251403,0.01311209998675622,-22.789536709562526,39.526712703515386,-1004.3687405875726,-513.853101732353,-2369.5376119625607,-1025.964569739562,0.6542559000081383,1.0,1.0,0.0,0.0,48.0,1.0,1.0,113.90591737227159
172,2026-04-05T00:48:28.181,-51.304585559170846,2380.478937838265,-1046.6068874930047,35.768289137937245,2277.063944356034,-1061.5802948257879,56.28357710819955,2190.9864679615275,-1099.944818363027,62.111305322889166,2120.4515963368476,-1077.969709691703,82.66065069917022,2051.323174829969,-1041.4474779300467,89.07359981484387,1984.0897468372928,-1010.7796502243751,0.014393300021765754,0.018694499973207712,0.015592600015224889,0.014847899990854785,0.01552730001276359,396.64765899208714,77.82807215903517,-895.5937012150711,188.58989510953862,-2395.567655179922,213.17896335483215,0.5587552000069991,1.0,1.0,0.0,0.0,42.0,1.0,1.0,404.2350673418588
173,2026-04-05T00:48:31.015,-192.5256643734615,2360.0457756460323,-951.4262320638601,-202.82356923187763,2271.0584749818463,-985.9478203237029,-168.10415778872857,2169.2033401519525,-1010.2931402926486,-175.70093286872543,2080.139258433448,-1047.8916253603677,-151.71137983174413,1989.6817011736912,-1076.4396617664752,-180.03697137138852,1906.4495042131352,-1112.3149067537208,0.015318700025090948,0.015412899985676631,0.014970299991546199,0.014808400010224432,0.014373299985891208,-171.37435342514254,3.2990328052362656,-954.0854344226558,-281.86772385010886,-2390.418267823436,945.5808708752469,0.523290300014196,1.0,1.0,1.0,1.0,37.0,1.0,1.0,179.7367153533832
174,2026-04-05T00:48:33.478,-428.13350572678337,2094.2905380612992,-1063.20390618714,-442.06465055595163,2014.8721148179563,-1095.5002743801924,-458.9513282442399,1932.9813093100988,-1113.632078000291,-462.065336757626,1864.845429471365,-1080.9818875183973,-480.1989696523606,1796.7656291858057,-1046.757591514417,-531.3280200415643,1734.682794592608,-1035.2151903992983,0.015522500005317852,0.016803800011985004,0.01647249999223277,0.015108699997654185,0.016683499998180196,-839.3687124746284,101.014372340416,-963.9881466119373,-127.98402623386337,-2123.577753906539,190.20717802026815,0.4903723000024911,0.0,1.0,1.0,1.0,31.0,0.0,0.0,847.8432766776383
175,2026-04-05T00:48:36.069,-246.714592445574,2246.151294209595,-492.24798604472295,-255.2086395453225,2161.718066200451,-494.1546997102182,-238.24819894311895,2076.0862904840324,-494.31714036577046,-256.3298233190517,1997.4323599130394,-500.39289222190183,-253.43382342111317,1913.918007689536,-508.3406313366793,-260.4497698955038,1833.1978618079152,-515.7069424757656,0.014055799983907491,0.015066100022522733,0.014540999982273206,0.014544500008923933,0.014808999985689297,-383.4042020492125,147.02143382915438,-844.5789203218399,-227.64281177780492,-2665.7184767905187,1818.2555733327977,0.4140962000237778,1.0,1.0,0.0,0.0,32.0,1.0,1.0,414.34958697561984
176,2026-04-05T00:48:46.434,440.401824069206,2133.276441306475,-1063.8516052813445,419.5975616129067,2060.6799534710763,-1089.3547406953871,398.76792891722107,2002.6370815496416,-1048.5485500818531,369.2693447358595,1947.5047344300908,-1013.2729703054656,340.465035992014,1891.7966668226381,-984.1870675695958,324.16081800320535,1837.540795221004,-952.7767230814762,0.01690499999676831,0.01819239999167621,0.014776900003198534,0.01458930000080727,0.014523799996823072,-360.6492794376559,225.2849792998618,-871.059283871339,-464.5716420183055,-1975.0588373822497,374.5088261020408,0.5811476999951992,1.0,1.0,0.0,0.0,43.0,1.0,1.0,426.21448791316243
177,2026-04-05T00:48:48.353,274.08867623786955,2263.2202237306983,-1057.3552349674974,305.25557555304886,2182.5403308820987,-1082.8594880289588,296.31119876719595,2118.752353894566,-1079.8304868629675,293.7972075652988,2059.927987251119,-1042.3977170331823,285.24140150754874,2006.0993853313528,-1012.1009025784904,282.26453791776703,1949.401174075029,-983.4246512555263,0.01353589998325333,0.014788900007260963,0.01772010000422597,0.014200100005837157,0.016381800000090152,143.59226062222024,83.75369650479206,-993.9027466802061,-412.8138177282691,-1874.8940582663063,-1431.708191037003,0.7320517000043765,1.0,1.0,0.0,0.0,52.0,1.0,1.0,190.9218290895606
178,2026-04-05T00:48:51.280,-136.9352636118888,2168.9333122855255,-754.4252327493106,-106.95083183087718,2094.60739276295,-754.6853773052816,-145.08180297642275,2035.714536348477,-769.9896844736245,-125.999483602282,1965.7844235516209,-775.6852109523886,-154.22704771143844,1906.9951557802951,-796.3292875420218,-150.9628823218968,1842.3051232358014,-810.6679394047471,0.01456270000198856,0.015779999986989424,0.015385500009870157,0.014035600004717708,0.014583899988792837,-415.36585225393037,-21.49690043045348,-906.6585653827208,-473.9630286424606,-1871.6071744795054,541.4767365201596,0.756323000008706,1.0,1.0,0.0,0.0,52.0,1.0,1.0,415.97505266506874
179,2026-04-05T00:48:53.615,-70.8091591410298,2291.8916642233776,-733.8691202134803,-58.38908034401129,2203.9012880019095,-719.3227297647558,-48.59431107486489,2116.899454953941,-709.6572689178892,-54.44537648338974,2035.8921742012742,-709.2927950665829,-83.62073818323279,1957.7850457626264,-710.0807973755648,-77.95516965680736,1877.3656390074432,-709.5620406778742,0.016403699992224574,0.016557900002226233,0.016419699997641146,0.016421000007539988,0.015942800004268065,-80.60272222546746,50.49236086243877,-824.3294137488966,-40.047769115480875,-2617.656817989117,293.2893990295795,0.48231679998571053,1.0,1.0,0.0,0.0,35.0,1.0,1.0,121.54141252760016
180,2026-04-05T00:48:56.870,-299.92422997443146,2366.248405088567,-551.2353977985908,-312.36530092309886,2281.3831339276358,-554.6989613958658,-285.1726318137471,2192.4150401488614,-552.8954721228636,-307.5190546678755,2112.0588347511784,-556.8672907119337,-291.7787677281226,2027.4103795453148,-560.2464748187828,-318.14519096698314,1947.0958607988746,-571.3721321322901,0.01325580000411719,0.016515699971932918,0.015433500026119873,0.015889799979049712,0.01622230000793934,-372.8468757042315,223.22690981399091,-808.3290432947382,-196.8038464495224,-2557.9243970413463,1159.9181964467843,0.43232600000919774,1.0,1.0,0.0,0.0,32.0,1.0,1.0,444.126795285725
181,2026-04-05T00:48:58.312,-64.87111835870928,2255.751185546486,-640.2584053835891,-35.84744664976233,2162.656275190623,-647.2663220652516,-19.916301582030428,2072.7906559657586,-660.0712812930135,-19.879695185747096,1984.792458786822,-675.9154214676678,-5.912664608458726,1895.9761159411914,-693.6347607642393,30.480293870316473,1803.0230290728778,-710.7311654984719,0.016386199975386262,0.015298400016035885,0.014457199984462932,0.016444700013380498,0.015328899986343458,246.88657431505817,-91.96349281667153,-800.9201158891312,452.4398854182854,-2816.004148074588,-348.6425993889316,0.46469770002295263,1.0,1.0,0.0,0.0,35.0,1.0,1.0,281.47306802514856
182,2026-04-05T00:49:00.829,-21.988191925367573,2353.2888459481937,-1045.2540697295094,-24.46696617865291,2245.462943483254,-1078.6678440818814,-18.464808481918226,2140.753881709702,-1109.9632097461472,-16.626007953691442,2042.4349844596854,-1144.5131287793115,-14.462316129247483,1942.6098884814164,-1184.2614612971122,10.252744167770288,1848.3865027107468,-1197.7415397968216,0.01547400001436472,0.015028199995867908,0.014363099995534867,0.014600499998778105,0.014610399986850098,42.54948736234246,-4.7546638302389965,-940.5197757241224,-598.9572407713131,-2515.7913599408826,983.7054597874368,0.563706800021464,1.0,1.0,0.0,0.0,41.0,1.0,1.0,58.94843448022942
183,2026-04-05T00:49:03.079,-148.67991660597409,2230.1105453536984,-705.3086976729631,-151.5522412560431,2137.3059553477633,-715.8239849214191,-141.19016983446,2041.4436855675435,-725.8195742222645,-132.6172628264635,1950.549948370512,-743.2158158977716,-124.48027280531187,1858.44835397001,-759.1255982802668,-140.70252136748786,1771.7669072092604,-779.5342989790545,0.015087899984791875,0.01581030001398176,0.01562349998857826,0.015226300020003691,0.013902999984566122,3.438986770536758,-23.7638641916094,-842.0177168394664,462.8146874065714,-3264.4394179972455,-524.5709720678229,0.4317444000043906,1.0,1.0,0.0,0.0,33.0,1.0,1.0,62.757414158276795
184,2026-04-05T00:49:04.966,-269.7189341344747,2325.5436028035165,-618.1265842779273,-280.9122207201099,2232.2644008273573,-611.8780922493131,-260.2514976409734,2134.843434466744,-607.3169146300096,-280.247677706946,2043.274097295644,-605.9830500298547,-290.7092107956846,1955.536133829793,-607.9093959479117,-292.0016033795896,1864.8944236467448,-610.5398644064164,0.01714640000136569,0.015391399996588007,0.013113199995132163,0.013951500004623085,0.01531079999404028,-480.70087630102944,180.3270027924416,-910.4017196367888,-415.27562766260485,-3105.3029251109574,2036.5764772894988,0.3711520000069868,1.0,1.0,0.0,0.0,29.0,1.0,1.0,513.5166561895389
185,2026-04-05T00:49:06.966,-249.62646679360205,2393.696549633847,-654.1444920892432,-210.82740852929328,2309.8926132120096,-644.6774943168359,-205.84392831693913,2230.738116393977,-641.5976049235187,-182.6528363674406,2151.7072467482453,-636.7631604958292,-168.23248322289464,2077.404413165783,-637.8043521023512,-175.9582248663064,2002.9983055485054,-643.6581801953903,0.013970500003779307,0.014429200004087761,0.014441799983615056,0.014849600003799424,0.015352999995229766,-27.04081719376154,-12.643041739224373,-819.0102269956255,260.77920219244317,-2270.8733390402226,-769.0505526374025,0.6101211000059266,1.0,1.0,0.0,0.0,44.0,1.0,1.0,86.31567430210055
186,2026-04-05T00:49:08.599,-239.7601273164105,2365.7162330270517,-1005.1033904221049,-251.1791408078666,2294.05644292771,-1050.693164451084,-204.11397779490062,2208.7156612331914,-1075.5748383174036,-180.80946618211738,2126.6592387393493,-1108.8730354205159,-167.1230121727258,2061.3899505931786,-1077.0625397890844,-157.41688125835526,1996.6382255450544,-1048.9651817020706,0.018441000021994114,0.013723499985644594,0.01647820000653155,0.01701939999475144,0.018376699998043478,286.02672051174477,149.45989410767766,-925.5784505353384,481.4710691285014,-2224.5269904755137,-12.758656603536428,0.550206200015964,1.0,1.0,0.0,0.0,39.0,1.0,1.0,323.7341531645537
187,2026-04-05T00:49:10.598,-245.02675955557288,2385.912861261645,-657.9364026668889,-240.07099385062202,2298.9240951962784,-657.0260469365293,-218.46815659256526,2209.2056297795457,-662.7233042060745,-233.0393312561382,2127.3738739480323,-674.0870337756689,-243.4474478697034,2046.672921440602,-688.5047241091374,-225.48511327695542,1965.0972926115892,-699.0452180801224,0.017955199989955872,0.015999499999452382,0.015128300001379102,0.0161835000035353,0.017377100011799484,-268.7480795258316,36.85097367825301,-834.7611264177817,-15.410032106548963,-2644.259258980934,-714.3533670406088,0.5267099000047892,1.0,1.0,0.0,0.0,38.0,1.0,1.0,278.9975539966877
188,2026-04-05T00:49:12.234,-152.11164366612456,1739.0344061679596,-703.7278825621843,-143.27241462806114,1659.6306505021535,-716.7016705923872,-136.92678280607515,1584.7849845746541,-736.0206500796871,-160.5548506978671,1506.270707802475,-762.2760357768914,-154.1308412860999,1435.442173564866,-784.8431704117171,-178.5757059286775,1359.8561082485708,-813.7756040529421,0.014029099984327331,0.013013200019486248,0.013489000004483387,0.015877300000283867,0.015366599982371554,-222.25694597140318,-93.86443171233054,-834.5011711338839,-2214.663328469647,-3908.47241532729,-1364.5249587888775,0.472955200006254,1.0,1.0,0.0,0.0,33.0,1.0,1.0,249.9975563001502
189,2026-04-05T00:49:14.134,-598.301113484767,2394.575247430094,-703.6182264439183,-579.5140166620622,2295.5719616606675,-707.6221727028848,-551.9765842488587,2196.0155947028197,-717.4793867586311,-545.0052449114041,2104.402646177547,-729.6077305626288,-544.0241754561948,2013.0578086023118,-743.6395416007296,-518.0957755306868,1925.0996861409296,-760.1692158246447,0.016287799982819706,0.01577440000255592,0.016677900013746694,0.015286100009689108,0.01600849998067133,-127.56201287418116,-8.454558608851585,-885.4233353639926,-31.723644742606496,-2251.082126067561,-1313.5834095530136,0.5728766999964137,1.0,1.0,0.0,0.0,41.0,1.0,1.0,128.6702212700899
190,2026-04-05T00:49:15.908,166.59581520432312,2187.6160324515654,-659.4772099261199,166.89351413330996,2107.6784407411315,-659.6768904037526,160.73448898003835,2029.0218553702955,-662.6124872545001,178.2022079776566,1946.8578900320126,-664.5269673208143,177.47658445358957,1870.665995977003,-673.7663462935188,186.77507340706143,1792.2173281111868,-681.0932747157601,0.015075000002980232,0.01323380001122132,0.01725459998124279,0.016447000001790002,0.0176013000018429,216.55030404580157,-52.940614484744856,-800.225126488248,-177.86224105568792,-2461.176030963921,-500.26397017085196,0.5191666999890003,1.0,1.0,0.0,0.0,39.0,1.0,1.0,244.2371147648072
191,2026-04-05T00:49:18.356,372.6736455194882,2165.123759927506,-920.0268580977369,347.64067281557914,2103.9946603245567,-894.7428732954081,335.12266009376685,2039.7788361288485,-869.6436909247615,342.1901029764397,1974.4916806502824,-835.6753454539073,326.23896596364125,1917.4174840563473,-820.4271509206158,309.97684293044676,1855.0713098231845,-801.8867382124258,0.015381599980173633,0.015642400016076863,0.01542189999599941,0.015523899986874312,0.0156812000204809,108.77152800307658,-28.782929703209675,-844.9308565471607,-129.53305925098442,-2153.846414960049,-468.1393272150168,0.6216940000012983,1.0,1.0,0.0,0.0,45.0,1.0,1.0,125.26896226541264
192,2026-04-05T00:49:21.335,-164.09773743012647,2283.5030883483205,-427.47435051827455,-135.77067933328908,2181.6644824054993,-452.4259746847823,-114.79159274974654,2078.1726157172675,-477.54360315858185,-112.73216126499074,1984.0043865548066,-506.2218243825848,-99.78750405902338,1887.1543113208957,-540.3971328979055,-57.156183920666535,1788.1714713593265,-569.2782548923074,0.015157200017711148,0.014720899984240532,0.016318700014380738,0.012859599984949455,0.0163423000194598,179.4161153154123,255.58802657530077,-826.7856627451342,368.11295811032454,-3216.0333669976258,1595.648454507329,0.31335179999587126,1.0,1.0,0.0,0.0,25.0,1.0,1.0,320.7424526675557
193,2026-04-05T00:49:24.322,-275.91773316430044,2364.502671186477,-413.3910291659112,-267.7862874645484,2268.5189199069614,-444.03370907732335,-235.81981661493774,2173.9543548242414,-472.6438741136883,-237.65308311261015,2085.622003566553,-500.52615240059015,-190.6505014058671,1990.6481502509287,-533.0975051893555,-182.04963200493285,1902.4871235907272,-569.8797151878667,0.0136709000216797,0.013455199979944155,0.015740100003313273,0.01807550000376068,0.015002300002379343,34.605985772479016,-52.22962191291094,-647.812590801982,255.4087450730269,-2572.508638598941,-238.9737817719036,0.49547339999116957,0.0,1.0,0.0,0.0,37.0,0.0,0.0,259.85379930733984
194,2026-04-05T00:49:27.538,-268.984260987736,2333.687085950268,-696.3542473255129,-276.5281091459051,2227.835917342739,-727.3915683861337,-259.61794173730004,2120.6350901292117,-748.1633903887011,-265.0711705757626,2019.1820988694867,-783.7831281615737,-247.6709892553372,1915.3717924543012,-809.4405770719122,-215.9994510283259,1717.35167121682,-868.1139775817755,0.018014000001130626,0.01436260002083145,0.016804999992018566,0.015537300001597032,0.027060799999162555,-264.3459720782703,-44.602221251729816,-832.6203759343967,-112.9386944950374,-3777.8974514311444,-688.9240036429472,0.3874024999968242,1.0,1.0,0.0,0.0,30.0,1.0,1.0,276.42026849313334
195,2026-04-05T00:49:30.417,714.3020937724605,2005.1720260148181,-628.7422776049995,702.6535984608417,1906.0120350296756,-667.1341907866382,682.5211950314742,1813.266022320834,-707.2229320105998,680.530132227994,1715.4701793449833,-747.059362401094,665.9720092036805,1620.5914621355391,-792.1477043832635,656.9074132070916,1528.1790694267552,-834.696633664893,0.0171509999781847,0.014255100017180666,0.013804699992761016,0.01373599999351427,0.014535399997839704,481.7811690983294,-26.52385528295099,-705.826254447514,-395.80176233022706,-3370.2705780059837,11.646172395533634,0.3584976000129245,0.0,1.0,0.0,0.0,28.0,0.0,0.0,520.1154230156087
196,2026-04-05T00:49:33.970,-293.780591181629,2343.088408841475,-619.8212913579523,-271.29601564366885,2258.662569857128,-617.9515052134033,-223.8817095150839,2170.7943022907457,-616.1451604299102,-188.91208785413392,2088.1790906732167,-617.0544227662162,-142.5632818517097,2004.151499864534,-620.4042330950142,-107.84083866080755,1922.5000318973575,-624.8361567556775,0.01626819997909479,0.02112920000217855,0.014261500007705763,0.018770099995890632,0.018155900004785508,373.01810947373883,123.04538931463094,-866.4677847016408,1235.9763204729938,-3233.0882682903443,1325.6118141187442,0.40694580000126734,1.0,1.0,0.0,0.0,31.0,1.0,1.0,394.2170560614632
197,2026-04-05T00:49:35.609,-539.3009209045867,2436.8948820748524,-658.3927304991365,-518.6857849811045,2341.5196310586266,-648.0853762098874,-465.58079787302495,2244.9973485036244,-635.5208010311517,-458.92712045990766,2158.2712240366855,-630.7982519171874,-419.67336298842565,2064.9909784305546,-623.58338213913,-394.12802785944314,1974.3893862043792,-621.3993870778102,0.016960899985861033,0.013852700009010732,0.01816430001053959,0.014898499997798353,0.016669199976604432,-69.64132656638867,-99.13054798245366,-922.446339638506,-2957.086780723404,-6584.5369566714935,1017.7686435870938,0.42097090001334436,1.0,1.0,0.0,0.0,32.0,1.0,1.0,123.20965088983536
198,2026-04-05T00:49:38.754,-455.6014779981642,2251.0023536171598,-1041.7134763160282,-433.5877777516016,2175.6774030678616,-1088.5539183268197,-394.0458473014951,2102.3893535061084,-1108.0470898479691,-391.8002586245607,2047.1225345243297,-1070.3631570606901,-327.37591410333016,1931.9203663431722,-983.098512767063,-328.7036174714249,1875.5318122224385,-948.8220646409043,0.01651089999359101,0.018656800006283447,0.014380700013134629,0.028150899976026267,0.015249900025082752,259.30674382782445,50.85508645817572,-828.3110072985537,522.3769817489073,-1809.7619645748323,-53.79828033514819,0.675794999988284,1.0,1.0,0.0,0.0,51.0,1.0,1.0,273.79835442859314
199,2026-04-05T00:49:43.270,378.2414126224596,2203.8966495439263,-991.0817357413797,344.77896919656473,2130.3333262951405,-1035.0246865204967,303.4746914166144,2062.381641249427,-1083.8343819971356,275.3219888956178,2000.6043082593105,-1076.561162269687,244.75382492673907,1948.618103316624,-1031.3043656346658,206.0353246150953,1895.871687450456,-999.7398637463077,0.01701750000938773,0.015271699987351894,0.01590790000045672,0.017003600019961596,0.015578299993649125,-677.9743116940035,265.7909478412457,-867.2039876808572,-450.9977519110151,-1354.884352260801,858.2643325073695,0.6229132000007667,0.0,1.0,1.0,1.0,44.0,0.0,0.0,728.951009118818
200,2026-04-05T00:49:45.154,402.83459718477866,2128.5205581832834,-534.3300151906975,359.59406645528065,2055.7864138947266,-551.7036042582346,331.53382842096676,1981.6694136408146,-567.3627113931478,294.8162575513047,1908.1517809357906,-586.3075886456464,275.24995028972853,1835.2647772583036,-603.6739466300231,211.25321771794643,1766.2113146998847,-632.0009154871607,0.013621100020827726,0.013072899979306385,0.015356999996583909,0.015868300019064918,0.01733929998590611,-617.9734616058572,47.773898344332565,-804.5368635561009,-829.0182686150761,-1968.2448816558615,-1060.93392176125,0.5662431000091601,1.0,1.0,0.0,0.0,41.0,1.0,1.0,627.1257888429138
201,2026-04-05T00:49:47.139,434.8232781861768,2081.41536745718,-540.1824158010229,402.5311906668662,2005.281648289642,-544.9203473355153,375.8839114345094,1931.5277973205816,-550.9552577229465,346.9361449973403,1858.0055334861452,-560.2410933683753,322.53302369562834,1785.4652776623486,-572.0085018601387,270.86939370525533,1715.1038122857026,-586.816006402216,0.01573780001490377,0.013887199980672449,0.014581099996576086,0.01653170000645332,0.015105700003914535,-376.16392019686646,282.95132476579465,-809.6003317787197,-830.0360423181563,-2370.3385236577824,1217.388262211812,0.39636819998850115,1.0,1.0,0.0,0.0,31.0,1.0,1.0,479.3045452101516
202,2026-04-05T00:49:50.372,376.3730015711046,2189.6024318958516,-867.0474597077945,375.6886249007962,2109.973801160394,-899.0976622977214,358.05509157318943,2035.2112532540111,-937.5764154332632,341.9864167144276,1960.8383792740813,-977.0120937970909,311.34063126328647,1887.7613013775708,-1018.0597624378503,293.00999689540413,1814.529641423481,-1066.283097150095,0.01479679998010397,0.0169348000199534,0.014226699975552037,0.012560200004372746,0.01620260000345297,-186.85751914597085,83.88455311182292,-915.0934350438544,-326.41456043726396,-1580.9707720054885,1300.1626898266807,0.628013200010173,1.0,1.0,0.0,0.0,46.0,1.0,1.0,205.37809643090023
203,2026-04-05T00:49:52.536,320.797257714029,2183.2915050425795,-926.7969920631666,305.49920997675827,2107.2419724218416,-970.6961786482348,277.6542863352661,2033.946520119432,-1016.2168858341036,269.0231856217147,1961.4811661170247,-1062.0929707230703,241.61821610290963,1895.0972707999908,-1094.3867466011898,212.9569440924438,1845.6071788017302,-1051.2466624676374,0.018018300004769117,0.01383810001425445,0.017189200007123873,0.018809599976520985,0.013542100001359358,-334.9032951647846,82.27721992599982,-826.442717381737,-541.5607977013658,-1788.9438088993015,620.179218087175,0.7064243000058923,1.0,1.0,0.0,0.0,51.0,1.0,1.0,352.61938667232295
204,2026-04-05T00:49:54.861,150.48094120435917,2206.1861950815546,-536.4590747354041,128.97213760677232,2120.287344858709,-539.0663472658402,133.0490493342072,2036.4363257075734,-541.4353512763746,112.85588055283779,1955.3539802305231,-547.0339296811024,103.36458691220105,1873.9886287542415,-554.9767995609116,108.50759056978313,1793.2349483308426,-564.0540786191364,0.016399399988586083,0.015172800020081922,0.016172500007087365,0.01679549997788854,0.01555979999830015,-96.0366366565363,191.5437840177267,-814.3529148715653,-554.4760455920814,-2472.1376542176336,1410.961089383813,0.4023964000225533,1.0,1.0,0.0,0.0,30.0,1.0,1.0,230.75415482094022
205,2026-04-05T00:51:56.380,315.11134998569196,2153.3847951822363,-664.5731923086505,312.7934682942864,2061.245747673428,-663.6525237424084,272.3076714329318,1979.4635865566588,-672.9617629067468,263.27828326812596,1891.5859794160017,-682.7673233103246,255.1949786732216,1806.8729266313353,-690.6358606814614,223.98168056469922,1723.4992778245264,-706.0754281864083,0.017793000006349757,0.013641400000778958,0.016961799992714077,0.01737320001120679,0.014093799982219934,-117.12790256439621,21.719126300970174,-813.0895225512515,-609.1467336089293,-3089.074861569317,326.40172024431484,0.4145444000023417,1.0,1.0,0.0,0.0,31.0,1.0,1.0,147.45879796330092
206,2026-04-05T00:51:58.353,258.7789934399748,2184.5383374656303,-565.3156770832675,236.8748697004039,2106.9441044405125,-570.33774677664,222.99232825106628,2030.1203829915876,-576.5798851544297,215.75887246801267,1952.4966303260971,-583.9916688014805,194.8188127534263,1876.4381566943118,-594.7315820599104,192.24301558149318,1799.7877209868066,-606.2750938202068,0.014993599994340912,0.015512700018007308,0.01619979998213239,0.015881600003922358,0.015134000015677884,-321.9318023520277,87.85250738185619,-823.6557060086116,-465.8173416518375,-3066.076997680906,932.1034589025429,0.38936599998851307,1.0,1.0,1.0,1.0,30.0,1.0,1.0,342.3252833840172
207,2026-04-05T00:51:59.496,51.786477057714364,1253.5127293469732,-720.173316230917,34.4892579972975,1168.8862429089331,-751.9674505392101,57.60711782784347,1097.4349861965104,-778.5857327137871,59.680850761098554,1014.143629156353,-811.6779882551516,75.76465502562041,940.7482205592621,-843.5170454807243,81.10912677765964,865.0661358757553,-878.4504620487423,0.016871900006663054,0.016075899999123067,0.014534200017806143,0.013974299974506721,0.013365400023758411,193.257336071385,-36.28125962482545,-806.49405772256,285.75435713960013,-3027.0338838952985,1017.8468315105031,0.2494437999848742,1.0,1.0,0.0,0.0,21.0,1.0,1.0,217.73398675118264
208,2026-04-05T00:52:01.049,430.5919066101387,2068.4758493723857,-565.2746703318935,453.6120086400051,1982.4147665596859,-582.9697345321981,462.40974351026875,1897.5953215478721,-606.8936171662049,483.2235433145536,1814.3897132344414,-630.3796745811358,480.427949240471,1731.8794257617947,-658.147410320001,503.58648914375135,1650.8072599491657,-683.4914708981605,0.01707099998020567,0.01417900001979433,0.014588399993954226,0.015584499982651323,0.014167400018777698,624.3985317890654,85.7601853803269,-826.9270739844213,-4282.89898435929,-8729.259695460738,-265.4349107346674,0.34821299999020994,1.0,1.0,0.0,0.0,27.0,1.0,1.0,634.4824571359611
209,2026-04-05T00:52:04.204,384.1670549369744,2149.2329695082,-563.3214950731802,407.9623845744652,2073.240048924922,-574.6171959401831,389.38204776635166,2002.3225161272271,-593.5747303129004,379.35938276856996,1932.1067503310135,-614.4384762615988,350.2858536631129,1860.5694152679878,-637.1204370315727,340.47370625889425,1789.7436759731581,-661.0368305576419,0.013407699996605515,0.014724000007845461,0.01560280000558123,0.01629490000777878,0.01544879999710247,-103.1381190937027,-43.429045395193725,-800.9926869575661,-114.68895315992668,-2938.7368694427955,-524.0547934996797,0.46780469999066554,1.0,1.0,0.0,0.0,35.0,1.0,1.0,149.41887976426239
210,2026-04-05T00:52:07.327,139.44812960931722,2197.1636809592624,-552.4889853696355,123.82140331315577,2114.330147419016,-550.7452968869604,121.88206737859991,2031.5517249183788,-551.4272805235291,-291.2915165334084,1956.5227417659476,-594.6279754340607,-308.05405107472325,1863.0458192573,-604.7751256422741,-294.5216388680924,1767.9473755860204,-613.963644467932,0.019070399983320385,0.016456700017442927,0.01566639999509789,0.01586189999943599,0.016738500009523705,-131.67242903965507,226.44760683446248,-804.9757090694493,-635.1187581200636,-2856.8747235538235,1519.372746261755,0.3833837999845855,1.0,1.0,0.0,0.0,29.0,1.0,1.0,278.6498933735885
211,2026-04-05T00:52:09.595,101.57409628981395,2248.643668020897,-555.4289132327785,142.7767859564119,2170.3488605314155,-553.7314345900592,159.6821236341516,2095.8220553840847,-560.5176584522574,176.94914985074638,2023.4996829003621,-567.9094773590735,196.41483638569753,1951.4381567027438,-575.4180208489503,198.40966387772414,1881.302640466934,-590.8669906292645,0.015972799999872223,0.015796499996213242,0.0159540000022389,0.014926500007277355,0.01706499999272637,566.0334292779785,30.663329280040898,-746.0834969434552,-2654.844081702624,-5087.7241046715035,-1280.484039464094,0.5863512000069022,0.0,1.0,0.0,0.0,40.0,0.0,0.0,587.3877533077106
212,2026-04-05T00:52:11.659,-259.17743775826193,2222.7682001496605,-393.13234292172876,-254.03406552740853,2138.5442746160716,-390.7145722827467,-243.13417817454228,2053.2000298605053,-388.4475292112024,-178.66228097832345,1962.8644326062,-386.5931263971774,-257.703477679499,1887.855477051869,-395.75617756613417,-246.60516993715328,1805.7104561883907,-402.8061688221576,0.015022599982330576,0.016215700015891343,0.01699390000430867,0.018351799983065575,0.01643270000931807,-250.60804342070605,-52.80262837431678,-806.1227654876468,-8.594684547833467,-2345.89644171605,1873.7492427722225,0.4597365999943577,1.0,1.0,0.0,0.0,35.0,1.0,1.0,272.77361336844524
213,2026-04-05T00:52:15.693,-563.7372639082009,1592.1811816045977,-952.4665716524255,-536.9217722710914,1527.3733851820705,-927.2766010934121,-537.8512056934796,1470.205889248133,-911.8207971626268,-529.1129523883837,1413.9491465520093,-896.9303411075704,-552.1633380026533,1353.288973041313,-888.8276423954637,-553.9881476090536,1299.7258546133035,-878.8732513209075,0.012919300002977252,0.017864299996290356,0.014324899995699525,0.013435400003800169,0.016002499993192032,-692.0357100548445,40.754517182437894,-909.213398330196,-191.43774071743402,-2001.8444772405783,80.30345594440477,0.4472871999896597,1.0,1.0,1.0,1.0,39.0,1.0,1.0,693.2959262614178
214,2026-04-05T00:52:16.892,141.42007600288161,1739.3117718002059,-933.1275308182817,156.19765807567865,1682.1884880045545,-918.1113470421567,200.2896823633073,1625.5738743512206,-899.0951165415638,217.46388912519706,1568.812980721492,-891.178015897616,261.15703551246133,1514.5373423981046,-881.0844146994494,253.49559657056398,1451.6638701464678,-879.6462670360112,0.015034400013973936,0.014959299995098263,0.015408200008096173,0.01667270000325516,0.016541599994525313,846.3349795120853,316.5921388307502,-920.4763431727711,957.8012668675286,-2423.239458891144,386.31673491738167,0.38792979999561794,0.0,1.0,0.0,0.0,30.0,0.0,0.0,903.8433274328465
215,2026-04-05T00:52:19.420,47.6385030003521,2275.8629243104688,-909.4601875185456,77.83891022338548,2191.3219616731667,-928.905887475293,113.27797719339014,2105.7712860193255,-959.0025607117595,142.20069695213306,2021.084610182932,-988.1511040842358,180.82076030038343,1935.6393093075037,-1017.0815692568129,213.82452922985703,1854.5381182139995,-1046.3559791639395,0.014229799999156967,0.016005299985408783,0.018556700000772253,0.014447000023210421,0.015433299995493144,591.873333491111,-10.6816567550934,-1057.8066213357047,-547.5309881930984,-928.8744704999683,-159.45968691368824,0.5698866999882739,0.0,1.0,0.0,0.0,42.0,0.0,0.0,612.6426939304051
216,2026-04-05T00:52:22.092,-110.0930262131833,2337.151504921125,-887.4678783614146,-73.98248408937025,2239.4882434737774,-912.1412881560165,-46.6681794155179,2147.627131383282,-936.8032367521838,-22.193415398680827,2055.9977380466307,-964.7013341654142,-13.17733586631266,1967.877615618336,-997.6276029021052,10.760624544619986,1879.8546070187879,-1027.0890361311087,0.014408500021090731,0.013513199985027313,0.012334500002907589,0.015188699995633215,0.01451979999546893,311.46911291520246,121.2699665966777,-1012.9341465083312,321.72947332378646,-3260.732742482006,-1726.2224890505038,0.42962989999796264,1.0,1.0,0.0,0.0,33.0,1.0,1.0,352.8080704095467
217,2026-04-05T00:52:24.781,-251.58975636328978,2388.185187375988,-667.6881758157273,-244.3045567450713,2298.9214968755123,-664.8538659926317,-242.82697369580546,2210.9646106210057,-661.6478241206989,-225.1822244985383,2119.363482146265,-663.9560812937978,-216.0017821767583,2034.7859114355488,-669.4330609748934,-199.2769742986079,1946.894062318158,-675.9341131482188,0.014164699998218566,0.013919399993028492,0.012783699989086017,0.014789900014875457,0.01467979999142699,-122.60289336920823,77.64759809465272,-801.7067857535823,170.790411235923,-2638.6647384806074,357.9738685186507,0.4620831000211183,1.0,1.0,0.0,0.0,33.0,1.0,1.0,175.277422731116
218,2026-04-05T00:52:26.575,-159.08263977646902,2359.6615964549505,-632.7582368046651,-61.80918267444167,2245.460150866148,-613.3453105019107,-45.98512358732478,2150.143524720538,-610.1336332508781,-27.353904152043924,2056.672474226814,-606.9549889026276,12.363042113919164,1961.0670216291905,-605.1740600474938,6.507217125883017,1870.6148491697559,-609.4474619015384,0.017296699981670827,0.014570800005458295,0.015482999995583668,0.015011900017270818,0.020795199990971014,185.67266847288693,-68.90803290575514,-997.9517965096638,667.3854885357003,-3399.7378941601096,2237.9333933323237,0.3626083999988623,1.0,1.0,0.0,0.0,28.0,1.0,1.0,220.94617275765108
219,2026-04-05T00:52:28.891,4.258383523931116,2233.228610661096,-418.52186155569416,34.47109631302237,2149.042107441876,-434.34436005753435,70.73985405248914,2064.416863194583,-451.5099476892896,115.76831693160875,1980.0657321106708,-467.52795737102707,151.94950474500865,1896.8001519635332,-488.663149904813,195.15600498760796,1811.861289058571,-512.797098632305,0.015172299987170845,0.014064999995753169,0.014527499995892867,0.016864500008523464,0.015287699992768466,978.4119955947713,500.1934531709012,-854.538441970358,1266.7901203093036,-2820.9187223019376,1931.6982639568996,0.31453880001208745,0.0,1.0,0.0,0.0,24.0,0.0,0.0,1099.7955614464242
220,2026-04-05T00:52:34.204,292.1967904919811,2176.6207399567265,-603.8560436562631,251.20300827910796,2108.2623418316452,-632.3314124158371,223.59485507119234,2036.5278879458447,-661.5867862232919,189.27498960183175,1967.6914328472699,-694.5703053326895,138.34801377670556,1902.0798649346202,-729.5335765092929,123.27940418774824,1834.3219535157768,-762.0207148938155,0.016258299991022795,0.016756400000303984,0.017523499991511926,0.0138411000079941,0.01629450000473298,-609.6635230402353,360.0129405255482,-763.8450973172584,-1301.5086853395107,-2646.5682747719425,-678.4645402704542,1.8920351999986451,0.0,1.0,0.0,0.0,84.0,0.0,0.0,720.9972858452591
221,2026-04-05T00:52:36.813,121.9615741488883,2196.2571034239463,-633.182045405898,96.3607005130184,2110.2804554875006,-639.8694035471501,61.792693056926055,2025.6529795207266,-649.4644907518402,10.961901522492553,1947.0793762148915,-664.1866420221147,-9.400197557652973,1864.644254555631,-679.4999437875107,-30.85428398862996,1784.1231061540557,-695.3841405692551,0.016922299982979894,0.016056899999966845,0.014815100003033876,0.014827500010142103,0.013922399986768141,-564.3264654690129,67.06319530131327,-810.0273278562934,-1017.9151545976995,-2567.0115107835086,-678.8701714250633,0.501023000018904,1.0,1.0,1.0,1.0,37.0,1.0,1.0,575.3754543995165
222,2026-04-05T00:52:39.464,93.98131424696112,2256.0279907246745,-764.5943178838404,79.46193003380768,2170.842083733668,-762.6997768163933,7.615452078647195,2102.508036487042,-774.968648116253,23.711616645225604,2017.4801246743696,-780.379467709871,-29.783503044675854,1943.6326958615714,-793.2820180927763,-27.724039264011935,1866.1282546766954,-802.1632259617666,0.01611099997535348,0.017572300013853237,0.015497799991862848,0.015197900007478893,0.01609479999751784,-711.1608215465203,174.7615238679473,-931.8488822744051,-1358.1979623683906,-2759.581055324177,-1004.3498940995424,0.4642417999857571,0.0,1.0,0.0,0.0,33.0,0.0,0.0,733.0113611871905
223,2026-04-05T00:52:42.428,-25.4048591841115,2269.015667081505,-842.8813985779618,-39.340933401731945,2182.429108555254,-849.6637766127395,-55.44853386805835,2103.5908369392746,-864.7068737291087,-74.27906184702897,2025.6927156460943,-877.5416025699113,-102.50393129778877,1946.7628478971442,-893.4024138465347,-88.9508802104956,1870.0272248924568,-905.3933402183337,0.01612739998381585,0.015600800019456074,0.016258199990261346,0.01439520000712946,0.013351500005228445,-415.34310850752763,141.60273979830345,-1013.1974640475968,-1016.6051398475311,-2585.1906385152374,1309.7251318075423,0.5318803999980446,1.0,1.0,0.0,0.0,37.0,1.0,1.0,453.1830751141186
224,2026-04-05T00:52:44.888,190.02931373767842,2137.418108759483,-429.39473448374724,168.25301995635482,2052.775633650029,-428.5507873882058,165.88628296836396,1966.7251321746928,-429.5142288602938,148.08099486022775,1884.0047112194723,-433.2225256433661,135.19652560213535,1801.7623425496224,-439.6740234924739,119.38861670854976,1721.2505359801285,-447.37786854627257,0.01728279999224469,0.015122400014661252,0.015965300000971183,0.01571979999425821,0.015476400003535673,-160.2331077957865,98.04862153908289,-922.8509712066921,-3112.190656364994,-4450.615418721191,2086.7101696165782,0.38263320000260137,1.0,1.0,0.0,0.0,29.0,1.0,1.0,189.2362224963802
225,2026-04-05T00:52:47.496,85.14899744993227,2256.274062345883,-633.1261923144477,65.85306765942596,2177.4067809465632,-660.7002105024385,70.15946418926751,2096.8087191792215,-684.8668569634655,61.00158379044524,2017.2420479383038,-716.3830601771535,58.41449755638996,1938.7678389185412,-743.4580423261514,40.00912310254489,1865.0106809321023,-776.0730388264436,0.013534900004742667,0.013442999974358827,0.014868800004478544,0.015252700017299503,0.015668699983507395,-133.83515981306118,52.81677325754822,-906.9197104145097,-499.7760843559818,-2825.817988452686,-1744.787637623951,0.5436649000039324,1.0,1.0,0.0,0.0,40.0,1.0,1.0,144.04632564472988
226,2026-04-05T00:52:50.845,-338.04749611141597,2451.0318971407814,-1064.0775182878037,-395.70768875476506,2388.775703257469,-1122.2896957337935,-376.91149163138516,2316.1390106050053,-1080.7429444813836,-358.34335166023266,2246.1943265713307,-1036.262725131083,-342.64987357102336,2115.347909555052,-961.001642344488,-382.4191891784035,2056.4296526109297,-948.3983885911989,0.014198499993653968,0.015664100006688386,0.014100899978075176,0.029853500018361956,0.016140099993208423,-379.8336817139175,-6.260546647703677,-854.8413821150154,-47.84865220284085,-1896.3287901241129,-464.72087470377477,0.6928676000097767,1.0,1.0,1.0,1.0,48.0,1.0,1.0,382.55995736349576
227,2026-04-05T00:52:53.097,551.3264819202911,2113.076948199764,-1076.8118424325958,506.03047670783576,2034.9793921433197,-1059.9852264618412,476.642696690599,1961.21752681469,-1016.1286780946015,449.21466375338787,1888.531225493127,-970.1477645382402,420.1502155171172,1817.3637165360415,-937.1649599875815,386.15362925749196,1747.7021875700657,-903.3490023195101,0.01748119998956099,0.015029800008051097,0.016456999990623444,0.015224400005536154,0.01966250000987202,-161.0577017027913,71.53859803616501,-940.966429631313,-443.21788092465243,-2988.4203535748766,-1970.0583550247861,0.4284899999911431,1.0,1.0,0.0,0.0,33.0,1.0,1.0,180.9298279541066
228,2026-04-05T00:52:56.323,113.49921014943038,2282.84801739497,-1041.2691709387482,79.32763358006514,2196.6479428349962,-1085.2759285704938,63.63204531023666,2111.460856965875,-1098.1561358611557,59.29260149669426,2037.758863371649,-1060.2304641533824,35.685163570071836,1966.3322182379197,-1030.1996907028968,15.955873202986822,1898.8539339604672,-1002.4193565964713,0.016030400001909584,0.014477599994279444,0.014398800005437806,0.01640429999679327,0.01593039999715984,-246.22834110739677,128.75347641151552,-957.1798193265375,-2876.054693167129,-4217.084438989059,631.2785859534577,0.5012978999875486,1.0,1.0,0.0,0.0,36.0,1.0,1.0,283.681838316743
229,2026-04-05T00:52:58.248,-123.6670893823325,2303.754192729769,-1009.5105049015517,-158.50147998385592,2201.431840718009,-1061.412450080315,-182.73319795053112,2104.7498365851734,-1112.1289260121198,-204.76408780534712,2021.7318789970652,-1069.8993579056823,-234.50739652123048,1946.687375272228,-1027.528994215355,-269.5321169450408,1873.0780450273255,-983.0434427480878,0.012375499994959682,0.01452560001052916,0.01600410000537522,0.013701199990464374,0.014649699995061383,-478.41614516255413,125.79968186136239,-857.0909207165323,-107.49710380179563,-2957.859240903562,-1674.356776026569,0.45866030000615865,1.0,1.0,1.0,1.0,31.0,1.0,1.0,496.5367629829366
230,2026-04-05T00:53:02.112,-256.9624367249571,2384.997884742994,-1049.9505955510267,-242.59078671274665,2289.5483505303373,-1084.1669556459253,-251.57878831040352,2205.519377008206,-1106.2348582043082,-253.18992962080256,2136.532090175552,-1071.9051908313286,-240.23980316246934,2059.6954909077463,-1031.57959623707,-242.53895001709316,1992.365628886065,-999.028006751969,0.016875799978151917,0.015772800019476563,0.01552869999432005,0.013515500002540648,0.01259359999676235,-313.3249720488311,-23.406410057867333,-889.5169601439511,-53.593349897674415,-2143.321852932236,109.83719322590005,0.60214430000633,1.0,1.0,1.0,1.0,41.0,1.0,1.0,314.37285548504553
231,2026-04-05T00:53:03.571,36.167200900313674,2314.572023818424,-938.1307525173355,6.829357898956005,2242.734917030951,-988.1045568867964,33.90201171397666,2156.3883221174115,-1020.8548788969551,63.381862760029435,2069.9583433126763,-1056.1869354495861,75.5298835918552,1988.8954388982193,-1095.0463180935212,81.88827781235295,1920.5246374772762,-1079.330045130459,0.016807699983473867,0.014960200001951307,0.015914799994789064,0.016263900004560128,0.01538339999387972,418.4511267460314,94.58401692383427,-948.4247244521417,532.5915488875931,-2083.676971941421,1313.5201248733467,0.5443747999961488,1.0,1.0,0.0,0.0,40.0,1.0,1.0,431.731902539918
232,2026-04-05T00:53:05.805,369.5809295754327,2173.822981938796,-1057.324816889262,318.70635789317475,2119.3212997494484,-1097.7116458429914,289.817711266498,2076.4021071295792,-1057.46973091417,248.9957130885,2033.3777290811818,-1022.9712112940765,226.17301462397154,1990.0929271737407,-987.3860069525706,182.4121947352828,1949.9804660626112,-963.0655109010359,0.016461500024888664,0.016141200001584366,0.016114899975946173,0.01578509999671951,0.015373800008092076,-873.3843887390249,466.21329970752686,-901.5943358740525,-938.9667188437634,-1379.8356000786057,-567.0049785237314,0.7279054000100587,0.0,1.0,0.0,0.0,39.0,0.0,0.0,990.02912746247
233,2026-04-05T00:53:07.113,375.3816562063173,2025.8984677395079,-990.1589293754964,339.36411671553833,1943.454987512273,-1037.3305070086499,312.594222871232,1861.5587323493708,-1079.8471977951153,286.69728299681447,1789.4676556154755,-1076.1193117689454,261.900012317838,1724.7203842648537,-1033.9001806995227,236.01963894527535,1663.1110466100827,-1002.7976921728272,0.01421890000347048,0.016793699993286282,0.015543000015895814,0.013997000001836568,0.014253899978939444,-197.0885408293925,150.0483659462509,-1007.0658799325967,-1333.2373474027231,-2976.2320660964683,-1978.280365840932,0.43589520000386983,1.0,1.0,0.0,0.0,33.0,1.0,1.0,269.8546047321415
234,2026-04-05T00:53:09.897,253.72291805969417,2184.5267360244725,-723.6476545327489,220.09602248187502,2112.518981716414,-737.7809999096525,205.975527097964,2031.2867134267572,-753.4843688215763,182.92862803865273,1960.5839510018645,-773.2885674221051,158.44310964216174,1885.0577220745258,-791.9365416842094,129.3253971287827,1814.1573011820028,-815.9266273144704,0.020448199997190386,0.018240600009448826,0.015050599991809577,0.015366200008429587,0.014058400003705174,-403.1209877965066,243.62311111935173,-935.5890719383888,-656.6637871483408,-2323.0854757532375,-1341.8478281664547,0.4918384999909904,1.0,1.0,0.0,0.0,37.0,1.0,1.0,472.361443298391
235,2026-04-05T00:53:12.925,-176.62388756951214,2355.256764763424,-846.6662770141934,-170.56705731262127,2242.2108240633124,-862.777906449326,-155.71398727341148,2127.709580493084,-888.4961480820635,-177.20583260771127,2026.8154889600123,-912.9358148330182,-153.23495946762523,1918.0349603141644,-936.6927489434242,-137.13937002353623,1812.1104066573648,-960.7652528609044,0.01331830001436174,0.01329889998305589,0.018709199997829273,0.01331830001436174,0.014006299985339865,-67.37674048541749,67.5161534829133,-918.4480330767918,147.7548894584093,-1126.9016041898353,-3526.1355101249346,0.868946100003086,1.0,1.0,0.0,0.0,61.0,1.0,1.0,97.1513564700463
236,2026-04-05T00:53:14.895,-92.30101856816509,2320.928985388899,-641.4307126610487,-91.42671763457656,2226.8213152245435,-651.5696016497877,-73.65691966426448,2134.105010554885,-664.8684673898376,-68.049634758293,2044.7031533539073,-681.0192487341453,-91.45438443946978,1959.0363339550127,-703.3258512372761,-59.913255123097315,1868.8679797521743,-719.135216058962,0.016623900010017678,0.012721300008706748,0.01564879997749813,0.014799000025959685,0.01535380000132136,-51.741080214733756,-6.907150200857814,-815.1817173575778,123.89428350605324,-2989.3228619715137,-482.27729100976086,0.46426559999235906,1.0,1.0,0.0,0.0,35.0,1.0,1.0,99.59412219651593
237,2026-04-05T00:53:16.352,22.683833937919644,2274.324476783985,-798.7707842774655,57.721992119457354,2167.2148851673796,-807.0885026776778,74.0879732092767,2072.7915716238776,-819.9329151452042,45.423146980521324,1982.284925993551,-848.4900019315693,48.25201454457965,1888.2246824682054,-868.4273111795432,63.28206343137981,1796.0950722179207,-897.4979326497403,0.014150000002700835,0.013897600001655519,0.015706799982581288,0.013156900007743388,0.013225800008513033,11.298911184785538,43.97553803803339,-939.9237352395547,-89.43910472870168,-3326.531878442087,-1063.9958127657117,0.39656140000442974,1.0,1.0,0.0,0.0,31.0,1.0,1.0,60.46005272222526
238,2026-04-05T00:53:18.185,28.353914929341954,2262.278628780241,-569.7386611602328,-6.191451752955345,2168.8917671640743,-587.2496858126704,25.855300244411865,2069.976519474571,-603.243075233449,37.28052827202009,1973.3787501162028,-619.1278184130003,35.12826267720129,1881.6327489561188,-640.0091809018576,43.1286996724034,1786.9277847795433,-664.0141583331733,0.01738499998464249,0.015931200003251433,0.019298200000775978,0.017088099993998185,0.01842830001260154,118.19722628852878,185.14604286133022,-813.2422369302603,124.1395908981375,-3303.38952455949,1039.2199376491021,0.3297342000005301,1.0,1.0,0.0,0.0,27.0,1.0,1.0,236.17059711652567
239,2026-04-05T00:53:20.711,-78.22294388350065,2338.9210423514846,-764.758176169717,-42.93342672330891,2246.217359296643,-770.3400997147664,-51.83393957458111,2170.462747770719,-783.2357532974227,-69.23378152364558,2094.1133619587977,-800.9374209913811,-82.85961167666892,2013.5448963024314,-822.3538371784375,-94.6119448254858,1938.1893744360436,-843.8259146514845,0.01615370000945404,0.019990400003734976,0.013869799993699417,0.012561900017317384,0.016732499992940575,-159.22288877302117,125.83697571664334,-1018.0947398206247,151.26555973390765,-2220.0581529457118,-1564.2822303081994,0.5243192999914754,1.0,1.0,0.0,0.0,38.0,1.0,1.0,234.80468551551093
240,2026-04-05T00:53:24.381,476.724939186259,2131.1486830746094,-1069.4761724143102,446.54708006928263,2058.961427290058,-1079.8950623638948,437.7464972472858,1995.439913435523,-1039.0144538035684,428.5758611115034,1932.489308175857,-999.4805236363865,401.4346621520765,1872.7718838070004,-969.5120300047837,385.63122208825666,1814.7075493598888,-941.8991492066327,0.016944099974352866,0.01859740001964383,0.01649149999138899,0.0180636000004597,0.01679230001172982,-61.129652676269416,-11.141019515237303,-907.4272792346986,-164.92321074016982,-1863.330943307479,726.0621700665375,0.5848254000011366,1.0,1.0,0.0,0.0,42.0,1.0,1.0,62.57892000498584
241,2026-04-05T00:53:26.054,321.5622672003642,2140.7931919568327,-704.7054961458143,302.34810128201343,2065.8547016571665,-712.2038054598306,299.74455224049416,1990.6340777867267,-722.736055629067,285.8201025711105,1911.0659102299128,-733.6328012942205,261.08749452946313,1839.4581488542146,-751.5071298225239,244.3483895817526,1769.0606899651666,-769.5071355937488,0.0150011999940034,0.01668410000274889,0.017514699982712045,0.015435600013006479,0.015419600007589906,-227.89909082681834,67.52455408411151,-944.7148151062748,-495.5744382896692,-2275.5386618653006,-1485.814034378482,0.5376146999769844,1.0,1.0,0.0,0.0,40.0,1.0,1.0,241.86148038482034
242,2026-04-05T00:53:28.029,-84.20590739571026,2290.364299014409,-484.0740671462384,-70.9271086883773,2201.779489363336,-473.94246945649206,-65.76091381621836,2119.5714936096906,-467.6391108903422,-57.55315030624479,2035.3137390580298,-465.2651141546252,-42.23888485953694,1951.1210609478826,-463.1029629016166,-445.19637985272766,1858.0727307594086,-484.47149346767753,0.017476599983638152,0.01354179999907501,0.016528300009667873,0.02285380000830628,0.015664299979107454,-13.345958311070262,-3.8479331374569483,-933.3532164071894,2279.417561897944,-1263.6319514653694,3074.1163677313843,0.41357350000180304,1.0,1.0,0.0,0.0,31.0,1.0,1.0,36.12974172860875
243,2026-04-05T00:53:30.957,-343.19054005049156,2355.063529060129,-462.4183321156083,-333.1505871509821,2260.6066409445584,-489.19177183881095,-313.22904395258274,2166.509439774714,-516.3986849394865,-294.6902357204003,2070.3719825545213,-551.3214394422532,-296.959664648351,1984.1328628312735,-585.0207491330168,-262.72805431247616,1893.1070133266983,-617.8129341865472,0.013781000016024336,0.01580429999739863,0.014846500009298325,0.013994299981277436,0.01427820001845248,-280.60840962597194,-407.40801268940686,-815.968581238589,-80.9976786906234,-2911.287066683377,-1447.867510036473,0.5899929000006523,1.0,1.0,0.0,0.0,42.0,1.0,1.0,501.7804775949387
244,2026-04-05T00:53:33.357,-454.05278267947733,2392.4922418613896,-551.5720681200389,-444.1009541569929,2299.7242592739044,-572.2647342051291,-458.587399624942,2217.4909146356003,-590.7066352051638,-447.0217116058034,2128.695616926035,-609.5050246203638,-457.10186727222026,2044.2691154166882,-632.2207289669068,-486.77361698755294,1961.8829805796063,-658.9037433704439,0.01897619999363087,0.014746000000741333,0.014668500021798536,0.013753299979725853,0.012657900020712987,-680.5560128979319,-136.721338265427,-840.6272289832541,-104.67978920633327,-2337.744443514327,-1058.6688662072493,0.569937199994456,1.0,1.0,0.0,0.0,40.0,1.0,1.0,696.6881202997696
245,2026-04-05T00:53:34.894,417.45624965767774,2065.873130209727,-564.5992500367629,440.889998812012,1962.9544885683079,-597.6383970423373,471.54434871459193,1859.087069807963,-632.5302124106896,504.82083341613315,1759.1649189923069,-669.1726610759865,522.4495189325307,1659.8868278982377,-708.3778027438614,531.5665518626038,1559.1337122496607,-750.3685098195388,0.01697200001217425,0.014819300005910918,0.014011299994308501,0.015235500002745539,0.016350199992302805,785.1720269090692,290.67729457829387,-801.9985015223285,658.539485686561,-4159.333394294591,1508.0121723384061,0.24468259999412112,0.0,1.0,0.0,0.0,21.0,0.0,0.0,842.9666038033307
246,2026-04-05T00:53:37.494,550.7659731385345,2024.4553920132375,-511.07990464593627,541.1343714346294,1942.4298561329178,-534.6033957519946,520.3154948557881,1863.2428116401754,-559.6890138131272,503.4163776757907,1783.6205844124083,-588.9490530099299,490.7425856375155,1702.4795764456271,-617.8213065982393,477.29056262761173,1625.6004449732864,-650.7099156810568,0.017185500008054078,0.014559300005203113,0.016514499991899356,0.015696499991463497,0.015589100017677993,84.22524462646015,-217.05257573200447,-985.69429734521,-759.7182252885957,1309.2052226206952,-1270.7000277297739,0.8667637999751605,1.0,1.0,0.0,0.0,44.0,1.0,1.0,248.09116280467114
247,2026-04-05T00:53:39.140,240.8673287684287,1879.224963302045,-521.5141531991262,197.91553698826874,1823.6831081147811,-523.4042763949594,148.61188426423087,1772.5983915329084,-527.9620830973993,99.15915285605206,1718.8593708089281,-534.9537680351323,43.767440411098505,1667.78630624654,-542.2703957220783,22.927545019687386,1615.158927567203,-551.3747815378542,0.016009100014343858,0.016040799993788823,0.015964999998686835,0.015364699997007847,0.015892199997324497,-776.6065462951019,682.0684670650274,-1019.077577821083,-1513.1049207376318,-1784.4520421527673,1734.2351750152247,0.31580430001486093,0.0,1.0,0.0,0.0,23.0,0.0,0.0,1040.439614322993
248,2026-04-05T00:53:41.066,346.672681611449,2142.7498477135173,-665.1497306077323,325.3254135311547,2063.4164961344313,-664.0753196646665,295.2533846123083,1988.7449361960282,-673.1034670659146,267.89247108657446,1912.9481248194268,-681.741833861374,237.91613495424417,1840.8636221218944,-692.3719538591085,215.19580710253513,1764.417672870763,-701.2882302107942,0.014094199985265732,0.015153399988776073,0.014668900024844334,0.01754829997662455,0.016074600018328056,-364.85487387401236,78.21905288283574,-823.057607973446,-871.8580539010509,-2653.5854231618046,-267.87863618184525,0.47687969999969937,1.0,1.0,0.0,0.0,36.0,1.0,1.0,380.99531613167795
249,2026-04-05T00:53:42.755,-263.70351472605034,2373.429663081264,-761.0401282758826,-227.89581395027108,2280.935971251597,-762.1149322326398,-253.89642010243733,2201.872202535152,-780.1575077062469,-269.85393674227635,2128.3508299626333,-789.7301372768109,-250.65821365467264,2043.454016097989,-801.9951658761385,-292.33465706374136,1967.9733798571597,-824.6878537808418,0.016640199988614768,0.015500300010899082,0.020459999999729916,0.01824569999007508,0.01586220000172034,-428.69665472799215,165.04034718031448,-1017.7222796279372,-437.64592521637906,-2735.757033331125,-1851.3807775485159,0.537528500019107,1.0,1.0,0.0,0.0,39.0,1.0,1.0,474.2126876130248
250,2026-04-05T00:53:44.587,-100.06298014638378,2325.8779006439077,-583.1344705658136,-93.92146563510096,2240.6154480230093,-575.7301054672575,-96.80627596849399,2156.100521099057,-576.121467436659,-72.57708801227227,2068.755888623299,-574.7793143250925,-74.02088482559111,1986.5136278468694,-580.6073537403208,-54.020650442399074,1901.2009009578014,-584.2699904956869,0.016213900002185255,0.012456700002076104,0.01566800000728108,0.013679900002898648,0.013836099999025464,107.56089941184382,149.08220163334727,-800.0624363606321,278.69768613245867,-2671.960054188128,1219.5633349500017,0.44483029999537393,1.0,1.0,0.0,0.0,33.0,1.0,1.0,209.24236318753307
251,2026-04-05T00:53:46.618,-297.41339951091095,2277.000095007399,-378.82392161977066,-313.2154873501504,2187.016998685127,-398.78408031168647,-299.2890717147643,2089.4397992788877,-416.27387416389683,-296.69019164573274,1994.249751808365,-436.79377192016705,-296.2201021030696,1900.7776936750502,-457.57849357251246,-271.3863524975318,1807.972668026862,-479.4700669236802,0.013763800001470372,0.016045299998950213,0.01805620000232011,0.015010400005849078,0.014113099983660504,-58.0331506127045,266.4540422098787,-812.0774279772011,-173.2819880719865,-3150.0862321732925,1943.7929023553106,0.347973700001603,1.0,1.0,0.0,0.0,27.0,1.0,1.0,286.5239638339609
252,2026-04-05T00:53:51.898,-153.5335809385042,2080.3768197270306,-1001.7226756251595,-151.28282503140872,2003.213908930169,-1041.9238171240313,-143.6482687774119,1922.9899837889463,-1081.3963642722404,-116.73660510814625,1847.885620323979,-1096.590253433309,-127.90811985364735,1790.7664415661357,-1065.6365576118565,-114.57013393681109,1730.3651659217078,-1026.7812411990667,0.016988599993055686,0.015375899994978681,0.014594200009014457,0.014431000017793849,0.015134899993427098,55.94543401066676,16.274314343408605,-910.2543593600865,654.2694534031253,-1723.500400954751,961.8752637633341,0.5640680000069551,1.0,1.0,2.0,1.0,43.0,1.0,1.0,59.15992545529226
253,2026-04-05T00:53:53.262,107.59105218477498,985.4657759329828,-787.1154559483122,112.0824816323452,938.7100819710533,-804.1952660804144,108.49041803208365,893.1415502975547,-819.1587429683773,113.53727239290265,850.843009899275,-834.9350139275489,99.8960039052563,803.6807336710302,-855.2234381962186,110.71490871949118,759.3374808588122,-876.925558663529,0.016846999991685152,0.01573909999569878,0.01536270001088269,0.014008099999045953,0.014772199996514246,76.81155209480539,33.62100058425858,-836.6854432888873,92.63357149698352,-1794.7535705102428,302.81132885408465,0.3084247999940999,1.0,1.0,0.0,0.0,25.0,1.0,1.0,105.06721328285252
254,2026-04-05T00:53:56.847,-39.05254220721508,2378.16831396198,-1075.9831251862947,27.02162962081138,2270.004909146773,-1096.6398210974562,15.38852148221531,2193.644762962423,-1086.1442832831162,13.06000158263896,2120.013331829904,-1051.3031126043084,32.457334865431676,2044.2349107390023,-1016.0694344387567,21.30446044716382,1976.5256253971465,-989.8770987442592,0.012856899993494153,0.013344200007850304,0.013611199974548072,0.014009500009706244,0.015015899989521131,-37.982808818459034,-12.496322734270962,-901.4172613269882,0.06447259230694827,-2152.438252228041,-160.2867589941047,0.5918480000109412,1.0,1.0,0.0,0.0,43.0,1.0,1.0,40.01075452034919
255,2026-04-05T00:53:57.759,441.06434896716723,497.0148287440477,-937.8385408621882,462.9077869587361,449.82247836654653,-945.6191867073583,456.32594771759136,382.3823837852823,-964.3052983882284,459.52368966121935,321.41067934409307,-984.6770517662659,460.1766330042374,261.9863156016104,-1000.922563685295,466.0724285187339,207.65615895024393,-1022.5626497047709,0.014855500019621104,0.015128899976843968,0.015144200006034225,0.015920500009087846,0.014931899990187958,523.2906418710168,-50.22549886474235,-998.0717836726926,1335.820184496024,-1230.1571169896647,1600.0480129375412,0.09659200001624413,1.0,1.0,0.0,0.0,11.0,1.0,1.0,534.7651553333822
256,2026-04-05T00:54:00.691,195.75099766179346,2231.381526162753,-681.8535315653467,241.9748917697848,2117.3480798441033,-669.1436011531255,197.70621215395568,2021.1949871453087,-675.4214160819959,191.9764440616209,1920.3738206989988,-677.8288252875207,185.08101429479257,1822.1243714818024,-684.0412866681252,192.96401878027064,1726.28606934875,-691.8266115085207,0.015530500008026138,0.01397449997602962,0.015198600012809038,0.013717599998926744,0.013064099999610335,-65.83967555836261,77.33515398326517,-884.8334786790813,-1133.0147590145161,-3680.31835504935,1369.2229744759434,0.34347429999615997,1.0,1.0,0.0,0.0,27.0,1.0,1.0,102.69183165288108
257,2026-04-05T00:54:04.383,-240.67231784084333,2398.9221662358277,-751.903416701167,-191.0661904616768,2287.660954459606,-771.124896179578,-186.66017681442872,2185.655128351382,-799.4617111429072,-212.24736320624515,2096.3466976962086,-841.4655261377548,-172.93567422833985,1997.6926567720095,-866.2226922025095,-173.77853358845186,1905.5743796955696,-903.9410147148083,0.016439400002127513,0.015116399998078123,0.016421600012108684,0.015139399998588488,0.01711970000178553,-165.6343564016929,-9.312454408271378,-868.9506184022234,-224.78193014309318,-3189.3298666916526,-1561.7933126465475,0.4799990000028629,1.0,1.0,0.0,0.0,34.0,1.0,1.0,168.7765562076484
258,2026-04-05T00:54:06.268,-304.2254345629508,2383.721488534353,-726.3418137037377,-279.00059931346277,2279.776106290937,-730.4390488639784,-258.543548107486,2181.052449776849,-736.7913135179535,-250.27365284417692,2086.322474913406,-750.3873319944107,-248.98814400116635,1995.1455393807641,-771.9656423612089,-237.1691639126925,1904.2518718308465,-787.786633449766,0.015070300025399774,0.014817199989920482,0.01613470001029782,0.01415529998484999,0.015148800011957064,-33.0292093934313,-34.14247993945355,-855.3913557543133,-80.20604497324551,-2870.311551929769,-927.881974642453,0.48731019999831915,1.0,1.0,0.0,0.0,35.0,1.0,1.0,65.1657022597728
259,2026-04-05T00:54:07.407,-169.9701984773883,1109.960587649539,-836.7886007996271,-189.2437876091817,1003.2487316523303,-869.6854701673681,-157.12149676148692,921.7517816553342,-890.042650713652,-152.75699170190046,830.6692402124869,-922.7658389912285,186.79977704185876,827.8829406648108,-887.1512793603845,194.14582821048634,751.1998274757731,-918.9601396688768,0.015444999997271225,0.01649769998039119,0.015738100017188117,0.01569490000838414,0.01419219997478649,176.91479833660696,7.475330425133052,-846.6960781130679,70.02315921722753,-2756.27254812548,1193.869999842236,0.20502990001114085,1.0,1.0,0.0,0.0,18.0,1.0,1.0,184.92169835899568
260,2026-04-05T00:54:09.742,344.0602660897698,2175.386621100969,-696.3770679615982,308.8254743366665,2102.7444232098014,-716.400364756313,273.5671322106841,2021.04967452749,-744.3018124378056,253.70166271657945,1946.1270154372935,-770.8827969521169,240.3288577599551,1870.2686841841423,-794.9462696471862,441.62462873535264,1749.2100716860155,-782.3149168310333,0.0161923999839928,0.01417750000837259,0.01523079999606125,0.015680700016673654,0.015837799990549684,-204.31543627545398,66.85583719065926,-905.005301344368,-198.49624123850438,-2764.5460805339508,-1382.5479507175094,0.4816221999935806,1.0,1.0,0.0,0.0,36.0,1.0,1.0,215.0338427049123
261,2026-04-05T00:54:11.156,353.7844451847445,2133.504784083675,-762.2833252863791,332.1222049434066,2049.6694415220845,-801.7443898831364,341.9242536085778,1959.424399030227,-837.2122263289002,341.0364048228919,1873.6044084098207,-883.8090547698181,345.8826071806427,1786.529366348933,-925.189390809437,346.42198956616926,1700.8549869671638,-970.219104857815,0.015232799982186407,0.015332500013755634,0.014347399992402643,0.015643799997633323,0.015784599992912263,467.9654691050496,46.36894452647766,-814.0535094326378,381.0418833587855,-3121.4519065004642,-1621.7247603062954,0.4611702000256628,1.0,1.0,0.0,0.0,35.0,1.0,1.0,478.0466070709574
262,2026-04-05T00:54:13.583,-2.3885575893964415,2308.0091877189425,-965.8031139326545,12.131740928685304,2209.9370201758975,-991.4462415909883,1.7226697128912747,2121.3756625709693,-1024.737163028813,362.96625500602613,1932.9162987088544,-963.4875812316076,338.43755823118545,1859.8721951101504,-989.9062836874124,302.2395528677107,1792.0049319247453,-990.3714856472482,0.016621099988697097,0.017098400014219806,0.015337399992858991,0.017462999996496364,0.016198900004383177,-0.24970773400400503,-52.751374530161684,-981.4532270276153,-545.3033694291469,-2929.9671274874468,1025.791732841772,0.47507149999728426,1.0,1.0,0.0,0.0,35.0,1.0,1.0,97.04327932415542
263,2026-04-05T00:54:18.768,2.291679432563342,2292.76666437364,-693.351883204865,7.595672862964875,2206.637272933743,-698.6093785011878,-9.010648831820617,2127.2192903848336,-711.6848226226845,-10.091829949629755,2049.64051860471,-727.9835188451098,-3.672310059994743,1965.0112008512995,-742.2325774080392,-15.819343475869573,1890.390150641546,-760.9288913040112,0.015697299997555092,0.017117400013376027,0.016155699995579198,0.015347099979408085,0.01613640002324246,-175.0513129089013,-17.776224956685155,-955.0875373012459,-569.6803721532216,-2545.2293207012945,-1553.0884040916524,0.5559676999982912,1.0,1.0,0.0,0.0,41.0,1.0,1.0,184.37351515539567
264,2026-04-05T00:54:21.050,-177.31286834011735,2402.066337306321,-870.9813542678744,-85.30073944000333,2301.914775636994,-872.6429590235308,-73.17656710225128,2221.4865863376463,-895.4004150193434,-41.311559629304156,2061.6082496228123,-945.7163450522916,-37.41376445175911,1980.7531024710788,-979.0903455279195,-15.253945083323742,1902.7329109259263,-1006.852021935246,0.01762820000294596,0.01705039999797009,0.02939049998531118,0.013831399992341176,0.015019400016171858,208.2361157143,-142.2880675389756,-903.9605475770802,-1896.706546252529,-3922.651999021939,-15.100959742530804,0.6455061000015121,1.0,1.0,0.0,0.0,46.0,1.0,1.0,252.23770532746633
265,2026-04-05T01:00:46.907,-183.33161714665448,2398.76134573948,-938.5233250802545,-168.73836893745556,2296.055517503851,-970.7220853998631,-169.16154578494888,2204.141396081436,-1009.7965308241234,-172.60923633766834,2111.942287272622,-1051.1660237393398,-169.5702333767763,2018.3347848767994,-1094.3857943707662,-157.66793739908417,1937.2163333593635,-1095.5609305720777,0.015290900017134845,0.013535099977161735,0.013608700013719499,0.01662800001213327,0.01661459999741055,-94.07696104435172,-48.17303570352237,-934.4969505808984,185.97273274403403,-2214.675623151605,1148.675299113382,0.5532363999809604,1.0,1.0,0.0,0.0,40.0,1.0,1.0,111.18073379688704
266,2026-04-05T01:00:49.530,-287.93016220384925,2394.7114809360305,-561.696550601346,-233.79500101198164,2287.248284499722,-556.1184399061998,-240.70211128633582,2199.911177899345,-561.0565284540453,-248.81761421774854,2109.753261466314,-568.2730787145758,-232.27738729607518,2019.158877007103,-574.479104607963,-231.45132142542843,1927.5600010002345,-584.168440620984,0.013616799988085404,0.014071899990085512,0.016464800020912662,0.014924599992809817,0.016850799991516396,-46.16978032446377,265.89332171438423,-813.1038379902423,-379.2395301410308,-3074.0819859891994,1365.831632262789,0.39601550000952557,1.0,1.0,0.0,0.0,29.0,1.0,1.0,283.5169309222014
267,2026-04-05T01:00:51.425,464.4002852659951,2107.036919690818,-606.3050233990709,167.16412877855328,2047.5424867536385,-650.5419971878608,160.94411345175786,1964.8790255854733,-659.6582523576803,168.0395001733209,1878.597400228628,-665.9006623477383,168.81696760932664,1794.356482662873,-676.9443697965669,-220.227541838864,1669.5936160226238,-765.1373087075901,0.014521900011459365,0.017847799987066537,0.019441000011283904,0.019546099996659905,0.019359400001121685,72.46442250645123,25.217253891382597,-860.5553069017806,1918.1840141140183,-1424.6493864757342,1071.4208113851696,0.37206729999161325,1.0,1.0,0.0,0.0,25.0,1.0,1.0,86.2721637414331
268,2026-04-05T01:00:55.194,401.7427041182216,2144.675825132554,-989.7788854699137,384.5976310376209,2066.8301900393385,-1034.6785470176194,376.1023696939412,1988.3329051391574,-1076.2425850298355,362.1153351868345,1918.6864170379922,-1081.9518428698739,364.0289753749273,1858.1697879181977,-1041.303868538126,348.07271603342474,1799.673639676903,-1001.6121266199248,0.015565600013360381,0.016620299982605502,0.016283300006762147,0.014588699996238574,0.016818400006741285,135.75381404270047,12.392273729119097,-874.9724887124964,26.25488214405019,-1723.0631937586713,866.4835170143014,0.6107044999953359,1.0,1.0,0.0,0.0,44.0,1.0,1.0,138.59669114579768
269,2026-04-05T01:00:58.555,-220.24999079196414,2312.874857693719,-580.6324324126895,-203.4802073936021,2225.2617353827973,-581.9178400452062,-191.5470749251199,2141.8699011866256,-586.4568544215425,-201.15768936030918,2059.1261895585612,-594.9755204683727,-205.37284845234353,1979.5847199429738,-603.2004821696562,123.81735160527069,1833.748790782292,-587.2088295559195,0.015017900004750118,0.016734100005123764,0.019245400006184354,0.017492499988293275,0.017252300021937117,-244.35579698114543,-224.82360366862304,-809.7329993034164,-90.14392985504992,-2211.8434207209116,-842.7875190987295,0.6023752999899443,1.0,1.0,0.0,0.0,42.0,1.0,1.0,344.09815416475845
270,2026-04-05T01:00:59.595,-729.9328203241457,139.78450984492588,-826.9532232949302,-728.1618301695398,111.47957934608371,-805.2475183497845,-752.666602263158,66.18874331250686,-791.9113232218178,-737.4700517109891,41.29999755632525,-774.5922095425117,-745.3954072341849,7.296343879640517,-763.9906485740612,-795.3825006734328,-49.136772792572174,-760.472743336844,0.01697350002359599,0.015190599980996922,0.01816609999514185,0.01739700001780875,0.014565399993443862,-795.3825006734328,-49.136772792572174,-760.472743336844,-1417.3525131177178,-2680.2578152105366,258.4634636944841,0.0,0.0,1.0,0.0,0.0,5.0,0.0,0.0,809.021384247622
271,2026-04-05T01:01:01.944,740.6762674970391,2024.6143908171248,-673.4517492369296,774.3784572421016,1933.083073920432,-666.6506678528369,775.0097381377627,1845.2172701715974,-669.1762041093227,771.288470354473,1759.975982380426,-675.0749335717167,784.4811289341087,1672.1376553190664,-682.3382240910936,786.4024275960257,1587.5471977973025,-692.5693876750665,0.016273700020974502,0.01635379999061115,0.015635899995686486,0.01693939999677241,0.01620859999093227,894.790690235267,300.15967482562905,-1194.83957168095,12.829283973201099,-4689.134239273812,-3458.69245673866,0.26322830002754927,0.0,1.0,0.0,0.0,21.0,0.0,0.0,988.7752943678048
272,2026-04-05T01:01:04.964,654.7114046264908,2052.219861112815,-671.8577609736698,652.914358993369,1973.4560376738461,-672.7916616269931,652.9192778229763,1893.5268120361425,-677.416674574595,642.933038098271,1816.7815956829631,-687.8574737441688,635.4934883772207,1739.7510050426704,-697.7829080926126,641.2515899203943,1662.3652720106606,-709.0333547503838,0.01687399999354966,0.015960699995048344,0.015163500007474795,0.016433199984021485,0.01438350000535138,537.2385757770185,-12.60140454749967,-808.6911689043031,-773.2822807668173,-3394.0324943063943,-274.266861349531,0.45754860001034103,1.0,1.0,0.0,0.0,35.0,1.0,1.0,545.0884197408265
273,2026-04-05T01:01:07.962,556.6780127130733,2052.481600306328,-687.0228960842874,555.4816796437849,1981.1175636691482,-695.6351130400965,559.3442784111535,1911.7553731389487,-705.9620909918594,558.0043237664875,1844.1355631888853,-717.4575664825713,547.3710938819845,1777.8426527114225,-736.6064656846474,729.643668182397,1679.0011952130553,-721.077628883621,0.019120799988741055,0.015741100010927767,0.015018299978692085,0.015406200021971017,0.014494000002741814,434.869778050979,37.53371004967971,-1002.9954794151093,-247.0156446206926,-1930.218435346798,-1823.794201771085,0.5920313999813516,1.0,1.0,0.0,0.0,43.0,1.0,1.0,448.4736023805073
274,2026-04-05T01:01:10.406,147.76607942180726,2236.4880409936604,-740.5651812384888,143.53459676261537,2161.2778876029015,-743.1175507527657,108.90374132731631,2093.3269682337564,-752.1488033574276,134.97025202680425,2012.0543645193409,-757.2466671062015,120.38814223931422,1941.7078028794895,-770.0442277749365,120.6026287196878,1866.4608806049578,-782.4110547789173,0.015267500013578683,0.01578190000145696,0.016246899991529062,0.01900319999549538,0.016411999997217208,-6.633560133449009,43.06568171184381,-994.3893109166202,-97.79274710168416,-2488.413126937675,-1694.7737944987878,0.5441261999949347,1.0,1.0,0.0,0.0,39.0,1.0,1.0,103.96152690617964
275,2026-04-05T01:01:13.546,108.2402599270722,2273.136490052484,-753.6082095839124,81.1195593371126,2213.3158983755743,-757.8962413794059,58.58636978699769,2148.9619451617896,-764.3425195361624,1.9919878210926072,2094.6904374437463,-777.0163345661053,4.328351285150802,2026.650279185667,-785.3852441176718,7.690211832887144,1965.2957724874486,-791.5987207362402,0.015905899985227734,0.015062500024214387,0.015493599988985807,0.017800400004489347,0.018877700000302866,-717.9546443973632,30.180027681845104,-1003.9745929010942,-662.2232443240015,-2195.7843413589353,1123.526010754151,0.6337835000013001,1.0,1.0,0.0,0.0,38.0,1.0,1.0,726.0719120387245
276,2026-04-05T01:01:15.363,-423.36012380706325,2383.4158095197718,-504.99154153942584,-416.6330189066789,2282.881801888181,-540.3642864986953,-386.30116822710306,2181.665826069087,-576.1469462679695,-404.674359409526,2088.6523183648937,-611.9077792664403,-372.9038345814397,1990.6193624740565,-648.3514222057438,48.663438815013706,1817.509084499325,-652.0059869704085,0.01794250000966713,0.017781000002287328,0.017290999996475875,0.018088000011630356,0.015605299995513633,-138.90888946929908,-417.4443048820899,-802.8913780184471,2635.1189395008705,-1180.3266178371107,-1166.3324346505487,0.5437117999827024,1.0,1.0,0.0,0.0,38.0,1.0,1.0,450.53913449914796
277,2026-04-05T01:01:17.913,300.461417879872,2127.335622875395,-566.3260287623585,327.9875381997433,2025.9714056945054,-615.6723676935131,341.8783455990699,1927.5521289506096,-671.8371321910124,336.2182587155287,1831.6327347124377,-729.5259608328429,365.93497439500266,1738.027592110094,-780.1881939537685,377.7311266026063,1644.8618014308777,-841.5660834193543,0.015561900014290586,0.01429299998562783,0.015529500000411645,0.014737699995748699,0.015785499999765307,384.92690072748064,75.45693008959074,-530.2227079053074,581.0510228665697,-3152.1690890067184,178.95764909698423,0.36632230001850985,0.0,1.0,0.0,0.0,27.0,0.0,0.0,539.0711575952591
278,2026-04-05T01:01:21.193,480.2372350474857,2087.993959337661,-402.16228146707925,514.2720508304117,2000.9634136899292,-430.13509413684574,496.424198282097,1919.0612460735397,-460.84703601328704,497.1893482363803,1836.622595541281,-493.39021911063776,477.73179679443183,1757.1240960067835,-527.7532478592489,470.71360510390855,1678.9192712176455,-562.7407582236474,0.014312599989352748,0.013652499997988343,0.01475830000708811,0.013951700006145984,0.01420269999653101,133.02907495937234,-54.201428893173215,-647.692094337048,-537.7418235810985,-2570.975729057116,-270.9044370733731,0.4948441000015009,0.0,1.0,0.0,0.0,37.0,0.0,0.0,290.33396104939754
279,2026-04-05T01:01:24.406,109.41675407205184,2165.5453598044237,-290.5543169635449,83.91706618475155,2075.9840245533433,-330.5953807050184,80.57151260022738,1985.3661739316813,-369.4482473228873,78.67551114578373,1895.2091946949013,-414.9542107132854,66.55568669665854,1808.3328860203408,-457.4929927056985,59.39908010000181,1721.7080247313752,-501.3059696043713,0.015125399979297072,0.016106000024592504,0.017539799999212846,0.015852799988351762,0.01594479999039322,13.7324114257176,-326.9024959365506,-974.7933727962467,599.729907748873,1149.0783321264457,-1938.7431972705688,0.8733903999964241,1.0,1.0,0.0,0.0,56.0,1.0,1.0,335.63055520519885
280,2026-04-05T01:01:28.039,599.9229794550886,2055.2418120508923,-893.573286967187,580.3325716225243,1970.7858969842782,-936.6982202093636,562.7233455777316,1888.4592338980692,-986.3178678885149,556.4755415559614,1804.1071619731144,-1027.3983456267724,547.7352200727544,1722.7685904141704,-1073.2619111781776,546.1771719400122,1653.9864815988726,-1061.6191473509502,0.017289900017203763,0.015476700005820021,0.01537889998871833,0.015675700007705018,0.016570799984037876,391.9145509259597,101.03338459691622,-1002.0343375202693,17.68043220069455,-2627.0313052139195,-2160.3540746071467,0.47946000000229105,1.0,1.0,0.0,0.0,36.0,1.0,1.0,417.39162193772563
281,2026-04-05T01:01:31.499,414.24055890464024,2186.4796893237717,-887.6451689864879,437.59163082071655,2103.3427957975064,-909.0772495293869,408.63988514298103,2029.079081314056,-949.4417115795425,379.6524692018477,1956.8861252144452,-986.1768008065402,342.58106471540077,1886.6443911927904,-1032.07764828288,303.80084598143867,1816.02112382752,-1081.447735198653,0.01570670001092367,0.015600200014887378,0.016026199999032542,0.013032599992584437,0.013982200005557388,-436.8448599503208,143.54677553775286,-986.0000500979312,-292.43156289640694,-1512.810276363055,1711.4631474713665,0.584077299979981,1.0,1.0,1.0,1.0,41.0,1.0,1.0,467.79815844993243
282,2026-04-05T01:01:33.590,339.05421365708116,2197.367223928524,-920.3874190720223,319.2354804861998,2116.120412684086,-961.8373308926085,322.11903610600575,2032.6840008008528,-997.058738678639,320.2776277532189,1952.1666149250914,-1036.8305942527315,302.8716016765484,1876.238305926355,-1082.5347041801529,289.6054620609898,1811.3976933547565,-1072.3214654348888,0.01482489999034442,0.014626300020609051,0.015887899993686005,0.015457400004379451,0.016984099987894297,-47.81632268233761,-9.675162901343356,-910.362044046951,-113.03269473205809,-1996.776752253038,1103.6510587639523,0.5974295999913011,1.0,1.0,0.0,0.0,43.0,1.0,1.0,49.87365485764923
283,2026-04-05T01:01:36.144,-258.25170411737463,2424.8380132724096,-943.7773519025984,-329.12721964669845,2363.450813327484,-996.5058676781713,-316.67696188212494,2275.9115778874448,-1030.734225346293,-293.99831733221436,2190.197754496851,-1067.153084241053,-300.65356354996766,2111.456498967345,-1108.9619792194767,-288.61111780967394,2042.240889567268,-1083.367552119353,0.017857300001196563,0.014371400000527501,0.02082840001094155,0.017873800010420382,0.014635999978054315,-272.18639167354013,29.864219008223927,-851.4317075120039,148.56124430587252,-1771.4095764616782,-261.19004826681305,0.6960766999982297,1.0,1.0,0.0,0.0,47.0,1.0,1.0,278.0938374441845
284,2026-04-05T01:01:38.749,-385.13761289490276,2442.0652179305794,-927.450591766077,-387.85739518621995,2261.7272254914183,-1032.3474290864892,-384.87285740897323,2174.4291167344572,-1083.152045388891,-391.35901986243334,2091.262552202485,-1111.8104538600066,-385.9320487025734,2024.5870200867998,-1064.0902684513048,-377.1851407023155,1959.722883754314,-1006.6572360700729,0.02875369999674149,0.014152499992633238,0.01490790001116693,0.014997699996456504,0.013833299977704883,-335.36941204737604,-44.71939924552089,-938.3949157286784,-54.433187862761784,-2041.1762495026856,1670.5868929964895,0.6212317000026815,1.0,1.0,1.0,1.0,44.0,1.0,1.0,340.50937837260125
285,2026-04-05T01:01:40.823,-119.67312843042055,2399.4478629700784,-1007.1575254480367,-82.16189795108767,2295.816008118002,-1030.858726560797,-87.73302663798722,2199.0571735402946,-1071.798954992888,-83.09340395378149,2104.0934023608525,-1108.993057512042,-96.4521611077339,2027.741559744047,-1079.4141683101125,-98.32627123157954,1953.2738214063836,-1044.9751338920942,0.01653629998327233,0.014952600002288818,0.015921999991405755,0.013529100018786266,0.013310499984072521,-166.23770760961042,-5.380087893795007,-924.4301288484,-198.22139515158682,-2135.644550715248,707.6174870122762,0.529966100002639,1.0,1.0,0.0,0.0,37.0,1.0,1.0,168.10934528631273
286,2026-04-05T01:01:43.191,-860.2515287839165,1808.8336902235083,-1130.742953639735,-860.6833439261195,1729.7820538224778,-1089.0946639620925,-896.0195068812259,1650.1440843396413,-1061.9398662276,-836.8600140486224,1579.888326854806,-1018.8167891980025,-796.7682757778957,1501.2085339701703,-984.8959596658846,-857.5362822141183,1426.9583404774528,-970.0170030199349,0.016017099987948313,0.01569640001980588,0.015430100000230595,0.01642219998757355,0.016436400008387864,-410.797972293125,-19.103792780926597,-886.6839117760654,1711.250638177202,-1291.670054463897,1255.2381827233094,0.46458100000745617,1.0,1.0,1.0,1.0,38.0,1.0,1.0,411.45746699306267
287,2026-04-05T01:01:44.674,-111.18136200317167,2152.8195341867468,-776.6252393863094,-81.08971476940224,2053.6742147565446,-784.6463622035772,-80.8344818094265,1973.4323091583665,-799.3029030696323,-57.60895450474072,1884.1106345102444,-814.6852250889087,-552.8596361585132,1773.791825247733,-948.8088261229994,-621.2197543203424,1688.066762728314,-992.2907604448507,0.018393000005744398,0.017012500000419095,0.019596800004364923,0.011832999996840954,0.020279099990148097,1.4578278122721713,24.813731889661767,-906.2415245678918,42.28179837780469,-2822.6124825653847,-952.5629243499039,0.42010009998921305,1.0,1.0,0.0,0.0,32.0,1.0,1.0,25.628171631114242
288,2026-04-05T01:01:46.348,182.1460828182353,2223.5718470501906,-748.877809082908,185.74759832646805,2136.012002210017,-754.7425224466747,196.00212745460294,2043.3329835974012,-764.1621436694873,203.38999810809764,1959.9450451091654,-777.1908010592604,221.5648887525099,1873.6117400612936,-785.4891785930524,226.99167303078184,1784.1992126801974,-804.2141390789922,0.015345599997090176,0.014727500005392358,0.014716199977556244,0.013869899994460866,0.013446000026306137,509.27341607630206,68.20572055787784,-852.5146546255191,456.76693469537076,-3151.3545132614586,-452.9715864256951,0.42496659999596886,1.0,1.0,0.0,0.0,32.0,1.0,1.0,516.0099714774699
289,2026-04-05T01:01:48.778,-257.6323424166799,2394.5362465754606,-610.5444949031108,-208.31361869349894,2299.594577084182,-597.913748425503,-203.1300771623578,2211.4777150926525,-594.5636368112891,-217.25921449650286,2131.359470299677,-595.2955115346143,-221.6406123802467,2047.5494758325603,-597.1460800768048,-208.63479883740365,1963.540572965786,-598.4115927610843,0.016771399998106062,0.014221299992641434,0.015540899999905378,0.01664879999589175,0.015649300010409206,-141.31182222344523,332.34025580582716,-800.9203517477764,2676.1521598930813,-1158.177559669608,2065.8439671001684,0.4221700999769382,1.0,1.0,0.0,0.0,31.0,1.0,1.0,374.48077844794324
290,2026-04-05T01:01:52.667,-419.83572818497896,1979.9193944299454,-735.6376162676562,-404.12372363026543,1898.7802865996068,-751.6330272573637,-424.51837738385166,1818.969899962439,-770.3309269592669,-412.5888070626702,1738.531327717534,-795.7191682634859,-419.94637226263876,1659.7459674493712,-816.6334148196322,-438.34092992852675,1576.9551657723978,-847.3329336804836,0.015908300003502518,0.015478499990422279,0.015784599992912263,0.016348600009223446,0.017212599981576204,-416.04501889933044,52.829084200720445,-829.3615256434459,-34.08275875901822,-1961.6665342358745,-786.0587982198049,1.5931276000046637,1.0,1.0,1.0,1.0,99.0,1.0,1.0,425.2930330346978
291,2026-04-05T01:01:54.683,570.836982190312,2059.9814811434444,-502.03682730805303,556.9789697390081,1990.0869916779845,-498.28221920973886,562.9634641293101,1918.8999109621582,-494.3512290845921,557.5458732428756,1849.337886210319,-493.853161779167,551.4897615562002,1781.046107818183,-495.01307895328966,558.4167601980037,1711.5075155405793,-496.3718556798583,0.015637399978004396,0.015338400000473484,0.01783250001608394,0.015109700005268678,0.0162263999809511,332.941613465063,43.339302706938724,-882.2831158305468,132.44790487785232,-2532.9147831873543,1926.0417189455611,0.40332219999982044,1.0,1.0,0.0,0.0,31.0,1.0,1.0,336.2176395142244
292,2026-04-05T01:01:58.482,245.31200046176627,2215.8466101906324,-1035.7405597900117,236.0660533481746,2140.493540229254,-1080.1008095307636,216.95858731476073,2078.589280451403,-1082.2110431628757,196.9568588805755,2024.1879058915738,-1043.0691656631907,192.14297896230164,1968.3848176753481,-1005.2387616504043,190.27344794299734,1913.0568207672063,-971.2489591015311,0.019944900006521493,0.01622190000489354,0.013416800007689744,0.01712879998376593,0.01362340000923723,-37.22928768061547,-4.104051388032076,-856.4699152272678,193.7681522378067,-1573.7038511852195,-664.8612005705771,0.7559825000062119,1.0,1.0,0.0,0.0,54.0,1.0,1.0,57.42587726210965
293,2026-04-05T01:01:59.628,291.8170378712225,1131.151506263463,-734.9527183071066,275.52294298479137,1053.4099266579049,-776.2886341593528,498.620045964934,1030.0762510417258,-778.5465139530584,492.64782822581515,967.1562251157725,-818.045603091663,495.90656934256936,906.237275493544,-855.9267391591475,495.5699554251321,846.2225537424672,-894.9790687359759,0.015756499982671812,0.016285000019706786,0.0154294999956619,0.01451819998328574,0.01597180002136156,448.03483167379636,338.69845371997326,-809.1638415407147,0.860321938068577,-2625.214294208144,1580.8399682874322,0.15445919998455793,1.0,1.0,0.0,0.0,15.0,1.0,1.0,568.9490843906055
294,2026-04-05T01:02:01.608,60.788335610861395,2242.8731405404287,-655.4125275287868,71.94794374001185,2154.34346182776,-675.7174132184156,105.37621245100854,2060.2464483491,-698.4111445137878,131.97132756536712,1969.2466132440513,-723.1475610184625,141.34078633596755,1880.777888120634,-750.7859403346033,165.70125451990634,1792.6961453537206,-782.4561614108623,0.015507500007515773,0.018140200001653284,0.01423530001193285,0.017377099982695654,0.014529000007314608,544.973402230198,202.02629934817628,-772.7278091000346,752.0688523171543,-3077.7569707685184,34.697642050802244,0.36867369999527,0.0,1.0,0.0,0.0,29.0,0.0,0.0,594.986424503243
295,2026-04-05T01:02:08.482,-990.628413211221,2470.7215089598167,-529.4145955756993,-954.5510905697597,2352.5432580978136,-518.8616401081871,-383.48785836705065,2099.851274226767,-484.8184374249465,-403.9640940332324,2017.9752026645256,-486.0576822282494,-406.218166705617,1929.4180321211043,-487.9065312165469,-389.6712318170262,1846.3330628481654,-490.57122658163746,0.017067600012524053,0.01411089999601245,0.01627409999491647,0.016083900001831353,0.016728300019167364,-498.3698364212587,27.75151843951744,-861.8140173914097,-355.2714273563396,-2454.4706360436335,1809.0559853635161,0.4371318999910727,1.0,1.0,1.0,1.0,31.0,1.0,1.0,500.60044935860236
296,2026-04-05T01:02:11.083,-337.41643877004844,2377.313056083278,-577.2519488903959,-364.90561011523687,2291.6548552311856,-578.3081298832903,-377.16306451022547,2210.2908179418837,-579.9957661126507,-397.1261700057844,2128.3606647844304,-583.6418789552702,-392.3585164064957,2043.481872749618,-586.2364836609083,-401.8563658179555,1964.621383749327,-593.8201637668678,0.01877179997973144,0.015030100010335445,0.01627980000921525,0.016196299984585494,0.017100199998822063,-734.6983270089763,45.52763937593954,-751.1719523171216,1283.7372301705043,-1783.269060547481,537.6179327529536,0.524471300013829,0.0,1.0,1.0,1.0,35.0,0.0,0.0,751.0021207919665
297,2026-04-05T01:02:13.057,-332.77207691904687,2394.7058444631584,-830.7191990025901,-291.9861835702568,2291.916247732834,-848.8708263201725,-275.7173083975099,2201.270074506094,-877.0922276914766,-304.0593636213762,2120.6306258614873,-908.1150863593024,-319.30891561535645,2036.0648316432198,-940.3419395802697,-291.02178798421846,1947.3826188777998,-966.7389818429604,0.01652869998360984,0.0154264000011608,0.016565199999604374,0.014908500015735626,0.015555899997707456,-315.61405612585804,187.23573253358677,-999.2650673340568,7.113608651722919,-2731.1502529079307,-1742.510175652288,0.476034699997399,1.0,1.0,1.0,1.0,32.0,1.0,1.0,380.1618149609978
298,2026-04-05T01:02:16.284,166.9694470001932,2181.035415210395,-583.803236225724,147.35006508529614,2098.42229205469,-590.9727694551834,157.9849464121021,2013.5789955255586,-596.0277240855885,141.56449047748993,1931.0133863517726,-605.9926809636302,157.35524812249014,1847.037880414137,-615.3742175962896,136.48921144496398,1765.678631527884,-635.1368512545869,0.01579380000475794,0.015370600012829527,0.016812099987873808,0.013892000017222017,0.014228899992303923,18.502262169438836,239.26885858579953,-804.3011317306831,-591.5838111394488,-2968.5862066725927,989.781775073368,0.3849839000031352,1.0,1.0,0.0,0.0,30.0,1.0,1.0,258.3605886786258
299,2026-04-05T01:02:18.574,363.76841518490573,2165.5751150313145,-696.7676771926828,-52.82471332996738,2110.247714864133,-766.9101628211076,-27.28639060627802,2000.0638712192826,-770.0413991681496,-10.619010993473694,1888.8041808291155,-772.651902880566,13.0199400254196,1786.2154328105355,-780.0859301627324,374.3933473349714,1637.0131703462118,-735.3234179241331,0.014064699993468821,0.0157127000275068,0.01499369999510236,0.015459299989743158,0.016278700000839308,297.7368297162834,-10.784340053572805,-807.2482188480062,-328.01978952542726,-2795.9551932608492,40.499224155993886,0.42830190001404844,1.0,1.0,0.0,0.0,32.0,1.0,1.0,312.03591887275024
300,2026-04-05T01:02:21.787,36.94243031884889,2322.5645970969167,-974.1983099641287,35.34200406755872,2219.6904377813767,-1009.6737299581769,22.141605793387953,2122.1029218960152,-1049.8645636293147,25.173368858324466,2024.291521728463,-1088.250242530307,44.419845641976735,1931.6510756893413,-1089.5246961241346,26.425458878520203,1857.6057686300694,-1057.288909456015,0.017605600005481392,0.01539980000234209,0.016375100007280707,0.015698099974542856,0.01948600000469014,-71.73040860184028,-6.090583910916848,-1008.262277058741,-182.42054347708915,-2745.048099049798,1729.0698547311188,0.4741169000044465,1.0,1.0,0.0,0.0,35.0,1.0,1.0,130.0117970205261
301,2026-04-05T01:02:24.394,-314.56748939064664,2412.6908639527505,-655.8400123440736,-325.41523861039286,2325.170801833282,-646.2309924278087,-369.2517285852682,2243.1001109684244,-644.4121072056834,-393.5647751293377,2156.2549037992994,-642.5990183602628,-383.9280109056517,2066.424090208808,-641.1320199535196,-39.444212696243085,1903.5162553808643,-606.932219461916,0.016673700010869652,0.01564259998849593,0.01843399999779649,0.015882500010775402,0.015663800004404038,-778.032766647646,228.2654265183064,-867.4588924563496,1865.8880743280272,-1861.781745323583,1919.0862323016452,0.4058710999961477,0.0,1.0,0.0,0.0,29.0,0.0,0.0,811.479521985085
302,2026-04-05T01:02:26.636,568.29949191337,2070.963223712111,-622.3280721661826,559.726286037612,1999.5801489288951,-661.6989509784532,563.6495684048539,1928.6983387724981,-700.7869789317072,564.4943969869894,1858.2369680192203,-738.5596655396441,572.673748240192,1788.0058160779936,-780.9338313965408,574.9108005945454,1716.6611804283252,-827.6892399459381,0.01597779997973703,0.014921900001354516,0.015240900014759973,0.014261200005421415,0.014794899994740263,595.511819685247,1381.8009554539017,-1067.4413194203753,560.7774284858798,-1387.9332353989978,-644.8782161307173,0.08147410000674427,0.0,1.0,0.0,0.0,10.0,0.0,0.0,1513.9500663256322
303,2026-04-05T01:02:30.440,396.50415623945605,2115.0685530008723,-352.08690105479803,442.79538279952226,2033.6506657800967,-374.7254434541802,424.0934189415268,1959.4000258350252,-400.9086926134953,399.1876583595165,1889.0453331605902,-425.6705985363994,371.81539694529056,1818.5802881542686,-455.0714753793308,355.0075896050637,1747.062585299358,-484.2531079869226,0.015548799972748384,0.014836100017419085,0.015155000000959262,0.014873599982820451,0.016932099999394268,-194.05615362083836,-180.19186825227848,-810.4606604323681,-679.4666599562943,-1865.2112904818048,-1753.4392285726606,0.6989199000236113,1.0,1.0,0.0,0.0,50.0,1.0,1.0,279.5428294064589
304,2026-04-05T01:02:33.067,524.5906585629086,2065.2599179249937,-759.7901582324096,476.5253430684438,1990.9832679703484,-759.4043538512417,434.9932548064303,1916.2132206694196,-764.8153771350082,406.5532580516349,1838.45654861119,-770.9409469226312,369.59920331694957,1763.4317131960595,-778.7638761458791,342.4327748830676,1690.4500958425315,-787.8858025355688,0.014137300022412091,0.012926499999593943,0.0163479000038933,0.017016699974192306,0.017454300017561764,-290.5075855684777,169.43137352820622,-874.7004155085497,-4046.318947574318,-4487.792647741428,-1340.5877697933108,0.45892469998216256,1.0,1.0,0.0,0.0,33.0,1.0,1.0,337.2561587042125
305,2026-04-05T01:02:34.749,205.68277642795056,2178.8684616966025,-508.656942119055,163.3053531641599,2102.5459580782367,-495.6799615700587,150.23352480056928,2023.144909098594,-481.51073279899276,127.47963910933822,1948.5015564771943,-472.67287284860015,105.80676241977335,1871.973217049369,-465.60076778002593,90.44856260225106,1797.0430627679834,-461.4160244050596,0.01922839999315329,0.01673180001671426,0.01600259999395348,0.014731400005985051,0.014649599994299933,-385.69184338756895,65.80858590757248,-941.8252983831877,-853.3467213902584,-2252.8279203527354,2361.2192061953165,0.4369606999971438,1.0,1.0,0.0,0.0,33.0,1.0,1.0,393.4950109209747
306,2026-04-05T01:02:37.285,-45.95364708635998,2317.440774725666,-669.839582744319,6.28914396040318,2213.6472721331775,-663.3567048167242,14.461128947676116,2125.448694432871,-664.9415935912652,20.69469702405422,2039.263305897971,-670.1835024852817,31.539734674223837,1948.0751975119176,-679.8790324545923,55.358541043653986,1858.9780733774483,-687.6438218933566,0.017473300016717985,0.01614659998449497,0.015409599989652634,0.01676880000741221,0.016514399991137907,310.58316435883444,75.68134914380607,-801.1902899705044,582.0323976353997,-2559.481559432171,522.175730455217,0.4174016000179108,1.0,1.0,0.0,0.0,31.0,1.0,1.0,334.59367505600943
307,2026-04-05T01:02:39.082,-84.81118153308944,2292.875271785225,-710.690407676389,-25.775260484981118,2197.445734748013,-695.1696678933032,-13.316133621677182,2117.048484070789,-695.9228791788469,25.997360247195502,2030.0818034177382,-692.4286662620223,49.23462047859266,1945.081327831143,-695.1566341436118,104.2539961110001,1859.8199707112099,-696.0775136627761,0.015057699987664819,0.016548499988857657,0.014185900014126673,0.016350099991541356,0.01566360000288114,655.1124203939116,331.447841642645,-925.44286197237,1114.4908392762575,-2941.1927870149198,1586.8164728344732,0.3472599000087939,0.0,1.0,0.0,0.0,26.0,0.0,0.0,734.6273166097775
308,2026-04-05T01:02:42.973,77.35006730278064,2269.3189930974995,-713.1038853664868,73.3360857867292,2188.4655498437833,-707.5872480051779,44.3829203608866,2110.6520468291874,-705.2962309168145,68.36968704447327,2030.4977266202022,-700.4145261084161,30.505723595176732,1957.5208459718924,-706.2150119727431,52.51655217484813,1877.9331505632272,-705.8022460378911,0.014467400003923103,0.015104099991731346,0.015116499998839572,0.014062400005059317,0.013237300008768216,-81.95518933132689,-39.60955408709992,-843.9016247055054,-185.97548741412302,-2283.25093420398,-543.1041255411745,0.5381318999861833,1.0,1.0,0.0,0.0,40.0,1.0,1.0,106.92332553748268
309,2026-04-05T01:02:44.905,208.72572273632613,2184.8688088913145,-662.8201519205913,205.6842143841145,2105.6868975262983,-650.7670076959173,213.13244612034578,2023.0445979414214,-641.2195742581994,-140.21521518226473,1947.059674505926,-680.3288158106916,-135.88498873216668,1854.83632827937,-678.5652593778481,-124.92738310311552,1763.793889371975,-676.3128265846551,0.020030799991218373,0.018374400009633973,0.015723999997135252,0.013220900000305846,0.01437439999426715,344.6865539945941,73.77354748932044,-860.8150733187435,363.07644604729575,-2425.7599049255073,1382.898252716178,0.43238189999829046,1.0,1.0,0.0,0.0,32.0,1.0,1.0,354.6643699229494
310,2026-04-05T01:02:47.452,-135.5057358866593,2334.7756390277095,-781.7427849675153,-598.2844069263779,2309.0413466224945,-841.734453880615,-625.9856460338074,2221.499103158631,-835.1631644822003,-615.7802446717192,2123.5600244379475,-822.3736621352634,-638.8876807984884,2033.1615864566577,-822.000031333702,-624.9284620130011,1940.5402188059388,-813.3043939350468,0.013039799989201128,0.014044299983652309,0.015772300015669316,0.018409599986625835,0.01573900002404116,-543.3182223964823,155.68490887795724,-856.3217210596555,2508.216945932569,-1389.3726829931759,709.1873587357978,0.46659889997681603,1.0,1.0,0.0,0.0,32.0,1.0,1.0,566.8688328807659
311,2026-04-05T01:02:48.910,27.738880372021413,2288.4694528179434,-813.3597749584594,8.9678188217963,2216.756177119418,-812.4501840527712,9.490540101680836,2141.4586336521115,-815.969982744906,-7.2325441653333655,2065.6763716176383,-819.0533521377973,-6.4464869067942345,1994.155582330254,-824.026438253568,-3.1061558963683638,1921.5759837586643,-831.0259982505593,0.017030600021826103,0.015379599994048476,0.019012899982044473,0.01501450000796467,0.014873500011162832,-139.41084250243193,159.4280189760077,-1002.1497908447845,-228.02821662070875,-2323.4200774804553,-1288.4023630480597,0.5252907999965828,1.0,1.0,0.0,0.0,38.0,1.0,1.0,235.1324222889846
312,2026-04-05T01:02:52.142,-132.89531474872138,2350.024918300607,-684.2059440759035,-84.18374108569515,2255.111818605881,-679.7524094100291,-104.88100602831219,2175.0493702500057,-686.5177073032722,-76.51804802819288,2090.449423080286,-689.8453184200179,-90.76328048849473,2012.8595643290519,-701.2024492276123,-74.28163488100336,1933.9361294535388,-710.6105700510179,0.014776399999391288,0.016781199985416606,0.015044500003568828,0.014510200009681284,0.017657199990935624,126.63963953487064,-14.648103281962676,-865.1422750081147,-2517.3027083952966,-4482.010816657531,-1933.5554020225204,0.5855639000074007,1.0,1.0,0.0,0.0,42.0,1.0,1.0,132.16363426786856
313,2026-04-05T01:02:53.618,296.14493837666623,2190.3835463114006,-725.8444372790291,300.45736218916954,2111.1606922744813,-723.6313604254897,312.09033799230383,2026.6322779966347,-722.3085560053003,285.73022329235755,1953.028776028083,-734.7492695635973,320.9454195268986,1869.4672663857573,-734.2409961696017,315.592700661884,1794.9136110881616,-745.2018371599818,0.016195100004551932,0.01609469999675639,0.01615099998889491,0.014566600002581254,0.01660450000781566,473.93480019554954,67.92230238492812,-838.1452834125972,326.7949711069922,-2294.5095325081943,-234.96354614376364,0.4567836999776773,1.0,1.0,0.0,0.0,34.0,1.0,1.0,482.75629458534564
314,2026-04-05T01:02:57.918,29.739888358519238,2246.676835962411,-608.8038100273241,41.583503888686664,2164.94782998842,-618.0391218965524,83.58310141722814,2076.9912112233633,-624.0420984462232,93.08888446442688,1997.1068716286795,-637.2239024918279,127.29439990354649,1912.2843777867474,-649.841657315433,159.463122242812,1831.731291521341,-664.6235335139497,0.014847699989331886,0.017115000024205074,0.015285899979062378,0.01487840001937002,0.017680499993730336,505.6671586968878,204.38471821122153,-802.1620422626024,427.690484644087,-2930.8909687464275,481.3305752082642,0.4068439999828115,1.0,1.0,0.0,0.0,31.0,1.0,1.0,554.1161019110424
315,2026-04-05T01:02:59.338,56.957519772347496,2267.9738027014987,-543.641222890154,120.80554490596205,2176.8338765867406,-518.3065441813656,139.81576682013792,2095.090086057859,-495.683772392082,130.711498111335,2019.1872242076408,-478.9194617507824,-210.59152235544025,1940.3932976006104,-476.961975842421,157.2704950511793,1786.1020674389329,-448.1711454333765,0.01622069999575615,0.016732099989894778,0.020264300022972748,0.013290499977301806,0.016224000020883977,392.4001116111515,199.3466514748079,-953.1201166885148,640.2893154486493,-3603.9033695836597,-2967.551040180453,0.37745519998134114,1.0,1.0,0.0,0.0,29.0,1.0,1.0,443.32683411188196
316,2026-04-05T01:03:03.179,-349.8504994603509,2396.882925932601,-451.0589258405183,-346.5941263549239,2309.3812562731428,-460.8101692980988,-312.01518708092135,2216.9916082442214,-473.00971516935033,-317.54348578821055,2135.6780711974975,-483.7975411294701,-300.63654597681534,2049.1953533691003,-499.994165048922,-269.184670724203,1960.473605936894,-514.0694098002468,0.014878699992550537,0.014784700004383922,0.01764160001766868,0.014555799978552386,0.013738300011027604,14.342893290742268,298.0077519452175,-809.4758951396414,324.9187553708983,-2542.244286105866,1460.5910958672473,0.394166399986716,1.0,1.0,0.0,0.0,30.0,1.0,1.0,311.7835023989581
317,2026-04-05T01:03:05.667,-253.4294205286551,2408.978845972956,-746.7610664583096,-244.23478178853475,2332.6620210278707,-739.4160544211747,-214.3616645554457,2242.5029535813924,-728.7503057967838,-180.9955959146955,2157.074438766041,-726.5165471993613,-183.2963668134821,2081.845083349265,-730.0673697924153,-174.70280786952162,1998.2166530995346,-735.4309666847482,0.017025499982992187,0.015953099995385855,0.01499990001320839,0.015573999990010634,0.014536900009261444,105.53633344153104,10.471783014561424,-873.8437077026206,189.92563272026803,-2207.0396434809704,-987.7921869617841,0.5759663000062574,1.0,1.0,1.0,1.0,40.0,1.0,1.0,109.23244729718377
318,2026-04-05T01:03:06.916,177.96900049147234,1756.2067236138346,-792.645736930272,157.11131241460907,1669.1381007240807,-801.9492267727626,438.8275217781086,1551.6515357657688,-755.9126385801945,450.06549459346775,1481.6447011175437,-760.9120574603796,470.6053572340429,1407.6794418284787,-770.6487779955921,447.7239040331058,1333.3209748514046,-791.6156267659161,0.017364800005452707,0.01563379997969605,0.016754600015701726,0.016797199990833178,0.014453600015258417,164.0552381168227,43.393581848334634,-896.5793782407551,57.985395650112714,-3059.8794948330337,553.7069529495163,0.28533789998618886,1.0,1.0,0.0,0.0,23.0,1.0,1.0,169.73162566951197
319,2026-04-05T01:03:09.272,-261.38529352788146,1147.100125960149,-789.4938980686777,-292.4609252329001,1060.8503270537578,-805.9133960557792,-314.447074494095,978.1245101859856,-822.2496552903503,-8.615256817780391,954.9540390846963,-791.4108414823904,-21.36229623552572,884.4019314443617,-813.203458713433,-49.13673951660621,811.0906577299804,-837.4807352441597,0.01762060000328347,0.0180920000129845,0.017517700005555525,0.016499599994858727,0.016986999980872497,-440.52859029026877,60.868371339463465,-1016.3796564526633,-387.2344479639621,-3008.0626219354526,1632.79352681895,0.1509589000197593,1.0,1.0,0.0,0.0,14.0,1.0,1.0,459.6897017866402
320,2026-04-05T01:03:16.641,-87.79857197276397,1951.8840798915571,-819.1113002354014,-72.94444689612374,1831.2610068910092,-843.5569250586548,-119.28088821944311,1717.1334665838294,-885.6704476647792,-76.19681863439928,1602.4634234481168,-904.4700950031896,-77.2469550768401,1496.8032165881868,-939.5728120646639,-90.45335431140393,1383.7280862522475,-986.8997590346584,0.01478779999888502,0.015862800006289035,0.014763399987714365,0.015439700015122071,0.014582599978893995,-173.7209576606524,74.57044461181817,-837.682258090356,-369.93131594576766,-4299.079741345765,124.3677940981946,0.24359380002715625,1.0,1.0,0.0,0.0,23.0,1.0,1.0,199.05582959776746
321,2026-04-05T01:03:18.144,134.2684396829477,2214.7448197146987,-745.8221221600877,138.16799347562483,2090.6337100529327,-751.9220527397645,155.94788305397788,1960.1084267550864,-763.4916808962971,195.37470391446686,1829.5438789233883,-768.880330554321,219.1967862792735,1705.8004999519535,-782.7189004698305,209.2176267489608,1578.180315439622,-805.0438498330855,0.02084019998437725,0.01800609999918379,0.016953600017586723,0.01682639998034574,0.013607400003820658,431.97876413510676,-30.74850325750981,-926.5096775329714,738.8882172449926,-4744.41603947657,1565.1913797483933,0.24153190001379699,1.0,1.0,0.0,0.0,21.0,1.0,1.0,433.8823413313492
322,2026-04-05T01:03:22.388,-158.79666393572825,2273.096012917428,-663.3068313796571,-134.71196544578152,2141.9133829084885,-670.622044645336,-130.24420210118114,2019.1091504117494,-680.1995222894166,-135.71337889321967,1897.1233110855328,-696.0933905550871,-105.85557576136716,1779.5591488681605,-707.7867647520112,-129.04836360865784,1663.423375789083,-728.9031996068245,0.015110499982256442,0.016182599996682256,0.015167700010351837,0.013337899988982826,0.014359900000272319,11.577415363920863,-45.37938117021076,-965.1758515166587,811.0219025649503,2675.4105969469356,-1655.8504458420523,0.6475247000053059,1.0,1.0,0.0,0.0,43.0,1.0,1.0,80.25718910366577
323,2026-04-05T01:03:27.286,-46.35987728206737,2316.73276616286,-644.515079790661,7.563077795959998,2186.9016278977824,-639.9184950060478,3.9259217987223565,2073.0027820381692,-647.1766934602754,-15.327114280684327,1959.7408769008175,-659.0232693313861,7.438527942320434,1848.145017979479,-667.8452545423964,4.276655561689495,1737.2003512720182,-682.7731925793506,0.015524000016739592,0.015511800011154264,0.015079299977514893,0.014222500001778826,0.013373499998124316,-122.8364486043879,55.266050593246746,-944.426955853138,-640.7710215725876,-4392.190528825212,1748.4073000888457,0.2980536000104621,1.0,1.0,0.0,0.0,24.0,1.0,1.0,141.8340010726991
